ISO-10303-21;
HEADER;
FILE_DESCRIPTION(('FreeCAD Model'),'2;1');
FILE_NAME('Open CASCADE Shape Model','2026-07-08T11:41:39',(''),(''),
  'Open CASCADE STEP processor 7.8','FreeCAD','Unknown');
FILE_SCHEMA(('AUTOMOTIVE_DESIGN { 1 0 10303 214 1 1 1 1 }'));
ENDSEC;
DATA;
#1 = APPLICATION_PROTOCOL_DEFINITION('international standard',
  'automotive_design',2000,#2);
#2 = APPLICATION_CONTEXT(
  'core data for automotive mechanical design processes');
#3 = SHAPE_DEFINITION_REPRESENTATION(#4,#10);
#4 = PRODUCT_DEFINITION_SHAPE('','',#5);
#5 = PRODUCT_DEFINITION('design','',#6,#9);
#6 = PRODUCT_DEFINITION_FORMATION('','',#7);
#7 = PRODUCT('macropad','macropad','',(#8));
#8 = PRODUCT_CONTEXT('',#2,'mechanical');
#9 = PRODUCT_DEFINITION_CONTEXT('part definition',#2,'design');
#10 = SHAPE_REPRESENTATION('',(#11,#15,#19,#23,#27),#31);
#11 = AXIS2_PLACEMENT_3D('',#12,#13,#14);
#12 = CARTESIAN_POINT('',(0.,0.,0.));
#13 = DIRECTION('',(0.,0.,1.));
#14 = DIRECTION('',(1.,0.,-0.));
#15 = AXIS2_PLACEMENT_3D('',#16,#17,#18);
#16 = CARTESIAN_POINT('',(0.,-2.5033937483E-06,21.917993545532));
#17 = DIRECTION('',(0.,0.,1.));
#18 = DIRECTION('',(1.,0.,0.));
#19 = AXIS2_PLACEMENT_3D('',#20,#21,#22);
#20 = CARTESIAN_POINT('',(7.105427357601E-14,-2.503393865538E-06,
    33.427993545532));
#21 = DIRECTION('',(1.224646799147E-16,-1.692579027102E-33,-1.));
#22 = DIRECTION('',(1.,-1.110223024625E-16,1.224646799147E-16));
#23 = AXIS2_PLACEMENT_3D('',#24,#25,#26);
#24 = CARTESIAN_POINT('',(7.105427357601E-14,-2.503393865538E-06,
    33.427993545532));
#25 = DIRECTION('',(-1.224646799147E-16,-1.224646799147E-16,1.));
#26 = DIRECTION('',(1.,1.110223024625E-16,1.224646799147E-16));
#27 = AXIS2_PLACEMENT_3D('',#28,#29,#30);
#28 = CARTESIAN_POINT('',(-110.,72.499997496606,25.917993545532));
#29 = DIRECTION('',(-1.224646799147E-16,1.692579027102E-33,1.));
#30 = DIRECTION('',(1.,-1.110223024625E-16,1.224646799147E-16));
#31 = ( GEOMETRIC_REPRESENTATION_CONTEXT(3) 
GLOBAL_UNCERTAINTY_ASSIGNED_CONTEXT((#35)) GLOBAL_UNIT_ASSIGNED_CONTEXT(
(#32,#33,#34)) REPRESENTATION_CONTEXT('Context #1',
  '3D Context with UNIT and UNCERTAINTY') );
#32 = ( LENGTH_UNIT() NAMED_UNIT(*) SI_UNIT(.MILLI.,.METRE.) );
#33 = ( NAMED_UNIT(*) PLANE_ANGLE_UNIT() SI_UNIT($,.RADIAN.) );
#34 = ( NAMED_UNIT(*) SI_UNIT($,.STERADIAN.) SOLID_ANGLE_UNIT() );
#35 = UNCERTAINTY_MEASURE_WITH_UNIT(LENGTH_MEASURE(2.E-06),#32,
  'distance_accuracy_value','confusion accuracy');
#36 = PRODUCT_RELATED_PRODUCT_CATEGORY('part',$,(#7));
#37 = SHAPE_DEFINITION_REPRESENTATION(#38,#44);
#38 = PRODUCT_DEFINITION_SHAPE('','',#39);
#39 = PRODUCT_DEFINITION('design','',#40,#43);
#40 = PRODUCT_DEFINITION_FORMATION('','',#41);
#41 = PRODUCT('Cut Risen Macropad Body','Cut Risen Macropad Body','',(
    #42));
#42 = PRODUCT_CONTEXT('',#2,'mechanical');
#43 = PRODUCT_DEFINITION_CONTEXT('part definition',#2,'design');
#44 = ADVANCED_BREP_SHAPE_REPRESENTATION('',(#11,#45),#1507);
#45 = MANIFOLD_SOLID_BREP('',#46);
#46 = CLOSED_SHELL('',(#47,#87,#118,#181,#203,#285,#316,#340,#364,#406,
    #431,#455,#480,#504,#529,#553,#571,#631,#671,#702,#733,#761,#778,
    #803,#823,#840,#865,#905,#936,#967,#989,#1012,#1037,#1049,#1074,
    #1114,#1145,#1176,#1198,#1221,#1246,#1258,#1283,#1323,#1354,#1385,
    #1407,#1430,#1455,#1467));
#47 = ADVANCED_FACE('',(#48),#82,.T.);
#48 = FACE_BOUND('',#49,.T.);
#49 = EDGE_LOOP('',(#50,#60,#68,#76));
#50 = ORIENTED_EDGE('',*,*,#51,.T.);
#51 = EDGE_CURVE('',#52,#54,#56,.T.);
#52 = VERTEX_POINT('',#53);
#53 = CARTESIAN_POINT('',(52.5,52.5,0.));
#54 = VERTEX_POINT('',#55);
#55 = CARTESIAN_POINT('',(52.5,52.5,12.));
#56 = LINE('',#57,#58);
#57 = CARTESIAN_POINT('',(52.5,52.5,0.));
#58 = VECTOR('',#59,1.);
#59 = DIRECTION('',(0.,0.,1.));
#60 = ORIENTED_EDGE('',*,*,#61,.T.);
#61 = EDGE_CURVE('',#54,#62,#64,.T.);
#62 = VERTEX_POINT('',#63);
#63 = CARTESIAN_POINT('',(-52.5,52.5,12.));
#64 = LINE('',#65,#66);
#65 = CARTESIAN_POINT('',(52.5,52.5,12.));
#66 = VECTOR('',#67,1.);
#67 = DIRECTION('',(-1.,0.,0.));
#68 = ORIENTED_EDGE('',*,*,#69,.F.);
#69 = EDGE_CURVE('',#70,#62,#72,.T.);
#70 = VERTEX_POINT('',#71);
#71 = CARTESIAN_POINT('',(-52.5,52.5,0.));
#72 = LINE('',#73,#74);
#73 = CARTESIAN_POINT('',(-52.5,52.5,0.));
#74 = VECTOR('',#75,1.);
#75 = DIRECTION('',(0.,0.,1.));
#76 = ORIENTED_EDGE('',*,*,#77,.F.);
#77 = EDGE_CURVE('',#52,#70,#78,.T.);
#78 = LINE('',#79,#80);
#79 = CARTESIAN_POINT('',(52.5,52.5,0.));
#80 = VECTOR('',#81,1.);
#81 = DIRECTION('',(-1.,0.,0.));
#82 = PLANE('',#83);
#83 = AXIS2_PLACEMENT_3D('',#84,#85,#86);
#84 = CARTESIAN_POINT('',(52.5,52.5,0.));
#85 = DIRECTION('',(0.,-1.,0.));
#86 = DIRECTION('',(-1.,0.,0.));
#87 = ADVANCED_FACE('',(#88),#113,.T.);
#88 = FACE_BOUND('',#89,.T.);
#89 = EDGE_LOOP('',(#90,#100,#106,#107));
#90 = ORIENTED_EDGE('',*,*,#91,.T.);
#91 = EDGE_CURVE('',#92,#94,#96,.T.);
#92 = VERTEX_POINT('',#93);
#93 = CARTESIAN_POINT('',(52.5,-52.5,0.));
#94 = VERTEX_POINT('',#95);
#95 = CARTESIAN_POINT('',(52.5,-52.5,12.));
#96 = LINE('',#97,#98);
#97 = CARTESIAN_POINT('',(52.5,-52.5,0.));
#98 = VECTOR('',#99,1.);
#99 = DIRECTION('',(0.,0.,1.));
#100 = ORIENTED_EDGE('',*,*,#101,.T.);
#101 = EDGE_CURVE('',#94,#54,#102,.T.);
#102 = LINE('',#103,#104);
#103 = CARTESIAN_POINT('',(52.5,-52.5,12.));
#104 = VECTOR('',#105,1.);
#105 = DIRECTION('',(0.,1.,0.));
#106 = ORIENTED_EDGE('',*,*,#51,.F.);
#107 = ORIENTED_EDGE('',*,*,#108,.F.);
#108 = EDGE_CURVE('',#92,#52,#109,.T.);
#109 = LINE('',#110,#111);
#110 = CARTESIAN_POINT('',(52.5,-52.5,0.));
#111 = VECTOR('',#112,1.);
#112 = DIRECTION('',(0.,1.,0.));
#113 = PLANE('',#114);
#114 = AXIS2_PLACEMENT_3D('',#115,#116,#117);
#115 = CARTESIAN_POINT('',(52.5,-52.5,0.));
#116 = DIRECTION('',(-1.,0.,0.));
#117 = DIRECTION('',(0.,1.,0.));
#118 = ADVANCED_FACE('',(#119),#176,.T.);
#119 = FACE_BOUND('',#120,.T.);
#120 = EDGE_LOOP('',(#121,#131,#139,#145,#146,#154,#162,#170));
#121 = ORIENTED_EDGE('',*,*,#122,.F.);
#122 = EDGE_CURVE('',#123,#125,#127,.T.);
#123 = VERTEX_POINT('',#124);
#124 = CARTESIAN_POINT('',(-52.5,-52.5,0.));
#125 = VERTEX_POINT('',#126);
#126 = CARTESIAN_POINT('',(0.,-52.5,0.));
#127 = LINE('',#128,#129);
#128 = CARTESIAN_POINT('',(-52.5,-52.5,0.));
#129 = VECTOR('',#130,1.);
#130 = DIRECTION('',(1.,0.,0.));
#131 = ORIENTED_EDGE('',*,*,#132,.T.);
#132 = EDGE_CURVE('',#123,#133,#135,.T.);
#133 = VERTEX_POINT('',#134);
#134 = CARTESIAN_POINT('',(-52.5,-52.5,12.));
#135 = LINE('',#136,#137);
#136 = CARTESIAN_POINT('',(-52.5,-52.5,0.));
#137 = VECTOR('',#138,1.);
#138 = DIRECTION('',(0.,0.,1.));
#139 = ORIENTED_EDGE('',*,*,#140,.T.);
#140 = EDGE_CURVE('',#133,#94,#141,.T.);
#141 = LINE('',#142,#143);
#142 = CARTESIAN_POINT('',(-52.5,-52.5,12.));
#143 = VECTOR('',#144,1.);
#144 = DIRECTION('',(1.,0.,0.));
#145 = ORIENTED_EDGE('',*,*,#91,.F.);
#146 = ORIENTED_EDGE('',*,*,#147,.F.);
#147 = EDGE_CURVE('',#148,#92,#150,.T.);
#148 = VERTEX_POINT('',#149);
#149 = CARTESIAN_POINT('',(21.,-52.5,0.));
#150 = LINE('',#151,#152);
#151 = CARTESIAN_POINT('',(-52.5,-52.5,0.));
#152 = VECTOR('',#153,1.);
#153 = DIRECTION('',(1.,0.,0.));
#154 = ORIENTED_EDGE('',*,*,#155,.F.);
#155 = EDGE_CURVE('',#156,#148,#158,.T.);
#156 = VERTEX_POINT('',#157);
#157 = CARTESIAN_POINT('',(21.,-52.5,5.));
#158 = LINE('',#159,#160);
#159 = CARTESIAN_POINT('',(21.,-52.5,2.5));
#160 = VECTOR('',#161,1.);
#161 = DIRECTION('',(0.,0.,-1.));
#162 = ORIENTED_EDGE('',*,*,#163,.F.);
#163 = EDGE_CURVE('',#164,#156,#166,.T.);
#164 = VERTEX_POINT('',#165);
#165 = CARTESIAN_POINT('',(0.,-52.5,5.));
#166 = LINE('',#167,#168);
#167 = CARTESIAN_POINT('',(-26.25,-52.5,5.));
#168 = VECTOR('',#169,1.);
#169 = DIRECTION('',(1.,0.,0.));
#170 = ORIENTED_EDGE('',*,*,#171,.F.);
#171 = EDGE_CURVE('',#125,#164,#172,.T.);
#172 = LINE('',#173,#174);
#173 = CARTESIAN_POINT('',(0.,-52.5,0.));
#174 = VECTOR('',#175,1.);
#175 = DIRECTION('',(0.,-0.,1.));
#176 = PLANE('',#177);
#177 = AXIS2_PLACEMENT_3D('',#178,#179,#180);
#178 = CARTESIAN_POINT('',(-52.5,-52.5,0.));
#179 = DIRECTION('',(0.,1.,0.));
#180 = DIRECTION('',(1.,0.,0.));
#181 = ADVANCED_FACE('',(#182),#198,.T.);
#182 = FACE_BOUND('',#183,.T.);
#183 = EDGE_LOOP('',(#184,#185,#191,#192));
#184 = ORIENTED_EDGE('',*,*,#69,.T.);
#185 = ORIENTED_EDGE('',*,*,#186,.T.);
#186 = EDGE_CURVE('',#62,#133,#187,.T.);
#187 = LINE('',#188,#189);
#188 = CARTESIAN_POINT('',(-52.5,52.5,12.));
#189 = VECTOR('',#190,1.);
#190 = DIRECTION('',(0.,-1.,0.));
#191 = ORIENTED_EDGE('',*,*,#132,.F.);
#192 = ORIENTED_EDGE('',*,*,#193,.F.);
#193 = EDGE_CURVE('',#70,#123,#194,.T.);
#194 = LINE('',#195,#196);
#195 = CARTESIAN_POINT('',(-52.5,52.5,0.));
#196 = VECTOR('',#197,1.);
#197 = DIRECTION('',(0.,-1.,0.));
#198 = PLANE('',#199);
#199 = AXIS2_PLACEMENT_3D('',#200,#201,#202);
#200 = CARTESIAN_POINT('',(-52.5,52.5,0.));
#201 = DIRECTION('',(1.,0.,0.));
#202 = DIRECTION('',(0.,-1.,0.));
#203 = ADVANCED_FACE('',(#204,#274),#280,.T.);
#204 = FACE_BOUND('',#205,.T.);
#205 = EDGE_LOOP('',(#206,#216,#225,#233,#242,#250,#259,#267));
#206 = ORIENTED_EDGE('',*,*,#207,.T.);
#207 = EDGE_CURVE('',#208,#210,#212,.T.);
#208 = VERTEX_POINT('',#209);
#209 = CARTESIAN_POINT('',(-50.,-55.,12.));
#210 = VERTEX_POINT('',#211);
#211 = CARTESIAN_POINT('',(50.,-55.,12.));
#212 = LINE('',#213,#214);
#213 = CARTESIAN_POINT('',(-50.,-55.,12.));
#214 = VECTOR('',#215,1.);
#215 = DIRECTION('',(1.,0.,0.));
#216 = ORIENTED_EDGE('',*,*,#217,.T.);
#217 = EDGE_CURVE('',#210,#218,#220,.T.);
#218 = VERTEX_POINT('',#219);
#219 = CARTESIAN_POINT('',(55.,-50.,12.));
#220 = CIRCLE('',#221,5.);
#221 = AXIS2_PLACEMENT_3D('',#222,#223,#224);
#222 = CARTESIAN_POINT('',(50.,-50.,12.));
#223 = DIRECTION('',(0.,0.,1.));
#224 = DIRECTION('',(1.,0.,0.));
#225 = ORIENTED_EDGE('',*,*,#226,.T.);
#226 = EDGE_CURVE('',#218,#227,#229,.T.);
#227 = VERTEX_POINT('',#228);
#228 = CARTESIAN_POINT('',(55.,50.,12.));
#229 = LINE('',#230,#231);
#230 = CARTESIAN_POINT('',(55.,-50.,12.));
#231 = VECTOR('',#232,1.);
#232 = DIRECTION('',(0.,1.,0.));
#233 = ORIENTED_EDGE('',*,*,#234,.T.);
#234 = EDGE_CURVE('',#227,#235,#237,.T.);
#235 = VERTEX_POINT('',#236);
#236 = CARTESIAN_POINT('',(50.,55.,12.));
#237 = CIRCLE('',#238,5.);
#238 = AXIS2_PLACEMENT_3D('',#239,#240,#241);
#239 = CARTESIAN_POINT('',(50.,50.,12.));
#240 = DIRECTION('',(0.,0.,1.));
#241 = DIRECTION('',(1.,0.,0.));
#242 = ORIENTED_EDGE('',*,*,#243,.T.);
#243 = EDGE_CURVE('',#235,#244,#246,.T.);
#244 = VERTEX_POINT('',#245);
#245 = CARTESIAN_POINT('',(-50.,55.,12.));
#246 = LINE('',#247,#248);
#247 = CARTESIAN_POINT('',(50.,55.,12.));
#248 = VECTOR('',#249,1.);
#249 = DIRECTION('',(-1.,0.,0.));
#250 = ORIENTED_EDGE('',*,*,#251,.T.);
#251 = EDGE_CURVE('',#244,#252,#254,.T.);
#252 = VERTEX_POINT('',#253);
#253 = CARTESIAN_POINT('',(-55.,50.,12.));
#254 = CIRCLE('',#255,5.);
#255 = AXIS2_PLACEMENT_3D('',#256,#257,#258);
#256 = CARTESIAN_POINT('',(-50.,50.,12.));
#257 = DIRECTION('',(0.,0.,1.));
#258 = DIRECTION('',(1.,0.,0.));
#259 = ORIENTED_EDGE('',*,*,#260,.T.);
#260 = EDGE_CURVE('',#252,#261,#263,.T.);
#261 = VERTEX_POINT('',#262);
#262 = CARTESIAN_POINT('',(-55.,-50.,12.));
#263 = LINE('',#264,#265);
#264 = CARTESIAN_POINT('',(-55.,50.,12.));
#265 = VECTOR('',#266,1.);
#266 = DIRECTION('',(0.,-1.,0.));
#267 = ORIENTED_EDGE('',*,*,#268,.T.);
#268 = EDGE_CURVE('',#261,#208,#269,.T.);
#269 = CIRCLE('',#270,5.);
#270 = AXIS2_PLACEMENT_3D('',#271,#272,#273);
#271 = CARTESIAN_POINT('',(-50.,-50.,12.));
#272 = DIRECTION('',(0.,0.,1.));
#273 = DIRECTION('',(1.,0.,0.));
#274 = FACE_BOUND('',#275,.F.);
#275 = EDGE_LOOP('',(#276,#277,#278,#279));
#276 = ORIENTED_EDGE('',*,*,#140,.T.);
#277 = ORIENTED_EDGE('',*,*,#101,.T.);
#278 = ORIENTED_EDGE('',*,*,#61,.T.);
#279 = ORIENTED_EDGE('',*,*,#186,.T.);
#280 = PLANE('',#281);
#281 = AXIS2_PLACEMENT_3D('',#282,#283,#284);
#282 = CARTESIAN_POINT('',(1.1969E-13,0.,12.));
#283 = DIRECTION('',(0.,0.,1.));
#284 = DIRECTION('',(1.,0.,0.));
#285 = ADVANCED_FACE('',(#286),#311,.F.);
#286 = FACE_BOUND('',#287,.F.);
#287 = EDGE_LOOP('',(#288,#289,#297,#305));
#288 = ORIENTED_EDGE('',*,*,#171,.F.);
#289 = ORIENTED_EDGE('',*,*,#290,.T.);
#290 = EDGE_CURVE('',#125,#291,#293,.T.);
#291 = VERTEX_POINT('',#292);
#292 = CARTESIAN_POINT('',(0.,-55.,1.E-15));
#293 = LINE('',#294,#295);
#294 = CARTESIAN_POINT('',(0.,-49.,0.));
#295 = VECTOR('',#296,1.);
#296 = DIRECTION('',(0.,-1.,2.2E-16));
#297 = ORIENTED_EDGE('',*,*,#298,.F.);
#298 = EDGE_CURVE('',#299,#291,#301,.T.);
#299 = VERTEX_POINT('',#300);
#300 = CARTESIAN_POINT('',(0.,-55.,5.));
#301 = LINE('',#302,#303);
#302 = CARTESIAN_POINT('',(0.,-55.,2.25));
#303 = VECTOR('',#304,1.);
#304 = DIRECTION('',(0.,0.,-1.));
#305 = ORIENTED_EDGE('',*,*,#306,.F.);
#306 = EDGE_CURVE('',#164,#299,#307,.T.);
#307 = LINE('',#308,#309);
#308 = CARTESIAN_POINT('',(0.,-49.,5.));
#309 = VECTOR('',#310,1.);
#310 = DIRECTION('',(0.,-1.,2.2E-16));
#311 = PLANE('',#312);
#312 = AXIS2_PLACEMENT_3D('',#313,#314,#315);
#313 = CARTESIAN_POINT('',(0.,-49.,0.));
#314 = DIRECTION('',(-1.,0.,0.));
#315 = DIRECTION('',(0.,2.2E-16,1.));
#316 = ADVANCED_FACE('',(#317),#335,.F.);
#317 = FACE_BOUND('',#318,.F.);
#318 = EDGE_LOOP('',(#319,#320,#321,#329));
#319 = ORIENTED_EDGE('',*,*,#163,.F.);
#320 = ORIENTED_EDGE('',*,*,#306,.T.);
#321 = ORIENTED_EDGE('',*,*,#322,.F.);
#322 = EDGE_CURVE('',#323,#299,#325,.T.);
#323 = VERTEX_POINT('',#324);
#324 = CARTESIAN_POINT('',(21.,-55.,5.));
#325 = LINE('',#326,#327);
#326 = CARTESIAN_POINT('',(6.549E-14,-55.,5.));
#327 = VECTOR('',#328,1.);
#328 = DIRECTION('',(-1.,0.,0.));
#329 = ORIENTED_EDGE('',*,*,#330,.F.);
#330 = EDGE_CURVE('',#156,#323,#331,.T.);
#331 = LINE('',#332,#333);
#332 = CARTESIAN_POINT('',(21.,-49.,5.));
#333 = VECTOR('',#334,1.);
#334 = DIRECTION('',(0.,-1.,2.2E-16));
#335 = PLANE('',#336);
#336 = AXIS2_PLACEMENT_3D('',#337,#338,#339);
#337 = CARTESIAN_POINT('',(0.,-49.,5.));
#338 = DIRECTION('',(0.,2.2E-16,1.));
#339 = DIRECTION('',(1.,0.,0.));
#340 = ADVANCED_FACE('',(#341),#359,.F.);
#341 = FACE_BOUND('',#342,.F.);
#342 = EDGE_LOOP('',(#343,#344,#345,#353));
#343 = ORIENTED_EDGE('',*,*,#155,.F.);
#344 = ORIENTED_EDGE('',*,*,#330,.T.);
#345 = ORIENTED_EDGE('',*,*,#346,.F.);
#346 = EDGE_CURVE('',#347,#323,#349,.T.);
#347 = VERTEX_POINT('',#348);
#348 = CARTESIAN_POINT('',(21.,-55.,1.E-15));
#349 = LINE('',#350,#351);
#350 = CARTESIAN_POINT('',(21.,-55.,4.75));
#351 = VECTOR('',#352,1.);
#352 = DIRECTION('',(0.,0.,1.));
#353 = ORIENTED_EDGE('',*,*,#354,.F.);
#354 = EDGE_CURVE('',#148,#347,#355,.T.);
#355 = LINE('',#356,#357);
#356 = CARTESIAN_POINT('',(21.,-49.,0.));
#357 = VECTOR('',#358,1.);
#358 = DIRECTION('',(0.,-1.,2.2E-16));
#359 = PLANE('',#360);
#360 = AXIS2_PLACEMENT_3D('',#361,#362,#363);
#361 = CARTESIAN_POINT('',(21.,-49.,5.));
#362 = DIRECTION('',(1.,0.,0.));
#363 = DIRECTION('',(0.,-2.2E-16,-1.));
#364 = ADVANCED_FACE('',(#365,#390),#401,.T.);
#365 = FACE_BOUND('',#366,.T.);
#366 = EDGE_LOOP('',(#367,#377,#383,#384));
#367 = ORIENTED_EDGE('',*,*,#368,.T.);
#368 = EDGE_CURVE('',#369,#371,#373,.T.);
#369 = VERTEX_POINT('',#370);
#370 = CARTESIAN_POINT('',(-50.,-55.,-3.));
#371 = VERTEX_POINT('',#372);
#372 = CARTESIAN_POINT('',(50.,-55.,-3.));
#373 = LINE('',#374,#375);
#374 = CARTESIAN_POINT('',(-50.,-55.,-3.));
#375 = VECTOR('',#376,1.);
#376 = DIRECTION('',(1.,0.,0.));
#377 = ORIENTED_EDGE('',*,*,#378,.T.);
#378 = EDGE_CURVE('',#371,#210,#379,.T.);
#379 = LINE('',#380,#381);
#380 = CARTESIAN_POINT('',(50.,-55.,-3.));
#381 = VECTOR('',#382,1.);
#382 = DIRECTION('',(0.,0.,1.));
#383 = ORIENTED_EDGE('',*,*,#207,.F.);
#384 = ORIENTED_EDGE('',*,*,#385,.F.);
#385 = EDGE_CURVE('',#369,#208,#386,.T.);
#386 = LINE('',#387,#388);
#387 = CARTESIAN_POINT('',(-50.,-55.,0.));
#388 = VECTOR('',#389,1.);
#389 = DIRECTION('',(0.,0.,1.));
#390 = FACE_BOUND('',#391,.T.);
#391 = EDGE_LOOP('',(#392,#393,#399,#400));
#392 = ORIENTED_EDGE('',*,*,#346,.F.);
#393 = ORIENTED_EDGE('',*,*,#394,.T.);
#394 = EDGE_CURVE('',#347,#291,#395,.T.);
#395 = LINE('',#396,#397);
#396 = CARTESIAN_POINT('',(6.549E-14,-55.,1.55E-15));
#397 = VECTOR('',#398,1.);
#398 = DIRECTION('',(-1.,0.,0.));
#399 = ORIENTED_EDGE('',*,*,#298,.F.);
#400 = ORIENTED_EDGE('',*,*,#322,.F.);
#401 = PLANE('',#402);
#402 = AXIS2_PLACEMENT_3D('',#403,#404,#405);
#403 = CARTESIAN_POINT('',(1.3099E-13,-55.,4.5));
#404 = DIRECTION('',(-0.,-1.,-0.));
#405 = DIRECTION('',(0.,0.,-1.));
#406 = ADVANCED_FACE('',(#407),#426,.T.);
#407 = FACE_BOUND('',#408,.F.);
#408 = EDGE_LOOP('',(#409,#417,#424,#425));
#409 = ORIENTED_EDGE('',*,*,#410,.F.);
#410 = EDGE_CURVE('',#411,#218,#413,.T.);
#411 = VERTEX_POINT('',#412);
#412 = CARTESIAN_POINT('',(55.,-50.,-3.));
#413 = LINE('',#414,#415);
#414 = CARTESIAN_POINT('',(55.,-50.,0.));
#415 = VECTOR('',#416,1.);
#416 = DIRECTION('',(0.,0.,1.));
#417 = ORIENTED_EDGE('',*,*,#418,.F.);
#418 = EDGE_CURVE('',#371,#411,#419,.T.);
#419 = CIRCLE('',#420,5.);
#420 = AXIS2_PLACEMENT_3D('',#421,#422,#423);
#421 = CARTESIAN_POINT('',(50.,-50.,-3.));
#422 = DIRECTION('',(0.,0.,1.));
#423 = DIRECTION('',(1.,0.,0.));
#424 = ORIENTED_EDGE('',*,*,#378,.T.);
#425 = ORIENTED_EDGE('',*,*,#217,.T.);
#426 = CYLINDRICAL_SURFACE('',#427,5.);
#427 = AXIS2_PLACEMENT_3D('',#428,#429,#430);
#428 = CARTESIAN_POINT('',(50.,-50.,-3.));
#429 = DIRECTION('',(-0.,-0.,-1.));
#430 = DIRECTION('',(1.,0.,0.));
#431 = ADVANCED_FACE('',(#432),#450,.T.);
#432 = FACE_BOUND('',#433,.T.);
#433 = EDGE_LOOP('',(#434,#442,#448,#449));
#434 = ORIENTED_EDGE('',*,*,#435,.T.);
#435 = EDGE_CURVE('',#411,#436,#438,.T.);
#436 = VERTEX_POINT('',#437);
#437 = CARTESIAN_POINT('',(55.,50.,-3.));
#438 = LINE('',#439,#440);
#439 = CARTESIAN_POINT('',(55.,-50.,-3.));
#440 = VECTOR('',#441,1.);
#441 = DIRECTION('',(0.,1.,0.));
#442 = ORIENTED_EDGE('',*,*,#443,.T.);
#443 = EDGE_CURVE('',#436,#227,#444,.T.);
#444 = LINE('',#445,#446);
#445 = CARTESIAN_POINT('',(55.,50.,-3.));
#446 = VECTOR('',#447,1.);
#447 = DIRECTION('',(0.,0.,1.));
#448 = ORIENTED_EDGE('',*,*,#226,.F.);
#449 = ORIENTED_EDGE('',*,*,#410,.F.);
#450 = PLANE('',#451);
#451 = AXIS2_PLACEMENT_3D('',#452,#453,#454);
#452 = CARTESIAN_POINT('',(55.,0.,4.5));
#453 = DIRECTION('',(1.,0.,-1.487E-14));
#454 = DIRECTION('',(1.487E-14,0.,1.));
#455 = ADVANCED_FACE('',(#456),#475,.T.);
#456 = FACE_BOUND('',#457,.F.);
#457 = EDGE_LOOP('',(#458,#466,#473,#474));
#458 = ORIENTED_EDGE('',*,*,#459,.F.);
#459 = EDGE_CURVE('',#460,#235,#462,.T.);
#460 = VERTEX_POINT('',#461);
#461 = CARTESIAN_POINT('',(50.,55.,-3.));
#462 = LINE('',#463,#464);
#463 = CARTESIAN_POINT('',(50.,55.,0.));
#464 = VECTOR('',#465,1.);
#465 = DIRECTION('',(0.,0.,1.));
#466 = ORIENTED_EDGE('',*,*,#467,.F.);
#467 = EDGE_CURVE('',#436,#460,#468,.T.);
#468 = CIRCLE('',#469,5.);
#469 = AXIS2_PLACEMENT_3D('',#470,#471,#472);
#470 = CARTESIAN_POINT('',(50.,50.,-3.));
#471 = DIRECTION('',(0.,0.,1.));
#472 = DIRECTION('',(1.,0.,0.));
#473 = ORIENTED_EDGE('',*,*,#443,.T.);
#474 = ORIENTED_EDGE('',*,*,#234,.T.);
#475 = CYLINDRICAL_SURFACE('',#476,5.);
#476 = AXIS2_PLACEMENT_3D('',#477,#478,#479);
#477 = CARTESIAN_POINT('',(50.,50.,-3.));
#478 = DIRECTION('',(-0.,-0.,-1.));
#479 = DIRECTION('',(1.,0.,0.));
#480 = ADVANCED_FACE('',(#481),#499,.T.);
#481 = FACE_BOUND('',#482,.T.);
#482 = EDGE_LOOP('',(#483,#491,#497,#498));
#483 = ORIENTED_EDGE('',*,*,#484,.T.);
#484 = EDGE_CURVE('',#460,#485,#487,.T.);
#485 = VERTEX_POINT('',#486);
#486 = CARTESIAN_POINT('',(-50.,55.,-3.));
#487 = LINE('',#488,#489);
#488 = CARTESIAN_POINT('',(50.,55.,-3.));
#489 = VECTOR('',#490,1.);
#490 = DIRECTION('',(-1.,0.,0.));
#491 = ORIENTED_EDGE('',*,*,#492,.T.);
#492 = EDGE_CURVE('',#485,#244,#493,.T.);
#493 = LINE('',#494,#495);
#494 = CARTESIAN_POINT('',(-50.,55.,-3.));
#495 = VECTOR('',#496,1.);
#496 = DIRECTION('',(0.,0.,1.));
#497 = ORIENTED_EDGE('',*,*,#243,.F.);
#498 = ORIENTED_EDGE('',*,*,#459,.F.);
#499 = PLANE('',#500);
#500 = AXIS2_PLACEMENT_3D('',#501,#502,#503);
#501 = CARTESIAN_POINT('',(1.2703E-13,55.,4.5));
#502 = DIRECTION('',(0.,1.,0.));
#503 = DIRECTION('',(0.,0.,1.));
#504 = ADVANCED_FACE('',(#505),#524,.T.);
#505 = FACE_BOUND('',#506,.F.);
#506 = EDGE_LOOP('',(#507,#515,#522,#523));
#507 = ORIENTED_EDGE('',*,*,#508,.F.);
#508 = EDGE_CURVE('',#509,#252,#511,.T.);
#509 = VERTEX_POINT('',#510);
#510 = CARTESIAN_POINT('',(-55.,50.,-3.));
#511 = LINE('',#512,#513);
#512 = CARTESIAN_POINT('',(-55.,50.,0.));
#513 = VECTOR('',#514,1.);
#514 = DIRECTION('',(0.,0.,1.));
#515 = ORIENTED_EDGE('',*,*,#516,.F.);
#516 = EDGE_CURVE('',#485,#509,#517,.T.);
#517 = CIRCLE('',#518,5.);
#518 = AXIS2_PLACEMENT_3D('',#519,#520,#521);
#519 = CARTESIAN_POINT('',(-50.,50.,-3.));
#520 = DIRECTION('',(0.,0.,1.));
#521 = DIRECTION('',(1.,0.,0.));
#522 = ORIENTED_EDGE('',*,*,#492,.T.);
#523 = ORIENTED_EDGE('',*,*,#251,.T.);
#524 = CYLINDRICAL_SURFACE('',#525,5.);
#525 = AXIS2_PLACEMENT_3D('',#526,#527,#528);
#526 = CARTESIAN_POINT('',(-50.,50.,-3.));
#527 = DIRECTION('',(-0.,-0.,-1.));
#528 = DIRECTION('',(1.,0.,0.));
#529 = ADVANCED_FACE('',(#530),#548,.T.);
#530 = FACE_BOUND('',#531,.T.);
#531 = EDGE_LOOP('',(#532,#540,#546,#547));
#532 = ORIENTED_EDGE('',*,*,#533,.T.);
#533 = EDGE_CURVE('',#509,#534,#536,.T.);
#534 = VERTEX_POINT('',#535);
#535 = CARTESIAN_POINT('',(-55.,-50.,-3.));
#536 = LINE('',#537,#538);
#537 = CARTESIAN_POINT('',(-55.,50.,-3.));
#538 = VECTOR('',#539,1.);
#539 = DIRECTION('',(0.,-1.,0.));
#540 = ORIENTED_EDGE('',*,*,#541,.T.);
#541 = EDGE_CURVE('',#534,#261,#542,.T.);
#542 = LINE('',#543,#544);
#543 = CARTESIAN_POINT('',(-55.,-50.,-3.));
#544 = VECTOR('',#545,1.);
#545 = DIRECTION('',(0.,0.,1.));
#546 = ORIENTED_EDGE('',*,*,#260,.F.);
#547 = ORIENTED_EDGE('',*,*,#508,.F.);
#548 = PLANE('',#549);
#549 = AXIS2_PLACEMENT_3D('',#550,#551,#552);
#550 = CARTESIAN_POINT('',(-55.,8.4E-15,4.5));
#551 = DIRECTION('',(-1.,0.,1.442E-14));
#552 = DIRECTION('',(-1.442E-14,0.,-1.));
#553 = ADVANCED_FACE('',(#554),#566,.T.);
#554 = FACE_BOUND('',#555,.F.);
#555 = EDGE_LOOP('',(#556,#557,#564,#565));
#556 = ORIENTED_EDGE('',*,*,#385,.F.);
#557 = ORIENTED_EDGE('',*,*,#558,.F.);
#558 = EDGE_CURVE('',#534,#369,#559,.T.);
#559 = CIRCLE('',#560,5.);
#560 = AXIS2_PLACEMENT_3D('',#561,#562,#563);
#561 = CARTESIAN_POINT('',(-50.,-50.,-3.));
#562 = DIRECTION('',(0.,0.,1.));
#563 = DIRECTION('',(1.,0.,0.));
#564 = ORIENTED_EDGE('',*,*,#541,.T.);
#565 = ORIENTED_EDGE('',*,*,#268,.T.);
#566 = CYLINDRICAL_SURFACE('',#567,5.);
#567 = AXIS2_PLACEMENT_3D('',#568,#569,#570);
#568 = CARTESIAN_POINT('',(-50.,-50.,-3.));
#569 = DIRECTION('',(-0.,-0.,-1.));
#570 = DIRECTION('',(1.,0.,0.));
#571 = ADVANCED_FACE('',(#572,#582,#593,#604,#615),#626,.F.);
#572 = FACE_BOUND('',#573,.F.);
#573 = EDGE_LOOP('',(#574,#575,#576,#577,#578,#579,#580,#581));
#574 = ORIENTED_EDGE('',*,*,#368,.T.);
#575 = ORIENTED_EDGE('',*,*,#418,.T.);
#576 = ORIENTED_EDGE('',*,*,#435,.T.);
#577 = ORIENTED_EDGE('',*,*,#467,.T.);
#578 = ORIENTED_EDGE('',*,*,#484,.T.);
#579 = ORIENTED_EDGE('',*,*,#516,.T.);
#580 = ORIENTED_EDGE('',*,*,#533,.T.);
#581 = ORIENTED_EDGE('',*,*,#558,.T.);
#582 = FACE_BOUND('',#583,.F.);
#583 = EDGE_LOOP('',(#584));
#584 = ORIENTED_EDGE('',*,*,#585,.T.);
#585 = EDGE_CURVE('',#586,#586,#588,.T.);
#586 = VERTEX_POINT('',#587);
#587 = CARTESIAN_POINT('',(-43.4,-45.,-3.));
#588 = CIRCLE('',#589,1.6);
#589 = AXIS2_PLACEMENT_3D('',#590,#591,#592);
#590 = CARTESIAN_POINT('',(-45.,-45.,-3.));
#591 = DIRECTION('',(0.,0.,-1.));
#592 = DIRECTION('',(1.,0.,0.));
#593 = FACE_BOUND('',#594,.F.);
#594 = EDGE_LOOP('',(#595));
#595 = ORIENTED_EDGE('',*,*,#596,.T.);
#596 = EDGE_CURVE('',#597,#597,#599,.T.);
#597 = VERTEX_POINT('',#598);
#598 = CARTESIAN_POINT('',(46.6,-45.,-3.));
#599 = CIRCLE('',#600,1.6);
#600 = AXIS2_PLACEMENT_3D('',#601,#602,#603);
#601 = CARTESIAN_POINT('',(45.,-45.,-3.));
#602 = DIRECTION('',(0.,0.,-1.));
#603 = DIRECTION('',(1.,0.,0.));
#604 = FACE_BOUND('',#605,.F.);
#605 = EDGE_LOOP('',(#606));
#606 = ORIENTED_EDGE('',*,*,#607,.T.);
#607 = EDGE_CURVE('',#608,#608,#610,.T.);
#608 = VERTEX_POINT('',#609);
#609 = CARTESIAN_POINT('',(-43.4,45.,-3.));
#610 = CIRCLE('',#611,1.6);
#611 = AXIS2_PLACEMENT_3D('',#612,#613,#614);
#612 = CARTESIAN_POINT('',(-45.,45.,-3.));
#613 = DIRECTION('',(0.,0.,-1.));
#614 = DIRECTION('',(1.,0.,0.));
#615 = FACE_BOUND('',#616,.F.);
#616 = EDGE_LOOP('',(#617));
#617 = ORIENTED_EDGE('',*,*,#618,.T.);
#618 = EDGE_CURVE('',#619,#619,#621,.T.);
#619 = VERTEX_POINT('',#620);
#620 = CARTESIAN_POINT('',(46.6,45.,-3.));
#621 = CIRCLE('',#622,1.6);
#622 = AXIS2_PLACEMENT_3D('',#623,#624,#625);
#623 = CARTESIAN_POINT('',(45.,45.,-3.));
#624 = DIRECTION('',(0.,0.,-1.));
#625 = DIRECTION('',(1.,0.,0.));
#626 = PLANE('',#627);
#627 = AXIS2_PLACEMENT_3D('',#628,#629,#630);
#628 = CARTESIAN_POINT('',(5.87E-15,1.62E-15,-3.));
#629 = DIRECTION('',(0.,0.,1.));
#630 = DIRECTION('',(1.,0.,0.));
#631 = ADVANCED_FACE('',(#632),#666,.F.);
#632 = FACE_BOUND('',#633,.F.);
#633 = EDGE_LOOP('',(#634,#644,#652,#660));
#634 = ORIENTED_EDGE('',*,*,#635,.T.);
#635 = EDGE_CURVE('',#636,#638,#640,.T.);
#636 = VERTEX_POINT('',#637);
#637 = CARTESIAN_POINT('',(-50.,40.,0.));
#638 = VERTEX_POINT('',#639);
#639 = CARTESIAN_POINT('',(-50.,40.,4.));
#640 = LINE('',#641,#642);
#641 = CARTESIAN_POINT('',(-50.,40.,0.));
#642 = VECTOR('',#643,1.);
#643 = DIRECTION('',(0.,0.,1.));
#644 = ORIENTED_EDGE('',*,*,#645,.T.);
#645 = EDGE_CURVE('',#638,#646,#648,.T.);
#646 = VERTEX_POINT('',#647);
#647 = CARTESIAN_POINT('',(-40.,40.,4.));
#648 = LINE('',#649,#650);
#649 = CARTESIAN_POINT('',(-50.,40.,4.));
#650 = VECTOR('',#651,1.);
#651 = DIRECTION('',(1.,0.,0.));
#652 = ORIENTED_EDGE('',*,*,#653,.F.);
#653 = EDGE_CURVE('',#654,#646,#656,.T.);
#654 = VERTEX_POINT('',#655);
#655 = CARTESIAN_POINT('',(-40.,40.,0.));
#656 = LINE('',#657,#658);
#657 = CARTESIAN_POINT('',(-40.,40.,0.));
#658 = VECTOR('',#659,1.);
#659 = DIRECTION('',(0.,0.,1.));
#660 = ORIENTED_EDGE('',*,*,#661,.F.);
#661 = EDGE_CURVE('',#636,#654,#662,.T.);
#662 = LINE('',#663,#664);
#663 = CARTESIAN_POINT('',(-50.,40.,0.));
#664 = VECTOR('',#665,1.);
#665 = DIRECTION('',(1.,0.,0.));
#666 = PLANE('',#667);
#667 = AXIS2_PLACEMENT_3D('',#668,#669,#670);
#668 = CARTESIAN_POINT('',(-50.,40.,0.));
#669 = DIRECTION('',(0.,1.,0.));
#670 = DIRECTION('',(1.,0.,0.));
#671 = ADVANCED_FACE('',(#672),#697,.F.);
#672 = FACE_BOUND('',#673,.F.);
#673 = EDGE_LOOP('',(#674,#684,#690,#691));
#674 = ORIENTED_EDGE('',*,*,#675,.T.);
#675 = EDGE_CURVE('',#676,#678,#680,.T.);
#676 = VERTEX_POINT('',#677);
#677 = CARTESIAN_POINT('',(-50.,50.,0.));
#678 = VERTEX_POINT('',#679);
#679 = CARTESIAN_POINT('',(-50.,50.,4.));
#680 = LINE('',#681,#682);
#681 = CARTESIAN_POINT('',(-50.,50.,0.));
#682 = VECTOR('',#683,1.);
#683 = DIRECTION('',(0.,0.,1.));
#684 = ORIENTED_EDGE('',*,*,#685,.T.);
#685 = EDGE_CURVE('',#678,#638,#686,.T.);
#686 = LINE('',#687,#688);
#687 = CARTESIAN_POINT('',(-50.,50.,4.));
#688 = VECTOR('',#689,1.);
#689 = DIRECTION('',(0.,-1.,0.));
#690 = ORIENTED_EDGE('',*,*,#635,.F.);
#691 = ORIENTED_EDGE('',*,*,#692,.F.);
#692 = EDGE_CURVE('',#676,#636,#693,.T.);
#693 = LINE('',#694,#695);
#694 = CARTESIAN_POINT('',(-50.,50.,0.));
#695 = VECTOR('',#696,1.);
#696 = DIRECTION('',(0.,-1.,0.));
#697 = PLANE('',#698);
#698 = AXIS2_PLACEMENT_3D('',#699,#700,#701);
#699 = CARTESIAN_POINT('',(-50.,50.,0.));
#700 = DIRECTION('',(1.,0.,0.));
#701 = DIRECTION('',(0.,-1.,0.));
#702 = ADVANCED_FACE('',(#703),#728,.F.);
#703 = FACE_BOUND('',#704,.F.);
#704 = EDGE_LOOP('',(#705,#706,#714,#722));
#705 = ORIENTED_EDGE('',*,*,#653,.T.);
#706 = ORIENTED_EDGE('',*,*,#707,.T.);
#707 = EDGE_CURVE('',#646,#708,#710,.T.);
#708 = VERTEX_POINT('',#709);
#709 = CARTESIAN_POINT('',(-40.,50.,4.));
#710 = LINE('',#711,#712);
#711 = CARTESIAN_POINT('',(-40.,40.,4.));
#712 = VECTOR('',#713,1.);
#713 = DIRECTION('',(0.,1.,0.));
#714 = ORIENTED_EDGE('',*,*,#715,.F.);
#715 = EDGE_CURVE('',#716,#708,#718,.T.);
#716 = VERTEX_POINT('',#717);
#717 = CARTESIAN_POINT('',(-40.,50.,0.));
#718 = LINE('',#719,#720);
#719 = CARTESIAN_POINT('',(-40.,50.,0.));
#720 = VECTOR('',#721,1.);
#721 = DIRECTION('',(0.,0.,1.));
#722 = ORIENTED_EDGE('',*,*,#723,.F.);
#723 = EDGE_CURVE('',#654,#716,#724,.T.);
#724 = LINE('',#725,#726);
#725 = CARTESIAN_POINT('',(-40.,40.,0.));
#726 = VECTOR('',#727,1.);
#727 = DIRECTION('',(0.,1.,0.));
#728 = PLANE('',#729);
#729 = AXIS2_PLACEMENT_3D('',#730,#731,#732);
#730 = CARTESIAN_POINT('',(-40.,40.,0.));
#731 = DIRECTION('',(-1.,0.,0.));
#732 = DIRECTION('',(0.,1.,0.));
#733 = ADVANCED_FACE('',(#734,#745),#756,.T.);
#734 = FACE_BOUND('',#735,.T.);
#735 = EDGE_LOOP('',(#736,#737,#738,#744));
#736 = ORIENTED_EDGE('',*,*,#645,.T.);
#737 = ORIENTED_EDGE('',*,*,#707,.T.);
#738 = ORIENTED_EDGE('',*,*,#739,.T.);
#739 = EDGE_CURVE('',#708,#678,#740,.T.);
#740 = LINE('',#741,#742);
#741 = CARTESIAN_POINT('',(-40.,50.,4.));
#742 = VECTOR('',#743,1.);
#743 = DIRECTION('',(-1.,0.,0.));
#744 = ORIENTED_EDGE('',*,*,#685,.T.);
#745 = FACE_BOUND('',#746,.F.);
#746 = EDGE_LOOP('',(#747));
#747 = ORIENTED_EDGE('',*,*,#748,.T.);
#748 = EDGE_CURVE('',#749,#749,#751,.T.);
#749 = VERTEX_POINT('',#750);
#750 = CARTESIAN_POINT('',(-43.25,45.,4.));
#751 = CIRCLE('',#752,1.75);
#752 = AXIS2_PLACEMENT_3D('',#753,#754,#755);
#753 = CARTESIAN_POINT('',(-45.,45.,4.));
#754 = DIRECTION('',(0.,0.,1.));
#755 = DIRECTION('',(1.,0.,0.));
#756 = PLANE('',#757);
#757 = AXIS2_PLACEMENT_3D('',#758,#759,#760);
#758 = CARTESIAN_POINT('',(1.16E-15,-1.16E-15,4.));
#759 = DIRECTION('',(0.,0.,1.));
#760 = DIRECTION('',(1.,0.,0.));
#761 = ADVANCED_FACE('',(#762),#773,.F.);
#762 = FACE_BOUND('',#763,.F.);
#763 = EDGE_LOOP('',(#764,#765,#766,#767));
#764 = ORIENTED_EDGE('',*,*,#715,.T.);
#765 = ORIENTED_EDGE('',*,*,#739,.T.);
#766 = ORIENTED_EDGE('',*,*,#675,.F.);
#767 = ORIENTED_EDGE('',*,*,#768,.F.);
#768 = EDGE_CURVE('',#716,#676,#769,.T.);
#769 = LINE('',#770,#771);
#770 = CARTESIAN_POINT('',(-40.,50.,0.));
#771 = VECTOR('',#772,1.);
#772 = DIRECTION('',(-1.,0.,0.));
#773 = PLANE('',#774);
#774 = AXIS2_PLACEMENT_3D('',#775,#776,#777);
#775 = CARTESIAN_POINT('',(-40.,50.,0.));
#776 = DIRECTION('',(0.,-1.,0.));
#777 = DIRECTION('',(-1.,0.,0.));
#778 = ADVANCED_FACE('',(#779),#798,.F.);
#779 = FACE_BOUND('',#780,.T.);
#780 = EDGE_LOOP('',(#781,#789,#790,#791));
#781 = ORIENTED_EDGE('',*,*,#782,.T.);
#782 = EDGE_CURVE('',#783,#749,#785,.T.);
#783 = VERTEX_POINT('',#784);
#784 = CARTESIAN_POINT('',(-43.25,45.,0.));
#785 = LINE('',#786,#787);
#786 = CARTESIAN_POINT('',(-43.25,45.,0.));
#787 = VECTOR('',#788,1.);
#788 = DIRECTION('',(0.,0.,1.));
#789 = ORIENTED_EDGE('',*,*,#748,.T.);
#790 = ORIENTED_EDGE('',*,*,#782,.F.);
#791 = ORIENTED_EDGE('',*,*,#792,.F.);
#792 = EDGE_CURVE('',#783,#783,#793,.T.);
#793 = CIRCLE('',#794,1.75);
#794 = AXIS2_PLACEMENT_3D('',#795,#796,#797);
#795 = CARTESIAN_POINT('',(-45.,45.,0.));
#796 = DIRECTION('',(0.,0.,1.));
#797 = DIRECTION('',(1.,0.,0.));
#798 = CYLINDRICAL_SURFACE('',#799,1.75);
#799 = AXIS2_PLACEMENT_3D('',#800,#801,#802);
#800 = CARTESIAN_POINT('',(-45.,45.,0.));
#801 = DIRECTION('',(-0.,-0.,-1.));
#802 = DIRECTION('',(1.,0.,0.));
#803 = ADVANCED_FACE('',(#804,#807),#818,.T.);
#804 = FACE_BOUND('',#805,.T.);
#805 = EDGE_LOOP('',(#806));
#806 = ORIENTED_EDGE('',*,*,#792,.T.);
#807 = FACE_BOUND('',#808,.T.);
#808 = EDGE_LOOP('',(#809));
#809 = ORIENTED_EDGE('',*,*,#810,.T.);
#810 = EDGE_CURVE('',#811,#811,#813,.T.);
#811 = VERTEX_POINT('',#812);
#812 = CARTESIAN_POINT('',(-43.4,45.,0.));
#813 = CIRCLE('',#814,1.6);
#814 = AXIS2_PLACEMENT_3D('',#815,#816,#817);
#815 = CARTESIAN_POINT('',(-45.,45.,0.));
#816 = DIRECTION('',(0.,0.,-1.));
#817 = DIRECTION('',(1.,0.,0.));
#818 = PLANE('',#819);
#819 = AXIS2_PLACEMENT_3D('',#820,#821,#822);
#820 = CARTESIAN_POINT('',(5.87E-15,1.62E-15,0.));
#821 = DIRECTION('',(0.,0.,1.));
#822 = DIRECTION('',(1.,0.,0.));
#823 = ADVANCED_FACE('',(#824),#835,.F.);
#824 = FACE_BOUND('',#825,.T.);
#825 = EDGE_LOOP('',(#826,#827,#833,#834));
#826 = ORIENTED_EDGE('',*,*,#607,.T.);
#827 = ORIENTED_EDGE('',*,*,#828,.T.);
#828 = EDGE_CURVE('',#608,#811,#829,.T.);
#829 = LINE('',#830,#831);
#830 = CARTESIAN_POINT('',(-43.4,45.,-6.));
#831 = VECTOR('',#832,1.);
#832 = DIRECTION('',(0.,0.,1.));
#833 = ORIENTED_EDGE('',*,*,#810,.F.);
#834 = ORIENTED_EDGE('',*,*,#828,.F.);
#835 = CYLINDRICAL_SURFACE('',#836,1.6);
#836 = AXIS2_PLACEMENT_3D('',#837,#838,#839);
#837 = CARTESIAN_POINT('',(-45.,45.,-6.));
#838 = DIRECTION('',(-0.,-0.,-1.));
#839 = DIRECTION('',(1.,0.,0.));
#840 = ADVANCED_FACE('',(#841),#860,.F.);
#841 = FACE_BOUND('',#842,.T.);
#842 = EDGE_LOOP('',(#843,#844,#852,#859));
#843 = ORIENTED_EDGE('',*,*,#585,.T.);
#844 = ORIENTED_EDGE('',*,*,#845,.T.);
#845 = EDGE_CURVE('',#586,#846,#848,.T.);
#846 = VERTEX_POINT('',#847);
#847 = CARTESIAN_POINT('',(-43.4,-45.,0.));
#848 = LINE('',#849,#850);
#849 = CARTESIAN_POINT('',(-43.4,-45.,-6.));
#850 = VECTOR('',#851,1.);
#851 = DIRECTION('',(0.,0.,1.));
#852 = ORIENTED_EDGE('',*,*,#853,.F.);
#853 = EDGE_CURVE('',#846,#846,#854,.T.);
#854 = CIRCLE('',#855,1.6);
#855 = AXIS2_PLACEMENT_3D('',#856,#857,#858);
#856 = CARTESIAN_POINT('',(-45.,-45.,0.));
#857 = DIRECTION('',(0.,0.,-1.));
#858 = DIRECTION('',(1.,0.,0.));
#859 = ORIENTED_EDGE('',*,*,#845,.F.);
#860 = CYLINDRICAL_SURFACE('',#861,1.6);
#861 = AXIS2_PLACEMENT_3D('',#862,#863,#864);
#862 = CARTESIAN_POINT('',(-45.,-45.,-6.));
#863 = DIRECTION('',(-0.,-0.,-1.));
#864 = DIRECTION('',(1.,0.,0.));
#865 = ADVANCED_FACE('',(#866),#900,.T.);
#866 = FACE_BOUND('',#867,.T.);
#867 = EDGE_LOOP('',(#868,#878,#886,#894));
#868 = ORIENTED_EDGE('',*,*,#869,.T.);
#869 = EDGE_CURVE('',#870,#872,#874,.T.);
#870 = VERTEX_POINT('',#871);
#871 = CARTESIAN_POINT('',(-50.,-50.,0.));
#872 = VERTEX_POINT('',#873);
#873 = CARTESIAN_POINT('',(-50.,-50.,4.));
#874 = LINE('',#875,#876);
#875 = CARTESIAN_POINT('',(-50.,-50.,0.));
#876 = VECTOR('',#877,1.);
#877 = DIRECTION('',(0.,0.,1.));
#878 = ORIENTED_EDGE('',*,*,#879,.T.);
#879 = EDGE_CURVE('',#872,#880,#882,.T.);
#880 = VERTEX_POINT('',#881);
#881 = CARTESIAN_POINT('',(-50.,-40.,4.));
#882 = LINE('',#883,#884);
#883 = CARTESIAN_POINT('',(-50.,-50.,4.));
#884 = VECTOR('',#885,1.);
#885 = DIRECTION('',(0.,1.,0.));
#886 = ORIENTED_EDGE('',*,*,#887,.F.);
#887 = EDGE_CURVE('',#888,#880,#890,.T.);
#888 = VERTEX_POINT('',#889);
#889 = CARTESIAN_POINT('',(-50.,-40.,0.));
#890 = LINE('',#891,#892);
#891 = CARTESIAN_POINT('',(-50.,-40.,0.));
#892 = VECTOR('',#893,1.);
#893 = DIRECTION('',(0.,0.,1.));
#894 = ORIENTED_EDGE('',*,*,#895,.F.);
#895 = EDGE_CURVE('',#870,#888,#896,.T.);
#896 = LINE('',#897,#898);
#897 = CARTESIAN_POINT('',(-50.,-50.,0.));
#898 = VECTOR('',#899,1.);
#899 = DIRECTION('',(0.,1.,0.));
#900 = PLANE('',#901);
#901 = AXIS2_PLACEMENT_3D('',#902,#903,#904);
#902 = CARTESIAN_POINT('',(-50.,-50.,0.));
#903 = DIRECTION('',(-1.,0.,0.));
#904 = DIRECTION('',(0.,1.,0.));
#905 = ADVANCED_FACE('',(#906),#931,.T.);
#906 = FACE_BOUND('',#907,.T.);
#907 = EDGE_LOOP('',(#908,#918,#924,#925));
#908 = ORIENTED_EDGE('',*,*,#909,.T.);
#909 = EDGE_CURVE('',#910,#912,#914,.T.);
#910 = VERTEX_POINT('',#911);
#911 = CARTESIAN_POINT('',(-40.,-50.,0.));
#912 = VERTEX_POINT('',#913);
#913 = CARTESIAN_POINT('',(-40.,-50.,4.));
#914 = LINE('',#915,#916);
#915 = CARTESIAN_POINT('',(-40.,-50.,0.));
#916 = VECTOR('',#917,1.);
#917 = DIRECTION('',(0.,0.,1.));
#918 = ORIENTED_EDGE('',*,*,#919,.T.);
#919 = EDGE_CURVE('',#912,#872,#920,.T.);
#920 = LINE('',#921,#922);
#921 = CARTESIAN_POINT('',(-40.,-50.,4.));
#922 = VECTOR('',#923,1.);
#923 = DIRECTION('',(-1.,0.,0.));
#924 = ORIENTED_EDGE('',*,*,#869,.F.);
#925 = ORIENTED_EDGE('',*,*,#926,.F.);
#926 = EDGE_CURVE('',#910,#870,#927,.T.);
#927 = LINE('',#928,#929);
#928 = CARTESIAN_POINT('',(-40.,-50.,0.));
#929 = VECTOR('',#930,1.);
#930 = DIRECTION('',(-1.,0.,0.));
#931 = PLANE('',#932);
#932 = AXIS2_PLACEMENT_3D('',#933,#934,#935);
#933 = CARTESIAN_POINT('',(-40.,-50.,0.));
#934 = DIRECTION('',(0.,-1.,0.));
#935 = DIRECTION('',(-1.,0.,0.));
#936 = ADVANCED_FACE('',(#937),#962,.T.);
#937 = FACE_BOUND('',#938,.T.);
#938 = EDGE_LOOP('',(#939,#940,#948,#956));
#939 = ORIENTED_EDGE('',*,*,#887,.T.);
#940 = ORIENTED_EDGE('',*,*,#941,.T.);
#941 = EDGE_CURVE('',#880,#942,#944,.T.);
#942 = VERTEX_POINT('',#943);
#943 = CARTESIAN_POINT('',(-40.,-40.,4.));
#944 = LINE('',#945,#946);
#945 = CARTESIAN_POINT('',(-50.,-40.,4.));
#946 = VECTOR('',#947,1.);
#947 = DIRECTION('',(1.,0.,0.));
#948 = ORIENTED_EDGE('',*,*,#949,.F.);
#949 = EDGE_CURVE('',#950,#942,#952,.T.);
#950 = VERTEX_POINT('',#951);
#951 = CARTESIAN_POINT('',(-40.,-40.,0.));
#952 = LINE('',#953,#954);
#953 = CARTESIAN_POINT('',(-40.,-40.,0.));
#954 = VECTOR('',#955,1.);
#955 = DIRECTION('',(0.,0.,1.));
#956 = ORIENTED_EDGE('',*,*,#957,.F.);
#957 = EDGE_CURVE('',#888,#950,#958,.T.);
#958 = LINE('',#959,#960);
#959 = CARTESIAN_POINT('',(-50.,-40.,0.));
#960 = VECTOR('',#961,1.);
#961 = DIRECTION('',(1.,0.,0.));
#962 = PLANE('',#963);
#963 = AXIS2_PLACEMENT_3D('',#964,#965,#966);
#964 = CARTESIAN_POINT('',(-50.,-40.,0.));
#965 = DIRECTION('',(0.,1.,0.));
#966 = DIRECTION('',(1.,0.,0.));
#967 = ADVANCED_FACE('',(#968),#984,.T.);
#968 = FACE_BOUND('',#969,.T.);
#969 = EDGE_LOOP('',(#970,#971,#977,#978));
#970 = ORIENTED_EDGE('',*,*,#949,.T.);
#971 = ORIENTED_EDGE('',*,*,#972,.T.);
#972 = EDGE_CURVE('',#942,#912,#973,.T.);
#973 = LINE('',#974,#975);
#974 = CARTESIAN_POINT('',(-40.,-40.,4.));
#975 = VECTOR('',#976,1.);
#976 = DIRECTION('',(0.,-1.,0.));
#977 = ORIENTED_EDGE('',*,*,#909,.F.);
#978 = ORIENTED_EDGE('',*,*,#979,.F.);
#979 = EDGE_CURVE('',#950,#910,#980,.T.);
#980 = LINE('',#981,#982);
#981 = CARTESIAN_POINT('',(-40.,-40.,0.));
#982 = VECTOR('',#983,1.);
#983 = DIRECTION('',(0.,-1.,0.));
#984 = PLANE('',#985);
#985 = AXIS2_PLACEMENT_3D('',#986,#987,#988);
#986 = CARTESIAN_POINT('',(-40.,-40.,0.));
#987 = DIRECTION('',(1.,0.,0.));
#988 = DIRECTION('',(0.,-1.,0.));
#989 = ADVANCED_FACE('',(#990,#996),#1007,.T.);
#990 = FACE_BOUND('',#991,.F.);
#991 = EDGE_LOOP('',(#992,#993,#994,#995));
#992 = ORIENTED_EDGE('',*,*,#941,.T.);
#993 = ORIENTED_EDGE('',*,*,#972,.T.);
#994 = ORIENTED_EDGE('',*,*,#919,.T.);
#995 = ORIENTED_EDGE('',*,*,#879,.T.);
#996 = FACE_BOUND('',#997,.F.);
#997 = EDGE_LOOP('',(#998));
#998 = ORIENTED_EDGE('',*,*,#999,.T.);
#999 = EDGE_CURVE('',#1000,#1000,#1002,.T.);
#1000 = VERTEX_POINT('',#1001);
#1001 = CARTESIAN_POINT('',(-43.25,-45.,4.));
#1002 = CIRCLE('',#1003,1.75);
#1003 = AXIS2_PLACEMENT_3D('',#1004,#1005,#1006);
#1004 = CARTESIAN_POINT('',(-45.,-45.,4.));
#1005 = DIRECTION('',(0.,0.,1.));
#1006 = DIRECTION('',(1.,0.,0.));
#1007 = PLANE('',#1008);
#1008 = AXIS2_PLACEMENT_3D('',#1009,#1010,#1011);
#1009 = CARTESIAN_POINT('',(1.16E-15,-1.16E-15,4.));
#1010 = DIRECTION('',(0.,0.,1.));
#1011 = DIRECTION('',(1.,0.,0.));
#1012 = ADVANCED_FACE('',(#1013),#1032,.F.);
#1013 = FACE_BOUND('',#1014,.T.);
#1014 = EDGE_LOOP('',(#1015,#1023,#1024,#1025));
#1015 = ORIENTED_EDGE('',*,*,#1016,.T.);
#1016 = EDGE_CURVE('',#1017,#1000,#1019,.T.);
#1017 = VERTEX_POINT('',#1018);
#1018 = CARTESIAN_POINT('',(-43.25,-45.,0.));
#1019 = LINE('',#1020,#1021);
#1020 = CARTESIAN_POINT('',(-43.25,-45.,0.));
#1021 = VECTOR('',#1022,1.);
#1022 = DIRECTION('',(0.,0.,1.));
#1023 = ORIENTED_EDGE('',*,*,#999,.T.);
#1024 = ORIENTED_EDGE('',*,*,#1016,.F.);
#1025 = ORIENTED_EDGE('',*,*,#1026,.F.);
#1026 = EDGE_CURVE('',#1017,#1017,#1027,.T.);
#1027 = CIRCLE('',#1028,1.75);
#1028 = AXIS2_PLACEMENT_3D('',#1029,#1030,#1031);
#1029 = CARTESIAN_POINT('',(-45.,-45.,0.));
#1030 = DIRECTION('',(0.,0.,1.));
#1031 = DIRECTION('',(1.,0.,0.));
#1032 = CYLINDRICAL_SURFACE('',#1033,1.75);
#1033 = AXIS2_PLACEMENT_3D('',#1034,#1035,#1036);
#1034 = CARTESIAN_POINT('',(-45.,-45.,0.));
#1035 = DIRECTION('',(-0.,-0.,-1.));
#1036 = DIRECTION('',(1.,0.,0.));
#1037 = ADVANCED_FACE('',(#1038,#1041),#1044,.T.);
#1038 = FACE_BOUND('',#1039,.T.);
#1039 = EDGE_LOOP('',(#1040));
#1040 = ORIENTED_EDGE('',*,*,#1026,.T.);
#1041 = FACE_BOUND('',#1042,.T.);
#1042 = EDGE_LOOP('',(#1043));
#1043 = ORIENTED_EDGE('',*,*,#853,.T.);
#1044 = PLANE('',#1045);
#1045 = AXIS2_PLACEMENT_3D('',#1046,#1047,#1048);
#1046 = CARTESIAN_POINT('',(5.87E-15,1.62E-15,0.));
#1047 = DIRECTION('',(0.,0.,1.));
#1048 = DIRECTION('',(1.,0.,0.));
#1049 = ADVANCED_FACE('',(#1050),#1069,.F.);
#1050 = FACE_BOUND('',#1051,.T.);
#1051 = EDGE_LOOP('',(#1052,#1053,#1061,#1068));
#1052 = ORIENTED_EDGE('',*,*,#596,.T.);
#1053 = ORIENTED_EDGE('',*,*,#1054,.T.);
#1054 = EDGE_CURVE('',#597,#1055,#1057,.T.);
#1055 = VERTEX_POINT('',#1056);
#1056 = CARTESIAN_POINT('',(46.6,-45.,0.));
#1057 = LINE('',#1058,#1059);
#1058 = CARTESIAN_POINT('',(46.6,-45.,-6.));
#1059 = VECTOR('',#1060,1.);
#1060 = DIRECTION('',(0.,0.,1.));
#1061 = ORIENTED_EDGE('',*,*,#1062,.F.);
#1062 = EDGE_CURVE('',#1055,#1055,#1063,.T.);
#1063 = CIRCLE('',#1064,1.6);
#1064 = AXIS2_PLACEMENT_3D('',#1065,#1066,#1067);
#1065 = CARTESIAN_POINT('',(45.,-45.,0.));
#1066 = DIRECTION('',(0.,0.,-1.));
#1067 = DIRECTION('',(1.,0.,0.));
#1068 = ORIENTED_EDGE('',*,*,#1054,.F.);
#1069 = CYLINDRICAL_SURFACE('',#1070,1.6);
#1070 = AXIS2_PLACEMENT_3D('',#1071,#1072,#1073);
#1071 = CARTESIAN_POINT('',(45.,-45.,-6.));
#1072 = DIRECTION('',(-0.,-0.,-1.));
#1073 = DIRECTION('',(1.,0.,0.));
#1074 = ADVANCED_FACE('',(#1075),#1109,.F.);
#1075 = FACE_BOUND('',#1076,.F.);
#1076 = EDGE_LOOP('',(#1077,#1087,#1095,#1103));
#1077 = ORIENTED_EDGE('',*,*,#1078,.T.);
#1078 = EDGE_CURVE('',#1079,#1081,#1083,.T.);
#1079 = VERTEX_POINT('',#1080);
#1080 = CARTESIAN_POINT('',(50.,-40.,0.));
#1081 = VERTEX_POINT('',#1082);
#1082 = CARTESIAN_POINT('',(50.,-40.,4.));
#1083 = LINE('',#1084,#1085);
#1084 = CARTESIAN_POINT('',(50.,-40.,0.));
#1085 = VECTOR('',#1086,1.);
#1086 = DIRECTION('',(0.,0.,1.));
#1087 = ORIENTED_EDGE('',*,*,#1088,.T.);
#1088 = EDGE_CURVE('',#1081,#1089,#1091,.T.);
#1089 = VERTEX_POINT('',#1090);
#1090 = CARTESIAN_POINT('',(40.,-40.,4.));
#1091 = LINE('',#1092,#1093);
#1092 = CARTESIAN_POINT('',(50.,-40.,4.));
#1093 = VECTOR('',#1094,1.);
#1094 = DIRECTION('',(-1.,0.,0.));
#1095 = ORIENTED_EDGE('',*,*,#1096,.F.);
#1096 = EDGE_CURVE('',#1097,#1089,#1099,.T.);
#1097 = VERTEX_POINT('',#1098);
#1098 = CARTESIAN_POINT('',(40.,-40.,0.));
#1099 = LINE('',#1100,#1101);
#1100 = CARTESIAN_POINT('',(40.,-40.,0.));
#1101 = VECTOR('',#1102,1.);
#1102 = DIRECTION('',(0.,0.,1.));
#1103 = ORIENTED_EDGE('',*,*,#1104,.F.);
#1104 = EDGE_CURVE('',#1079,#1097,#1105,.T.);
#1105 = LINE('',#1106,#1107);
#1106 = CARTESIAN_POINT('',(50.,-40.,0.));
#1107 = VECTOR('',#1108,1.);
#1108 = DIRECTION('',(-1.,0.,0.));
#1109 = PLANE('',#1110);
#1110 = AXIS2_PLACEMENT_3D('',#1111,#1112,#1113);
#1111 = CARTESIAN_POINT('',(50.,-40.,0.));
#1112 = DIRECTION('',(0.,-1.,0.));
#1113 = DIRECTION('',(-1.,0.,0.));
#1114 = ADVANCED_FACE('',(#1115),#1140,.F.);
#1115 = FACE_BOUND('',#1116,.F.);
#1116 = EDGE_LOOP('',(#1117,#1127,#1133,#1134));
#1117 = ORIENTED_EDGE('',*,*,#1118,.T.);
#1118 = EDGE_CURVE('',#1119,#1121,#1123,.T.);
#1119 = VERTEX_POINT('',#1120);
#1120 = CARTESIAN_POINT('',(50.,-50.,0.));
#1121 = VERTEX_POINT('',#1122);
#1122 = CARTESIAN_POINT('',(50.,-50.,4.));
#1123 = LINE('',#1124,#1125);
#1124 = CARTESIAN_POINT('',(50.,-50.,0.));
#1125 = VECTOR('',#1126,1.);
#1126 = DIRECTION('',(0.,0.,1.));
#1127 = ORIENTED_EDGE('',*,*,#1128,.T.);
#1128 = EDGE_CURVE('',#1121,#1081,#1129,.T.);
#1129 = LINE('',#1130,#1131);
#1130 = CARTESIAN_POINT('',(50.,-50.,4.));
#1131 = VECTOR('',#1132,1.);
#1132 = DIRECTION('',(0.,1.,0.));
#1133 = ORIENTED_EDGE('',*,*,#1078,.F.);
#1134 = ORIENTED_EDGE('',*,*,#1135,.F.);
#1135 = EDGE_CURVE('',#1119,#1079,#1136,.T.);
#1136 = LINE('',#1137,#1138);
#1137 = CARTESIAN_POINT('',(50.,-50.,0.));
#1138 = VECTOR('',#1139,1.);
#1139 = DIRECTION('',(0.,1.,0.));
#1140 = PLANE('',#1141);
#1141 = AXIS2_PLACEMENT_3D('',#1142,#1143,#1144);
#1142 = CARTESIAN_POINT('',(50.,-50.,0.));
#1143 = DIRECTION('',(-1.,0.,0.));
#1144 = DIRECTION('',(0.,1.,0.));
#1145 = ADVANCED_FACE('',(#1146),#1171,.F.);
#1146 = FACE_BOUND('',#1147,.F.);
#1147 = EDGE_LOOP('',(#1148,#1149,#1157,#1165));
#1148 = ORIENTED_EDGE('',*,*,#1096,.T.);
#1149 = ORIENTED_EDGE('',*,*,#1150,.T.);
#1150 = EDGE_CURVE('',#1089,#1151,#1153,.T.);
#1151 = VERTEX_POINT('',#1152);
#1152 = CARTESIAN_POINT('',(40.,-50.,4.));
#1153 = LINE('',#1154,#1155);
#1154 = CARTESIAN_POINT('',(40.,-40.,4.));
#1155 = VECTOR('',#1156,1.);
#1156 = DIRECTION('',(0.,-1.,0.));
#1157 = ORIENTED_EDGE('',*,*,#1158,.F.);
#1158 = EDGE_CURVE('',#1159,#1151,#1161,.T.);
#1159 = VERTEX_POINT('',#1160);
#1160 = CARTESIAN_POINT('',(40.,-50.,0.));
#1161 = LINE('',#1162,#1163);
#1162 = CARTESIAN_POINT('',(40.,-50.,0.));
#1163 = VECTOR('',#1164,1.);
#1164 = DIRECTION('',(0.,0.,1.));
#1165 = ORIENTED_EDGE('',*,*,#1166,.F.);
#1166 = EDGE_CURVE('',#1097,#1159,#1167,.T.);
#1167 = LINE('',#1168,#1169);
#1168 = CARTESIAN_POINT('',(40.,-40.,0.));
#1169 = VECTOR('',#1170,1.);
#1170 = DIRECTION('',(0.,-1.,0.));
#1171 = PLANE('',#1172);
#1172 = AXIS2_PLACEMENT_3D('',#1173,#1174,#1175);
#1173 = CARTESIAN_POINT('',(40.,-40.,0.));
#1174 = DIRECTION('',(1.,0.,0.));
#1175 = DIRECTION('',(0.,-1.,0.));
#1176 = ADVANCED_FACE('',(#1177),#1193,.F.);
#1177 = FACE_BOUND('',#1178,.F.);
#1178 = EDGE_LOOP('',(#1179,#1180,#1186,#1187));
#1179 = ORIENTED_EDGE('',*,*,#1158,.T.);
#1180 = ORIENTED_EDGE('',*,*,#1181,.T.);
#1181 = EDGE_CURVE('',#1151,#1121,#1182,.T.);
#1182 = LINE('',#1183,#1184);
#1183 = CARTESIAN_POINT('',(40.,-50.,4.));
#1184 = VECTOR('',#1185,1.);
#1185 = DIRECTION('',(1.,0.,0.));
#1186 = ORIENTED_EDGE('',*,*,#1118,.F.);
#1187 = ORIENTED_EDGE('',*,*,#1188,.F.);
#1188 = EDGE_CURVE('',#1159,#1119,#1189,.T.);
#1189 = LINE('',#1190,#1191);
#1190 = CARTESIAN_POINT('',(40.,-50.,0.));
#1191 = VECTOR('',#1192,1.);
#1192 = DIRECTION('',(1.,0.,0.));
#1193 = PLANE('',#1194);
#1194 = AXIS2_PLACEMENT_3D('',#1195,#1196,#1197);
#1195 = CARTESIAN_POINT('',(40.,-50.,0.));
#1196 = DIRECTION('',(0.,1.,0.));
#1197 = DIRECTION('',(1.,0.,0.));
#1198 = ADVANCED_FACE('',(#1199,#1205),#1216,.T.);
#1199 = FACE_BOUND('',#1200,.T.);
#1200 = EDGE_LOOP('',(#1201,#1202,#1203,#1204));
#1201 = ORIENTED_EDGE('',*,*,#1088,.T.);
#1202 = ORIENTED_EDGE('',*,*,#1150,.T.);
#1203 = ORIENTED_EDGE('',*,*,#1181,.T.);
#1204 = ORIENTED_EDGE('',*,*,#1128,.T.);
#1205 = FACE_BOUND('',#1206,.F.);
#1206 = EDGE_LOOP('',(#1207));
#1207 = ORIENTED_EDGE('',*,*,#1208,.T.);
#1208 = EDGE_CURVE('',#1209,#1209,#1211,.T.);
#1209 = VERTEX_POINT('',#1210);
#1210 = CARTESIAN_POINT('',(46.75,-45.,4.));
#1211 = CIRCLE('',#1212,1.75);
#1212 = AXIS2_PLACEMENT_3D('',#1213,#1214,#1215);
#1213 = CARTESIAN_POINT('',(45.,-45.,4.));
#1214 = DIRECTION('',(0.,0.,1.));
#1215 = DIRECTION('',(1.,0.,0.));
#1216 = PLANE('',#1217);
#1217 = AXIS2_PLACEMENT_3D('',#1218,#1219,#1220);
#1218 = CARTESIAN_POINT('',(1.16E-15,-1.16E-15,4.));
#1219 = DIRECTION('',(0.,0.,1.));
#1220 = DIRECTION('',(1.,0.,0.));
#1221 = ADVANCED_FACE('',(#1222),#1241,.F.);
#1222 = FACE_BOUND('',#1223,.T.);
#1223 = EDGE_LOOP('',(#1224,#1232,#1233,#1234));
#1224 = ORIENTED_EDGE('',*,*,#1225,.T.);
#1225 = EDGE_CURVE('',#1226,#1209,#1228,.T.);
#1226 = VERTEX_POINT('',#1227);
#1227 = CARTESIAN_POINT('',(46.75,-45.,0.));
#1228 = LINE('',#1229,#1230);
#1229 = CARTESIAN_POINT('',(46.75,-45.,0.));
#1230 = VECTOR('',#1231,1.);
#1231 = DIRECTION('',(0.,0.,1.));
#1232 = ORIENTED_EDGE('',*,*,#1208,.T.);
#1233 = ORIENTED_EDGE('',*,*,#1225,.F.);
#1234 = ORIENTED_EDGE('',*,*,#1235,.F.);
#1235 = EDGE_CURVE('',#1226,#1226,#1236,.T.);
#1236 = CIRCLE('',#1237,1.75);
#1237 = AXIS2_PLACEMENT_3D('',#1238,#1239,#1240);
#1238 = CARTESIAN_POINT('',(45.,-45.,0.));
#1239 = DIRECTION('',(0.,0.,1.));
#1240 = DIRECTION('',(1.,0.,0.));
#1241 = CYLINDRICAL_SURFACE('',#1242,1.75);
#1242 = AXIS2_PLACEMENT_3D('',#1243,#1244,#1245);
#1243 = CARTESIAN_POINT('',(45.,-45.,0.));
#1244 = DIRECTION('',(-0.,-0.,-1.));
#1245 = DIRECTION('',(1.,0.,0.));
#1246 = ADVANCED_FACE('',(#1247,#1250),#1253,.T.);
#1247 = FACE_BOUND('',#1248,.T.);
#1248 = EDGE_LOOP('',(#1249));
#1249 = ORIENTED_EDGE('',*,*,#1235,.T.);
#1250 = FACE_BOUND('',#1251,.T.);
#1251 = EDGE_LOOP('',(#1252));
#1252 = ORIENTED_EDGE('',*,*,#1062,.T.);
#1253 = PLANE('',#1254);
#1254 = AXIS2_PLACEMENT_3D('',#1255,#1256,#1257);
#1255 = CARTESIAN_POINT('',(5.87E-15,1.62E-15,0.));
#1256 = DIRECTION('',(0.,0.,1.));
#1257 = DIRECTION('',(1.,0.,0.));
#1258 = ADVANCED_FACE('',(#1259),#1278,.F.);
#1259 = FACE_BOUND('',#1260,.T.);
#1260 = EDGE_LOOP('',(#1261,#1262,#1270,#1277));
#1261 = ORIENTED_EDGE('',*,*,#618,.T.);
#1262 = ORIENTED_EDGE('',*,*,#1263,.T.);
#1263 = EDGE_CURVE('',#619,#1264,#1266,.T.);
#1264 = VERTEX_POINT('',#1265);
#1265 = CARTESIAN_POINT('',(46.6,45.,0.));
#1266 = LINE('',#1267,#1268);
#1267 = CARTESIAN_POINT('',(46.6,45.,-6.));
#1268 = VECTOR('',#1269,1.);
#1269 = DIRECTION('',(0.,0.,1.));
#1270 = ORIENTED_EDGE('',*,*,#1271,.F.);
#1271 = EDGE_CURVE('',#1264,#1264,#1272,.T.);
#1272 = CIRCLE('',#1273,1.6);
#1273 = AXIS2_PLACEMENT_3D('',#1274,#1275,#1276);
#1274 = CARTESIAN_POINT('',(45.,45.,0.));
#1275 = DIRECTION('',(0.,0.,-1.));
#1276 = DIRECTION('',(1.,0.,0.));
#1277 = ORIENTED_EDGE('',*,*,#1263,.F.);
#1278 = CYLINDRICAL_SURFACE('',#1279,1.6);
#1279 = AXIS2_PLACEMENT_3D('',#1280,#1281,#1282);
#1280 = CARTESIAN_POINT('',(45.,45.,-6.));
#1281 = DIRECTION('',(-0.,-0.,-1.));
#1282 = DIRECTION('',(1.,0.,0.));
#1283 = ADVANCED_FACE('',(#1284),#1318,.T.);
#1284 = FACE_BOUND('',#1285,.T.);
#1285 = EDGE_LOOP('',(#1286,#1296,#1304,#1312));
#1286 = ORIENTED_EDGE('',*,*,#1287,.T.);
#1287 = EDGE_CURVE('',#1288,#1290,#1292,.T.);
#1288 = VERTEX_POINT('',#1289);
#1289 = CARTESIAN_POINT('',(50.,50.,0.));
#1290 = VERTEX_POINT('',#1291);
#1291 = CARTESIAN_POINT('',(50.,50.,4.));
#1292 = LINE('',#1293,#1294);
#1293 = CARTESIAN_POINT('',(50.,50.,0.));
#1294 = VECTOR('',#1295,1.);
#1295 = DIRECTION('',(0.,0.,1.));
#1296 = ORIENTED_EDGE('',*,*,#1297,.T.);
#1297 = EDGE_CURVE('',#1290,#1298,#1300,.T.);
#1298 = VERTEX_POINT('',#1299);
#1299 = CARTESIAN_POINT('',(50.,40.,4.));
#1300 = LINE('',#1301,#1302);
#1301 = CARTESIAN_POINT('',(50.,50.,4.));
#1302 = VECTOR('',#1303,1.);
#1303 = DIRECTION('',(0.,-1.,0.));
#1304 = ORIENTED_EDGE('',*,*,#1305,.F.);
#1305 = EDGE_CURVE('',#1306,#1298,#1308,.T.);
#1306 = VERTEX_POINT('',#1307);
#1307 = CARTESIAN_POINT('',(50.,40.,0.));
#1308 = LINE('',#1309,#1310);
#1309 = CARTESIAN_POINT('',(50.,40.,0.));
#1310 = VECTOR('',#1311,1.);
#1311 = DIRECTION('',(0.,0.,1.));
#1312 = ORIENTED_EDGE('',*,*,#1313,.F.);
#1313 = EDGE_CURVE('',#1288,#1306,#1314,.T.);
#1314 = LINE('',#1315,#1316);
#1315 = CARTESIAN_POINT('',(50.,50.,0.));
#1316 = VECTOR('',#1317,1.);
#1317 = DIRECTION('',(0.,-1.,0.));
#1318 = PLANE('',#1319);
#1319 = AXIS2_PLACEMENT_3D('',#1320,#1321,#1322);
#1320 = CARTESIAN_POINT('',(50.,50.,0.));
#1321 = DIRECTION('',(1.,0.,0.));
#1322 = DIRECTION('',(0.,-1.,0.));
#1323 = ADVANCED_FACE('',(#1324),#1349,.T.);
#1324 = FACE_BOUND('',#1325,.T.);
#1325 = EDGE_LOOP('',(#1326,#1336,#1342,#1343));
#1326 = ORIENTED_EDGE('',*,*,#1327,.T.);
#1327 = EDGE_CURVE('',#1328,#1330,#1332,.T.);
#1328 = VERTEX_POINT('',#1329);
#1329 = CARTESIAN_POINT('',(40.,50.,0.));
#1330 = VERTEX_POINT('',#1331);
#1331 = CARTESIAN_POINT('',(40.,50.,4.));
#1332 = LINE('',#1333,#1334);
#1333 = CARTESIAN_POINT('',(40.,50.,0.));
#1334 = VECTOR('',#1335,1.);
#1335 = DIRECTION('',(0.,0.,1.));
#1336 = ORIENTED_EDGE('',*,*,#1337,.T.);
#1337 = EDGE_CURVE('',#1330,#1290,#1338,.T.);
#1338 = LINE('',#1339,#1340);
#1339 = CARTESIAN_POINT('',(40.,50.,4.));
#1340 = VECTOR('',#1341,1.);
#1341 = DIRECTION('',(1.,0.,0.));
#1342 = ORIENTED_EDGE('',*,*,#1287,.F.);
#1343 = ORIENTED_EDGE('',*,*,#1344,.F.);
#1344 = EDGE_CURVE('',#1328,#1288,#1345,.T.);
#1345 = LINE('',#1346,#1347);
#1346 = CARTESIAN_POINT('',(40.,50.,0.));
#1347 = VECTOR('',#1348,1.);
#1348 = DIRECTION('',(1.,0.,0.));
#1349 = PLANE('',#1350);
#1350 = AXIS2_PLACEMENT_3D('',#1351,#1352,#1353);
#1351 = CARTESIAN_POINT('',(40.,50.,0.));
#1352 = DIRECTION('',(0.,1.,0.));
#1353 = DIRECTION('',(1.,0.,0.));
#1354 = ADVANCED_FACE('',(#1355),#1380,.T.);
#1355 = FACE_BOUND('',#1356,.T.);
#1356 = EDGE_LOOP('',(#1357,#1358,#1366,#1374));
#1357 = ORIENTED_EDGE('',*,*,#1305,.T.);
#1358 = ORIENTED_EDGE('',*,*,#1359,.T.);
#1359 = EDGE_CURVE('',#1298,#1360,#1362,.T.);
#1360 = VERTEX_POINT('',#1361);
#1361 = CARTESIAN_POINT('',(40.,40.,4.));
#1362 = LINE('',#1363,#1364);
#1363 = CARTESIAN_POINT('',(50.,40.,4.));
#1364 = VECTOR('',#1365,1.);
#1365 = DIRECTION('',(-1.,0.,0.));
#1366 = ORIENTED_EDGE('',*,*,#1367,.F.);
#1367 = EDGE_CURVE('',#1368,#1360,#1370,.T.);
#1368 = VERTEX_POINT('',#1369);
#1369 = CARTESIAN_POINT('',(40.,40.,0.));
#1370 = LINE('',#1371,#1372);
#1371 = CARTESIAN_POINT('',(40.,40.,0.));
#1372 = VECTOR('',#1373,1.);
#1373 = DIRECTION('',(0.,0.,1.));
#1374 = ORIENTED_EDGE('',*,*,#1375,.F.);
#1375 = EDGE_CURVE('',#1306,#1368,#1376,.T.);
#1376 = LINE('',#1377,#1378);
#1377 = CARTESIAN_POINT('',(50.,40.,0.));
#1378 = VECTOR('',#1379,1.);
#1379 = DIRECTION('',(-1.,0.,0.));
#1380 = PLANE('',#1381);
#1381 = AXIS2_PLACEMENT_3D('',#1382,#1383,#1384);
#1382 = CARTESIAN_POINT('',(50.,40.,0.));
#1383 = DIRECTION('',(0.,-1.,0.));
#1384 = DIRECTION('',(-1.,0.,0.));
#1385 = ADVANCED_FACE('',(#1386),#1402,.T.);
#1386 = FACE_BOUND('',#1387,.T.);
#1387 = EDGE_LOOP('',(#1388,#1389,#1395,#1396));
#1388 = ORIENTED_EDGE('',*,*,#1367,.T.);
#1389 = ORIENTED_EDGE('',*,*,#1390,.T.);
#1390 = EDGE_CURVE('',#1360,#1330,#1391,.T.);
#1391 = LINE('',#1392,#1393);
#1392 = CARTESIAN_POINT('',(40.,40.,4.));
#1393 = VECTOR('',#1394,1.);
#1394 = DIRECTION('',(0.,1.,0.));
#1395 = ORIENTED_EDGE('',*,*,#1327,.F.);
#1396 = ORIENTED_EDGE('',*,*,#1397,.F.);
#1397 = EDGE_CURVE('',#1368,#1328,#1398,.T.);
#1398 = LINE('',#1399,#1400);
#1399 = CARTESIAN_POINT('',(40.,40.,0.));
#1400 = VECTOR('',#1401,1.);
#1401 = DIRECTION('',(0.,1.,0.));
#1402 = PLANE('',#1403);
#1403 = AXIS2_PLACEMENT_3D('',#1404,#1405,#1406);
#1404 = CARTESIAN_POINT('',(40.,40.,0.));
#1405 = DIRECTION('',(-1.,0.,0.));
#1406 = DIRECTION('',(0.,1.,0.));
#1407 = ADVANCED_FACE('',(#1408,#1414),#1425,.T.);
#1408 = FACE_BOUND('',#1409,.F.);
#1409 = EDGE_LOOP('',(#1410,#1411,#1412,#1413));
#1410 = ORIENTED_EDGE('',*,*,#1359,.T.);
#1411 = ORIENTED_EDGE('',*,*,#1390,.T.);
#1412 = ORIENTED_EDGE('',*,*,#1337,.T.);
#1413 = ORIENTED_EDGE('',*,*,#1297,.T.);
#1414 = FACE_BOUND('',#1415,.F.);
#1415 = EDGE_LOOP('',(#1416));
#1416 = ORIENTED_EDGE('',*,*,#1417,.T.);
#1417 = EDGE_CURVE('',#1418,#1418,#1420,.T.);
#1418 = VERTEX_POINT('',#1419);
#1419 = CARTESIAN_POINT('',(46.75,45.,4.));
#1420 = CIRCLE('',#1421,1.75);
#1421 = AXIS2_PLACEMENT_3D('',#1422,#1423,#1424);
#1422 = CARTESIAN_POINT('',(45.,45.,4.));
#1423 = DIRECTION('',(0.,0.,1.));
#1424 = DIRECTION('',(1.,0.,0.));
#1425 = PLANE('',#1426);
#1426 = AXIS2_PLACEMENT_3D('',#1427,#1428,#1429);
#1427 = CARTESIAN_POINT('',(1.16E-15,-1.16E-15,4.));
#1428 = DIRECTION('',(0.,0.,1.));
#1429 = DIRECTION('',(1.,0.,0.));
#1430 = ADVANCED_FACE('',(#1431),#1450,.F.);
#1431 = FACE_BOUND('',#1432,.T.);
#1432 = EDGE_LOOP('',(#1433,#1441,#1442,#1443));
#1433 = ORIENTED_EDGE('',*,*,#1434,.T.);
#1434 = EDGE_CURVE('',#1435,#1418,#1437,.T.);
#1435 = VERTEX_POINT('',#1436);
#1436 = CARTESIAN_POINT('',(46.75,45.,0.));
#1437 = LINE('',#1438,#1439);
#1438 = CARTESIAN_POINT('',(46.75,45.,0.));
#1439 = VECTOR('',#1440,1.);
#1440 = DIRECTION('',(0.,0.,1.));
#1441 = ORIENTED_EDGE('',*,*,#1417,.T.);
#1442 = ORIENTED_EDGE('',*,*,#1434,.F.);
#1443 = ORIENTED_EDGE('',*,*,#1444,.F.);
#1444 = EDGE_CURVE('',#1435,#1435,#1445,.T.);
#1445 = CIRCLE('',#1446,1.75);
#1446 = AXIS2_PLACEMENT_3D('',#1447,#1448,#1449);
#1447 = CARTESIAN_POINT('',(45.,45.,0.));
#1448 = DIRECTION('',(0.,0.,1.));
#1449 = DIRECTION('',(1.,0.,0.));
#1450 = CYLINDRICAL_SURFACE('',#1451,1.75);
#1451 = AXIS2_PLACEMENT_3D('',#1452,#1453,#1454);
#1452 = CARTESIAN_POINT('',(45.,45.,0.));
#1453 = DIRECTION('',(-0.,-0.,-1.));
#1454 = DIRECTION('',(1.,0.,0.));
#1455 = ADVANCED_FACE('',(#1456,#1459),#1462,.T.);
#1456 = FACE_BOUND('',#1457,.T.);
#1457 = EDGE_LOOP('',(#1458));
#1458 = ORIENTED_EDGE('',*,*,#1444,.T.);
#1459 = FACE_BOUND('',#1460,.T.);
#1460 = EDGE_LOOP('',(#1461));
#1461 = ORIENTED_EDGE('',*,*,#1271,.T.);
#1462 = PLANE('',#1463);
#1463 = AXIS2_PLACEMENT_3D('',#1464,#1465,#1466);
#1464 = CARTESIAN_POINT('',(5.87E-15,1.62E-15,0.));
#1465 = DIRECTION('',(0.,0.,1.));
#1466 = DIRECTION('',(1.,0.,0.));
#1467 = ADVANCED_FACE('',(#1468,#1478,#1484,#1490,#1496),#1502,.T.);
#1468 = FACE_BOUND('',#1469,.T.);
#1469 = EDGE_LOOP('',(#1470,#1471,#1472,#1473,#1474,#1475,#1476,#1477));
#1470 = ORIENTED_EDGE('',*,*,#77,.T.);
#1471 = ORIENTED_EDGE('',*,*,#193,.T.);
#1472 = ORIENTED_EDGE('',*,*,#122,.T.);
#1473 = ORIENTED_EDGE('',*,*,#290,.T.);
#1474 = ORIENTED_EDGE('',*,*,#394,.F.);
#1475 = ORIENTED_EDGE('',*,*,#354,.F.);
#1476 = ORIENTED_EDGE('',*,*,#147,.T.);
#1477 = ORIENTED_EDGE('',*,*,#108,.T.);
#1478 = FACE_BOUND('',#1479,.T.);
#1479 = EDGE_LOOP('',(#1480,#1481,#1482,#1483));
#1480 = ORIENTED_EDGE('',*,*,#895,.T.);
#1481 = ORIENTED_EDGE('',*,*,#957,.T.);
#1482 = ORIENTED_EDGE('',*,*,#979,.T.);
#1483 = ORIENTED_EDGE('',*,*,#926,.T.);
#1484 = FACE_BOUND('',#1485,.T.);
#1485 = EDGE_LOOP('',(#1486,#1487,#1488,#1489));
#1486 = ORIENTED_EDGE('',*,*,#1104,.F.);
#1487 = ORIENTED_EDGE('',*,*,#1135,.F.);
#1488 = ORIENTED_EDGE('',*,*,#1188,.F.);
#1489 = ORIENTED_EDGE('',*,*,#1166,.F.);
#1490 = FACE_BOUND('',#1491,.T.);
#1491 = EDGE_LOOP('',(#1492,#1493,#1494,#1495));
#1492 = ORIENTED_EDGE('',*,*,#661,.F.);
#1493 = ORIENTED_EDGE('',*,*,#692,.F.);
#1494 = ORIENTED_EDGE('',*,*,#768,.F.);
#1495 = ORIENTED_EDGE('',*,*,#723,.F.);
#1496 = FACE_BOUND('',#1497,.T.);
#1497 = EDGE_LOOP('',(#1498,#1499,#1500,#1501));
#1498 = ORIENTED_EDGE('',*,*,#1313,.T.);
#1499 = ORIENTED_EDGE('',*,*,#1375,.T.);
#1500 = ORIENTED_EDGE('',*,*,#1397,.T.);
#1501 = ORIENTED_EDGE('',*,*,#1344,.T.);
#1502 = PLANE('',#1503);
#1503 = AXIS2_PLACEMENT_3D('',#1504,#1505,#1506);
#1504 = CARTESIAN_POINT('',(0.123529411765,-0.755882352941,9.E-17));
#1505 = DIRECTION('',(0.,0.,1.));
#1506 = DIRECTION('',(1.,0.,-0.));
#1507 = ( GEOMETRIC_REPRESENTATION_CONTEXT(3) 
GLOBAL_UNCERTAINTY_ASSIGNED_CONTEXT((#1511)) 
GLOBAL_UNIT_ASSIGNED_CONTEXT((#1508,#1509,#1510)) REPRESENTATION_CONTEXT
('Context #1','3D Context with UNIT and UNCERTAINTY') );
#1508 = ( LENGTH_UNIT() NAMED_UNIT(*) SI_UNIT(.MILLI.,.METRE.) );
#1509 = ( NAMED_UNIT(*) PLANE_ANGLE_UNIT() SI_UNIT($,.RADIAN.) );
#1510 = ( NAMED_UNIT(*) SI_UNIT($,.STERADIAN.) SOLID_ANGLE_UNIT() );
#1511 = UNCERTAINTY_MEASURE_WITH_UNIT(LENGTH_MEASURE(1.E-05),#1508,
  'distance_accuracy_value','confusion accuracy');
#1512 = CONTEXT_DEPENDENT_SHAPE_REPRESENTATION(#1513,#1515);
#1513 = ( REPRESENTATION_RELATIONSHIP('','',#44,#10) 
REPRESENTATION_RELATIONSHIP_WITH_TRANSFORMATION(#1514) 
SHAPE_REPRESENTATION_RELATIONSHIP() );
#1514 = ITEM_DEFINED_TRANSFORMATION('','',#11,#15);
#1515 = PRODUCT_DEFINITION_SHAPE('Placement','Placement of an item',
  #1516);
#1516 = NEXT_ASSEMBLY_USAGE_OCCURRENCE('1','Cut Risen Macropad Body001',
  '',#5,#39,$);
#1517 = PRODUCT_RELATED_PRODUCT_CATEGORY('part',$,(#41));
#1518 = SHAPE_DEFINITION_REPRESENTATION(#1519,#1525);
#1519 = PRODUCT_DEFINITION_SHAPE('','',#1520);
#1520 = PRODUCT_DEFINITION('design','',#1521,#1524);
#1521 = PRODUCT_DEFINITION_FORMATION('','',#1522);
#1522 = PRODUCT('Cut Risen Plate','Cut Risen Plate','',(#1523));
#1523 = PRODUCT_CONTEXT('',#2,'mechanical');
#1524 = PRODUCT_DEFINITION_CONTEXT('part definition',#2,'design');
#1525 = ADVANCED_BREP_SHAPE_REPRESENTATION('',(#11,#1526),#5153);
#1526 = MANIFOLD_SOLID_BREP('',#1527);
#1527 = CLOSED_SHELL('',(#1528,#2287,#2350,#2406,#2462,#2511,#2535,#2566
    ,#2591,#2616,#2640,#2664,#2689,#2714,#2731,#2762,#2787,#2812,#2836,
    #2860,#2885,#2910,#2927,#2958,#2983,#3008,#3032,#3056,#3081,#3106,
    #3123,#3154,#3179,#3204,#3228,#3252,#3277,#3302,#3319,#3343,#3374,
    #3399,#3424,#3448,#3472,#3497,#3522,#3539,#3570,#3595,#3620,#3644,
    #3668,#3693,#3718,#3735,#3766,#3791,#3816,#3840,#3864,#3889,#3914,
    #3931,#3962,#3987,#4012,#4036,#4060,#4085,#4110,#4127,#4151,#4182,
    #4222,#4246,#4279,#4310,#4335,#4360,#4384,#4408,#4433,#4458,#4475,
    #4534,#4558,#4585,#4609,#4633,#4657,#4677,#4694,#4718,#4742,#4762,
    #4789,#4813,#4835,#4847,#4864,#4902,#4914,#5061,#5073,#5090,#5107,
    #5129,#5141));
#1528 = ADVANCED_FACE('',(#1529,#1563,#1574,#1644,#1714,#1784,#1854,
    #1865,#1935,#2005,#2075,#2145,#2156,#2190,#2260,#2271),#2282,.F.);
#1529 = FACE_BOUND('',#1530,.F.);
#1530 = EDGE_LOOP('',(#1531,#1541,#1549,#1557));
#1531 = ORIENTED_EDGE('',*,*,#1532,.T.);
#1532 = EDGE_CURVE('',#1533,#1535,#1537,.T.);
#1533 = VERTEX_POINT('',#1534);
#1534 = CARTESIAN_POINT('',(-50.,-50.,0.));
#1535 = VERTEX_POINT('',#1536);
#1536 = CARTESIAN_POINT('',(50.,-50.,0.));
#1537 = LINE('',#1538,#1539);
#1538 = CARTESIAN_POINT('',(-50.,-50.,0.));
#1539 = VECTOR('',#1540,1.);
#1540 = DIRECTION('',(1.,0.,0.));
#1541 = ORIENTED_EDGE('',*,*,#1542,.T.);
#1542 = EDGE_CURVE('',#1535,#1543,#1545,.T.);
#1543 = VERTEX_POINT('',#1544);
#1544 = CARTESIAN_POINT('',(50.,50.,0.));
#1545 = LINE('',#1546,#1547);
#1546 = CARTESIAN_POINT('',(50.,-50.,0.));
#1547 = VECTOR('',#1548,1.);
#1548 = DIRECTION('',(0.,1.,0.));
#1549 = ORIENTED_EDGE('',*,*,#1550,.T.);
#1550 = EDGE_CURVE('',#1543,#1551,#1553,.T.);
#1551 = VERTEX_POINT('',#1552);
#1552 = CARTESIAN_POINT('',(-50.,50.,0.));
#1553 = LINE('',#1554,#1555);
#1554 = CARTESIAN_POINT('',(50.,50.,0.));
#1555 = VECTOR('',#1556,1.);
#1556 = DIRECTION('',(-1.,0.,0.));
#1557 = ORIENTED_EDGE('',*,*,#1558,.T.);
#1558 = EDGE_CURVE('',#1551,#1533,#1559,.T.);
#1559 = LINE('',#1560,#1561);
#1560 = CARTESIAN_POINT('',(-50.,50.,0.));
#1561 = VECTOR('',#1562,1.);
#1562 = DIRECTION('',(0.,-1.,0.));
#1563 = FACE_BOUND('',#1564,.F.);
#1564 = EDGE_LOOP('',(#1565));
#1565 = ORIENTED_EDGE('',*,*,#1566,.F.);
#1566 = EDGE_CURVE('',#1567,#1567,#1569,.T.);
#1567 = VERTEX_POINT('',#1568);
#1568 = CARTESIAN_POINT('',(-43.25,-45.,0.));
#1569 = CIRCLE('',#1570,1.75);
#1570 = AXIS2_PLACEMENT_3D('',#1571,#1572,#1573);
#1571 = CARTESIAN_POINT('',(-45.,-45.,0.));
#1572 = DIRECTION('',(0.,0.,1.));
#1573 = DIRECTION('',(1.,0.,0.));
#1574 = FACE_BOUND('',#1575,.F.);
#1575 = EDGE_LOOP('',(#1576,#1586,#1595,#1603,#1612,#1620,#1629,#1637));
#1576 = ORIENTED_EDGE('',*,*,#1577,.T.);
#1577 = EDGE_CURVE('',#1578,#1580,#1582,.T.);
#1578 = VERTEX_POINT('',#1579);
#1579 = CARTESIAN_POINT('',(-26.05,-25.55,0.));
#1580 = VERTEX_POINT('',#1581);
#1581 = CARTESIAN_POINT('',(-26.05,-12.55,0.));
#1582 = LINE('',#1583,#1584);
#1583 = CARTESIAN_POINT('',(-26.05,-25.55,0.));
#1584 = VECTOR('',#1585,1.);
#1585 = DIRECTION('',(0.,1.,0.));
#1586 = ORIENTED_EDGE('',*,*,#1587,.F.);
#1587 = EDGE_CURVE('',#1588,#1580,#1590,.T.);
#1588 = VERTEX_POINT('',#1589);
#1589 = CARTESIAN_POINT('',(-25.55,-12.05,0.));
#1590 = CIRCLE('',#1591,0.5);
#1591 = AXIS2_PLACEMENT_3D('',#1592,#1593,#1594);
#1592 = CARTESIAN_POINT('',(-25.55,-12.55,0.));
#1593 = DIRECTION('',(0.,0.,1.));
#1594 = DIRECTION('',(1.,0.,0.));
#1595 = ORIENTED_EDGE('',*,*,#1596,.T.);
#1596 = EDGE_CURVE('',#1588,#1597,#1599,.T.);
#1597 = VERTEX_POINT('',#1598);
#1598 = CARTESIAN_POINT('',(-12.55,-12.05,0.));
#1599 = LINE('',#1600,#1601);
#1600 = CARTESIAN_POINT('',(-25.55,-12.05,0.));
#1601 = VECTOR('',#1602,1.);
#1602 = DIRECTION('',(1.,0.,0.));
#1603 = ORIENTED_EDGE('',*,*,#1604,.F.);
#1604 = EDGE_CURVE('',#1605,#1597,#1607,.T.);
#1605 = VERTEX_POINT('',#1606);
#1606 = CARTESIAN_POINT('',(-12.05,-12.55,0.));
#1607 = CIRCLE('',#1608,0.5);
#1608 = AXIS2_PLACEMENT_3D('',#1609,#1610,#1611);
#1609 = CARTESIAN_POINT('',(-12.55,-12.55,0.));
#1610 = DIRECTION('',(0.,0.,1.));
#1611 = DIRECTION('',(1.,0.,0.));
#1612 = ORIENTED_EDGE('',*,*,#1613,.T.);
#1613 = EDGE_CURVE('',#1605,#1614,#1616,.T.);
#1614 = VERTEX_POINT('',#1615);
#1615 = CARTESIAN_POINT('',(-12.05,-25.55,0.));
#1616 = LINE('',#1617,#1618);
#1617 = CARTESIAN_POINT('',(-12.05,-12.55,0.));
#1618 = VECTOR('',#1619,1.);
#1619 = DIRECTION('',(0.,-1.,0.));
#1620 = ORIENTED_EDGE('',*,*,#1621,.F.);
#1621 = EDGE_CURVE('',#1622,#1614,#1624,.T.);
#1622 = VERTEX_POINT('',#1623);
#1623 = CARTESIAN_POINT('',(-12.55,-26.05,0.));
#1624 = CIRCLE('',#1625,0.5);
#1625 = AXIS2_PLACEMENT_3D('',#1626,#1627,#1628);
#1626 = CARTESIAN_POINT('',(-12.55,-25.55,0.));
#1627 = DIRECTION('',(0.,0.,1.));
#1628 = DIRECTION('',(1.,0.,0.));
#1629 = ORIENTED_EDGE('',*,*,#1630,.T.);
#1630 = EDGE_CURVE('',#1622,#1631,#1633,.T.);
#1631 = VERTEX_POINT('',#1632);
#1632 = CARTESIAN_POINT('',(-25.55,-26.05,0.));
#1633 = LINE('',#1634,#1635);
#1634 = CARTESIAN_POINT('',(-12.55,-26.05,0.));
#1635 = VECTOR('',#1636,1.);
#1636 = DIRECTION('',(-1.,0.,0.));
#1637 = ORIENTED_EDGE('',*,*,#1638,.F.);
#1638 = EDGE_CURVE('',#1578,#1631,#1639,.T.);
#1639 = CIRCLE('',#1640,0.5);
#1640 = AXIS2_PLACEMENT_3D('',#1641,#1642,#1643);
#1641 = CARTESIAN_POINT('',(-25.55,-25.55,0.));
#1642 = DIRECTION('',(0.,0.,1.));
#1643 = DIRECTION('',(1.,0.,0.));
#1644 = FACE_BOUND('',#1645,.F.);
#1645 = EDGE_LOOP('',(#1646,#1656,#1665,#1673,#1682,#1690,#1699,#1707));
#1646 = ORIENTED_EDGE('',*,*,#1647,.T.);
#1647 = EDGE_CURVE('',#1648,#1650,#1652,.T.);
#1648 = VERTEX_POINT('',#1649);
#1649 = CARTESIAN_POINT('',(-7.,-25.55,0.));
#1650 = VERTEX_POINT('',#1651);
#1651 = CARTESIAN_POINT('',(-7.,-12.55,0.));
#1652 = LINE('',#1653,#1654);
#1653 = CARTESIAN_POINT('',(-7.,-25.55,0.));
#1654 = VECTOR('',#1655,1.);
#1655 = DIRECTION('',(0.,1.,0.));
#1656 = ORIENTED_EDGE('',*,*,#1657,.F.);
#1657 = EDGE_CURVE('',#1658,#1650,#1660,.T.);
#1658 = VERTEX_POINT('',#1659);
#1659 = CARTESIAN_POINT('',(-6.5,-12.05,0.));
#1660 = CIRCLE('',#1661,0.5);
#1661 = AXIS2_PLACEMENT_3D('',#1662,#1663,#1664);
#1662 = CARTESIAN_POINT('',(-6.5,-12.55,0.));
#1663 = DIRECTION('',(0.,0.,1.));
#1664 = DIRECTION('',(1.,0.,0.));
#1665 = ORIENTED_EDGE('',*,*,#1666,.T.);
#1666 = EDGE_CURVE('',#1658,#1667,#1669,.T.);
#1667 = VERTEX_POINT('',#1668);
#1668 = CARTESIAN_POINT('',(6.5,-12.05,0.));
#1669 = LINE('',#1670,#1671);
#1670 = CARTESIAN_POINT('',(-6.5,-12.05,0.));
#1671 = VECTOR('',#1672,1.);
#1672 = DIRECTION('',(1.,0.,0.));
#1673 = ORIENTED_EDGE('',*,*,#1674,.F.);
#1674 = EDGE_CURVE('',#1675,#1667,#1677,.T.);
#1675 = VERTEX_POINT('',#1676);
#1676 = CARTESIAN_POINT('',(7.,-12.55,0.));
#1677 = CIRCLE('',#1678,0.5);
#1678 = AXIS2_PLACEMENT_3D('',#1679,#1680,#1681);
#1679 = CARTESIAN_POINT('',(6.5,-12.55,0.));
#1680 = DIRECTION('',(0.,0.,1.));
#1681 = DIRECTION('',(1.,0.,0.));
#1682 = ORIENTED_EDGE('',*,*,#1683,.T.);
#1683 = EDGE_CURVE('',#1675,#1684,#1686,.T.);
#1684 = VERTEX_POINT('',#1685);
#1685 = CARTESIAN_POINT('',(7.,-25.55,0.));
#1686 = LINE('',#1687,#1688);
#1687 = CARTESIAN_POINT('',(7.,-12.55,0.));
#1688 = VECTOR('',#1689,1.);
#1689 = DIRECTION('',(0.,-1.,0.));
#1690 = ORIENTED_EDGE('',*,*,#1691,.F.);
#1691 = EDGE_CURVE('',#1692,#1684,#1694,.T.);
#1692 = VERTEX_POINT('',#1693);
#1693 = CARTESIAN_POINT('',(6.5,-26.05,0.));
#1694 = CIRCLE('',#1695,0.5);
#1695 = AXIS2_PLACEMENT_3D('',#1696,#1697,#1698);
#1696 = CARTESIAN_POINT('',(6.5,-25.55,0.));
#1697 = DIRECTION('',(0.,0.,1.));
#1698 = DIRECTION('',(1.,0.,0.));
#1699 = ORIENTED_EDGE('',*,*,#1700,.T.);
#1700 = EDGE_CURVE('',#1692,#1701,#1703,.T.);
#1701 = VERTEX_POINT('',#1702);
#1702 = CARTESIAN_POINT('',(-6.5,-26.05,0.));
#1703 = LINE('',#1704,#1705);
#1704 = CARTESIAN_POINT('',(6.5,-26.05,0.));
#1705 = VECTOR('',#1706,1.);
#1706 = DIRECTION('',(-1.,0.,0.));
#1707 = ORIENTED_EDGE('',*,*,#1708,.F.);
#1708 = EDGE_CURVE('',#1648,#1701,#1709,.T.);
#1709 = CIRCLE('',#1710,0.5);
#1710 = AXIS2_PLACEMENT_3D('',#1711,#1712,#1713);
#1711 = CARTESIAN_POINT('',(-6.5,-25.55,0.));
#1712 = DIRECTION('',(0.,0.,1.));
#1713 = DIRECTION('',(1.,0.,0.));
#1714 = FACE_BOUND('',#1715,.F.);
#1715 = EDGE_LOOP('',(#1716,#1726,#1735,#1743,#1752,#1760,#1769,#1777));
#1716 = ORIENTED_EDGE('',*,*,#1717,.T.);
#1717 = EDGE_CURVE('',#1718,#1720,#1722,.T.);
#1718 = VERTEX_POINT('',#1719);
#1719 = CARTESIAN_POINT('',(-12.05,6.5,0.));
#1720 = VERTEX_POINT('',#1721);
#1721 = CARTESIAN_POINT('',(-12.05,-6.5,0.));
#1722 = LINE('',#1723,#1724);
#1723 = CARTESIAN_POINT('',(-12.05,6.5,0.));
#1724 = VECTOR('',#1725,1.);
#1725 = DIRECTION('',(0.,-1.,0.));
#1726 = ORIENTED_EDGE('',*,*,#1727,.F.);
#1727 = EDGE_CURVE('',#1728,#1720,#1730,.T.);
#1728 = VERTEX_POINT('',#1729);
#1729 = CARTESIAN_POINT('',(-12.55,-7.,0.));
#1730 = CIRCLE('',#1731,0.5);
#1731 = AXIS2_PLACEMENT_3D('',#1732,#1733,#1734);
#1732 = CARTESIAN_POINT('',(-12.55,-6.5,0.));
#1733 = DIRECTION('',(0.,0.,1.));
#1734 = DIRECTION('',(1.,0.,0.));
#1735 = ORIENTED_EDGE('',*,*,#1736,.T.);
#1736 = EDGE_CURVE('',#1728,#1737,#1739,.T.);
#1737 = VERTEX_POINT('',#1738);
#1738 = CARTESIAN_POINT('',(-25.55,-7.,0.));
#1739 = LINE('',#1740,#1741);
#1740 = CARTESIAN_POINT('',(-12.55,-7.,0.));
#1741 = VECTOR('',#1742,1.);
#1742 = DIRECTION('',(-1.,0.,0.));
#1743 = ORIENTED_EDGE('',*,*,#1744,.F.);
#1744 = EDGE_CURVE('',#1745,#1737,#1747,.T.);
#1745 = VERTEX_POINT('',#1746);
#1746 = CARTESIAN_POINT('',(-26.05,-6.5,0.));
#1747 = CIRCLE('',#1748,0.5);
#1748 = AXIS2_PLACEMENT_3D('',#1749,#1750,#1751);
#1749 = CARTESIAN_POINT('',(-25.55,-6.5,0.));
#1750 = DIRECTION('',(0.,0.,1.));
#1751 = DIRECTION('',(1.,0.,0.));
#1752 = ORIENTED_EDGE('',*,*,#1753,.T.);
#1753 = EDGE_CURVE('',#1745,#1754,#1756,.T.);
#1754 = VERTEX_POINT('',#1755);
#1755 = CARTESIAN_POINT('',(-26.05,6.5,0.));
#1756 = LINE('',#1757,#1758);
#1757 = CARTESIAN_POINT('',(-26.05,-6.5,0.));
#1758 = VECTOR('',#1759,1.);
#1759 = DIRECTION('',(0.,1.,0.));
#1760 = ORIENTED_EDGE('',*,*,#1761,.F.);
#1761 = EDGE_CURVE('',#1762,#1754,#1764,.T.);
#1762 = VERTEX_POINT('',#1763);
#1763 = CARTESIAN_POINT('',(-25.55,7.,0.));
#1764 = CIRCLE('',#1765,0.5);
#1765 = AXIS2_PLACEMENT_3D('',#1766,#1767,#1768);
#1766 = CARTESIAN_POINT('',(-25.55,6.5,0.));
#1767 = DIRECTION('',(0.,0.,1.));
#1768 = DIRECTION('',(1.,0.,0.));
#1769 = ORIENTED_EDGE('',*,*,#1770,.T.);
#1770 = EDGE_CURVE('',#1762,#1771,#1773,.T.);
#1771 = VERTEX_POINT('',#1772);
#1772 = CARTESIAN_POINT('',(-12.55,7.,0.));
#1773 = LINE('',#1774,#1775);
#1774 = CARTESIAN_POINT('',(-25.55,7.,0.));
#1775 = VECTOR('',#1776,1.);
#1776 = DIRECTION('',(1.,0.,0.));
#1777 = ORIENTED_EDGE('',*,*,#1778,.F.);
#1778 = EDGE_CURVE('',#1718,#1771,#1779,.T.);
#1779 = CIRCLE('',#1780,0.5);
#1780 = AXIS2_PLACEMENT_3D('',#1781,#1782,#1783);
#1781 = CARTESIAN_POINT('',(-12.55,6.5,0.));
#1782 = DIRECTION('',(0.,0.,1.));
#1783 = DIRECTION('',(1.,0.,0.));
#1784 = FACE_BOUND('',#1785,.F.);
#1785 = EDGE_LOOP('',(#1786,#1796,#1805,#1813,#1822,#1830,#1839,#1847));
#1786 = ORIENTED_EDGE('',*,*,#1787,.F.);
#1787 = EDGE_CURVE('',#1788,#1790,#1792,.T.);
#1788 = VERTEX_POINT('',#1789);
#1789 = CARTESIAN_POINT('',(-6.5,-7.,0.));
#1790 = VERTEX_POINT('',#1791);
#1791 = CARTESIAN_POINT('',(6.5,-7.,0.));
#1792 = LINE('',#1793,#1794);
#1793 = CARTESIAN_POINT('',(-6.5,-7.,0.));
#1794 = VECTOR('',#1795,1.);
#1795 = DIRECTION('',(1.,0.,0.));
#1796 = ORIENTED_EDGE('',*,*,#1797,.F.);
#1797 = EDGE_CURVE('',#1798,#1788,#1800,.T.);
#1798 = VERTEX_POINT('',#1799);
#1799 = CARTESIAN_POINT('',(-7.,-6.5,0.));
#1800 = CIRCLE('',#1801,0.5);
#1801 = AXIS2_PLACEMENT_3D('',#1802,#1803,#1804);
#1802 = CARTESIAN_POINT('',(-6.5,-6.5,0.));
#1803 = DIRECTION('',(0.,0.,1.));
#1804 = DIRECTION('',(1.,0.,0.));
#1805 = ORIENTED_EDGE('',*,*,#1806,.F.);
#1806 = EDGE_CURVE('',#1807,#1798,#1809,.T.);
#1807 = VERTEX_POINT('',#1808);
#1808 = CARTESIAN_POINT('',(-7.,6.5,0.));
#1809 = LINE('',#1810,#1811);
#1810 = CARTESIAN_POINT('',(-7.,6.5,0.));
#1811 = VECTOR('',#1812,1.);
#1812 = DIRECTION('',(0.,-1.,0.));
#1813 = ORIENTED_EDGE('',*,*,#1814,.F.);
#1814 = EDGE_CURVE('',#1815,#1807,#1817,.T.);
#1815 = VERTEX_POINT('',#1816);
#1816 = CARTESIAN_POINT('',(-6.5,7.,0.));
#1817 = CIRCLE('',#1818,0.5);
#1818 = AXIS2_PLACEMENT_3D('',#1819,#1820,#1821);
#1819 = CARTESIAN_POINT('',(-6.5,6.5,0.));
#1820 = DIRECTION('',(0.,0.,1.));
#1821 = DIRECTION('',(1.,0.,0.));
#1822 = ORIENTED_EDGE('',*,*,#1823,.F.);
#1823 = EDGE_CURVE('',#1824,#1815,#1826,.T.);
#1824 = VERTEX_POINT('',#1825);
#1825 = CARTESIAN_POINT('',(6.5,7.,0.));
#1826 = LINE('',#1827,#1828);
#1827 = CARTESIAN_POINT('',(6.5,7.,0.));
#1828 = VECTOR('',#1829,1.);
#1829 = DIRECTION('',(-1.,0.,0.));
#1830 = ORIENTED_EDGE('',*,*,#1831,.F.);
#1831 = EDGE_CURVE('',#1832,#1824,#1834,.T.);
#1832 = VERTEX_POINT('',#1833);
#1833 = CARTESIAN_POINT('',(7.,6.5,0.));
#1834 = CIRCLE('',#1835,0.5);
#1835 = AXIS2_PLACEMENT_3D('',#1836,#1837,#1838);
#1836 = CARTESIAN_POINT('',(6.5,6.5,0.));
#1837 = DIRECTION('',(0.,0.,1.));
#1838 = DIRECTION('',(1.,0.,0.));
#1839 = ORIENTED_EDGE('',*,*,#1840,.F.);
#1840 = EDGE_CURVE('',#1841,#1832,#1843,.T.);
#1841 = VERTEX_POINT('',#1842);
#1842 = CARTESIAN_POINT('',(7.,-6.5,0.));
#1843 = LINE('',#1844,#1845);
#1844 = CARTESIAN_POINT('',(7.,-6.5,0.));
#1845 = VECTOR('',#1846,1.);
#1846 = DIRECTION('',(0.,1.,0.));
#1847 = ORIENTED_EDGE('',*,*,#1848,.F.);
#1848 = EDGE_CURVE('',#1790,#1841,#1849,.T.);
#1849 = CIRCLE('',#1850,0.5);
#1850 = AXIS2_PLACEMENT_3D('',#1851,#1852,#1853);
#1851 = CARTESIAN_POINT('',(6.5,-6.5,0.));
#1852 = DIRECTION('',(0.,0.,1.));
#1853 = DIRECTION('',(1.,0.,0.));
#1854 = FACE_BOUND('',#1855,.F.);
#1855 = EDGE_LOOP('',(#1856));
#1856 = ORIENTED_EDGE('',*,*,#1857,.F.);
#1857 = EDGE_CURVE('',#1858,#1858,#1860,.T.);
#1858 = VERTEX_POINT('',#1859);
#1859 = CARTESIAN_POINT('',(46.75,-45.,0.));
#1860 = CIRCLE('',#1861,1.75);
#1861 = AXIS2_PLACEMENT_3D('',#1862,#1863,#1864);
#1862 = CARTESIAN_POINT('',(45.,-45.,0.));
#1863 = DIRECTION('',(0.,0.,1.));
#1864 = DIRECTION('',(1.,0.,0.));
#1865 = FACE_BOUND('',#1866,.F.);
#1866 = EDGE_LOOP('',(#1867,#1877,#1886,#1894,#1903,#1911,#1920,#1928));
#1867 = ORIENTED_EDGE('',*,*,#1868,.F.);
#1868 = EDGE_CURVE('',#1869,#1871,#1873,.T.);
#1869 = VERTEX_POINT('',#1870);
#1870 = CARTESIAN_POINT('',(25.55,-12.05,0.));
#1871 = VERTEX_POINT('',#1872);
#1872 = CARTESIAN_POINT('',(12.55,-12.05,0.));
#1873 = LINE('',#1874,#1875);
#1874 = CARTESIAN_POINT('',(25.55,-12.05,0.));
#1875 = VECTOR('',#1876,1.);
#1876 = DIRECTION('',(-1.,0.,0.));
#1877 = ORIENTED_EDGE('',*,*,#1878,.F.);
#1878 = EDGE_CURVE('',#1879,#1869,#1881,.T.);
#1879 = VERTEX_POINT('',#1880);
#1880 = CARTESIAN_POINT('',(26.05,-12.55,0.));
#1881 = CIRCLE('',#1882,0.5);
#1882 = AXIS2_PLACEMENT_3D('',#1883,#1884,#1885);
#1883 = CARTESIAN_POINT('',(25.55,-12.55,0.));
#1884 = DIRECTION('',(0.,0.,1.));
#1885 = DIRECTION('',(1.,0.,0.));
#1886 = ORIENTED_EDGE('',*,*,#1887,.F.);
#1887 = EDGE_CURVE('',#1888,#1879,#1890,.T.);
#1888 = VERTEX_POINT('',#1889);
#1889 = CARTESIAN_POINT('',(26.05,-25.55,0.));
#1890 = LINE('',#1891,#1892);
#1891 = CARTESIAN_POINT('',(26.05,-25.55,0.));
#1892 = VECTOR('',#1893,1.);
#1893 = DIRECTION('',(0.,1.,0.));
#1894 = ORIENTED_EDGE('',*,*,#1895,.F.);
#1895 = EDGE_CURVE('',#1896,#1888,#1898,.T.);
#1896 = VERTEX_POINT('',#1897);
#1897 = CARTESIAN_POINT('',(25.55,-26.05,0.));
#1898 = CIRCLE('',#1899,0.5);
#1899 = AXIS2_PLACEMENT_3D('',#1900,#1901,#1902);
#1900 = CARTESIAN_POINT('',(25.55,-25.55,0.));
#1901 = DIRECTION('',(0.,0.,1.));
#1902 = DIRECTION('',(1.,0.,0.));
#1903 = ORIENTED_EDGE('',*,*,#1904,.F.);
#1904 = EDGE_CURVE('',#1905,#1896,#1907,.T.);
#1905 = VERTEX_POINT('',#1906);
#1906 = CARTESIAN_POINT('',(12.55,-26.05,0.));
#1907 = LINE('',#1908,#1909);
#1908 = CARTESIAN_POINT('',(12.55,-26.05,0.));
#1909 = VECTOR('',#1910,1.);
#1910 = DIRECTION('',(1.,0.,0.));
#1911 = ORIENTED_EDGE('',*,*,#1912,.F.);
#1912 = EDGE_CURVE('',#1913,#1905,#1915,.T.);
#1913 = VERTEX_POINT('',#1914);
#1914 = CARTESIAN_POINT('',(12.05,-25.55,0.));
#1915 = CIRCLE('',#1916,0.5);
#1916 = AXIS2_PLACEMENT_3D('',#1917,#1918,#1919);
#1917 = CARTESIAN_POINT('',(12.55,-25.55,0.));
#1918 = DIRECTION('',(0.,0.,1.));
#1919 = DIRECTION('',(1.,0.,0.));
#1920 = ORIENTED_EDGE('',*,*,#1921,.F.);
#1921 = EDGE_CURVE('',#1922,#1913,#1924,.T.);
#1922 = VERTEX_POINT('',#1923);
#1923 = CARTESIAN_POINT('',(12.05,-12.55,0.));
#1924 = LINE('',#1925,#1926);
#1925 = CARTESIAN_POINT('',(12.05,-12.55,0.));
#1926 = VECTOR('',#1927,1.);
#1927 = DIRECTION('',(0.,-1.,0.));
#1928 = ORIENTED_EDGE('',*,*,#1929,.F.);
#1929 = EDGE_CURVE('',#1871,#1922,#1930,.T.);
#1930 = CIRCLE('',#1931,0.5);
#1931 = AXIS2_PLACEMENT_3D('',#1932,#1933,#1934);
#1932 = CARTESIAN_POINT('',(12.55,-12.55,0.));
#1933 = DIRECTION('',(0.,0.,1.));
#1934 = DIRECTION('',(1.,0.,0.));
#1935 = FACE_BOUND('',#1936,.F.);
#1936 = EDGE_LOOP('',(#1937,#1947,#1956,#1964,#1973,#1981,#1990,#1998));
#1937 = ORIENTED_EDGE('',*,*,#1938,.F.);
#1938 = EDGE_CURVE('',#1939,#1941,#1943,.T.);
#1939 = VERTEX_POINT('',#1940);
#1940 = CARTESIAN_POINT('',(12.55,-7.,0.));
#1941 = VERTEX_POINT('',#1942);
#1942 = CARTESIAN_POINT('',(25.55,-7.,0.));
#1943 = LINE('',#1944,#1945);
#1944 = CARTESIAN_POINT('',(12.55,-7.,0.));
#1945 = VECTOR('',#1946,1.);
#1946 = DIRECTION('',(1.,0.,0.));
#1947 = ORIENTED_EDGE('',*,*,#1948,.F.);
#1948 = EDGE_CURVE('',#1949,#1939,#1951,.T.);
#1949 = VERTEX_POINT('',#1950);
#1950 = CARTESIAN_POINT('',(12.05,-6.5,0.));
#1951 = CIRCLE('',#1952,0.5);
#1952 = AXIS2_PLACEMENT_3D('',#1953,#1954,#1955);
#1953 = CARTESIAN_POINT('',(12.55,-6.5,0.));
#1954 = DIRECTION('',(0.,0.,1.));
#1955 = DIRECTION('',(1.,0.,0.));
#1956 = ORIENTED_EDGE('',*,*,#1957,.F.);
#1957 = EDGE_CURVE('',#1958,#1949,#1960,.T.);
#1958 = VERTEX_POINT('',#1959);
#1959 = CARTESIAN_POINT('',(12.05,6.5,0.));
#1960 = LINE('',#1961,#1962);
#1961 = CARTESIAN_POINT('',(12.05,6.5,0.));
#1962 = VECTOR('',#1963,1.);
#1963 = DIRECTION('',(0.,-1.,0.));
#1964 = ORIENTED_EDGE('',*,*,#1965,.F.);
#1965 = EDGE_CURVE('',#1966,#1958,#1968,.T.);
#1966 = VERTEX_POINT('',#1967);
#1967 = CARTESIAN_POINT('',(12.55,7.,0.));
#1968 = CIRCLE('',#1969,0.5);
#1969 = AXIS2_PLACEMENT_3D('',#1970,#1971,#1972);
#1970 = CARTESIAN_POINT('',(12.55,6.5,0.));
#1971 = DIRECTION('',(0.,0.,1.));
#1972 = DIRECTION('',(1.,0.,0.));
#1973 = ORIENTED_EDGE('',*,*,#1974,.F.);
#1974 = EDGE_CURVE('',#1975,#1966,#1977,.T.);
#1975 = VERTEX_POINT('',#1976);
#1976 = CARTESIAN_POINT('',(25.55,7.,0.));
#1977 = LINE('',#1978,#1979);
#1978 = CARTESIAN_POINT('',(25.55,7.,0.));
#1979 = VECTOR('',#1980,1.);
#1980 = DIRECTION('',(-1.,0.,0.));
#1981 = ORIENTED_EDGE('',*,*,#1982,.F.);
#1982 = EDGE_CURVE('',#1983,#1975,#1985,.T.);
#1983 = VERTEX_POINT('',#1984);
#1984 = CARTESIAN_POINT('',(26.05,6.5,0.));
#1985 = CIRCLE('',#1986,0.5);
#1986 = AXIS2_PLACEMENT_3D('',#1987,#1988,#1989);
#1987 = CARTESIAN_POINT('',(25.55,6.5,0.));
#1988 = DIRECTION('',(0.,0.,1.));
#1989 = DIRECTION('',(1.,0.,0.));
#1990 = ORIENTED_EDGE('',*,*,#1991,.F.);
#1991 = EDGE_CURVE('',#1992,#1983,#1994,.T.);
#1992 = VERTEX_POINT('',#1993);
#1993 = CARTESIAN_POINT('',(26.05,-6.5,0.));
#1994 = LINE('',#1995,#1996);
#1995 = CARTESIAN_POINT('',(26.05,-6.5,0.));
#1996 = VECTOR('',#1997,1.);
#1997 = DIRECTION('',(0.,1.,0.));
#1998 = ORIENTED_EDGE('',*,*,#1999,.F.);
#1999 = EDGE_CURVE('',#1941,#1992,#2000,.T.);
#2000 = CIRCLE('',#2001,0.5);
#2001 = AXIS2_PLACEMENT_3D('',#2002,#2003,#2004);
#2002 = CARTESIAN_POINT('',(25.55,-6.5,0.));
#2003 = DIRECTION('',(0.,0.,1.));
#2004 = DIRECTION('',(1.,0.,0.));
#2005 = FACE_BOUND('',#2006,.F.);
#2006 = EDGE_LOOP('',(#2007,#2017,#2026,#2034,#2043,#2051,#2060,#2068));
#2007 = ORIENTED_EDGE('',*,*,#2008,.F.);
#2008 = EDGE_CURVE('',#2009,#2011,#2013,.T.);
#2009 = VERTEX_POINT('',#2010);
#2010 = CARTESIAN_POINT('',(-25.55,12.05,0.));
#2011 = VERTEX_POINT('',#2012);
#2012 = CARTESIAN_POINT('',(-12.55,12.05,0.));
#2013 = LINE('',#2014,#2015);
#2014 = CARTESIAN_POINT('',(-25.55,12.05,0.));
#2015 = VECTOR('',#2016,1.);
#2016 = DIRECTION('',(1.,0.,0.));
#2017 = ORIENTED_EDGE('',*,*,#2018,.F.);
#2018 = EDGE_CURVE('',#2019,#2009,#2021,.T.);
#2019 = VERTEX_POINT('',#2020);
#2020 = CARTESIAN_POINT('',(-26.05,12.55,0.));
#2021 = CIRCLE('',#2022,0.5);
#2022 = AXIS2_PLACEMENT_3D('',#2023,#2024,#2025);
#2023 = CARTESIAN_POINT('',(-25.55,12.55,0.));
#2024 = DIRECTION('',(0.,0.,1.));
#2025 = DIRECTION('',(1.,0.,0.));
#2026 = ORIENTED_EDGE('',*,*,#2027,.F.);
#2027 = EDGE_CURVE('',#2028,#2019,#2030,.T.);
#2028 = VERTEX_POINT('',#2029);
#2029 = CARTESIAN_POINT('',(-26.05,25.55,0.));
#2030 = LINE('',#2031,#2032);
#2031 = CARTESIAN_POINT('',(-26.05,25.55,0.));
#2032 = VECTOR('',#2033,1.);
#2033 = DIRECTION('',(0.,-1.,0.));
#2034 = ORIENTED_EDGE('',*,*,#2035,.F.);
#2035 = EDGE_CURVE('',#2036,#2028,#2038,.T.);
#2036 = VERTEX_POINT('',#2037);
#2037 = CARTESIAN_POINT('',(-25.55,26.05,0.));
#2038 = CIRCLE('',#2039,0.5);
#2039 = AXIS2_PLACEMENT_3D('',#2040,#2041,#2042);
#2040 = CARTESIAN_POINT('',(-25.55,25.55,0.));
#2041 = DIRECTION('',(0.,0.,1.));
#2042 = DIRECTION('',(1.,0.,0.));
#2043 = ORIENTED_EDGE('',*,*,#2044,.F.);
#2044 = EDGE_CURVE('',#2045,#2036,#2047,.T.);
#2045 = VERTEX_POINT('',#2046);
#2046 = CARTESIAN_POINT('',(-12.55,26.05,0.));
#2047 = LINE('',#2048,#2049);
#2048 = CARTESIAN_POINT('',(-12.55,26.05,0.));
#2049 = VECTOR('',#2050,1.);
#2050 = DIRECTION('',(-1.,0.,0.));
#2051 = ORIENTED_EDGE('',*,*,#2052,.F.);
#2052 = EDGE_CURVE('',#2053,#2045,#2055,.T.);
#2053 = VERTEX_POINT('',#2054);
#2054 = CARTESIAN_POINT('',(-12.05,25.55,0.));
#2055 = CIRCLE('',#2056,0.5);
#2056 = AXIS2_PLACEMENT_3D('',#2057,#2058,#2059);
#2057 = CARTESIAN_POINT('',(-12.55,25.55,0.));
#2058 = DIRECTION('',(0.,0.,1.));
#2059 = DIRECTION('',(1.,0.,0.));
#2060 = ORIENTED_EDGE('',*,*,#2061,.F.);
#2061 = EDGE_CURVE('',#2062,#2053,#2064,.T.);
#2062 = VERTEX_POINT('',#2063);
#2063 = CARTESIAN_POINT('',(-12.05,12.55,0.));
#2064 = LINE('',#2065,#2066);
#2065 = CARTESIAN_POINT('',(-12.05,12.55,0.));
#2066 = VECTOR('',#2067,1.);
#2067 = DIRECTION('',(0.,1.,0.));
#2068 = ORIENTED_EDGE('',*,*,#2069,.F.);
#2069 = EDGE_CURVE('',#2011,#2062,#2070,.T.);
#2070 = CIRCLE('',#2071,0.5);
#2071 = AXIS2_PLACEMENT_3D('',#2072,#2073,#2074);
#2072 = CARTESIAN_POINT('',(-12.55,12.55,0.));
#2073 = DIRECTION('',(0.,0.,1.));
#2074 = DIRECTION('',(1.,0.,0.));
#2075 = FACE_BOUND('',#2076,.F.);
#2076 = EDGE_LOOP('',(#2077,#2087,#2096,#2104,#2113,#2121,#2130,#2138));
#2077 = ORIENTED_EDGE('',*,*,#2078,.F.);
#2078 = EDGE_CURVE('',#2079,#2081,#2083,.T.);
#2079 = VERTEX_POINT('',#2080);
#2080 = CARTESIAN_POINT('',(-6.5,12.05,0.));
#2081 = VERTEX_POINT('',#2082);
#2082 = CARTESIAN_POINT('',(6.5,12.05,0.));
#2083 = LINE('',#2084,#2085);
#2084 = CARTESIAN_POINT('',(-6.5,12.05,0.));
#2085 = VECTOR('',#2086,1.);
#2086 = DIRECTION('',(1.,0.,0.));
#2087 = ORIENTED_EDGE('',*,*,#2088,.F.);
#2088 = EDGE_CURVE('',#2089,#2079,#2091,.T.);
#2089 = VERTEX_POINT('',#2090);
#2090 = CARTESIAN_POINT('',(-7.,12.55,0.));
#2091 = CIRCLE('',#2092,0.5);
#2092 = AXIS2_PLACEMENT_3D('',#2093,#2094,#2095);
#2093 = CARTESIAN_POINT('',(-6.5,12.55,0.));
#2094 = DIRECTION('',(0.,0.,1.));
#2095 = DIRECTION('',(1.,0.,0.));
#2096 = ORIENTED_EDGE('',*,*,#2097,.F.);
#2097 = EDGE_CURVE('',#2098,#2089,#2100,.T.);
#2098 = VERTEX_POINT('',#2099);
#2099 = CARTESIAN_POINT('',(-7.,25.55,0.));
#2100 = LINE('',#2101,#2102);
#2101 = CARTESIAN_POINT('',(-7.,25.55,0.));
#2102 = VECTOR('',#2103,1.);
#2103 = DIRECTION('',(0.,-1.,0.));
#2104 = ORIENTED_EDGE('',*,*,#2105,.F.);
#2105 = EDGE_CURVE('',#2106,#2098,#2108,.T.);
#2106 = VERTEX_POINT('',#2107);
#2107 = CARTESIAN_POINT('',(-6.5,26.05,0.));
#2108 = CIRCLE('',#2109,0.5);
#2109 = AXIS2_PLACEMENT_3D('',#2110,#2111,#2112);
#2110 = CARTESIAN_POINT('',(-6.5,25.55,0.));
#2111 = DIRECTION('',(0.,0.,1.));
#2112 = DIRECTION('',(1.,0.,0.));
#2113 = ORIENTED_EDGE('',*,*,#2114,.F.);
#2114 = EDGE_CURVE('',#2115,#2106,#2117,.T.);
#2115 = VERTEX_POINT('',#2116);
#2116 = CARTESIAN_POINT('',(6.5,26.05,0.));
#2117 = LINE('',#2118,#2119);
#2118 = CARTESIAN_POINT('',(6.5,26.05,0.));
#2119 = VECTOR('',#2120,1.);
#2120 = DIRECTION('',(-1.,0.,0.));
#2121 = ORIENTED_EDGE('',*,*,#2122,.F.);
#2122 = EDGE_CURVE('',#2123,#2115,#2125,.T.);
#2123 = VERTEX_POINT('',#2124);
#2124 = CARTESIAN_POINT('',(7.,25.55,0.));
#2125 = CIRCLE('',#2126,0.5);
#2126 = AXIS2_PLACEMENT_3D('',#2127,#2128,#2129);
#2127 = CARTESIAN_POINT('',(6.5,25.55,0.));
#2128 = DIRECTION('',(0.,0.,1.));
#2129 = DIRECTION('',(1.,0.,0.));
#2130 = ORIENTED_EDGE('',*,*,#2131,.F.);
#2131 = EDGE_CURVE('',#2132,#2123,#2134,.T.);
#2132 = VERTEX_POINT('',#2133);
#2133 = CARTESIAN_POINT('',(7.,12.55,0.));
#2134 = LINE('',#2135,#2136);
#2135 = CARTESIAN_POINT('',(7.,12.55,0.));
#2136 = VECTOR('',#2137,1.);
#2137 = DIRECTION('',(0.,1.,0.));
#2138 = ORIENTED_EDGE('',*,*,#2139,.F.);
#2139 = EDGE_CURVE('',#2081,#2132,#2140,.T.);
#2140 = CIRCLE('',#2141,0.5);
#2141 = AXIS2_PLACEMENT_3D('',#2142,#2143,#2144);
#2142 = CARTESIAN_POINT('',(6.5,12.55,0.));
#2143 = DIRECTION('',(0.,0.,1.));
#2144 = DIRECTION('',(1.,0.,0.));
#2145 = FACE_BOUND('',#2146,.F.);
#2146 = EDGE_LOOP('',(#2147));
#2147 = ORIENTED_EDGE('',*,*,#2148,.F.);
#2148 = EDGE_CURVE('',#2149,#2149,#2151,.T.);
#2149 = VERTEX_POINT('',#2150);
#2150 = CARTESIAN_POINT('',(-43.25,45.,0.));
#2151 = CIRCLE('',#2152,1.75);
#2152 = AXIS2_PLACEMENT_3D('',#2153,#2154,#2155);
#2153 = CARTESIAN_POINT('',(-45.,45.,0.));
#2154 = DIRECTION('',(0.,0.,1.));
#2155 = DIRECTION('',(1.,0.,0.));
#2156 = FACE_BOUND('',#2157,.F.);
#2157 = EDGE_LOOP('',(#2158,#2168,#2176,#2184));
#2158 = ORIENTED_EDGE('',*,*,#2159,.F.);
#2159 = EDGE_CURVE('',#2160,#2162,#2164,.T.);
#2160 = VERTEX_POINT('',#2161);
#2161 = CARTESIAN_POINT('',(-32.48,36.32,0.));
#2162 = VERTEX_POINT('',#2163);
#2163 = CARTESIAN_POINT('',(-6.1,36.32,0.));
#2164 = LINE('',#2165,#2166);
#2165 = CARTESIAN_POINT('',(-3.05,36.32,0.));
#2166 = VECTOR('',#2167,1.);
#2167 = DIRECTION('',(1.,-1.2E-16,0.));
#2168 = ORIENTED_EDGE('',*,*,#2169,.F.);
#2169 = EDGE_CURVE('',#2170,#2160,#2172,.T.);
#2170 = VERTEX_POINT('',#2171);
#2171 = CARTESIAN_POINT('',(-32.48,45.9,0.));
#2172 = LINE('',#2173,#2174);
#2173 = CARTESIAN_POINT('',(-32.48,18.16,0.));
#2174 = VECTOR('',#2175,1.);
#2175 = DIRECTION('',(-1.2E-16,-1.,0.));
#2176 = ORIENTED_EDGE('',*,*,#2177,.F.);
#2177 = EDGE_CURVE('',#2178,#2170,#2180,.T.);
#2178 = VERTEX_POINT('',#2179);
#2179 = CARTESIAN_POINT('',(-6.1,45.9,0.));
#2180 = LINE('',#2181,#2182);
#2181 = CARTESIAN_POINT('',(-16.24,45.9,0.));
#2182 = VECTOR('',#2183,1.);
#2183 = DIRECTION('',(-1.,1.2E-16,0.));
#2184 = ORIENTED_EDGE('',*,*,#2185,.F.);
#2185 = EDGE_CURVE('',#2162,#2178,#2186,.T.);
#2186 = LINE('',#2187,#2188);
#2187 = CARTESIAN_POINT('',(-6.1,22.95,0.));
#2188 = VECTOR('',#2189,1.);
#2189 = DIRECTION('',(1.2E-16,1.,-0.));
#2190 = FACE_BOUND('',#2191,.F.);
#2191 = EDGE_LOOP('',(#2192,#2202,#2211,#2219,#2228,#2236,#2245,#2253));
#2192 = ORIENTED_EDGE('',*,*,#2193,.T.);
#2193 = EDGE_CURVE('',#2194,#2196,#2198,.T.);
#2194 = VERTEX_POINT('',#2195);
#2195 = CARTESIAN_POINT('',(26.05,25.55,0.));
#2196 = VERTEX_POINT('',#2197);
#2197 = CARTESIAN_POINT('',(26.05,12.55,0.));
#2198 = LINE('',#2199,#2200);
#2199 = CARTESIAN_POINT('',(26.05,25.55,0.));
#2200 = VECTOR('',#2201,1.);
#2201 = DIRECTION('',(0.,-1.,0.));
#2202 = ORIENTED_EDGE('',*,*,#2203,.F.);
#2203 = EDGE_CURVE('',#2204,#2196,#2206,.T.);
#2204 = VERTEX_POINT('',#2205);
#2205 = CARTESIAN_POINT('',(25.55,12.05,0.));
#2206 = CIRCLE('',#2207,0.5);
#2207 = AXIS2_PLACEMENT_3D('',#2208,#2209,#2210);
#2208 = CARTESIAN_POINT('',(25.55,12.55,0.));
#2209 = DIRECTION('',(0.,0.,1.));
#2210 = DIRECTION('',(1.,0.,0.));
#2211 = ORIENTED_EDGE('',*,*,#2212,.T.);
#2212 = EDGE_CURVE('',#2204,#2213,#2215,.T.);
#2213 = VERTEX_POINT('',#2214);
#2214 = CARTESIAN_POINT('',(12.55,12.05,0.));
#2215 = LINE('',#2216,#2217);
#2216 = CARTESIAN_POINT('',(25.55,12.05,0.));
#2217 = VECTOR('',#2218,1.);
#2218 = DIRECTION('',(-1.,0.,0.));
#2219 = ORIENTED_EDGE('',*,*,#2220,.F.);
#2220 = EDGE_CURVE('',#2221,#2213,#2223,.T.);
#2221 = VERTEX_POINT('',#2222);
#2222 = CARTESIAN_POINT('',(12.05,12.55,0.));
#2223 = CIRCLE('',#2224,0.5);
#2224 = AXIS2_PLACEMENT_3D('',#2225,#2226,#2227);
#2225 = CARTESIAN_POINT('',(12.55,12.55,0.));
#2226 = DIRECTION('',(0.,0.,1.));
#2227 = DIRECTION('',(1.,0.,0.));
#2228 = ORIENTED_EDGE('',*,*,#2229,.T.);
#2229 = EDGE_CURVE('',#2221,#2230,#2232,.T.);
#2230 = VERTEX_POINT('',#2231);
#2231 = CARTESIAN_POINT('',(12.05,25.55,0.));
#2232 = LINE('',#2233,#2234);
#2233 = CARTESIAN_POINT('',(12.05,12.55,0.));
#2234 = VECTOR('',#2235,1.);
#2235 = DIRECTION('',(0.,1.,0.));
#2236 = ORIENTED_EDGE('',*,*,#2237,.F.);
#2237 = EDGE_CURVE('',#2238,#2230,#2240,.T.);
#2238 = VERTEX_POINT('',#2239);
#2239 = CARTESIAN_POINT('',(12.55,26.05,0.));
#2240 = CIRCLE('',#2241,0.5);
#2241 = AXIS2_PLACEMENT_3D('',#2242,#2243,#2244);
#2242 = CARTESIAN_POINT('',(12.55,25.55,0.));
#2243 = DIRECTION('',(0.,0.,1.));
#2244 = DIRECTION('',(1.,0.,0.));
#2245 = ORIENTED_EDGE('',*,*,#2246,.T.);
#2246 = EDGE_CURVE('',#2238,#2247,#2249,.T.);
#2247 = VERTEX_POINT('',#2248);
#2248 = CARTESIAN_POINT('',(25.55,26.05,0.));
#2249 = LINE('',#2250,#2251);
#2250 = CARTESIAN_POINT('',(12.55,26.05,0.));
#2251 = VECTOR('',#2252,1.);
#2252 = DIRECTION('',(1.,0.,0.));
#2253 = ORIENTED_EDGE('',*,*,#2254,.F.);
#2254 = EDGE_CURVE('',#2194,#2247,#2255,.T.);
#2255 = CIRCLE('',#2256,0.5);
#2256 = AXIS2_PLACEMENT_3D('',#2257,#2258,#2259);
#2257 = CARTESIAN_POINT('',(25.55,25.55,0.));
#2258 = DIRECTION('',(0.,0.,1.));
#2259 = DIRECTION('',(1.,0.,0.));
#2260 = FACE_BOUND('',#2261,.F.);
#2261 = EDGE_LOOP('',(#2262));
#2262 = ORIENTED_EDGE('',*,*,#2263,.T.);
#2263 = EDGE_CURVE('',#2264,#2264,#2266,.T.);
#2264 = VERTEX_POINT('',#2265);
#2265 = CARTESIAN_POINT('',(27.,39.9,0.));
#2266 = CIRCLE('',#2267,3.5);
#2267 = AXIS2_PLACEMENT_3D('',#2268,#2269,#2270);
#2268 = CARTESIAN_POINT('',(30.5,39.9,0.));
#2269 = DIRECTION('',(0.,0.,-1.));
#2270 = DIRECTION('',(-1.,1.2E-16,0.));
#2271 = FACE_BOUND('',#2272,.F.);
#2272 = EDGE_LOOP('',(#2273));
#2273 = ORIENTED_EDGE('',*,*,#2274,.F.);
#2274 = EDGE_CURVE('',#2275,#2275,#2277,.T.);
#2275 = VERTEX_POINT('',#2276);
#2276 = CARTESIAN_POINT('',(46.75,45.,0.));
#2277 = CIRCLE('',#2278,1.75);
#2278 = AXIS2_PLACEMENT_3D('',#2279,#2280,#2281);
#2279 = CARTESIAN_POINT('',(45.,45.,0.));
#2280 = DIRECTION('',(0.,0.,1.));
#2281 = DIRECTION('',(1.,0.,0.));
#2282 = PLANE('',#2283);
#2283 = AXIS2_PLACEMENT_3D('',#2284,#2285,#2286);
#2284 = CARTESIAN_POINT('',(-1.91E-15,1.91E-15,0.));
#2285 = DIRECTION('',(0.,0.,1.));
#2286 = DIRECTION('',(1.,0.,0.));
#2287 = ADVANCED_FACE('',(#2288),#2345,.T.);
#2288 = FACE_BOUND('',#2289,.T.);
#2289 = EDGE_LOOP('',(#2290,#2291,#2299,#2307,#2315,#2323,#2331,#2339));
#2290 = ORIENTED_EDGE('',*,*,#1532,.T.);
#2291 = ORIENTED_EDGE('',*,*,#2292,.T.);
#2292 = EDGE_CURVE('',#1535,#2293,#2295,.T.);
#2293 = VERTEX_POINT('',#2294);
#2294 = CARTESIAN_POINT('',(50.,-50.,6.));
#2295 = LINE('',#2296,#2297);
#2296 = CARTESIAN_POINT('',(50.,-50.,0.));
#2297 = VECTOR('',#2298,1.);
#2298 = DIRECTION('',(0.,0.,1.));
#2299 = ORIENTED_EDGE('',*,*,#2300,.F.);
#2300 = EDGE_CURVE('',#2301,#2293,#2303,.T.);
#2301 = VERTEX_POINT('',#2302);
#2302 = CARTESIAN_POINT('',(40.,-50.,6.));
#2303 = LINE('',#2304,#2305);
#2304 = CARTESIAN_POINT('',(40.,-50.,6.));
#2305 = VECTOR('',#2306,1.);
#2306 = DIRECTION('',(1.,0.,0.));
#2307 = ORIENTED_EDGE('',*,*,#2308,.F.);
#2308 = EDGE_CURVE('',#2309,#2301,#2311,.T.);
#2309 = VERTEX_POINT('',#2310);
#2310 = CARTESIAN_POINT('',(40.,-50.,5.));
#2311 = LINE('',#2312,#2313);
#2312 = CARTESIAN_POINT('',(40.,-50.,3.));
#2313 = VECTOR('',#2314,1.);
#2314 = DIRECTION('',(0.,0.,1.));
#2315 = ORIENTED_EDGE('',*,*,#2316,.F.);
#2316 = EDGE_CURVE('',#2317,#2309,#2319,.T.);
#2317 = VERTEX_POINT('',#2318);
#2318 = CARTESIAN_POINT('',(-40.,-50.,5.));
#2319 = LINE('',#2320,#2321);
#2320 = CARTESIAN_POINT('',(-50.,-50.,5.));
#2321 = VECTOR('',#2322,1.);
#2322 = DIRECTION('',(1.,0.,0.));
#2323 = ORIENTED_EDGE('',*,*,#2324,.T.);
#2324 = EDGE_CURVE('',#2317,#2325,#2327,.T.);
#2325 = VERTEX_POINT('',#2326);
#2326 = CARTESIAN_POINT('',(-40.,-50.,6.));
#2327 = LINE('',#2328,#2329);
#2328 = CARTESIAN_POINT('',(-40.,-50.,3.));
#2329 = VECTOR('',#2330,1.);
#2330 = DIRECTION('',(0.,0.,1.));
#2331 = ORIENTED_EDGE('',*,*,#2332,.F.);
#2332 = EDGE_CURVE('',#2333,#2325,#2335,.T.);
#2333 = VERTEX_POINT('',#2334);
#2334 = CARTESIAN_POINT('',(-50.,-50.,6.));
#2335 = LINE('',#2336,#2337);
#2336 = CARTESIAN_POINT('',(-50.,-50.,6.));
#2337 = VECTOR('',#2338,1.);
#2338 = DIRECTION('',(1.,0.,0.));
#2339 = ORIENTED_EDGE('',*,*,#2340,.F.);
#2340 = EDGE_CURVE('',#1533,#2333,#2341,.T.);
#2341 = LINE('',#2342,#2343);
#2342 = CARTESIAN_POINT('',(-50.,-50.,3.));
#2343 = VECTOR('',#2344,1.);
#2344 = DIRECTION('',(0.,0.,1.));
#2345 = PLANE('',#2346);
#2346 = AXIS2_PLACEMENT_3D('',#2347,#2348,#2349);
#2347 = CARTESIAN_POINT('',(0.,-50.,2.64953271028));
#2348 = DIRECTION('',(-0.,-1.,-0.));
#2349 = DIRECTION('',(0.,0.,-1.));
#2350 = ADVANCED_FACE('',(#2351),#2401,.T.);
#2351 = FACE_BOUND('',#2352,.T.);
#2352 = EDGE_LOOP('',(#2353,#2354,#2355,#2363,#2371,#2379,#2387,#2395));
#2353 = ORIENTED_EDGE('',*,*,#1558,.T.);
#2354 = ORIENTED_EDGE('',*,*,#2340,.T.);
#2355 = ORIENTED_EDGE('',*,*,#2356,.F.);
#2356 = EDGE_CURVE('',#2357,#2333,#2359,.T.);
#2357 = VERTEX_POINT('',#2358);
#2358 = CARTESIAN_POINT('',(-50.,-40.,6.));
#2359 = LINE('',#2360,#2361);
#2360 = CARTESIAN_POINT('',(-50.,-40.,6.));
#2361 = VECTOR('',#2362,1.);
#2362 = DIRECTION('',(0.,-1.,0.));
#2363 = ORIENTED_EDGE('',*,*,#2364,.F.);
#2364 = EDGE_CURVE('',#2365,#2357,#2367,.T.);
#2365 = VERTEX_POINT('',#2366);
#2366 = CARTESIAN_POINT('',(-50.,-40.,5.));
#2367 = LINE('',#2368,#2369);
#2368 = CARTESIAN_POINT('',(-50.,-40.,3.));
#2369 = VECTOR('',#2370,1.);
#2370 = DIRECTION('',(0.,0.,1.));
#2371 = ORIENTED_EDGE('',*,*,#2372,.F.);
#2372 = EDGE_CURVE('',#2373,#2365,#2375,.T.);
#2373 = VERTEX_POINT('',#2374);
#2374 = CARTESIAN_POINT('',(-50.,40.,5.));
#2375 = LINE('',#2376,#2377);
#2376 = CARTESIAN_POINT('',(-50.,50.,5.));
#2377 = VECTOR('',#2378,1.);
#2378 = DIRECTION('',(0.,-1.,0.));
#2379 = ORIENTED_EDGE('',*,*,#2380,.T.);
#2380 = EDGE_CURVE('',#2373,#2381,#2383,.T.);
#2381 = VERTEX_POINT('',#2382);
#2382 = CARTESIAN_POINT('',(-50.,40.,6.));
#2383 = LINE('',#2384,#2385);
#2384 = CARTESIAN_POINT('',(-50.,40.,3.));
#2385 = VECTOR('',#2386,1.);
#2386 = DIRECTION('',(0.,0.,1.));
#2387 = ORIENTED_EDGE('',*,*,#2388,.F.);
#2388 = EDGE_CURVE('',#2389,#2381,#2391,.T.);
#2389 = VERTEX_POINT('',#2390);
#2390 = CARTESIAN_POINT('',(-50.,50.,6.));
#2391 = LINE('',#2392,#2393);
#2392 = CARTESIAN_POINT('',(-50.,50.,6.));
#2393 = VECTOR('',#2394,1.);
#2394 = DIRECTION('',(0.,-1.,0.));
#2395 = ORIENTED_EDGE('',*,*,#2396,.F.);
#2396 = EDGE_CURVE('',#1551,#2389,#2397,.T.);
#2397 = LINE('',#2398,#2399);
#2398 = CARTESIAN_POINT('',(-50.,50.,3.));
#2399 = VECTOR('',#2400,1.);
#2400 = DIRECTION('',(0.,0.,1.));
#2401 = PLANE('',#2402);
#2402 = AXIS2_PLACEMENT_3D('',#2403,#2404,#2405);
#2403 = CARTESIAN_POINT('',(-50.,0.,2.64953271028));
#2404 = DIRECTION('',(-1.,-0.,-0.));
#2405 = DIRECTION('',(0.,0.,-1.));
#2406 = ADVANCED_FACE('',(#2407),#2457,.T.);
#2407 = FACE_BOUND('',#2408,.T.);
#2408 = EDGE_LOOP('',(#2409,#2410,#2411,#2419,#2427,#2435,#2443,#2451));
#2409 = ORIENTED_EDGE('',*,*,#2292,.F.);
#2410 = ORIENTED_EDGE('',*,*,#1542,.T.);
#2411 = ORIENTED_EDGE('',*,*,#2412,.T.);
#2412 = EDGE_CURVE('',#1543,#2413,#2415,.T.);
#2413 = VERTEX_POINT('',#2414);
#2414 = CARTESIAN_POINT('',(50.,50.,6.));
#2415 = LINE('',#2416,#2417);
#2416 = CARTESIAN_POINT('',(50.,50.,0.));
#2417 = VECTOR('',#2418,1.);
#2418 = DIRECTION('',(0.,0.,1.));
#2419 = ORIENTED_EDGE('',*,*,#2420,.F.);
#2420 = EDGE_CURVE('',#2421,#2413,#2423,.T.);
#2421 = VERTEX_POINT('',#2422);
#2422 = CARTESIAN_POINT('',(50.,40.,6.));
#2423 = LINE('',#2424,#2425);
#2424 = CARTESIAN_POINT('',(50.,40.,6.));
#2425 = VECTOR('',#2426,1.);
#2426 = DIRECTION('',(0.,1.,0.));
#2427 = ORIENTED_EDGE('',*,*,#2428,.F.);
#2428 = EDGE_CURVE('',#2429,#2421,#2431,.T.);
#2429 = VERTEX_POINT('',#2430);
#2430 = CARTESIAN_POINT('',(50.,40.,5.));
#2431 = LINE('',#2432,#2433);
#2432 = CARTESIAN_POINT('',(50.,40.,3.));
#2433 = VECTOR('',#2434,1.);
#2434 = DIRECTION('',(0.,0.,1.));
#2435 = ORIENTED_EDGE('',*,*,#2436,.F.);
#2436 = EDGE_CURVE('',#2437,#2429,#2439,.T.);
#2437 = VERTEX_POINT('',#2438);
#2438 = CARTESIAN_POINT('',(50.,-40.,5.));
#2439 = LINE('',#2440,#2441);
#2440 = CARTESIAN_POINT('',(50.,-50.,5.));
#2441 = VECTOR('',#2442,1.);
#2442 = DIRECTION('',(0.,1.,0.));
#2443 = ORIENTED_EDGE('',*,*,#2444,.T.);
#2444 = EDGE_CURVE('',#2437,#2445,#2447,.T.);
#2445 = VERTEX_POINT('',#2446);
#2446 = CARTESIAN_POINT('',(50.,-40.,6.));
#2447 = LINE('',#2448,#2449);
#2448 = CARTESIAN_POINT('',(50.,-40.,3.));
#2449 = VECTOR('',#2450,1.);
#2450 = DIRECTION('',(0.,0.,1.));
#2451 = ORIENTED_EDGE('',*,*,#2452,.F.);
#2452 = EDGE_CURVE('',#2293,#2445,#2453,.T.);
#2453 = LINE('',#2454,#2455);
#2454 = CARTESIAN_POINT('',(50.,-50.,6.));
#2455 = VECTOR('',#2456,1.);
#2456 = DIRECTION('',(0.,1.,0.));
#2457 = PLANE('',#2458);
#2458 = AXIS2_PLACEMENT_3D('',#2459,#2460,#2461);
#2459 = CARTESIAN_POINT('',(50.,0.,2.64953271028));
#2460 = DIRECTION('',(1.,0.,0.));
#2461 = DIRECTION('',(0.,0.,1.));
#2462 = ADVANCED_FACE('',(#2463),#2506,.T.);
#2463 = FACE_BOUND('',#2464,.T.);
#2464 = EDGE_LOOP('',(#2465,#2466,#2467,#2468,#2476,#2484,#2492,#2500));
#2465 = ORIENTED_EDGE('',*,*,#2412,.F.);
#2466 = ORIENTED_EDGE('',*,*,#1550,.T.);
#2467 = ORIENTED_EDGE('',*,*,#2396,.T.);
#2468 = ORIENTED_EDGE('',*,*,#2469,.F.);
#2469 = EDGE_CURVE('',#2470,#2389,#2472,.T.);
#2470 = VERTEX_POINT('',#2471);
#2471 = CARTESIAN_POINT('',(-40.,50.,6.));
#2472 = LINE('',#2473,#2474);
#2473 = CARTESIAN_POINT('',(-40.,50.,6.));
#2474 = VECTOR('',#2475,1.);
#2475 = DIRECTION('',(-1.,0.,0.));
#2476 = ORIENTED_EDGE('',*,*,#2477,.F.);
#2477 = EDGE_CURVE('',#2478,#2470,#2480,.T.);
#2478 = VERTEX_POINT('',#2479);
#2479 = CARTESIAN_POINT('',(-40.,50.,5.));
#2480 = LINE('',#2481,#2482);
#2481 = CARTESIAN_POINT('',(-40.,50.,3.));
#2482 = VECTOR('',#2483,1.);
#2483 = DIRECTION('',(0.,0.,1.));
#2484 = ORIENTED_EDGE('',*,*,#2485,.F.);
#2485 = EDGE_CURVE('',#2486,#2478,#2488,.T.);
#2486 = VERTEX_POINT('',#2487);
#2487 = CARTESIAN_POINT('',(40.,50.,5.));
#2488 = LINE('',#2489,#2490);
#2489 = CARTESIAN_POINT('',(50.,50.,5.));
#2490 = VECTOR('',#2491,1.);
#2491 = DIRECTION('',(-1.,0.,0.));
#2492 = ORIENTED_EDGE('',*,*,#2493,.T.);
#2493 = EDGE_CURVE('',#2486,#2494,#2496,.T.);
#2494 = VERTEX_POINT('',#2495);
#2495 = CARTESIAN_POINT('',(40.,50.,6.));
#2496 = LINE('',#2497,#2498);
#2497 = CARTESIAN_POINT('',(40.,50.,3.));
#2498 = VECTOR('',#2499,1.);
#2499 = DIRECTION('',(0.,0.,1.));
#2500 = ORIENTED_EDGE('',*,*,#2501,.F.);
#2501 = EDGE_CURVE('',#2413,#2494,#2502,.T.);
#2502 = LINE('',#2503,#2504);
#2503 = CARTESIAN_POINT('',(50.,50.,6.));
#2504 = VECTOR('',#2505,1.);
#2505 = DIRECTION('',(-1.,0.,0.));
#2506 = PLANE('',#2507);
#2507 = AXIS2_PLACEMENT_3D('',#2508,#2509,#2510);
#2508 = CARTESIAN_POINT('',(0.,50.,2.64953271028));
#2509 = DIRECTION('',(0.,1.,0.));
#2510 = DIRECTION('',(0.,0.,1.));
#2511 = ADVANCED_FACE('',(#2512),#2530,.F.);
#2512 = FACE_BOUND('',#2513,.T.);
#2513 = EDGE_LOOP('',(#2514,#2523,#2528,#2529));
#2514 = ORIENTED_EDGE('',*,*,#2515,.T.);
#2515 = EDGE_CURVE('',#2516,#2516,#2518,.T.);
#2516 = VERTEX_POINT('',#2517);
#2517 = CARTESIAN_POINT('',(-43.25,-45.,6.));
#2518 = CIRCLE('',#2519,1.75);
#2519 = AXIS2_PLACEMENT_3D('',#2520,#2521,#2522);
#2520 = CARTESIAN_POINT('',(-45.,-45.,6.));
#2521 = DIRECTION('',(0.,0.,1.));
#2522 = DIRECTION('',(1.,0.,0.));
#2523 = ORIENTED_EDGE('',*,*,#2524,.T.);
#2524 = EDGE_CURVE('',#2516,#1567,#2525,.T.);
#2525 = B_SPLINE_CURVE_WITH_KNOTS('',1,(#2526,#2527),.UNSPECIFIED.,.F.,
  .F.,(2,2),(-6.,0.),.PIECEWISE_BEZIER_KNOTS.);
#2526 = CARTESIAN_POINT('',(-43.25,-45.,6.));
#2527 = CARTESIAN_POINT('',(-43.25,-45.,0.));
#2528 = ORIENTED_EDGE('',*,*,#1566,.F.);
#2529 = ORIENTED_EDGE('',*,*,#2524,.F.);
#2530 = CYLINDRICAL_SURFACE('',#2531,1.75);
#2531 = AXIS2_PLACEMENT_3D('',#2532,#2533,#2534);
#2532 = CARTESIAN_POINT('',(-45.,-45.,0.));
#2533 = DIRECTION('',(-0.,-0.,-1.));
#2534 = DIRECTION('',(1.,0.,0.));
#2535 = ADVANCED_FACE('',(#2536),#2561,.F.);
#2536 = FACE_BOUND('',#2537,.F.);
#2537 = EDGE_LOOP('',(#2538,#2546,#2554,#2560));
#2538 = ORIENTED_EDGE('',*,*,#2539,.T.);
#2539 = EDGE_CURVE('',#1578,#2540,#2542,.T.);
#2540 = VERTEX_POINT('',#2541);
#2541 = CARTESIAN_POINT('',(-26.05,-25.55,3.));
#2542 = LINE('',#2543,#2544);
#2543 = CARTESIAN_POINT('',(-26.05,-25.55,0.));
#2544 = VECTOR('',#2545,1.);
#2545 = DIRECTION('',(0.,0.,1.));
#2546 = ORIENTED_EDGE('',*,*,#2547,.T.);
#2547 = EDGE_CURVE('',#2540,#2548,#2550,.T.);
#2548 = VERTEX_POINT('',#2549);
#2549 = CARTESIAN_POINT('',(-26.05,-12.55,3.));
#2550 = LINE('',#2551,#2552);
#2551 = CARTESIAN_POINT('',(-26.05,-25.55,3.));
#2552 = VECTOR('',#2553,1.);
#2553 = DIRECTION('',(0.,1.,0.));
#2554 = ORIENTED_EDGE('',*,*,#2555,.F.);
#2555 = EDGE_CURVE('',#1580,#2548,#2556,.T.);
#2556 = LINE('',#2557,#2558);
#2557 = CARTESIAN_POINT('',(-26.05,-12.55,0.));
#2558 = VECTOR('',#2559,1.);
#2559 = DIRECTION('',(0.,0.,1.));
#2560 = ORIENTED_EDGE('',*,*,#1577,.F.);
#2561 = PLANE('',#2562);
#2562 = AXIS2_PLACEMENT_3D('',#2563,#2564,#2565);
#2563 = CARTESIAN_POINT('',(-26.05,-25.55,0.));
#2564 = DIRECTION('',(-1.,0.,0.));
#2565 = DIRECTION('',(0.,1.,0.));
#2566 = ADVANCED_FACE('',(#2567),#2586,.F.);
#2567 = FACE_BOUND('',#2568,.T.);
#2568 = EDGE_LOOP('',(#2569,#2570,#2579,#2585));
#2569 = ORIENTED_EDGE('',*,*,#2539,.T.);
#2570 = ORIENTED_EDGE('',*,*,#2571,.T.);
#2571 = EDGE_CURVE('',#2540,#2572,#2574,.T.);
#2572 = VERTEX_POINT('',#2573);
#2573 = CARTESIAN_POINT('',(-25.55,-26.05,3.));
#2574 = CIRCLE('',#2575,0.5);
#2575 = AXIS2_PLACEMENT_3D('',#2576,#2577,#2578);
#2576 = CARTESIAN_POINT('',(-25.55,-25.55,3.));
#2577 = DIRECTION('',(0.,0.,1.));
#2578 = DIRECTION('',(1.,0.,0.));
#2579 = ORIENTED_EDGE('',*,*,#2580,.F.);
#2580 = EDGE_CURVE('',#1631,#2572,#2581,.T.);
#2581 = LINE('',#2582,#2583);
#2582 = CARTESIAN_POINT('',(-25.55,-26.05,0.));
#2583 = VECTOR('',#2584,1.);
#2584 = DIRECTION('',(0.,0.,1.));
#2585 = ORIENTED_EDGE('',*,*,#1638,.F.);
#2586 = CYLINDRICAL_SURFACE('',#2587,0.5);
#2587 = AXIS2_PLACEMENT_3D('',#2588,#2589,#2590);
#2588 = CARTESIAN_POINT('',(-25.55,-25.55,0.));
#2589 = DIRECTION('',(-0.,-0.,-1.));
#2590 = DIRECTION('',(1.,0.,0.));
#2591 = ADVANCED_FACE('',(#2592),#2611,.F.);
#2592 = FACE_BOUND('',#2593,.T.);
#2593 = EDGE_LOOP('',(#2594,#2602,#2609,#2610));
#2594 = ORIENTED_EDGE('',*,*,#2595,.T.);
#2595 = EDGE_CURVE('',#1588,#2596,#2598,.T.);
#2596 = VERTEX_POINT('',#2597);
#2597 = CARTESIAN_POINT('',(-25.55,-12.05,3.));
#2598 = LINE('',#2599,#2600);
#2599 = CARTESIAN_POINT('',(-25.55,-12.05,0.));
#2600 = VECTOR('',#2601,1.);
#2601 = DIRECTION('',(0.,0.,1.));
#2602 = ORIENTED_EDGE('',*,*,#2603,.T.);
#2603 = EDGE_CURVE('',#2596,#2548,#2604,.T.);
#2604 = CIRCLE('',#2605,0.5);
#2605 = AXIS2_PLACEMENT_3D('',#2606,#2607,#2608);
#2606 = CARTESIAN_POINT('',(-25.55,-12.55,3.));
#2607 = DIRECTION('',(0.,0.,1.));
#2608 = DIRECTION('',(1.,0.,0.));
#2609 = ORIENTED_EDGE('',*,*,#2555,.F.);
#2610 = ORIENTED_EDGE('',*,*,#1587,.F.);
#2611 = CYLINDRICAL_SURFACE('',#2612,0.5);
#2612 = AXIS2_PLACEMENT_3D('',#2613,#2614,#2615);
#2613 = CARTESIAN_POINT('',(-25.55,-12.55,0.));
#2614 = DIRECTION('',(-0.,-0.,-1.));
#2615 = DIRECTION('',(1.,0.,0.));
#2616 = ADVANCED_FACE('',(#2617),#2635,.F.);
#2617 = FACE_BOUND('',#2618,.F.);
#2618 = EDGE_LOOP('',(#2619,#2627,#2633,#2634));
#2619 = ORIENTED_EDGE('',*,*,#2620,.T.);
#2620 = EDGE_CURVE('',#1622,#2621,#2623,.T.);
#2621 = VERTEX_POINT('',#2622);
#2622 = CARTESIAN_POINT('',(-12.55,-26.05,3.));
#2623 = LINE('',#2624,#2625);
#2624 = CARTESIAN_POINT('',(-12.55,-26.05,0.));
#2625 = VECTOR('',#2626,1.);
#2626 = DIRECTION('',(0.,0.,1.));
#2627 = ORIENTED_EDGE('',*,*,#2628,.T.);
#2628 = EDGE_CURVE('',#2621,#2572,#2629,.T.);
#2629 = LINE('',#2630,#2631);
#2630 = CARTESIAN_POINT('',(-12.55,-26.05,3.));
#2631 = VECTOR('',#2632,1.);
#2632 = DIRECTION('',(-1.,0.,0.));
#2633 = ORIENTED_EDGE('',*,*,#2580,.F.);
#2634 = ORIENTED_EDGE('',*,*,#1630,.F.);
#2635 = PLANE('',#2636);
#2636 = AXIS2_PLACEMENT_3D('',#2637,#2638,#2639);
#2637 = CARTESIAN_POINT('',(-12.55,-26.05,0.));
#2638 = DIRECTION('',(0.,-1.,0.));
#2639 = DIRECTION('',(-1.,0.,0.));
#2640 = ADVANCED_FACE('',(#2641),#2659,.F.);
#2641 = FACE_BOUND('',#2642,.F.);
#2642 = EDGE_LOOP('',(#2643,#2644,#2652,#2658));
#2643 = ORIENTED_EDGE('',*,*,#2595,.T.);
#2644 = ORIENTED_EDGE('',*,*,#2645,.T.);
#2645 = EDGE_CURVE('',#2596,#2646,#2648,.T.);
#2646 = VERTEX_POINT('',#2647);
#2647 = CARTESIAN_POINT('',(-12.55,-12.05,3.));
#2648 = LINE('',#2649,#2650);
#2649 = CARTESIAN_POINT('',(-25.55,-12.05,3.));
#2650 = VECTOR('',#2651,1.);
#2651 = DIRECTION('',(1.,0.,0.));
#2652 = ORIENTED_EDGE('',*,*,#2653,.F.);
#2653 = EDGE_CURVE('',#1597,#2646,#2654,.T.);
#2654 = LINE('',#2655,#2656);
#2655 = CARTESIAN_POINT('',(-12.55,-12.05,0.));
#2656 = VECTOR('',#2657,1.);
#2657 = DIRECTION('',(0.,0.,1.));
#2658 = ORIENTED_EDGE('',*,*,#1596,.F.);
#2659 = PLANE('',#2660);
#2660 = AXIS2_PLACEMENT_3D('',#2661,#2662,#2663);
#2661 = CARTESIAN_POINT('',(-25.55,-12.05,0.));
#2662 = DIRECTION('',(0.,1.,0.));
#2663 = DIRECTION('',(1.,0.,0.));
#2664 = ADVANCED_FACE('',(#2665),#2684,.F.);
#2665 = FACE_BOUND('',#2666,.T.);
#2666 = EDGE_LOOP('',(#2667,#2668,#2677,#2683));
#2667 = ORIENTED_EDGE('',*,*,#2620,.T.);
#2668 = ORIENTED_EDGE('',*,*,#2669,.T.);
#2669 = EDGE_CURVE('',#2621,#2670,#2672,.T.);
#2670 = VERTEX_POINT('',#2671);
#2671 = CARTESIAN_POINT('',(-12.05,-25.55,3.));
#2672 = CIRCLE('',#2673,0.5);
#2673 = AXIS2_PLACEMENT_3D('',#2674,#2675,#2676);
#2674 = CARTESIAN_POINT('',(-12.55,-25.55,3.));
#2675 = DIRECTION('',(0.,0.,1.));
#2676 = DIRECTION('',(1.,0.,0.));
#2677 = ORIENTED_EDGE('',*,*,#2678,.F.);
#2678 = EDGE_CURVE('',#1614,#2670,#2679,.T.);
#2679 = LINE('',#2680,#2681);
#2680 = CARTESIAN_POINT('',(-12.05,-25.55,0.));
#2681 = VECTOR('',#2682,1.);
#2682 = DIRECTION('',(0.,0.,1.));
#2683 = ORIENTED_EDGE('',*,*,#1621,.F.);
#2684 = CYLINDRICAL_SURFACE('',#2685,0.5);
#2685 = AXIS2_PLACEMENT_3D('',#2686,#2687,#2688);
#2686 = CARTESIAN_POINT('',(-12.55,-25.55,0.));
#2687 = DIRECTION('',(-0.,-0.,-1.));
#2688 = DIRECTION('',(1.,0.,0.));
#2689 = ADVANCED_FACE('',(#2690),#2709,.F.);
#2690 = FACE_BOUND('',#2691,.T.);
#2691 = EDGE_LOOP('',(#2692,#2700,#2707,#2708));
#2692 = ORIENTED_EDGE('',*,*,#2693,.T.);
#2693 = EDGE_CURVE('',#1605,#2694,#2696,.T.);
#2694 = VERTEX_POINT('',#2695);
#2695 = CARTESIAN_POINT('',(-12.05,-12.55,3.));
#2696 = LINE('',#2697,#2698);
#2697 = CARTESIAN_POINT('',(-12.05,-12.55,0.));
#2698 = VECTOR('',#2699,1.);
#2699 = DIRECTION('',(0.,0.,1.));
#2700 = ORIENTED_EDGE('',*,*,#2701,.T.);
#2701 = EDGE_CURVE('',#2694,#2646,#2702,.T.);
#2702 = CIRCLE('',#2703,0.5);
#2703 = AXIS2_PLACEMENT_3D('',#2704,#2705,#2706);
#2704 = CARTESIAN_POINT('',(-12.55,-12.55,3.));
#2705 = DIRECTION('',(0.,0.,1.));
#2706 = DIRECTION('',(1.,0.,0.));
#2707 = ORIENTED_EDGE('',*,*,#2653,.F.);
#2708 = ORIENTED_EDGE('',*,*,#1604,.F.);
#2709 = CYLINDRICAL_SURFACE('',#2710,0.5);
#2710 = AXIS2_PLACEMENT_3D('',#2711,#2712,#2713);
#2711 = CARTESIAN_POINT('',(-12.55,-12.55,0.));
#2712 = DIRECTION('',(-0.,-0.,-1.));
#2713 = DIRECTION('',(1.,0.,0.));
#2714 = ADVANCED_FACE('',(#2715),#2726,.F.);
#2715 = FACE_BOUND('',#2716,.F.);
#2716 = EDGE_LOOP('',(#2717,#2718,#2724,#2725));
#2717 = ORIENTED_EDGE('',*,*,#2693,.T.);
#2718 = ORIENTED_EDGE('',*,*,#2719,.T.);
#2719 = EDGE_CURVE('',#2694,#2670,#2720,.T.);
#2720 = LINE('',#2721,#2722);
#2721 = CARTESIAN_POINT('',(-12.05,-12.55,3.));
#2722 = VECTOR('',#2723,1.);
#2723 = DIRECTION('',(0.,-1.,0.));
#2724 = ORIENTED_EDGE('',*,*,#2678,.F.);
#2725 = ORIENTED_EDGE('',*,*,#1613,.F.);
#2726 = PLANE('',#2727);
#2727 = AXIS2_PLACEMENT_3D('',#2728,#2729,#2730);
#2728 = CARTESIAN_POINT('',(-12.05,-12.55,0.));
#2729 = DIRECTION('',(1.,0.,0.));
#2730 = DIRECTION('',(0.,-1.,0.));
#2731 = ADVANCED_FACE('',(#2732),#2757,.F.);
#2732 = FACE_BOUND('',#2733,.F.);
#2733 = EDGE_LOOP('',(#2734,#2742,#2750,#2756));
#2734 = ORIENTED_EDGE('',*,*,#2735,.T.);
#2735 = EDGE_CURVE('',#1648,#2736,#2738,.T.);
#2736 = VERTEX_POINT('',#2737);
#2737 = CARTESIAN_POINT('',(-7.,-25.55,3.));
#2738 = LINE('',#2739,#2740);
#2739 = CARTESIAN_POINT('',(-7.,-25.55,0.));
#2740 = VECTOR('',#2741,1.);
#2741 = DIRECTION('',(0.,0.,1.));
#2742 = ORIENTED_EDGE('',*,*,#2743,.T.);
#2743 = EDGE_CURVE('',#2736,#2744,#2746,.T.);
#2744 = VERTEX_POINT('',#2745);
#2745 = CARTESIAN_POINT('',(-7.,-12.55,3.));
#2746 = LINE('',#2747,#2748);
#2747 = CARTESIAN_POINT('',(-7.,-25.55,3.));
#2748 = VECTOR('',#2749,1.);
#2749 = DIRECTION('',(0.,1.,0.));
#2750 = ORIENTED_EDGE('',*,*,#2751,.F.);
#2751 = EDGE_CURVE('',#1650,#2744,#2752,.T.);
#2752 = LINE('',#2753,#2754);
#2753 = CARTESIAN_POINT('',(-7.,-12.55,0.));
#2754 = VECTOR('',#2755,1.);
#2755 = DIRECTION('',(0.,0.,1.));
#2756 = ORIENTED_EDGE('',*,*,#1647,.F.);
#2757 = PLANE('',#2758);
#2758 = AXIS2_PLACEMENT_3D('',#2759,#2760,#2761);
#2759 = CARTESIAN_POINT('',(-7.,-25.55,0.));
#2760 = DIRECTION('',(-1.,0.,0.));
#2761 = DIRECTION('',(0.,1.,0.));
#2762 = ADVANCED_FACE('',(#2763),#2782,.F.);
#2763 = FACE_BOUND('',#2764,.T.);
#2764 = EDGE_LOOP('',(#2765,#2766,#2775,#2781));
#2765 = ORIENTED_EDGE('',*,*,#2735,.T.);
#2766 = ORIENTED_EDGE('',*,*,#2767,.T.);
#2767 = EDGE_CURVE('',#2736,#2768,#2770,.T.);
#2768 = VERTEX_POINT('',#2769);
#2769 = CARTESIAN_POINT('',(-6.5,-26.05,3.));
#2770 = CIRCLE('',#2771,0.5);
#2771 = AXIS2_PLACEMENT_3D('',#2772,#2773,#2774);
#2772 = CARTESIAN_POINT('',(-6.5,-25.55,3.));
#2773 = DIRECTION('',(0.,0.,1.));
#2774 = DIRECTION('',(1.,0.,0.));
#2775 = ORIENTED_EDGE('',*,*,#2776,.F.);
#2776 = EDGE_CURVE('',#1701,#2768,#2777,.T.);
#2777 = LINE('',#2778,#2779);
#2778 = CARTESIAN_POINT('',(-6.5,-26.05,0.));
#2779 = VECTOR('',#2780,1.);
#2780 = DIRECTION('',(0.,0.,1.));
#2781 = ORIENTED_EDGE('',*,*,#1708,.F.);
#2782 = CYLINDRICAL_SURFACE('',#2783,0.5);
#2783 = AXIS2_PLACEMENT_3D('',#2784,#2785,#2786);
#2784 = CARTESIAN_POINT('',(-6.5,-25.55,0.));
#2785 = DIRECTION('',(-0.,-0.,-1.));
#2786 = DIRECTION('',(1.,0.,0.));
#2787 = ADVANCED_FACE('',(#2788),#2807,.F.);
#2788 = FACE_BOUND('',#2789,.T.);
#2789 = EDGE_LOOP('',(#2790,#2798,#2805,#2806));
#2790 = ORIENTED_EDGE('',*,*,#2791,.T.);
#2791 = EDGE_CURVE('',#1658,#2792,#2794,.T.);
#2792 = VERTEX_POINT('',#2793);
#2793 = CARTESIAN_POINT('',(-6.5,-12.05,3.));
#2794 = LINE('',#2795,#2796);
#2795 = CARTESIAN_POINT('',(-6.5,-12.05,0.));
#2796 = VECTOR('',#2797,1.);
#2797 = DIRECTION('',(0.,0.,1.));
#2798 = ORIENTED_EDGE('',*,*,#2799,.T.);
#2799 = EDGE_CURVE('',#2792,#2744,#2800,.T.);
#2800 = CIRCLE('',#2801,0.5);
#2801 = AXIS2_PLACEMENT_3D('',#2802,#2803,#2804);
#2802 = CARTESIAN_POINT('',(-6.5,-12.55,3.));
#2803 = DIRECTION('',(0.,0.,1.));
#2804 = DIRECTION('',(1.,0.,0.));
#2805 = ORIENTED_EDGE('',*,*,#2751,.F.);
#2806 = ORIENTED_EDGE('',*,*,#1657,.F.);
#2807 = CYLINDRICAL_SURFACE('',#2808,0.5);
#2808 = AXIS2_PLACEMENT_3D('',#2809,#2810,#2811);
#2809 = CARTESIAN_POINT('',(-6.5,-12.55,0.));
#2810 = DIRECTION('',(-0.,-0.,-1.));
#2811 = DIRECTION('',(1.,0.,0.));
#2812 = ADVANCED_FACE('',(#2813),#2831,.F.);
#2813 = FACE_BOUND('',#2814,.F.);
#2814 = EDGE_LOOP('',(#2815,#2823,#2829,#2830));
#2815 = ORIENTED_EDGE('',*,*,#2816,.T.);
#2816 = EDGE_CURVE('',#1692,#2817,#2819,.T.);
#2817 = VERTEX_POINT('',#2818);
#2818 = CARTESIAN_POINT('',(6.5,-26.05,3.));
#2819 = LINE('',#2820,#2821);
#2820 = CARTESIAN_POINT('',(6.5,-26.05,0.));
#2821 = VECTOR('',#2822,1.);
#2822 = DIRECTION('',(0.,0.,1.));
#2823 = ORIENTED_EDGE('',*,*,#2824,.T.);
#2824 = EDGE_CURVE('',#2817,#2768,#2825,.T.);
#2825 = LINE('',#2826,#2827);
#2826 = CARTESIAN_POINT('',(6.5,-26.05,3.));
#2827 = VECTOR('',#2828,1.);
#2828 = DIRECTION('',(-1.,0.,0.));
#2829 = ORIENTED_EDGE('',*,*,#2776,.F.);
#2830 = ORIENTED_EDGE('',*,*,#1700,.F.);
#2831 = PLANE('',#2832);
#2832 = AXIS2_PLACEMENT_3D('',#2833,#2834,#2835);
#2833 = CARTESIAN_POINT('',(6.5,-26.05,0.));
#2834 = DIRECTION('',(0.,-1.,0.));
#2835 = DIRECTION('',(-1.,0.,0.));
#2836 = ADVANCED_FACE('',(#2837),#2855,.F.);
#2837 = FACE_BOUND('',#2838,.F.);
#2838 = EDGE_LOOP('',(#2839,#2840,#2848,#2854));
#2839 = ORIENTED_EDGE('',*,*,#2791,.T.);
#2840 = ORIENTED_EDGE('',*,*,#2841,.T.);
#2841 = EDGE_CURVE('',#2792,#2842,#2844,.T.);
#2842 = VERTEX_POINT('',#2843);
#2843 = CARTESIAN_POINT('',(6.5,-12.05,3.));
#2844 = LINE('',#2845,#2846);
#2845 = CARTESIAN_POINT('',(-6.5,-12.05,3.));
#2846 = VECTOR('',#2847,1.);
#2847 = DIRECTION('',(1.,0.,0.));
#2848 = ORIENTED_EDGE('',*,*,#2849,.F.);
#2849 = EDGE_CURVE('',#1667,#2842,#2850,.T.);
#2850 = LINE('',#2851,#2852);
#2851 = CARTESIAN_POINT('',(6.5,-12.05,0.));
#2852 = VECTOR('',#2853,1.);
#2853 = DIRECTION('',(0.,0.,1.));
#2854 = ORIENTED_EDGE('',*,*,#1666,.F.);
#2855 = PLANE('',#2856);
#2856 = AXIS2_PLACEMENT_3D('',#2857,#2858,#2859);
#2857 = CARTESIAN_POINT('',(-6.5,-12.05,0.));
#2858 = DIRECTION('',(0.,1.,0.));
#2859 = DIRECTION('',(1.,0.,0.));
#2860 = ADVANCED_FACE('',(#2861),#2880,.F.);
#2861 = FACE_BOUND('',#2862,.T.);
#2862 = EDGE_LOOP('',(#2863,#2864,#2873,#2879));
#2863 = ORIENTED_EDGE('',*,*,#2816,.T.);
#2864 = ORIENTED_EDGE('',*,*,#2865,.T.);
#2865 = EDGE_CURVE('',#2817,#2866,#2868,.T.);
#2866 = VERTEX_POINT('',#2867);
#2867 = CARTESIAN_POINT('',(7.,-25.55,3.));
#2868 = CIRCLE('',#2869,0.5);
#2869 = AXIS2_PLACEMENT_3D('',#2870,#2871,#2872);
#2870 = CARTESIAN_POINT('',(6.5,-25.55,3.));
#2871 = DIRECTION('',(0.,0.,1.));
#2872 = DIRECTION('',(1.,0.,0.));
#2873 = ORIENTED_EDGE('',*,*,#2874,.F.);
#2874 = EDGE_CURVE('',#1684,#2866,#2875,.T.);
#2875 = LINE('',#2876,#2877);
#2876 = CARTESIAN_POINT('',(7.,-25.55,0.));
#2877 = VECTOR('',#2878,1.);
#2878 = DIRECTION('',(0.,0.,1.));
#2879 = ORIENTED_EDGE('',*,*,#1691,.F.);
#2880 = CYLINDRICAL_SURFACE('',#2881,0.5);
#2881 = AXIS2_PLACEMENT_3D('',#2882,#2883,#2884);
#2882 = CARTESIAN_POINT('',(6.5,-25.55,0.));
#2883 = DIRECTION('',(-0.,-0.,-1.));
#2884 = DIRECTION('',(1.,0.,0.));
#2885 = ADVANCED_FACE('',(#2886),#2905,.F.);
#2886 = FACE_BOUND('',#2887,.T.);
#2887 = EDGE_LOOP('',(#2888,#2896,#2903,#2904));
#2888 = ORIENTED_EDGE('',*,*,#2889,.T.);
#2889 = EDGE_CURVE('',#1675,#2890,#2892,.T.);
#2890 = VERTEX_POINT('',#2891);
#2891 = CARTESIAN_POINT('',(7.,-12.55,3.));
#2892 = LINE('',#2893,#2894);
#2893 = CARTESIAN_POINT('',(7.,-12.55,0.));
#2894 = VECTOR('',#2895,1.);
#2895 = DIRECTION('',(0.,0.,1.));
#2896 = ORIENTED_EDGE('',*,*,#2897,.T.);
#2897 = EDGE_CURVE('',#2890,#2842,#2898,.T.);
#2898 = CIRCLE('',#2899,0.5);
#2899 = AXIS2_PLACEMENT_3D('',#2900,#2901,#2902);
#2900 = CARTESIAN_POINT('',(6.5,-12.55,3.));
#2901 = DIRECTION('',(0.,0.,1.));
#2902 = DIRECTION('',(1.,0.,0.));
#2903 = ORIENTED_EDGE('',*,*,#2849,.F.);
#2904 = ORIENTED_EDGE('',*,*,#1674,.F.);
#2905 = CYLINDRICAL_SURFACE('',#2906,0.5);
#2906 = AXIS2_PLACEMENT_3D('',#2907,#2908,#2909);
#2907 = CARTESIAN_POINT('',(6.5,-12.55,0.));
#2908 = DIRECTION('',(-0.,-0.,-1.));
#2909 = DIRECTION('',(1.,0.,0.));
#2910 = ADVANCED_FACE('',(#2911),#2922,.F.);
#2911 = FACE_BOUND('',#2912,.F.);
#2912 = EDGE_LOOP('',(#2913,#2914,#2920,#2921));
#2913 = ORIENTED_EDGE('',*,*,#2889,.T.);
#2914 = ORIENTED_EDGE('',*,*,#2915,.T.);
#2915 = EDGE_CURVE('',#2890,#2866,#2916,.T.);
#2916 = LINE('',#2917,#2918);
#2917 = CARTESIAN_POINT('',(7.,-12.55,3.));
#2918 = VECTOR('',#2919,1.);
#2919 = DIRECTION('',(0.,-1.,0.));
#2920 = ORIENTED_EDGE('',*,*,#2874,.F.);
#2921 = ORIENTED_EDGE('',*,*,#1683,.F.);
#2922 = PLANE('',#2923);
#2923 = AXIS2_PLACEMENT_3D('',#2924,#2925,#2926);
#2924 = CARTESIAN_POINT('',(7.,-12.55,0.));
#2925 = DIRECTION('',(1.,0.,0.));
#2926 = DIRECTION('',(0.,-1.,0.));
#2927 = ADVANCED_FACE('',(#2928),#2953,.F.);
#2928 = FACE_BOUND('',#2929,.F.);
#2929 = EDGE_LOOP('',(#2930,#2938,#2946,#2952));
#2930 = ORIENTED_EDGE('',*,*,#2931,.T.);
#2931 = EDGE_CURVE('',#1718,#2932,#2934,.T.);
#2932 = VERTEX_POINT('',#2933);
#2933 = CARTESIAN_POINT('',(-12.05,6.5,3.));
#2934 = LINE('',#2935,#2936);
#2935 = CARTESIAN_POINT('',(-12.05,6.5,0.));
#2936 = VECTOR('',#2937,1.);
#2937 = DIRECTION('',(0.,0.,1.));
#2938 = ORIENTED_EDGE('',*,*,#2939,.T.);
#2939 = EDGE_CURVE('',#2932,#2940,#2942,.T.);
#2940 = VERTEX_POINT('',#2941);
#2941 = CARTESIAN_POINT('',(-12.05,-6.5,3.));
#2942 = LINE('',#2943,#2944);
#2943 = CARTESIAN_POINT('',(-12.05,6.5,3.));
#2944 = VECTOR('',#2945,1.);
#2945 = DIRECTION('',(0.,-1.,0.));
#2946 = ORIENTED_EDGE('',*,*,#2947,.F.);
#2947 = EDGE_CURVE('',#1720,#2940,#2948,.T.);
#2948 = LINE('',#2949,#2950);
#2949 = CARTESIAN_POINT('',(-12.05,-6.5,0.));
#2950 = VECTOR('',#2951,1.);
#2951 = DIRECTION('',(0.,0.,1.));
#2952 = ORIENTED_EDGE('',*,*,#1717,.F.);
#2953 = PLANE('',#2954);
#2954 = AXIS2_PLACEMENT_3D('',#2955,#2956,#2957);
#2955 = CARTESIAN_POINT('',(-12.05,6.5,0.));
#2956 = DIRECTION('',(1.,0.,0.));
#2957 = DIRECTION('',(0.,-1.,0.));
#2958 = ADVANCED_FACE('',(#2959),#2978,.F.);
#2959 = FACE_BOUND('',#2960,.T.);
#2960 = EDGE_LOOP('',(#2961,#2962,#2971,#2977));
#2961 = ORIENTED_EDGE('',*,*,#2931,.T.);
#2962 = ORIENTED_EDGE('',*,*,#2963,.T.);
#2963 = EDGE_CURVE('',#2932,#2964,#2966,.T.);
#2964 = VERTEX_POINT('',#2965);
#2965 = CARTESIAN_POINT('',(-12.55,7.,3.));
#2966 = CIRCLE('',#2967,0.5);
#2967 = AXIS2_PLACEMENT_3D('',#2968,#2969,#2970);
#2968 = CARTESIAN_POINT('',(-12.55,6.5,3.));
#2969 = DIRECTION('',(0.,0.,1.));
#2970 = DIRECTION('',(1.,0.,0.));
#2971 = ORIENTED_EDGE('',*,*,#2972,.F.);
#2972 = EDGE_CURVE('',#1771,#2964,#2973,.T.);
#2973 = LINE('',#2974,#2975);
#2974 = CARTESIAN_POINT('',(-12.55,7.,0.));
#2975 = VECTOR('',#2976,1.);
#2976 = DIRECTION('',(0.,0.,1.));
#2977 = ORIENTED_EDGE('',*,*,#1778,.F.);
#2978 = CYLINDRICAL_SURFACE('',#2979,0.5);
#2979 = AXIS2_PLACEMENT_3D('',#2980,#2981,#2982);
#2980 = CARTESIAN_POINT('',(-12.55,6.5,0.));
#2981 = DIRECTION('',(-0.,-0.,-1.));
#2982 = DIRECTION('',(1.,0.,0.));
#2983 = ADVANCED_FACE('',(#2984),#3003,.F.);
#2984 = FACE_BOUND('',#2985,.T.);
#2985 = EDGE_LOOP('',(#2986,#2994,#3001,#3002));
#2986 = ORIENTED_EDGE('',*,*,#2987,.T.);
#2987 = EDGE_CURVE('',#1728,#2988,#2990,.T.);
#2988 = VERTEX_POINT('',#2989);
#2989 = CARTESIAN_POINT('',(-12.55,-7.,3.));
#2990 = LINE('',#2991,#2992);
#2991 = CARTESIAN_POINT('',(-12.55,-7.,0.));
#2992 = VECTOR('',#2993,1.);
#2993 = DIRECTION('',(0.,0.,1.));
#2994 = ORIENTED_EDGE('',*,*,#2995,.T.);
#2995 = EDGE_CURVE('',#2988,#2940,#2996,.T.);
#2996 = CIRCLE('',#2997,0.5);
#2997 = AXIS2_PLACEMENT_3D('',#2998,#2999,#3000);
#2998 = CARTESIAN_POINT('',(-12.55,-6.5,3.));
#2999 = DIRECTION('',(0.,0.,1.));
#3000 = DIRECTION('',(1.,0.,0.));
#3001 = ORIENTED_EDGE('',*,*,#2947,.F.);
#3002 = ORIENTED_EDGE('',*,*,#1727,.F.);
#3003 = CYLINDRICAL_SURFACE('',#3004,0.5);
#3004 = AXIS2_PLACEMENT_3D('',#3005,#3006,#3007);
#3005 = CARTESIAN_POINT('',(-12.55,-6.5,0.));
#3006 = DIRECTION('',(-0.,-0.,-1.));
#3007 = DIRECTION('',(1.,0.,0.));
#3008 = ADVANCED_FACE('',(#3009),#3027,.F.);
#3009 = FACE_BOUND('',#3010,.F.);
#3010 = EDGE_LOOP('',(#3011,#3019,#3025,#3026));
#3011 = ORIENTED_EDGE('',*,*,#3012,.T.);
#3012 = EDGE_CURVE('',#1762,#3013,#3015,.T.);
#3013 = VERTEX_POINT('',#3014);
#3014 = CARTESIAN_POINT('',(-25.55,7.,3.));
#3015 = LINE('',#3016,#3017);
#3016 = CARTESIAN_POINT('',(-25.55,7.,0.));
#3017 = VECTOR('',#3018,1.);
#3018 = DIRECTION('',(0.,0.,1.));
#3019 = ORIENTED_EDGE('',*,*,#3020,.T.);
#3020 = EDGE_CURVE('',#3013,#2964,#3021,.T.);
#3021 = LINE('',#3022,#3023);
#3022 = CARTESIAN_POINT('',(-25.55,7.,3.));
#3023 = VECTOR('',#3024,1.);
#3024 = DIRECTION('',(1.,0.,0.));
#3025 = ORIENTED_EDGE('',*,*,#2972,.F.);
#3026 = ORIENTED_EDGE('',*,*,#1770,.F.);
#3027 = PLANE('',#3028);
#3028 = AXIS2_PLACEMENT_3D('',#3029,#3030,#3031);
#3029 = CARTESIAN_POINT('',(-25.55,7.,0.));
#3030 = DIRECTION('',(0.,1.,0.));
#3031 = DIRECTION('',(1.,0.,0.));
#3032 = ADVANCED_FACE('',(#3033),#3051,.F.);
#3033 = FACE_BOUND('',#3034,.F.);
#3034 = EDGE_LOOP('',(#3035,#3036,#3044,#3050));
#3035 = ORIENTED_EDGE('',*,*,#2987,.T.);
#3036 = ORIENTED_EDGE('',*,*,#3037,.T.);
#3037 = EDGE_CURVE('',#2988,#3038,#3040,.T.);
#3038 = VERTEX_POINT('',#3039);
#3039 = CARTESIAN_POINT('',(-25.55,-7.,3.));
#3040 = LINE('',#3041,#3042);
#3041 = CARTESIAN_POINT('',(-12.55,-7.,3.));
#3042 = VECTOR('',#3043,1.);
#3043 = DIRECTION('',(-1.,0.,0.));
#3044 = ORIENTED_EDGE('',*,*,#3045,.F.);
#3045 = EDGE_CURVE('',#1737,#3038,#3046,.T.);
#3046 = LINE('',#3047,#3048);
#3047 = CARTESIAN_POINT('',(-25.55,-7.,0.));
#3048 = VECTOR('',#3049,1.);
#3049 = DIRECTION('',(0.,0.,1.));
#3050 = ORIENTED_EDGE('',*,*,#1736,.F.);
#3051 = PLANE('',#3052);
#3052 = AXIS2_PLACEMENT_3D('',#3053,#3054,#3055);
#3053 = CARTESIAN_POINT('',(-12.55,-7.,0.));
#3054 = DIRECTION('',(0.,-1.,0.));
#3055 = DIRECTION('',(-1.,0.,0.));
#3056 = ADVANCED_FACE('',(#3057),#3076,.F.);
#3057 = FACE_BOUND('',#3058,.T.);
#3058 = EDGE_LOOP('',(#3059,#3060,#3069,#3075));
#3059 = ORIENTED_EDGE('',*,*,#3012,.T.);
#3060 = ORIENTED_EDGE('',*,*,#3061,.T.);
#3061 = EDGE_CURVE('',#3013,#3062,#3064,.T.);
#3062 = VERTEX_POINT('',#3063);
#3063 = CARTESIAN_POINT('',(-26.05,6.5,3.));
#3064 = CIRCLE('',#3065,0.5);
#3065 = AXIS2_PLACEMENT_3D('',#3066,#3067,#3068);
#3066 = CARTESIAN_POINT('',(-25.55,6.5,3.));
#3067 = DIRECTION('',(0.,0.,1.));
#3068 = DIRECTION('',(1.,0.,0.));
#3069 = ORIENTED_EDGE('',*,*,#3070,.F.);
#3070 = EDGE_CURVE('',#1754,#3062,#3071,.T.);
#3071 = LINE('',#3072,#3073);
#3072 = CARTESIAN_POINT('',(-26.05,6.5,0.));
#3073 = VECTOR('',#3074,1.);
#3074 = DIRECTION('',(0.,0.,1.));
#3075 = ORIENTED_EDGE('',*,*,#1761,.F.);
#3076 = CYLINDRICAL_SURFACE('',#3077,0.5);
#3077 = AXIS2_PLACEMENT_3D('',#3078,#3079,#3080);
#3078 = CARTESIAN_POINT('',(-25.55,6.5,0.));
#3079 = DIRECTION('',(-0.,-0.,-1.));
#3080 = DIRECTION('',(1.,0.,0.));
#3081 = ADVANCED_FACE('',(#3082),#3101,.F.);
#3082 = FACE_BOUND('',#3083,.T.);
#3083 = EDGE_LOOP('',(#3084,#3092,#3099,#3100));
#3084 = ORIENTED_EDGE('',*,*,#3085,.T.);
#3085 = EDGE_CURVE('',#1745,#3086,#3088,.T.);
#3086 = VERTEX_POINT('',#3087);
#3087 = CARTESIAN_POINT('',(-26.05,-6.5,3.));
#3088 = LINE('',#3089,#3090);
#3089 = CARTESIAN_POINT('',(-26.05,-6.5,0.));
#3090 = VECTOR('',#3091,1.);
#3091 = DIRECTION('',(0.,0.,1.));
#3092 = ORIENTED_EDGE('',*,*,#3093,.T.);
#3093 = EDGE_CURVE('',#3086,#3038,#3094,.T.);
#3094 = CIRCLE('',#3095,0.5);
#3095 = AXIS2_PLACEMENT_3D('',#3096,#3097,#3098);
#3096 = CARTESIAN_POINT('',(-25.55,-6.5,3.));
#3097 = DIRECTION('',(0.,0.,1.));
#3098 = DIRECTION('',(1.,0.,0.));
#3099 = ORIENTED_EDGE('',*,*,#3045,.F.);
#3100 = ORIENTED_EDGE('',*,*,#1744,.F.);
#3101 = CYLINDRICAL_SURFACE('',#3102,0.5);
#3102 = AXIS2_PLACEMENT_3D('',#3103,#3104,#3105);
#3103 = CARTESIAN_POINT('',(-25.55,-6.5,0.));
#3104 = DIRECTION('',(-0.,-0.,-1.));
#3105 = DIRECTION('',(1.,0.,0.));
#3106 = ADVANCED_FACE('',(#3107),#3118,.F.);
#3107 = FACE_BOUND('',#3108,.F.);
#3108 = EDGE_LOOP('',(#3109,#3110,#3116,#3117));
#3109 = ORIENTED_EDGE('',*,*,#3085,.T.);
#3110 = ORIENTED_EDGE('',*,*,#3111,.T.);
#3111 = EDGE_CURVE('',#3086,#3062,#3112,.T.);
#3112 = LINE('',#3113,#3114);
#3113 = CARTESIAN_POINT('',(-26.05,-6.5,3.));
#3114 = VECTOR('',#3115,1.);
#3115 = DIRECTION('',(0.,1.,0.));
#3116 = ORIENTED_EDGE('',*,*,#3070,.F.);
#3117 = ORIENTED_EDGE('',*,*,#1753,.F.);
#3118 = PLANE('',#3119);
#3119 = AXIS2_PLACEMENT_3D('',#3120,#3121,#3122);
#3120 = CARTESIAN_POINT('',(-26.05,-6.5,0.));
#3121 = DIRECTION('',(-1.,0.,0.));
#3122 = DIRECTION('',(0.,1.,0.));
#3123 = ADVANCED_FACE('',(#3124),#3149,.T.);
#3124 = FACE_BOUND('',#3125,.T.);
#3125 = EDGE_LOOP('',(#3126,#3134,#3142,#3148));
#3126 = ORIENTED_EDGE('',*,*,#3127,.T.);
#3127 = EDGE_CURVE('',#1788,#3128,#3130,.T.);
#3128 = VERTEX_POINT('',#3129);
#3129 = CARTESIAN_POINT('',(-6.5,-7.,3.));
#3130 = LINE('',#3131,#3132);
#3131 = CARTESIAN_POINT('',(-6.5,-7.,0.));
#3132 = VECTOR('',#3133,1.);
#3133 = DIRECTION('',(0.,0.,1.));
#3134 = ORIENTED_EDGE('',*,*,#3135,.T.);
#3135 = EDGE_CURVE('',#3128,#3136,#3138,.T.);
#3136 = VERTEX_POINT('',#3137);
#3137 = CARTESIAN_POINT('',(6.5,-7.,3.));
#3138 = LINE('',#3139,#3140);
#3139 = CARTESIAN_POINT('',(-6.5,-7.,3.));
#3140 = VECTOR('',#3141,1.);
#3141 = DIRECTION('',(1.,0.,0.));
#3142 = ORIENTED_EDGE('',*,*,#3143,.F.);
#3143 = EDGE_CURVE('',#1790,#3136,#3144,.T.);
#3144 = LINE('',#3145,#3146);
#3145 = CARTESIAN_POINT('',(6.5,-7.,0.));
#3146 = VECTOR('',#3147,1.);
#3147 = DIRECTION('',(0.,0.,1.));
#3148 = ORIENTED_EDGE('',*,*,#1787,.F.);
#3149 = PLANE('',#3150);
#3150 = AXIS2_PLACEMENT_3D('',#3151,#3152,#3153);
#3151 = CARTESIAN_POINT('',(-6.5,-7.,0.));
#3152 = DIRECTION('',(0.,1.,0.));
#3153 = DIRECTION('',(1.,0.,0.));
#3154 = ADVANCED_FACE('',(#3155),#3174,.F.);
#3155 = FACE_BOUND('',#3156,.T.);
#3156 = EDGE_LOOP('',(#3157,#3165,#3172,#3173));
#3157 = ORIENTED_EDGE('',*,*,#3158,.T.);
#3158 = EDGE_CURVE('',#1798,#3159,#3161,.T.);
#3159 = VERTEX_POINT('',#3160);
#3160 = CARTESIAN_POINT('',(-7.,-6.5,3.));
#3161 = LINE('',#3162,#3163);
#3162 = CARTESIAN_POINT('',(-7.,-6.5,0.));
#3163 = VECTOR('',#3164,1.);
#3164 = DIRECTION('',(0.,0.,1.));
#3165 = ORIENTED_EDGE('',*,*,#3166,.T.);
#3166 = EDGE_CURVE('',#3159,#3128,#3167,.T.);
#3167 = CIRCLE('',#3168,0.5);
#3168 = AXIS2_PLACEMENT_3D('',#3169,#3170,#3171);
#3169 = CARTESIAN_POINT('',(-6.5,-6.5,3.));
#3170 = DIRECTION('',(0.,0.,1.));
#3171 = DIRECTION('',(1.,0.,0.));
#3172 = ORIENTED_EDGE('',*,*,#3127,.F.);
#3173 = ORIENTED_EDGE('',*,*,#1797,.F.);
#3174 = CYLINDRICAL_SURFACE('',#3175,0.5);
#3175 = AXIS2_PLACEMENT_3D('',#3176,#3177,#3178);
#3176 = CARTESIAN_POINT('',(-6.5,-6.5,0.));
#3177 = DIRECTION('',(-0.,-0.,-1.));
#3178 = DIRECTION('',(1.,0.,0.));
#3179 = ADVANCED_FACE('',(#3180),#3199,.F.);
#3180 = FACE_BOUND('',#3181,.T.);
#3181 = EDGE_LOOP('',(#3182,#3183,#3192,#3198));
#3182 = ORIENTED_EDGE('',*,*,#3143,.T.);
#3183 = ORIENTED_EDGE('',*,*,#3184,.T.);
#3184 = EDGE_CURVE('',#3136,#3185,#3187,.T.);
#3185 = VERTEX_POINT('',#3186);
#3186 = CARTESIAN_POINT('',(7.,-6.5,3.));
#3187 = CIRCLE('',#3188,0.5);
#3188 = AXIS2_PLACEMENT_3D('',#3189,#3190,#3191);
#3189 = CARTESIAN_POINT('',(6.5,-6.5,3.));
#3190 = DIRECTION('',(0.,0.,1.));
#3191 = DIRECTION('',(1.,0.,0.));
#3192 = ORIENTED_EDGE('',*,*,#3193,.F.);
#3193 = EDGE_CURVE('',#1841,#3185,#3194,.T.);
#3194 = LINE('',#3195,#3196);
#3195 = CARTESIAN_POINT('',(7.,-6.5,0.));
#3196 = VECTOR('',#3197,1.);
#3197 = DIRECTION('',(0.,0.,1.));
#3198 = ORIENTED_EDGE('',*,*,#1848,.F.);
#3199 = CYLINDRICAL_SURFACE('',#3200,0.5);
#3200 = AXIS2_PLACEMENT_3D('',#3201,#3202,#3203);
#3201 = CARTESIAN_POINT('',(6.5,-6.5,0.));
#3202 = DIRECTION('',(-0.,-0.,-1.));
#3203 = DIRECTION('',(1.,0.,0.));
#3204 = ADVANCED_FACE('',(#3205),#3223,.T.);
#3205 = FACE_BOUND('',#3206,.T.);
#3206 = EDGE_LOOP('',(#3207,#3215,#3221,#3222));
#3207 = ORIENTED_EDGE('',*,*,#3208,.T.);
#3208 = EDGE_CURVE('',#1807,#3209,#3211,.T.);
#3209 = VERTEX_POINT('',#3210);
#3210 = CARTESIAN_POINT('',(-7.,6.5,3.));
#3211 = LINE('',#3212,#3213);
#3212 = CARTESIAN_POINT('',(-7.,6.5,0.));
#3213 = VECTOR('',#3214,1.);
#3214 = DIRECTION('',(0.,0.,1.));
#3215 = ORIENTED_EDGE('',*,*,#3216,.T.);
#3216 = EDGE_CURVE('',#3209,#3159,#3217,.T.);
#3217 = LINE('',#3218,#3219);
#3218 = CARTESIAN_POINT('',(-7.,6.5,3.));
#3219 = VECTOR('',#3220,1.);
#3220 = DIRECTION('',(0.,-1.,0.));
#3221 = ORIENTED_EDGE('',*,*,#3158,.F.);
#3222 = ORIENTED_EDGE('',*,*,#1806,.F.);
#3223 = PLANE('',#3224);
#3224 = AXIS2_PLACEMENT_3D('',#3225,#3226,#3227);
#3225 = CARTESIAN_POINT('',(-7.,6.5,0.));
#3226 = DIRECTION('',(1.,0.,0.));
#3227 = DIRECTION('',(0.,-1.,0.));
#3228 = ADVANCED_FACE('',(#3229),#3247,.T.);
#3229 = FACE_BOUND('',#3230,.T.);
#3230 = EDGE_LOOP('',(#3231,#3232,#3240,#3246));
#3231 = ORIENTED_EDGE('',*,*,#3193,.T.);
#3232 = ORIENTED_EDGE('',*,*,#3233,.T.);
#3233 = EDGE_CURVE('',#3185,#3234,#3236,.T.);
#3234 = VERTEX_POINT('',#3235);
#3235 = CARTESIAN_POINT('',(7.,6.5,3.));
#3236 = LINE('',#3237,#3238);
#3237 = CARTESIAN_POINT('',(7.,-6.5,3.));
#3238 = VECTOR('',#3239,1.);
#3239 = DIRECTION('',(0.,1.,0.));
#3240 = ORIENTED_EDGE('',*,*,#3241,.F.);
#3241 = EDGE_CURVE('',#1832,#3234,#3242,.T.);
#3242 = LINE('',#3243,#3244);
#3243 = CARTESIAN_POINT('',(7.,6.5,0.));
#3244 = VECTOR('',#3245,1.);
#3245 = DIRECTION('',(0.,0.,1.));
#3246 = ORIENTED_EDGE('',*,*,#1840,.F.);
#3247 = PLANE('',#3248);
#3248 = AXIS2_PLACEMENT_3D('',#3249,#3250,#3251);
#3249 = CARTESIAN_POINT('',(7.,-6.5,0.));
#3250 = DIRECTION('',(-1.,0.,0.));
#3251 = DIRECTION('',(0.,1.,0.));
#3252 = ADVANCED_FACE('',(#3253),#3272,.F.);
#3253 = FACE_BOUND('',#3254,.T.);
#3254 = EDGE_LOOP('',(#3255,#3263,#3270,#3271));
#3255 = ORIENTED_EDGE('',*,*,#3256,.T.);
#3256 = EDGE_CURVE('',#1815,#3257,#3259,.T.);
#3257 = VERTEX_POINT('',#3258);
#3258 = CARTESIAN_POINT('',(-6.5,7.,3.));
#3259 = LINE('',#3260,#3261);
#3260 = CARTESIAN_POINT('',(-6.5,7.,0.));
#3261 = VECTOR('',#3262,1.);
#3262 = DIRECTION('',(0.,0.,1.));
#3263 = ORIENTED_EDGE('',*,*,#3264,.T.);
#3264 = EDGE_CURVE('',#3257,#3209,#3265,.T.);
#3265 = CIRCLE('',#3266,0.5);
#3266 = AXIS2_PLACEMENT_3D('',#3267,#3268,#3269);
#3267 = CARTESIAN_POINT('',(-6.5,6.5,3.));
#3268 = DIRECTION('',(0.,0.,1.));
#3269 = DIRECTION('',(1.,0.,0.));
#3270 = ORIENTED_EDGE('',*,*,#3208,.F.);
#3271 = ORIENTED_EDGE('',*,*,#1814,.F.);
#3272 = CYLINDRICAL_SURFACE('',#3273,0.5);
#3273 = AXIS2_PLACEMENT_3D('',#3274,#3275,#3276);
#3274 = CARTESIAN_POINT('',(-6.5,6.5,0.));
#3275 = DIRECTION('',(-0.,-0.,-1.));
#3276 = DIRECTION('',(1.,0.,0.));
#3277 = ADVANCED_FACE('',(#3278),#3297,.F.);
#3278 = FACE_BOUND('',#3279,.T.);
#3279 = EDGE_LOOP('',(#3280,#3281,#3290,#3296));
#3280 = ORIENTED_EDGE('',*,*,#3241,.T.);
#3281 = ORIENTED_EDGE('',*,*,#3282,.T.);
#3282 = EDGE_CURVE('',#3234,#3283,#3285,.T.);
#3283 = VERTEX_POINT('',#3284);
#3284 = CARTESIAN_POINT('',(6.5,7.,3.));
#3285 = CIRCLE('',#3286,0.5);
#3286 = AXIS2_PLACEMENT_3D('',#3287,#3288,#3289);
#3287 = CARTESIAN_POINT('',(6.5,6.5,3.));
#3288 = DIRECTION('',(0.,0.,1.));
#3289 = DIRECTION('',(1.,0.,0.));
#3290 = ORIENTED_EDGE('',*,*,#3291,.F.);
#3291 = EDGE_CURVE('',#1824,#3283,#3292,.T.);
#3292 = LINE('',#3293,#3294);
#3293 = CARTESIAN_POINT('',(6.5,7.,0.));
#3294 = VECTOR('',#3295,1.);
#3295 = DIRECTION('',(0.,0.,1.));
#3296 = ORIENTED_EDGE('',*,*,#1831,.F.);
#3297 = CYLINDRICAL_SURFACE('',#3298,0.5);
#3298 = AXIS2_PLACEMENT_3D('',#3299,#3300,#3301);
#3299 = CARTESIAN_POINT('',(6.5,6.5,0.));
#3300 = DIRECTION('',(-0.,-0.,-1.));
#3301 = DIRECTION('',(1.,0.,0.));
#3302 = ADVANCED_FACE('',(#3303),#3314,.T.);
#3303 = FACE_BOUND('',#3304,.T.);
#3304 = EDGE_LOOP('',(#3305,#3306,#3312,#3313));
#3305 = ORIENTED_EDGE('',*,*,#3291,.T.);
#3306 = ORIENTED_EDGE('',*,*,#3307,.T.);
#3307 = EDGE_CURVE('',#3283,#3257,#3308,.T.);
#3308 = LINE('',#3309,#3310);
#3309 = CARTESIAN_POINT('',(6.5,7.,3.));
#3310 = VECTOR('',#3311,1.);
#3311 = DIRECTION('',(-1.,0.,0.));
#3312 = ORIENTED_EDGE('',*,*,#3256,.F.);
#3313 = ORIENTED_EDGE('',*,*,#1823,.F.);
#3314 = PLANE('',#3315);
#3315 = AXIS2_PLACEMENT_3D('',#3316,#3317,#3318);
#3316 = CARTESIAN_POINT('',(6.5,7.,0.));
#3317 = DIRECTION('',(0.,-1.,0.));
#3318 = DIRECTION('',(-1.,0.,0.));
#3319 = ADVANCED_FACE('',(#3320),#3338,.F.);
#3320 = FACE_BOUND('',#3321,.T.);
#3321 = EDGE_LOOP('',(#3322,#3331,#3336,#3337));
#3322 = ORIENTED_EDGE('',*,*,#3323,.T.);
#3323 = EDGE_CURVE('',#3324,#3324,#3326,.T.);
#3324 = VERTEX_POINT('',#3325);
#3325 = CARTESIAN_POINT('',(46.75,-45.,6.));
#3326 = CIRCLE('',#3327,1.75);
#3327 = AXIS2_PLACEMENT_3D('',#3328,#3329,#3330);
#3328 = CARTESIAN_POINT('',(45.,-45.,6.));
#3329 = DIRECTION('',(0.,0.,1.));
#3330 = DIRECTION('',(1.,0.,0.));
#3331 = ORIENTED_EDGE('',*,*,#3332,.T.);
#3332 = EDGE_CURVE('',#3324,#1858,#3333,.T.);
#3333 = B_SPLINE_CURVE_WITH_KNOTS('',1,(#3334,#3335),.UNSPECIFIED.,.F.,
  .F.,(2,2),(-6.,0.),.PIECEWISE_BEZIER_KNOTS.);
#3334 = CARTESIAN_POINT('',(46.75,-45.,6.));
#3335 = CARTESIAN_POINT('',(46.75,-45.,0.));
#3336 = ORIENTED_EDGE('',*,*,#1857,.F.);
#3337 = ORIENTED_EDGE('',*,*,#3332,.F.);
#3338 = CYLINDRICAL_SURFACE('',#3339,1.75);
#3339 = AXIS2_PLACEMENT_3D('',#3340,#3341,#3342);
#3340 = CARTESIAN_POINT('',(45.,-45.,0.));
#3341 = DIRECTION('',(-0.,-0.,-1.));
#3342 = DIRECTION('',(1.,0.,0.));
#3343 = ADVANCED_FACE('',(#3344),#3369,.T.);
#3344 = FACE_BOUND('',#3345,.T.);
#3345 = EDGE_LOOP('',(#3346,#3354,#3362,#3368));
#3346 = ORIENTED_EDGE('',*,*,#3347,.T.);
#3347 = EDGE_CURVE('',#1869,#3348,#3350,.T.);
#3348 = VERTEX_POINT('',#3349);
#3349 = CARTESIAN_POINT('',(25.55,-12.05,3.));
#3350 = LINE('',#3351,#3352);
#3351 = CARTESIAN_POINT('',(25.55,-12.05,0.));
#3352 = VECTOR('',#3353,1.);
#3353 = DIRECTION('',(0.,0.,1.));
#3354 = ORIENTED_EDGE('',*,*,#3355,.T.);
#3355 = EDGE_CURVE('',#3348,#3356,#3358,.T.);
#3356 = VERTEX_POINT('',#3357);
#3357 = CARTESIAN_POINT('',(12.55,-12.05,3.));
#3358 = LINE('',#3359,#3360);
#3359 = CARTESIAN_POINT('',(25.55,-12.05,3.));
#3360 = VECTOR('',#3361,1.);
#3361 = DIRECTION('',(-1.,0.,0.));
#3362 = ORIENTED_EDGE('',*,*,#3363,.F.);
#3363 = EDGE_CURVE('',#1871,#3356,#3364,.T.);
#3364 = LINE('',#3365,#3366);
#3365 = CARTESIAN_POINT('',(12.55,-12.05,0.));
#3366 = VECTOR('',#3367,1.);
#3367 = DIRECTION('',(0.,0.,1.));
#3368 = ORIENTED_EDGE('',*,*,#1868,.F.);
#3369 = PLANE('',#3370);
#3370 = AXIS2_PLACEMENT_3D('',#3371,#3372,#3373);
#3371 = CARTESIAN_POINT('',(25.55,-12.05,0.));
#3372 = DIRECTION('',(0.,-1.,0.));
#3373 = DIRECTION('',(-1.,0.,0.));
#3374 = ADVANCED_FACE('',(#3375),#3394,.F.);
#3375 = FACE_BOUND('',#3376,.T.);
#3376 = EDGE_LOOP('',(#3377,#3385,#3392,#3393));
#3377 = ORIENTED_EDGE('',*,*,#3378,.T.);
#3378 = EDGE_CURVE('',#1879,#3379,#3381,.T.);
#3379 = VERTEX_POINT('',#3380);
#3380 = CARTESIAN_POINT('',(26.05,-12.55,3.));
#3381 = LINE('',#3382,#3383);
#3382 = CARTESIAN_POINT('',(26.05,-12.55,0.));
#3383 = VECTOR('',#3384,1.);
#3384 = DIRECTION('',(0.,0.,1.));
#3385 = ORIENTED_EDGE('',*,*,#3386,.T.);
#3386 = EDGE_CURVE('',#3379,#3348,#3387,.T.);
#3387 = CIRCLE('',#3388,0.5);
#3388 = AXIS2_PLACEMENT_3D('',#3389,#3390,#3391);
#3389 = CARTESIAN_POINT('',(25.55,-12.55,3.));
#3390 = DIRECTION('',(0.,0.,1.));
#3391 = DIRECTION('',(1.,0.,0.));
#3392 = ORIENTED_EDGE('',*,*,#3347,.F.);
#3393 = ORIENTED_EDGE('',*,*,#1878,.F.);
#3394 = CYLINDRICAL_SURFACE('',#3395,0.5);
#3395 = AXIS2_PLACEMENT_3D('',#3396,#3397,#3398);
#3396 = CARTESIAN_POINT('',(25.55,-12.55,0.));
#3397 = DIRECTION('',(-0.,-0.,-1.));
#3398 = DIRECTION('',(1.,0.,0.));
#3399 = ADVANCED_FACE('',(#3400),#3419,.F.);
#3400 = FACE_BOUND('',#3401,.T.);
#3401 = EDGE_LOOP('',(#3402,#3403,#3412,#3418));
#3402 = ORIENTED_EDGE('',*,*,#3363,.T.);
#3403 = ORIENTED_EDGE('',*,*,#3404,.T.);
#3404 = EDGE_CURVE('',#3356,#3405,#3407,.T.);
#3405 = VERTEX_POINT('',#3406);
#3406 = CARTESIAN_POINT('',(12.05,-12.55,3.));
#3407 = CIRCLE('',#3408,0.5);
#3408 = AXIS2_PLACEMENT_3D('',#3409,#3410,#3411);
#3409 = CARTESIAN_POINT('',(12.55,-12.55,3.));
#3410 = DIRECTION('',(0.,0.,1.));
#3411 = DIRECTION('',(1.,0.,0.));
#3412 = ORIENTED_EDGE('',*,*,#3413,.F.);
#3413 = EDGE_CURVE('',#1922,#3405,#3414,.T.);
#3414 = LINE('',#3415,#3416);
#3415 = CARTESIAN_POINT('',(12.05,-12.55,0.));
#3416 = VECTOR('',#3417,1.);
#3417 = DIRECTION('',(0.,0.,1.));
#3418 = ORIENTED_EDGE('',*,*,#1929,.F.);
#3419 = CYLINDRICAL_SURFACE('',#3420,0.5);
#3420 = AXIS2_PLACEMENT_3D('',#3421,#3422,#3423);
#3421 = CARTESIAN_POINT('',(12.55,-12.55,0.));
#3422 = DIRECTION('',(-0.,-0.,-1.));
#3423 = DIRECTION('',(1.,0.,0.));
#3424 = ADVANCED_FACE('',(#3425),#3443,.T.);
#3425 = FACE_BOUND('',#3426,.T.);
#3426 = EDGE_LOOP('',(#3427,#3435,#3441,#3442));
#3427 = ORIENTED_EDGE('',*,*,#3428,.T.);
#3428 = EDGE_CURVE('',#1888,#3429,#3431,.T.);
#3429 = VERTEX_POINT('',#3430);
#3430 = CARTESIAN_POINT('',(26.05,-25.55,3.));
#3431 = LINE('',#3432,#3433);
#3432 = CARTESIAN_POINT('',(26.05,-25.55,0.));
#3433 = VECTOR('',#3434,1.);
#3434 = DIRECTION('',(0.,0.,1.));
#3435 = ORIENTED_EDGE('',*,*,#3436,.T.);
#3436 = EDGE_CURVE('',#3429,#3379,#3437,.T.);
#3437 = LINE('',#3438,#3439);
#3438 = CARTESIAN_POINT('',(26.05,-25.55,3.));
#3439 = VECTOR('',#3440,1.);
#3440 = DIRECTION('',(0.,1.,0.));
#3441 = ORIENTED_EDGE('',*,*,#3378,.F.);
#3442 = ORIENTED_EDGE('',*,*,#1887,.F.);
#3443 = PLANE('',#3444);
#3444 = AXIS2_PLACEMENT_3D('',#3445,#3446,#3447);
#3445 = CARTESIAN_POINT('',(26.05,-25.55,0.));
#3446 = DIRECTION('',(-1.,0.,0.));
#3447 = DIRECTION('',(0.,1.,0.));
#3448 = ADVANCED_FACE('',(#3449),#3467,.T.);
#3449 = FACE_BOUND('',#3450,.T.);
#3450 = EDGE_LOOP('',(#3451,#3452,#3460,#3466));
#3451 = ORIENTED_EDGE('',*,*,#3413,.T.);
#3452 = ORIENTED_EDGE('',*,*,#3453,.T.);
#3453 = EDGE_CURVE('',#3405,#3454,#3456,.T.);
#3454 = VERTEX_POINT('',#3455);
#3455 = CARTESIAN_POINT('',(12.05,-25.55,3.));
#3456 = LINE('',#3457,#3458);
#3457 = CARTESIAN_POINT('',(12.05,-12.55,3.));
#3458 = VECTOR('',#3459,1.);
#3459 = DIRECTION('',(0.,-1.,0.));
#3460 = ORIENTED_EDGE('',*,*,#3461,.F.);
#3461 = EDGE_CURVE('',#1913,#3454,#3462,.T.);
#3462 = LINE('',#3463,#3464);
#3463 = CARTESIAN_POINT('',(12.05,-25.55,0.));
#3464 = VECTOR('',#3465,1.);
#3465 = DIRECTION('',(0.,0.,1.));
#3466 = ORIENTED_EDGE('',*,*,#1921,.F.);
#3467 = PLANE('',#3468);
#3468 = AXIS2_PLACEMENT_3D('',#3469,#3470,#3471);
#3469 = CARTESIAN_POINT('',(12.05,-12.55,0.));
#3470 = DIRECTION('',(1.,0.,0.));
#3471 = DIRECTION('',(0.,-1.,0.));
#3472 = ADVANCED_FACE('',(#3473),#3492,.F.);
#3473 = FACE_BOUND('',#3474,.T.);
#3474 = EDGE_LOOP('',(#3475,#3483,#3490,#3491));
#3475 = ORIENTED_EDGE('',*,*,#3476,.T.);
#3476 = EDGE_CURVE('',#1896,#3477,#3479,.T.);
#3477 = VERTEX_POINT('',#3478);
#3478 = CARTESIAN_POINT('',(25.55,-26.05,3.));
#3479 = LINE('',#3480,#3481);
#3480 = CARTESIAN_POINT('',(25.55,-26.05,0.));
#3481 = VECTOR('',#3482,1.);
#3482 = DIRECTION('',(0.,0.,1.));
#3483 = ORIENTED_EDGE('',*,*,#3484,.T.);
#3484 = EDGE_CURVE('',#3477,#3429,#3485,.T.);
#3485 = CIRCLE('',#3486,0.5);
#3486 = AXIS2_PLACEMENT_3D('',#3487,#3488,#3489);
#3487 = CARTESIAN_POINT('',(25.55,-25.55,3.));
#3488 = DIRECTION('',(0.,0.,1.));
#3489 = DIRECTION('',(1.,0.,0.));
#3490 = ORIENTED_EDGE('',*,*,#3428,.F.);
#3491 = ORIENTED_EDGE('',*,*,#1895,.F.);
#3492 = CYLINDRICAL_SURFACE('',#3493,0.5);
#3493 = AXIS2_PLACEMENT_3D('',#3494,#3495,#3496);
#3494 = CARTESIAN_POINT('',(25.55,-25.55,0.));
#3495 = DIRECTION('',(-0.,-0.,-1.));
#3496 = DIRECTION('',(1.,0.,0.));
#3497 = ADVANCED_FACE('',(#3498),#3517,.F.);
#3498 = FACE_BOUND('',#3499,.T.);
#3499 = EDGE_LOOP('',(#3500,#3501,#3510,#3516));
#3500 = ORIENTED_EDGE('',*,*,#3461,.T.);
#3501 = ORIENTED_EDGE('',*,*,#3502,.T.);
#3502 = EDGE_CURVE('',#3454,#3503,#3505,.T.);
#3503 = VERTEX_POINT('',#3504);
#3504 = CARTESIAN_POINT('',(12.55,-26.05,3.));
#3505 = CIRCLE('',#3506,0.5);
#3506 = AXIS2_PLACEMENT_3D('',#3507,#3508,#3509);
#3507 = CARTESIAN_POINT('',(12.55,-25.55,3.));
#3508 = DIRECTION('',(0.,0.,1.));
#3509 = DIRECTION('',(1.,0.,0.));
#3510 = ORIENTED_EDGE('',*,*,#3511,.F.);
#3511 = EDGE_CURVE('',#1905,#3503,#3512,.T.);
#3512 = LINE('',#3513,#3514);
#3513 = CARTESIAN_POINT('',(12.55,-26.05,0.));
#3514 = VECTOR('',#3515,1.);
#3515 = DIRECTION('',(0.,0.,1.));
#3516 = ORIENTED_EDGE('',*,*,#1912,.F.);
#3517 = CYLINDRICAL_SURFACE('',#3518,0.5);
#3518 = AXIS2_PLACEMENT_3D('',#3519,#3520,#3521);
#3519 = CARTESIAN_POINT('',(12.55,-25.55,0.));
#3520 = DIRECTION('',(-0.,-0.,-1.));
#3521 = DIRECTION('',(1.,0.,0.));
#3522 = ADVANCED_FACE('',(#3523),#3534,.T.);
#3523 = FACE_BOUND('',#3524,.T.);
#3524 = EDGE_LOOP('',(#3525,#3526,#3532,#3533));
#3525 = ORIENTED_EDGE('',*,*,#3511,.T.);
#3526 = ORIENTED_EDGE('',*,*,#3527,.T.);
#3527 = EDGE_CURVE('',#3503,#3477,#3528,.T.);
#3528 = LINE('',#3529,#3530);
#3529 = CARTESIAN_POINT('',(12.55,-26.05,3.));
#3530 = VECTOR('',#3531,1.);
#3531 = DIRECTION('',(1.,0.,0.));
#3532 = ORIENTED_EDGE('',*,*,#3476,.F.);
#3533 = ORIENTED_EDGE('',*,*,#1904,.F.);
#3534 = PLANE('',#3535);
#3535 = AXIS2_PLACEMENT_3D('',#3536,#3537,#3538);
#3536 = CARTESIAN_POINT('',(12.55,-26.05,0.));
#3537 = DIRECTION('',(0.,1.,0.));
#3538 = DIRECTION('',(1.,0.,0.));
#3539 = ADVANCED_FACE('',(#3540),#3565,.T.);
#3540 = FACE_BOUND('',#3541,.T.);
#3541 = EDGE_LOOP('',(#3542,#3550,#3558,#3564));
#3542 = ORIENTED_EDGE('',*,*,#3543,.T.);
#3543 = EDGE_CURVE('',#1939,#3544,#3546,.T.);
#3544 = VERTEX_POINT('',#3545);
#3545 = CARTESIAN_POINT('',(12.55,-7.,3.));
#3546 = LINE('',#3547,#3548);
#3547 = CARTESIAN_POINT('',(12.55,-7.,0.));
#3548 = VECTOR('',#3549,1.);
#3549 = DIRECTION('',(0.,0.,1.));
#3550 = ORIENTED_EDGE('',*,*,#3551,.T.);
#3551 = EDGE_CURVE('',#3544,#3552,#3554,.T.);
#3552 = VERTEX_POINT('',#3553);
#3553 = CARTESIAN_POINT('',(25.55,-7.,3.));
#3554 = LINE('',#3555,#3556);
#3555 = CARTESIAN_POINT('',(12.55,-7.,3.));
#3556 = VECTOR('',#3557,1.);
#3557 = DIRECTION('',(1.,0.,0.));
#3558 = ORIENTED_EDGE('',*,*,#3559,.F.);
#3559 = EDGE_CURVE('',#1941,#3552,#3560,.T.);
#3560 = LINE('',#3561,#3562);
#3561 = CARTESIAN_POINT('',(25.55,-7.,0.));
#3562 = VECTOR('',#3563,1.);
#3563 = DIRECTION('',(0.,0.,1.));
#3564 = ORIENTED_EDGE('',*,*,#1938,.F.);
#3565 = PLANE('',#3566);
#3566 = AXIS2_PLACEMENT_3D('',#3567,#3568,#3569);
#3567 = CARTESIAN_POINT('',(12.55,-7.,0.));
#3568 = DIRECTION('',(0.,1.,0.));
#3569 = DIRECTION('',(1.,0.,0.));
#3570 = ADVANCED_FACE('',(#3571),#3590,.F.);
#3571 = FACE_BOUND('',#3572,.T.);
#3572 = EDGE_LOOP('',(#3573,#3581,#3588,#3589));
#3573 = ORIENTED_EDGE('',*,*,#3574,.T.);
#3574 = EDGE_CURVE('',#1949,#3575,#3577,.T.);
#3575 = VERTEX_POINT('',#3576);
#3576 = CARTESIAN_POINT('',(12.05,-6.5,3.));
#3577 = LINE('',#3578,#3579);
#3578 = CARTESIAN_POINT('',(12.05,-6.5,0.));
#3579 = VECTOR('',#3580,1.);
#3580 = DIRECTION('',(0.,0.,1.));
#3581 = ORIENTED_EDGE('',*,*,#3582,.T.);
#3582 = EDGE_CURVE('',#3575,#3544,#3583,.T.);
#3583 = CIRCLE('',#3584,0.5);
#3584 = AXIS2_PLACEMENT_3D('',#3585,#3586,#3587);
#3585 = CARTESIAN_POINT('',(12.55,-6.5,3.));
#3586 = DIRECTION('',(0.,0.,1.));
#3587 = DIRECTION('',(1.,0.,0.));
#3588 = ORIENTED_EDGE('',*,*,#3543,.F.);
#3589 = ORIENTED_EDGE('',*,*,#1948,.F.);
#3590 = CYLINDRICAL_SURFACE('',#3591,0.5);
#3591 = AXIS2_PLACEMENT_3D('',#3592,#3593,#3594);
#3592 = CARTESIAN_POINT('',(12.55,-6.5,0.));
#3593 = DIRECTION('',(-0.,-0.,-1.));
#3594 = DIRECTION('',(1.,0.,0.));
#3595 = ADVANCED_FACE('',(#3596),#3615,.F.);
#3596 = FACE_BOUND('',#3597,.T.);
#3597 = EDGE_LOOP('',(#3598,#3599,#3608,#3614));
#3598 = ORIENTED_EDGE('',*,*,#3559,.T.);
#3599 = ORIENTED_EDGE('',*,*,#3600,.T.);
#3600 = EDGE_CURVE('',#3552,#3601,#3603,.T.);
#3601 = VERTEX_POINT('',#3602);
#3602 = CARTESIAN_POINT('',(26.05,-6.5,3.));
#3603 = CIRCLE('',#3604,0.5);
#3604 = AXIS2_PLACEMENT_3D('',#3605,#3606,#3607);
#3605 = CARTESIAN_POINT('',(25.55,-6.5,3.));
#3606 = DIRECTION('',(0.,0.,1.));
#3607 = DIRECTION('',(1.,0.,0.));
#3608 = ORIENTED_EDGE('',*,*,#3609,.F.);
#3609 = EDGE_CURVE('',#1992,#3601,#3610,.T.);
#3610 = LINE('',#3611,#3612);
#3611 = CARTESIAN_POINT('',(26.05,-6.5,0.));
#3612 = VECTOR('',#3613,1.);
#3613 = DIRECTION('',(0.,0.,1.));
#3614 = ORIENTED_EDGE('',*,*,#1999,.F.);
#3615 = CYLINDRICAL_SURFACE('',#3616,0.5);
#3616 = AXIS2_PLACEMENT_3D('',#3617,#3618,#3619);
#3617 = CARTESIAN_POINT('',(25.55,-6.5,0.));
#3618 = DIRECTION('',(-0.,-0.,-1.));
#3619 = DIRECTION('',(1.,0.,0.));
#3620 = ADVANCED_FACE('',(#3621),#3639,.T.);
#3621 = FACE_BOUND('',#3622,.T.);
#3622 = EDGE_LOOP('',(#3623,#3631,#3637,#3638));
#3623 = ORIENTED_EDGE('',*,*,#3624,.T.);
#3624 = EDGE_CURVE('',#1958,#3625,#3627,.T.);
#3625 = VERTEX_POINT('',#3626);
#3626 = CARTESIAN_POINT('',(12.05,6.5,3.));
#3627 = LINE('',#3628,#3629);
#3628 = CARTESIAN_POINT('',(12.05,6.5,0.));
#3629 = VECTOR('',#3630,1.);
#3630 = DIRECTION('',(0.,0.,1.));
#3631 = ORIENTED_EDGE('',*,*,#3632,.T.);
#3632 = EDGE_CURVE('',#3625,#3575,#3633,.T.);
#3633 = LINE('',#3634,#3635);
#3634 = CARTESIAN_POINT('',(12.05,6.5,3.));
#3635 = VECTOR('',#3636,1.);
#3636 = DIRECTION('',(0.,-1.,0.));
#3637 = ORIENTED_EDGE('',*,*,#3574,.F.);
#3638 = ORIENTED_EDGE('',*,*,#1957,.F.);
#3639 = PLANE('',#3640);
#3640 = AXIS2_PLACEMENT_3D('',#3641,#3642,#3643);
#3641 = CARTESIAN_POINT('',(12.05,6.5,0.));
#3642 = DIRECTION('',(1.,0.,0.));
#3643 = DIRECTION('',(0.,-1.,0.));
#3644 = ADVANCED_FACE('',(#3645),#3663,.T.);
#3645 = FACE_BOUND('',#3646,.T.);
#3646 = EDGE_LOOP('',(#3647,#3648,#3656,#3662));
#3647 = ORIENTED_EDGE('',*,*,#3609,.T.);
#3648 = ORIENTED_EDGE('',*,*,#3649,.T.);
#3649 = EDGE_CURVE('',#3601,#3650,#3652,.T.);
#3650 = VERTEX_POINT('',#3651);
#3651 = CARTESIAN_POINT('',(26.05,6.5,3.));
#3652 = LINE('',#3653,#3654);
#3653 = CARTESIAN_POINT('',(26.05,-6.5,3.));
#3654 = VECTOR('',#3655,1.);
#3655 = DIRECTION('',(0.,1.,0.));
#3656 = ORIENTED_EDGE('',*,*,#3657,.F.);
#3657 = EDGE_CURVE('',#1983,#3650,#3658,.T.);
#3658 = LINE('',#3659,#3660);
#3659 = CARTESIAN_POINT('',(26.05,6.5,0.));
#3660 = VECTOR('',#3661,1.);
#3661 = DIRECTION('',(0.,0.,1.));
#3662 = ORIENTED_EDGE('',*,*,#1991,.F.);
#3663 = PLANE('',#3664);
#3664 = AXIS2_PLACEMENT_3D('',#3665,#3666,#3667);
#3665 = CARTESIAN_POINT('',(26.05,-6.5,0.));
#3666 = DIRECTION('',(-1.,0.,0.));
#3667 = DIRECTION('',(0.,1.,0.));
#3668 = ADVANCED_FACE('',(#3669),#3688,.F.);
#3669 = FACE_BOUND('',#3670,.T.);
#3670 = EDGE_LOOP('',(#3671,#3679,#3686,#3687));
#3671 = ORIENTED_EDGE('',*,*,#3672,.T.);
#3672 = EDGE_CURVE('',#1966,#3673,#3675,.T.);
#3673 = VERTEX_POINT('',#3674);
#3674 = CARTESIAN_POINT('',(12.55,7.,3.));
#3675 = LINE('',#3676,#3677);
#3676 = CARTESIAN_POINT('',(12.55,7.,0.));
#3677 = VECTOR('',#3678,1.);
#3678 = DIRECTION('',(0.,0.,1.));
#3679 = ORIENTED_EDGE('',*,*,#3680,.T.);
#3680 = EDGE_CURVE('',#3673,#3625,#3681,.T.);
#3681 = CIRCLE('',#3682,0.5);
#3682 = AXIS2_PLACEMENT_3D('',#3683,#3684,#3685);
#3683 = CARTESIAN_POINT('',(12.55,6.5,3.));
#3684 = DIRECTION('',(0.,0.,1.));
#3685 = DIRECTION('',(1.,0.,0.));
#3686 = ORIENTED_EDGE('',*,*,#3624,.F.);
#3687 = ORIENTED_EDGE('',*,*,#1965,.F.);
#3688 = CYLINDRICAL_SURFACE('',#3689,0.5);
#3689 = AXIS2_PLACEMENT_3D('',#3690,#3691,#3692);
#3690 = CARTESIAN_POINT('',(12.55,6.5,0.));
#3691 = DIRECTION('',(-0.,-0.,-1.));
#3692 = DIRECTION('',(1.,0.,0.));
#3693 = ADVANCED_FACE('',(#3694),#3713,.F.);
#3694 = FACE_BOUND('',#3695,.T.);
#3695 = EDGE_LOOP('',(#3696,#3697,#3706,#3712));
#3696 = ORIENTED_EDGE('',*,*,#3657,.T.);
#3697 = ORIENTED_EDGE('',*,*,#3698,.T.);
#3698 = EDGE_CURVE('',#3650,#3699,#3701,.T.);
#3699 = VERTEX_POINT('',#3700);
#3700 = CARTESIAN_POINT('',(25.55,7.,3.));
#3701 = CIRCLE('',#3702,0.5);
#3702 = AXIS2_PLACEMENT_3D('',#3703,#3704,#3705);
#3703 = CARTESIAN_POINT('',(25.55,6.5,3.));
#3704 = DIRECTION('',(0.,0.,1.));
#3705 = DIRECTION('',(1.,0.,0.));
#3706 = ORIENTED_EDGE('',*,*,#3707,.F.);
#3707 = EDGE_CURVE('',#1975,#3699,#3708,.T.);
#3708 = LINE('',#3709,#3710);
#3709 = CARTESIAN_POINT('',(25.55,7.,0.));
#3710 = VECTOR('',#3711,1.);
#3711 = DIRECTION('',(0.,0.,1.));
#3712 = ORIENTED_EDGE('',*,*,#1982,.F.);
#3713 = CYLINDRICAL_SURFACE('',#3714,0.5);
#3714 = AXIS2_PLACEMENT_3D('',#3715,#3716,#3717);
#3715 = CARTESIAN_POINT('',(25.55,6.5,0.));
#3716 = DIRECTION('',(-0.,-0.,-1.));
#3717 = DIRECTION('',(1.,0.,0.));
#3718 = ADVANCED_FACE('',(#3719),#3730,.T.);
#3719 = FACE_BOUND('',#3720,.T.);
#3720 = EDGE_LOOP('',(#3721,#3722,#3728,#3729));
#3721 = ORIENTED_EDGE('',*,*,#3707,.T.);
#3722 = ORIENTED_EDGE('',*,*,#3723,.T.);
#3723 = EDGE_CURVE('',#3699,#3673,#3724,.T.);
#3724 = LINE('',#3725,#3726);
#3725 = CARTESIAN_POINT('',(25.55,7.,3.));
#3726 = VECTOR('',#3727,1.);
#3727 = DIRECTION('',(-1.,0.,0.));
#3728 = ORIENTED_EDGE('',*,*,#3672,.F.);
#3729 = ORIENTED_EDGE('',*,*,#1974,.F.);
#3730 = PLANE('',#3731);
#3731 = AXIS2_PLACEMENT_3D('',#3732,#3733,#3734);
#3732 = CARTESIAN_POINT('',(25.55,7.,0.));
#3733 = DIRECTION('',(0.,-1.,0.));
#3734 = DIRECTION('',(-1.,0.,0.));
#3735 = ADVANCED_FACE('',(#3736),#3761,.T.);
#3736 = FACE_BOUND('',#3737,.T.);
#3737 = EDGE_LOOP('',(#3738,#3746,#3754,#3760));
#3738 = ORIENTED_EDGE('',*,*,#3739,.T.);
#3739 = EDGE_CURVE('',#2009,#3740,#3742,.T.);
#3740 = VERTEX_POINT('',#3741);
#3741 = CARTESIAN_POINT('',(-25.55,12.05,3.));
#3742 = LINE('',#3743,#3744);
#3743 = CARTESIAN_POINT('',(-25.55,12.05,0.));
#3744 = VECTOR('',#3745,1.);
#3745 = DIRECTION('',(0.,0.,1.));
#3746 = ORIENTED_EDGE('',*,*,#3747,.T.);
#3747 = EDGE_CURVE('',#3740,#3748,#3750,.T.);
#3748 = VERTEX_POINT('',#3749);
#3749 = CARTESIAN_POINT('',(-12.55,12.05,3.));
#3750 = LINE('',#3751,#3752);
#3751 = CARTESIAN_POINT('',(-25.55,12.05,3.));
#3752 = VECTOR('',#3753,1.);
#3753 = DIRECTION('',(1.,0.,0.));
#3754 = ORIENTED_EDGE('',*,*,#3755,.F.);
#3755 = EDGE_CURVE('',#2011,#3748,#3756,.T.);
#3756 = LINE('',#3757,#3758);
#3757 = CARTESIAN_POINT('',(-12.55,12.05,0.));
#3758 = VECTOR('',#3759,1.);
#3759 = DIRECTION('',(0.,0.,1.));
#3760 = ORIENTED_EDGE('',*,*,#2008,.F.);
#3761 = PLANE('',#3762);
#3762 = AXIS2_PLACEMENT_3D('',#3763,#3764,#3765);
#3763 = CARTESIAN_POINT('',(-25.55,12.05,0.));
#3764 = DIRECTION('',(0.,1.,0.));
#3765 = DIRECTION('',(1.,0.,0.));
#3766 = ADVANCED_FACE('',(#3767),#3786,.F.);
#3767 = FACE_BOUND('',#3768,.T.);
#3768 = EDGE_LOOP('',(#3769,#3777,#3784,#3785));
#3769 = ORIENTED_EDGE('',*,*,#3770,.T.);
#3770 = EDGE_CURVE('',#2019,#3771,#3773,.T.);
#3771 = VERTEX_POINT('',#3772);
#3772 = CARTESIAN_POINT('',(-26.05,12.55,3.));
#3773 = LINE('',#3774,#3775);
#3774 = CARTESIAN_POINT('',(-26.05,12.55,0.));
#3775 = VECTOR('',#3776,1.);
#3776 = DIRECTION('',(0.,0.,1.));
#3777 = ORIENTED_EDGE('',*,*,#3778,.T.);
#3778 = EDGE_CURVE('',#3771,#3740,#3779,.T.);
#3779 = CIRCLE('',#3780,0.5);
#3780 = AXIS2_PLACEMENT_3D('',#3781,#3782,#3783);
#3781 = CARTESIAN_POINT('',(-25.55,12.55,3.));
#3782 = DIRECTION('',(0.,0.,1.));
#3783 = DIRECTION('',(1.,0.,0.));
#3784 = ORIENTED_EDGE('',*,*,#3739,.F.);
#3785 = ORIENTED_EDGE('',*,*,#2018,.F.);
#3786 = CYLINDRICAL_SURFACE('',#3787,0.5);
#3787 = AXIS2_PLACEMENT_3D('',#3788,#3789,#3790);
#3788 = CARTESIAN_POINT('',(-25.55,12.55,0.));
#3789 = DIRECTION('',(-0.,-0.,-1.));
#3790 = DIRECTION('',(1.,0.,0.));
#3791 = ADVANCED_FACE('',(#3792),#3811,.F.);
#3792 = FACE_BOUND('',#3793,.T.);
#3793 = EDGE_LOOP('',(#3794,#3795,#3804,#3810));
#3794 = ORIENTED_EDGE('',*,*,#3755,.T.);
#3795 = ORIENTED_EDGE('',*,*,#3796,.T.);
#3796 = EDGE_CURVE('',#3748,#3797,#3799,.T.);
#3797 = VERTEX_POINT('',#3798);
#3798 = CARTESIAN_POINT('',(-12.05,12.55,3.));
#3799 = CIRCLE('',#3800,0.5);
#3800 = AXIS2_PLACEMENT_3D('',#3801,#3802,#3803);
#3801 = CARTESIAN_POINT('',(-12.55,12.55,3.));
#3802 = DIRECTION('',(0.,0.,1.));
#3803 = DIRECTION('',(1.,0.,0.));
#3804 = ORIENTED_EDGE('',*,*,#3805,.F.);
#3805 = EDGE_CURVE('',#2062,#3797,#3806,.T.);
#3806 = LINE('',#3807,#3808);
#3807 = CARTESIAN_POINT('',(-12.05,12.55,0.));
#3808 = VECTOR('',#3809,1.);
#3809 = DIRECTION('',(0.,0.,1.));
#3810 = ORIENTED_EDGE('',*,*,#2069,.F.);
#3811 = CYLINDRICAL_SURFACE('',#3812,0.5);
#3812 = AXIS2_PLACEMENT_3D('',#3813,#3814,#3815);
#3813 = CARTESIAN_POINT('',(-12.55,12.55,0.));
#3814 = DIRECTION('',(-0.,-0.,-1.));
#3815 = DIRECTION('',(1.,0.,0.));
#3816 = ADVANCED_FACE('',(#3817),#3835,.T.);
#3817 = FACE_BOUND('',#3818,.T.);
#3818 = EDGE_LOOP('',(#3819,#3827,#3833,#3834));
#3819 = ORIENTED_EDGE('',*,*,#3820,.T.);
#3820 = EDGE_CURVE('',#2028,#3821,#3823,.T.);
#3821 = VERTEX_POINT('',#3822);
#3822 = CARTESIAN_POINT('',(-26.05,25.55,3.));
#3823 = LINE('',#3824,#3825);
#3824 = CARTESIAN_POINT('',(-26.05,25.55,0.));
#3825 = VECTOR('',#3826,1.);
#3826 = DIRECTION('',(0.,0.,1.));
#3827 = ORIENTED_EDGE('',*,*,#3828,.T.);
#3828 = EDGE_CURVE('',#3821,#3771,#3829,.T.);
#3829 = LINE('',#3830,#3831);
#3830 = CARTESIAN_POINT('',(-26.05,25.55,3.));
#3831 = VECTOR('',#3832,1.);
#3832 = DIRECTION('',(0.,-1.,0.));
#3833 = ORIENTED_EDGE('',*,*,#3770,.F.);
#3834 = ORIENTED_EDGE('',*,*,#2027,.F.);
#3835 = PLANE('',#3836);
#3836 = AXIS2_PLACEMENT_3D('',#3837,#3838,#3839);
#3837 = CARTESIAN_POINT('',(-26.05,25.55,0.));
#3838 = DIRECTION('',(1.,0.,0.));
#3839 = DIRECTION('',(0.,-1.,0.));
#3840 = ADVANCED_FACE('',(#3841),#3859,.T.);
#3841 = FACE_BOUND('',#3842,.T.);
#3842 = EDGE_LOOP('',(#3843,#3844,#3852,#3858));
#3843 = ORIENTED_EDGE('',*,*,#3805,.T.);
#3844 = ORIENTED_EDGE('',*,*,#3845,.T.);
#3845 = EDGE_CURVE('',#3797,#3846,#3848,.T.);
#3846 = VERTEX_POINT('',#3847);
#3847 = CARTESIAN_POINT('',(-12.05,25.55,3.));
#3848 = LINE('',#3849,#3850);
#3849 = CARTESIAN_POINT('',(-12.05,12.55,3.));
#3850 = VECTOR('',#3851,1.);
#3851 = DIRECTION('',(0.,1.,0.));
#3852 = ORIENTED_EDGE('',*,*,#3853,.F.);
#3853 = EDGE_CURVE('',#2053,#3846,#3854,.T.);
#3854 = LINE('',#3855,#3856);
#3855 = CARTESIAN_POINT('',(-12.05,25.55,0.));
#3856 = VECTOR('',#3857,1.);
#3857 = DIRECTION('',(0.,0.,1.));
#3858 = ORIENTED_EDGE('',*,*,#2061,.F.);
#3859 = PLANE('',#3860);
#3860 = AXIS2_PLACEMENT_3D('',#3861,#3862,#3863);
#3861 = CARTESIAN_POINT('',(-12.05,12.55,0.));
#3862 = DIRECTION('',(-1.,0.,0.));
#3863 = DIRECTION('',(0.,1.,0.));
#3864 = ADVANCED_FACE('',(#3865),#3884,.F.);
#3865 = FACE_BOUND('',#3866,.T.);
#3866 = EDGE_LOOP('',(#3867,#3875,#3882,#3883));
#3867 = ORIENTED_EDGE('',*,*,#3868,.T.);
#3868 = EDGE_CURVE('',#2036,#3869,#3871,.T.);
#3869 = VERTEX_POINT('',#3870);
#3870 = CARTESIAN_POINT('',(-25.55,26.05,3.));
#3871 = LINE('',#3872,#3873);
#3872 = CARTESIAN_POINT('',(-25.55,26.05,0.));
#3873 = VECTOR('',#3874,1.);
#3874 = DIRECTION('',(0.,0.,1.));
#3875 = ORIENTED_EDGE('',*,*,#3876,.T.);
#3876 = EDGE_CURVE('',#3869,#3821,#3877,.T.);
#3877 = CIRCLE('',#3878,0.5);
#3878 = AXIS2_PLACEMENT_3D('',#3879,#3880,#3881);
#3879 = CARTESIAN_POINT('',(-25.55,25.55,3.));
#3880 = DIRECTION('',(0.,0.,1.));
#3881 = DIRECTION('',(1.,0.,0.));
#3882 = ORIENTED_EDGE('',*,*,#3820,.F.);
#3883 = ORIENTED_EDGE('',*,*,#2035,.F.);
#3884 = CYLINDRICAL_SURFACE('',#3885,0.5);
#3885 = AXIS2_PLACEMENT_3D('',#3886,#3887,#3888);
#3886 = CARTESIAN_POINT('',(-25.55,25.55,0.));
#3887 = DIRECTION('',(-0.,-0.,-1.));
#3888 = DIRECTION('',(1.,0.,0.));
#3889 = ADVANCED_FACE('',(#3890),#3909,.F.);
#3890 = FACE_BOUND('',#3891,.T.);
#3891 = EDGE_LOOP('',(#3892,#3893,#3902,#3908));
#3892 = ORIENTED_EDGE('',*,*,#3853,.T.);
#3893 = ORIENTED_EDGE('',*,*,#3894,.T.);
#3894 = EDGE_CURVE('',#3846,#3895,#3897,.T.);
#3895 = VERTEX_POINT('',#3896);
#3896 = CARTESIAN_POINT('',(-12.55,26.05,3.));
#3897 = CIRCLE('',#3898,0.5);
#3898 = AXIS2_PLACEMENT_3D('',#3899,#3900,#3901);
#3899 = CARTESIAN_POINT('',(-12.55,25.55,3.));
#3900 = DIRECTION('',(0.,0.,1.));
#3901 = DIRECTION('',(1.,0.,0.));
#3902 = ORIENTED_EDGE('',*,*,#3903,.F.);
#3903 = EDGE_CURVE('',#2045,#3895,#3904,.T.);
#3904 = LINE('',#3905,#3906);
#3905 = CARTESIAN_POINT('',(-12.55,26.05,0.));
#3906 = VECTOR('',#3907,1.);
#3907 = DIRECTION('',(0.,0.,1.));
#3908 = ORIENTED_EDGE('',*,*,#2052,.F.);
#3909 = CYLINDRICAL_SURFACE('',#3910,0.5);
#3910 = AXIS2_PLACEMENT_3D('',#3911,#3912,#3913);
#3911 = CARTESIAN_POINT('',(-12.55,25.55,0.));
#3912 = DIRECTION('',(-0.,-0.,-1.));
#3913 = DIRECTION('',(1.,0.,0.));
#3914 = ADVANCED_FACE('',(#3915),#3926,.T.);
#3915 = FACE_BOUND('',#3916,.T.);
#3916 = EDGE_LOOP('',(#3917,#3918,#3924,#3925));
#3917 = ORIENTED_EDGE('',*,*,#3903,.T.);
#3918 = ORIENTED_EDGE('',*,*,#3919,.T.);
#3919 = EDGE_CURVE('',#3895,#3869,#3920,.T.);
#3920 = LINE('',#3921,#3922);
#3921 = CARTESIAN_POINT('',(-12.55,26.05,3.));
#3922 = VECTOR('',#3923,1.);
#3923 = DIRECTION('',(-1.,0.,0.));
#3924 = ORIENTED_EDGE('',*,*,#3868,.F.);
#3925 = ORIENTED_EDGE('',*,*,#2044,.F.);
#3926 = PLANE('',#3927);
#3927 = AXIS2_PLACEMENT_3D('',#3928,#3929,#3930);
#3928 = CARTESIAN_POINT('',(-12.55,26.05,0.));
#3929 = DIRECTION('',(0.,-1.,0.));
#3930 = DIRECTION('',(-1.,0.,0.));
#3931 = ADVANCED_FACE('',(#3932),#3957,.T.);
#3932 = FACE_BOUND('',#3933,.T.);
#3933 = EDGE_LOOP('',(#3934,#3942,#3950,#3956));
#3934 = ORIENTED_EDGE('',*,*,#3935,.T.);
#3935 = EDGE_CURVE('',#2079,#3936,#3938,.T.);
#3936 = VERTEX_POINT('',#3937);
#3937 = CARTESIAN_POINT('',(-6.5,12.05,3.));
#3938 = LINE('',#3939,#3940);
#3939 = CARTESIAN_POINT('',(-6.5,12.05,0.));
#3940 = VECTOR('',#3941,1.);
#3941 = DIRECTION('',(0.,0.,1.));
#3942 = ORIENTED_EDGE('',*,*,#3943,.T.);
#3943 = EDGE_CURVE('',#3936,#3944,#3946,.T.);
#3944 = VERTEX_POINT('',#3945);
#3945 = CARTESIAN_POINT('',(6.5,12.05,3.));
#3946 = LINE('',#3947,#3948);
#3947 = CARTESIAN_POINT('',(-6.5,12.05,3.));
#3948 = VECTOR('',#3949,1.);
#3949 = DIRECTION('',(1.,0.,0.));
#3950 = ORIENTED_EDGE('',*,*,#3951,.F.);
#3951 = EDGE_CURVE('',#2081,#3944,#3952,.T.);
#3952 = LINE('',#3953,#3954);
#3953 = CARTESIAN_POINT('',(6.5,12.05,0.));
#3954 = VECTOR('',#3955,1.);
#3955 = DIRECTION('',(0.,0.,1.));
#3956 = ORIENTED_EDGE('',*,*,#2078,.F.);
#3957 = PLANE('',#3958);
#3958 = AXIS2_PLACEMENT_3D('',#3959,#3960,#3961);
#3959 = CARTESIAN_POINT('',(-6.5,12.05,0.));
#3960 = DIRECTION('',(0.,1.,0.));
#3961 = DIRECTION('',(1.,0.,0.));
#3962 = ADVANCED_FACE('',(#3963),#3982,.F.);
#3963 = FACE_BOUND('',#3964,.T.);
#3964 = EDGE_LOOP('',(#3965,#3973,#3980,#3981));
#3965 = ORIENTED_EDGE('',*,*,#3966,.T.);
#3966 = EDGE_CURVE('',#2089,#3967,#3969,.T.);
#3967 = VERTEX_POINT('',#3968);
#3968 = CARTESIAN_POINT('',(-7.,12.55,3.));
#3969 = LINE('',#3970,#3971);
#3970 = CARTESIAN_POINT('',(-7.,12.55,0.));
#3971 = VECTOR('',#3972,1.);
#3972 = DIRECTION('',(0.,0.,1.));
#3973 = ORIENTED_EDGE('',*,*,#3974,.T.);
#3974 = EDGE_CURVE('',#3967,#3936,#3975,.T.);
#3975 = CIRCLE('',#3976,0.5);
#3976 = AXIS2_PLACEMENT_3D('',#3977,#3978,#3979);
#3977 = CARTESIAN_POINT('',(-6.5,12.55,3.));
#3978 = DIRECTION('',(0.,0.,1.));
#3979 = DIRECTION('',(1.,0.,0.));
#3980 = ORIENTED_EDGE('',*,*,#3935,.F.);
#3981 = ORIENTED_EDGE('',*,*,#2088,.F.);
#3982 = CYLINDRICAL_SURFACE('',#3983,0.5);
#3983 = AXIS2_PLACEMENT_3D('',#3984,#3985,#3986);
#3984 = CARTESIAN_POINT('',(-6.5,12.55,0.));
#3985 = DIRECTION('',(-0.,-0.,-1.));
#3986 = DIRECTION('',(1.,0.,0.));
#3987 = ADVANCED_FACE('',(#3988),#4007,.F.);
#3988 = FACE_BOUND('',#3989,.T.);
#3989 = EDGE_LOOP('',(#3990,#3991,#4000,#4006));
#3990 = ORIENTED_EDGE('',*,*,#3951,.T.);
#3991 = ORIENTED_EDGE('',*,*,#3992,.T.);
#3992 = EDGE_CURVE('',#3944,#3993,#3995,.T.);
#3993 = VERTEX_POINT('',#3994);
#3994 = CARTESIAN_POINT('',(7.,12.55,3.));
#3995 = CIRCLE('',#3996,0.5);
#3996 = AXIS2_PLACEMENT_3D('',#3997,#3998,#3999);
#3997 = CARTESIAN_POINT('',(6.5,12.55,3.));
#3998 = DIRECTION('',(0.,0.,1.));
#3999 = DIRECTION('',(1.,0.,0.));
#4000 = ORIENTED_EDGE('',*,*,#4001,.F.);
#4001 = EDGE_CURVE('',#2132,#3993,#4002,.T.);
#4002 = LINE('',#4003,#4004);
#4003 = CARTESIAN_POINT('',(7.,12.55,0.));
#4004 = VECTOR('',#4005,1.);
#4005 = DIRECTION('',(0.,0.,1.));
#4006 = ORIENTED_EDGE('',*,*,#2139,.F.);
#4007 = CYLINDRICAL_SURFACE('',#4008,0.5);
#4008 = AXIS2_PLACEMENT_3D('',#4009,#4010,#4011);
#4009 = CARTESIAN_POINT('',(6.5,12.55,0.));
#4010 = DIRECTION('',(-0.,-0.,-1.));
#4011 = DIRECTION('',(1.,0.,0.));
#4012 = ADVANCED_FACE('',(#4013),#4031,.T.);
#4013 = FACE_BOUND('',#4014,.T.);
#4014 = EDGE_LOOP('',(#4015,#4023,#4029,#4030));
#4015 = ORIENTED_EDGE('',*,*,#4016,.T.);
#4016 = EDGE_CURVE('',#2098,#4017,#4019,.T.);
#4017 = VERTEX_POINT('',#4018);
#4018 = CARTESIAN_POINT('',(-7.,25.55,3.));
#4019 = LINE('',#4020,#4021);
#4020 = CARTESIAN_POINT('',(-7.,25.55,0.));
#4021 = VECTOR('',#4022,1.);
#4022 = DIRECTION('',(0.,0.,1.));
#4023 = ORIENTED_EDGE('',*,*,#4024,.T.);
#4024 = EDGE_CURVE('',#4017,#3967,#4025,.T.);
#4025 = LINE('',#4026,#4027);
#4026 = CARTESIAN_POINT('',(-7.,25.55,3.));
#4027 = VECTOR('',#4028,1.);
#4028 = DIRECTION('',(0.,-1.,0.));
#4029 = ORIENTED_EDGE('',*,*,#3966,.F.);
#4030 = ORIENTED_EDGE('',*,*,#2097,.F.);
#4031 = PLANE('',#4032);
#4032 = AXIS2_PLACEMENT_3D('',#4033,#4034,#4035);
#4033 = CARTESIAN_POINT('',(-7.,25.55,0.));
#4034 = DIRECTION('',(1.,0.,0.));
#4035 = DIRECTION('',(0.,-1.,0.));
#4036 = ADVANCED_FACE('',(#4037),#4055,.T.);
#4037 = FACE_BOUND('',#4038,.T.);
#4038 = EDGE_LOOP('',(#4039,#4040,#4048,#4054));
#4039 = ORIENTED_EDGE('',*,*,#4001,.T.);
#4040 = ORIENTED_EDGE('',*,*,#4041,.T.);
#4041 = EDGE_CURVE('',#3993,#4042,#4044,.T.);
#4042 = VERTEX_POINT('',#4043);
#4043 = CARTESIAN_POINT('',(7.,25.55,3.));
#4044 = LINE('',#4045,#4046);
#4045 = CARTESIAN_POINT('',(7.,12.55,3.));
#4046 = VECTOR('',#4047,1.);
#4047 = DIRECTION('',(0.,1.,0.));
#4048 = ORIENTED_EDGE('',*,*,#4049,.F.);
#4049 = EDGE_CURVE('',#2123,#4042,#4050,.T.);
#4050 = LINE('',#4051,#4052);
#4051 = CARTESIAN_POINT('',(7.,25.55,0.));
#4052 = VECTOR('',#4053,1.);
#4053 = DIRECTION('',(0.,0.,1.));
#4054 = ORIENTED_EDGE('',*,*,#2131,.F.);
#4055 = PLANE('',#4056);
#4056 = AXIS2_PLACEMENT_3D('',#4057,#4058,#4059);
#4057 = CARTESIAN_POINT('',(7.,12.55,0.));
#4058 = DIRECTION('',(-1.,0.,0.));
#4059 = DIRECTION('',(0.,1.,0.));
#4060 = ADVANCED_FACE('',(#4061),#4080,.F.);
#4061 = FACE_BOUND('',#4062,.T.);
#4062 = EDGE_LOOP('',(#4063,#4071,#4078,#4079));
#4063 = ORIENTED_EDGE('',*,*,#4064,.T.);
#4064 = EDGE_CURVE('',#2106,#4065,#4067,.T.);
#4065 = VERTEX_POINT('',#4066);
#4066 = CARTESIAN_POINT('',(-6.5,26.05,3.));
#4067 = LINE('',#4068,#4069);
#4068 = CARTESIAN_POINT('',(-6.5,26.05,0.));
#4069 = VECTOR('',#4070,1.);
#4070 = DIRECTION('',(0.,0.,1.));
#4071 = ORIENTED_EDGE('',*,*,#4072,.T.);
#4072 = EDGE_CURVE('',#4065,#4017,#4073,.T.);
#4073 = CIRCLE('',#4074,0.5);
#4074 = AXIS2_PLACEMENT_3D('',#4075,#4076,#4077);
#4075 = CARTESIAN_POINT('',(-6.5,25.55,3.));
#4076 = DIRECTION('',(0.,0.,1.));
#4077 = DIRECTION('',(1.,0.,0.));
#4078 = ORIENTED_EDGE('',*,*,#4016,.F.);
#4079 = ORIENTED_EDGE('',*,*,#2105,.F.);
#4080 = CYLINDRICAL_SURFACE('',#4081,0.5);
#4081 = AXIS2_PLACEMENT_3D('',#4082,#4083,#4084);
#4082 = CARTESIAN_POINT('',(-6.5,25.55,0.));
#4083 = DIRECTION('',(-0.,-0.,-1.));
#4084 = DIRECTION('',(1.,0.,0.));
#4085 = ADVANCED_FACE('',(#4086),#4105,.F.);
#4086 = FACE_BOUND('',#4087,.T.);
#4087 = EDGE_LOOP('',(#4088,#4089,#4098,#4104));
#4088 = ORIENTED_EDGE('',*,*,#4049,.T.);
#4089 = ORIENTED_EDGE('',*,*,#4090,.T.);
#4090 = EDGE_CURVE('',#4042,#4091,#4093,.T.);
#4091 = VERTEX_POINT('',#4092);
#4092 = CARTESIAN_POINT('',(6.5,26.05,3.));
#4093 = CIRCLE('',#4094,0.5);
#4094 = AXIS2_PLACEMENT_3D('',#4095,#4096,#4097);
#4095 = CARTESIAN_POINT('',(6.5,25.55,3.));
#4096 = DIRECTION('',(0.,0.,1.));
#4097 = DIRECTION('',(1.,0.,0.));
#4098 = ORIENTED_EDGE('',*,*,#4099,.F.);
#4099 = EDGE_CURVE('',#2115,#4091,#4100,.T.);
#4100 = LINE('',#4101,#4102);
#4101 = CARTESIAN_POINT('',(6.5,26.05,0.));
#4102 = VECTOR('',#4103,1.);
#4103 = DIRECTION('',(0.,0.,1.));
#4104 = ORIENTED_EDGE('',*,*,#2122,.F.);
#4105 = CYLINDRICAL_SURFACE('',#4106,0.5);
#4106 = AXIS2_PLACEMENT_3D('',#4107,#4108,#4109);
#4107 = CARTESIAN_POINT('',(6.5,25.55,0.));
#4108 = DIRECTION('',(-0.,-0.,-1.));
#4109 = DIRECTION('',(1.,0.,0.));
#4110 = ADVANCED_FACE('',(#4111),#4122,.T.);
#4111 = FACE_BOUND('',#4112,.T.);
#4112 = EDGE_LOOP('',(#4113,#4114,#4120,#4121));
#4113 = ORIENTED_EDGE('',*,*,#4099,.T.);
#4114 = ORIENTED_EDGE('',*,*,#4115,.T.);
#4115 = EDGE_CURVE('',#4091,#4065,#4116,.T.);
#4116 = LINE('',#4117,#4118);
#4117 = CARTESIAN_POINT('',(6.5,26.05,3.));
#4118 = VECTOR('',#4119,1.);
#4119 = DIRECTION('',(-1.,0.,0.));
#4120 = ORIENTED_EDGE('',*,*,#4064,.F.);
#4121 = ORIENTED_EDGE('',*,*,#2114,.F.);
#4122 = PLANE('',#4123);
#4123 = AXIS2_PLACEMENT_3D('',#4124,#4125,#4126);
#4124 = CARTESIAN_POINT('',(6.5,26.05,0.));
#4125 = DIRECTION('',(0.,-1.,0.));
#4126 = DIRECTION('',(-1.,0.,0.));
#4127 = ADVANCED_FACE('',(#4128),#4146,.F.);
#4128 = FACE_BOUND('',#4129,.T.);
#4129 = EDGE_LOOP('',(#4130,#4139,#4144,#4145));
#4130 = ORIENTED_EDGE('',*,*,#4131,.T.);
#4131 = EDGE_CURVE('',#4132,#4132,#4134,.T.);
#4132 = VERTEX_POINT('',#4133);
#4133 = CARTESIAN_POINT('',(-43.25,45.,6.));
#4134 = CIRCLE('',#4135,1.75);
#4135 = AXIS2_PLACEMENT_3D('',#4136,#4137,#4138);
#4136 = CARTESIAN_POINT('',(-45.,45.,6.));
#4137 = DIRECTION('',(0.,0.,1.));
#4138 = DIRECTION('',(1.,0.,0.));
#4139 = ORIENTED_EDGE('',*,*,#4140,.T.);
#4140 = EDGE_CURVE('',#4132,#2149,#4141,.T.);
#4141 = B_SPLINE_CURVE_WITH_KNOTS('',1,(#4142,#4143),.UNSPECIFIED.,.F.,
  .F.,(2,2),(-6.,0.),.PIECEWISE_BEZIER_KNOTS.);
#4142 = CARTESIAN_POINT('',(-43.25,45.,6.));
#4143 = CARTESIAN_POINT('',(-43.25,45.,0.));
#4144 = ORIENTED_EDGE('',*,*,#2148,.F.);
#4145 = ORIENTED_EDGE('',*,*,#4140,.F.);
#4146 = CYLINDRICAL_SURFACE('',#4147,1.75);
#4147 = AXIS2_PLACEMENT_3D('',#4148,#4149,#4150);
#4148 = CARTESIAN_POINT('',(-45.,45.,0.));
#4149 = DIRECTION('',(-0.,-0.,-1.));
#4150 = DIRECTION('',(1.,0.,0.));
#4151 = ADVANCED_FACE('',(#4152),#4177,.F.);
#4152 = FACE_BOUND('',#4153,.F.);
#4153 = EDGE_LOOP('',(#4154,#4155,#4163,#4171));
#4154 = ORIENTED_EDGE('',*,*,#2159,.T.);
#4155 = ORIENTED_EDGE('',*,*,#4156,.T.);
#4156 = EDGE_CURVE('',#2162,#4157,#4159,.T.);
#4157 = VERTEX_POINT('',#4158);
#4158 = CARTESIAN_POINT('',(-6.1,36.32,3.));
#4159 = LINE('',#4160,#4161);
#4160 = CARTESIAN_POINT('',(-6.1,36.32,-4.));
#4161 = VECTOR('',#4162,1.);
#4162 = DIRECTION('',(0.,0.,1.));
#4163 = ORIENTED_EDGE('',*,*,#4164,.F.);
#4164 = EDGE_CURVE('',#4165,#4157,#4167,.T.);
#4165 = VERTEX_POINT('',#4166);
#4166 = CARTESIAN_POINT('',(-32.48,36.32,3.));
#4167 = LINE('',#4168,#4169);
#4168 = CARTESIAN_POINT('',(-3.05,36.32,3.));
#4169 = VECTOR('',#4170,1.);
#4170 = DIRECTION('',(1.,-1.2E-16,0.));
#4171 = ORIENTED_EDGE('',*,*,#4172,.F.);
#4172 = EDGE_CURVE('',#2160,#4165,#4173,.T.);
#4173 = LINE('',#4174,#4175);
#4174 = CARTESIAN_POINT('',(-32.48,36.32,-4.));
#4175 = VECTOR('',#4176,1.);
#4176 = DIRECTION('',(0.,0.,1.));
#4177 = PLANE('',#4178);
#4178 = AXIS2_PLACEMENT_3D('',#4179,#4180,#4181);
#4179 = CARTESIAN_POINT('',(-6.1,36.32,-4.));
#4180 = DIRECTION('',(0.,-1.,0.));
#4181 = DIRECTION('',(-1.,0.,0.));
#4182 = ADVANCED_FACE('',(#4183),#4217,.F.);
#4183 = FACE_BOUND('',#4184,.F.);
#4184 = EDGE_LOOP('',(#4185,#4186,#4194,#4202,#4210,#4216));
#4185 = ORIENTED_EDGE('',*,*,#2185,.T.);
#4186 = ORIENTED_EDGE('',*,*,#4187,.T.);
#4187 = EDGE_CURVE('',#2178,#4188,#4190,.T.);
#4188 = VERTEX_POINT('',#4189);
#4189 = CARTESIAN_POINT('',(-6.1,45.9,5.));
#4190 = LINE('',#4191,#4192);
#4191 = CARTESIAN_POINT('',(-6.1,45.9,-4.));
#4192 = VECTOR('',#4193,1.);
#4193 = DIRECTION('',(0.,0.,1.));
#4194 = ORIENTED_EDGE('',*,*,#4195,.F.);
#4195 = EDGE_CURVE('',#4196,#4188,#4198,.T.);
#4196 = VERTEX_POINT('',#4197);
#4197 = CARTESIAN_POINT('',(-6.1,40.,5.));
#4198 = LINE('',#4199,#4200);
#4199 = CARTESIAN_POINT('',(-6.1,22.95,5.));
#4200 = VECTOR('',#4201,1.);
#4201 = DIRECTION('',(1.2E-16,1.,-0.));
#4202 = ORIENTED_EDGE('',*,*,#4203,.F.);
#4203 = EDGE_CURVE('',#4204,#4196,#4206,.T.);
#4204 = VERTEX_POINT('',#4205);
#4205 = CARTESIAN_POINT('',(-6.1,40.,3.));
#4206 = LINE('',#4207,#4208);
#4207 = CARTESIAN_POINT('',(-6.1,40.,-0.5));
#4208 = VECTOR('',#4209,1.);
#4209 = DIRECTION('',(0.,0.,1.));
#4210 = ORIENTED_EDGE('',*,*,#4211,.F.);
#4211 = EDGE_CURVE('',#4157,#4204,#4212,.T.);
#4212 = LINE('',#4213,#4214);
#4213 = CARTESIAN_POINT('',(-6.1,22.95,3.));
#4214 = VECTOR('',#4215,1.);
#4215 = DIRECTION('',(1.2E-16,1.,-0.));
#4216 = ORIENTED_EDGE('',*,*,#4156,.F.);
#4217 = PLANE('',#4218);
#4218 = AXIS2_PLACEMENT_3D('',#4219,#4220,#4221);
#4219 = CARTESIAN_POINT('',(-6.1,45.9,-4.));
#4220 = DIRECTION('',(1.,0.,0.));
#4221 = DIRECTION('',(0.,-1.,0.));
#4222 = ADVANCED_FACE('',(#4223),#4241,.F.);
#4223 = FACE_BOUND('',#4224,.F.);
#4224 = EDGE_LOOP('',(#4225,#4226,#4234,#4240));
#4225 = ORIENTED_EDGE('',*,*,#2177,.T.);
#4226 = ORIENTED_EDGE('',*,*,#4227,.T.);
#4227 = EDGE_CURVE('',#2170,#4228,#4230,.T.);
#4228 = VERTEX_POINT('',#4229);
#4229 = CARTESIAN_POINT('',(-32.48,45.9,5.));
#4230 = LINE('',#4231,#4232);
#4231 = CARTESIAN_POINT('',(-32.48,45.9,-4.));
#4232 = VECTOR('',#4233,1.);
#4233 = DIRECTION('',(0.,0.,1.));
#4234 = ORIENTED_EDGE('',*,*,#4235,.F.);
#4235 = EDGE_CURVE('',#4188,#4228,#4236,.T.);
#4236 = LINE('',#4237,#4238);
#4237 = CARTESIAN_POINT('',(-16.24,45.9,5.));
#4238 = VECTOR('',#4239,1.);
#4239 = DIRECTION('',(-1.,1.2E-16,0.));
#4240 = ORIENTED_EDGE('',*,*,#4187,.F.);
#4241 = PLANE('',#4242);
#4242 = AXIS2_PLACEMENT_3D('',#4243,#4244,#4245);
#4243 = CARTESIAN_POINT('',(-32.48,45.9,-4.));
#4244 = DIRECTION('',(0.,1.,0.));
#4245 = DIRECTION('',(1.,0.,0.));
#4246 = ADVANCED_FACE('',(#4247),#4274,.F.);
#4247 = FACE_BOUND('',#4248,.F.);
#4248 = EDGE_LOOP('',(#4249,#4250,#4251,#4259,#4267,#4273));
#4249 = ORIENTED_EDGE('',*,*,#2169,.T.);
#4250 = ORIENTED_EDGE('',*,*,#4172,.T.);
#4251 = ORIENTED_EDGE('',*,*,#4252,.F.);
#4252 = EDGE_CURVE('',#4253,#4165,#4255,.T.);
#4253 = VERTEX_POINT('',#4254);
#4254 = CARTESIAN_POINT('',(-32.48,40.,3.));
#4255 = LINE('',#4256,#4257);
#4256 = CARTESIAN_POINT('',(-32.48,18.16,3.));
#4257 = VECTOR('',#4258,1.);
#4258 = DIRECTION('',(-1.2E-16,-1.,0.));
#4259 = ORIENTED_EDGE('',*,*,#4260,.F.);
#4260 = EDGE_CURVE('',#4261,#4253,#4263,.T.);
#4261 = VERTEX_POINT('',#4262);
#4262 = CARTESIAN_POINT('',(-32.48,40.,5.));
#4263 = LINE('',#4264,#4265);
#4264 = CARTESIAN_POINT('',(-32.48,40.,-0.5));
#4265 = VECTOR('',#4266,1.);
#4266 = DIRECTION('',(-0.,-0.,-1.));
#4267 = ORIENTED_EDGE('',*,*,#4268,.F.);
#4268 = EDGE_CURVE('',#4228,#4261,#4269,.T.);
#4269 = LINE('',#4270,#4271);
#4270 = CARTESIAN_POINT('',(-32.48,18.16,5.));
#4271 = VECTOR('',#4272,1.);
#4272 = DIRECTION('',(-1.2E-16,-1.,0.));
#4273 = ORIENTED_EDGE('',*,*,#4227,.F.);
#4274 = PLANE('',#4275);
#4275 = AXIS2_PLACEMENT_3D('',#4276,#4277,#4278);
#4276 = CARTESIAN_POINT('',(-32.48,36.32,-4.));
#4277 = DIRECTION('',(-1.,0.,0.));
#4278 = DIRECTION('',(0.,1.,0.));
#4279 = ADVANCED_FACE('',(#4280),#4305,.F.);
#4280 = FACE_BOUND('',#4281,.F.);
#4281 = EDGE_LOOP('',(#4282,#4290,#4298,#4304));
#4282 = ORIENTED_EDGE('',*,*,#4283,.T.);
#4283 = EDGE_CURVE('',#2194,#4284,#4286,.T.);
#4284 = VERTEX_POINT('',#4285);
#4285 = CARTESIAN_POINT('',(26.05,25.55,3.));
#4286 = LINE('',#4287,#4288);
#4287 = CARTESIAN_POINT('',(26.05,25.55,0.));
#4288 = VECTOR('',#4289,1.);
#4289 = DIRECTION('',(0.,0.,1.));
#4290 = ORIENTED_EDGE('',*,*,#4291,.T.);
#4291 = EDGE_CURVE('',#4284,#4292,#4294,.T.);
#4292 = VERTEX_POINT('',#4293);
#4293 = CARTESIAN_POINT('',(26.05,12.55,3.));
#4294 = LINE('',#4295,#4296);
#4295 = CARTESIAN_POINT('',(26.05,25.55,3.));
#4296 = VECTOR('',#4297,1.);
#4297 = DIRECTION('',(0.,-1.,0.));
#4298 = ORIENTED_EDGE('',*,*,#4299,.F.);
#4299 = EDGE_CURVE('',#2196,#4292,#4300,.T.);
#4300 = LINE('',#4301,#4302);
#4301 = CARTESIAN_POINT('',(26.05,12.55,0.));
#4302 = VECTOR('',#4303,1.);
#4303 = DIRECTION('',(0.,0.,1.));
#4304 = ORIENTED_EDGE('',*,*,#2193,.F.);
#4305 = PLANE('',#4306);
#4306 = AXIS2_PLACEMENT_3D('',#4307,#4308,#4309);
#4307 = CARTESIAN_POINT('',(26.05,25.55,0.));
#4308 = DIRECTION('',(1.,0.,0.));
#4309 = DIRECTION('',(0.,-1.,0.));
#4310 = ADVANCED_FACE('',(#4311),#4330,.F.);
#4311 = FACE_BOUND('',#4312,.T.);
#4312 = EDGE_LOOP('',(#4313,#4314,#4323,#4329));
#4313 = ORIENTED_EDGE('',*,*,#4283,.T.);
#4314 = ORIENTED_EDGE('',*,*,#4315,.T.);
#4315 = EDGE_CURVE('',#4284,#4316,#4318,.T.);
#4316 = VERTEX_POINT('',#4317);
#4317 = CARTESIAN_POINT('',(25.55,26.05,3.));
#4318 = CIRCLE('',#4319,0.5);
#4319 = AXIS2_PLACEMENT_3D('',#4320,#4321,#4322);
#4320 = CARTESIAN_POINT('',(25.55,25.55,3.));
#4321 = DIRECTION('',(0.,0.,1.));
#4322 = DIRECTION('',(1.,0.,0.));
#4323 = ORIENTED_EDGE('',*,*,#4324,.F.);
#4324 = EDGE_CURVE('',#2247,#4316,#4325,.T.);
#4325 = LINE('',#4326,#4327);
#4326 = CARTESIAN_POINT('',(25.55,26.05,0.));
#4327 = VECTOR('',#4328,1.);
#4328 = DIRECTION('',(0.,0.,1.));
#4329 = ORIENTED_EDGE('',*,*,#2254,.F.);
#4330 = CYLINDRICAL_SURFACE('',#4331,0.5);
#4331 = AXIS2_PLACEMENT_3D('',#4332,#4333,#4334);
#4332 = CARTESIAN_POINT('',(25.55,25.55,0.));
#4333 = DIRECTION('',(-0.,-0.,-1.));
#4334 = DIRECTION('',(1.,0.,0.));
#4335 = ADVANCED_FACE('',(#4336),#4355,.F.);
#4336 = FACE_BOUND('',#4337,.T.);
#4337 = EDGE_LOOP('',(#4338,#4346,#4353,#4354));
#4338 = ORIENTED_EDGE('',*,*,#4339,.T.);
#4339 = EDGE_CURVE('',#2204,#4340,#4342,.T.);
#4340 = VERTEX_POINT('',#4341);
#4341 = CARTESIAN_POINT('',(25.55,12.05,3.));
#4342 = LINE('',#4343,#4344);
#4343 = CARTESIAN_POINT('',(25.55,12.05,0.));
#4344 = VECTOR('',#4345,1.);
#4345 = DIRECTION('',(0.,0.,1.));
#4346 = ORIENTED_EDGE('',*,*,#4347,.T.);
#4347 = EDGE_CURVE('',#4340,#4292,#4348,.T.);
#4348 = CIRCLE('',#4349,0.5);
#4349 = AXIS2_PLACEMENT_3D('',#4350,#4351,#4352);
#4350 = CARTESIAN_POINT('',(25.55,12.55,3.));
#4351 = DIRECTION('',(0.,0.,1.));
#4352 = DIRECTION('',(1.,0.,0.));
#4353 = ORIENTED_EDGE('',*,*,#4299,.F.);
#4354 = ORIENTED_EDGE('',*,*,#2203,.F.);
#4355 = CYLINDRICAL_SURFACE('',#4356,0.5);
#4356 = AXIS2_PLACEMENT_3D('',#4357,#4358,#4359);
#4357 = CARTESIAN_POINT('',(25.55,12.55,0.));
#4358 = DIRECTION('',(-0.,-0.,-1.));
#4359 = DIRECTION('',(1.,0.,0.));
#4360 = ADVANCED_FACE('',(#4361),#4379,.F.);
#4361 = FACE_BOUND('',#4362,.F.);
#4362 = EDGE_LOOP('',(#4363,#4371,#4377,#4378));
#4363 = ORIENTED_EDGE('',*,*,#4364,.T.);
#4364 = EDGE_CURVE('',#2238,#4365,#4367,.T.);
#4365 = VERTEX_POINT('',#4366);
#4366 = CARTESIAN_POINT('',(12.55,26.05,3.));
#4367 = LINE('',#4368,#4369);
#4368 = CARTESIAN_POINT('',(12.55,26.05,0.));
#4369 = VECTOR('',#4370,1.);
#4370 = DIRECTION('',(0.,0.,1.));
#4371 = ORIENTED_EDGE('',*,*,#4372,.T.);
#4372 = EDGE_CURVE('',#4365,#4316,#4373,.T.);
#4373 = LINE('',#4374,#4375);
#4374 = CARTESIAN_POINT('',(12.55,26.05,3.));
#4375 = VECTOR('',#4376,1.);
#4376 = DIRECTION('',(1.,0.,0.));
#4377 = ORIENTED_EDGE('',*,*,#4324,.F.);
#4378 = ORIENTED_EDGE('',*,*,#2246,.F.);
#4379 = PLANE('',#4380);
#4380 = AXIS2_PLACEMENT_3D('',#4381,#4382,#4383);
#4381 = CARTESIAN_POINT('',(12.55,26.05,0.));
#4382 = DIRECTION('',(0.,1.,0.));
#4383 = DIRECTION('',(1.,0.,0.));
#4384 = ADVANCED_FACE('',(#4385),#4403,.F.);
#4385 = FACE_BOUND('',#4386,.F.);
#4386 = EDGE_LOOP('',(#4387,#4388,#4396,#4402));
#4387 = ORIENTED_EDGE('',*,*,#4339,.T.);
#4388 = ORIENTED_EDGE('',*,*,#4389,.T.);
#4389 = EDGE_CURVE('',#4340,#4390,#4392,.T.);
#4390 = VERTEX_POINT('',#4391);
#4391 = CARTESIAN_POINT('',(12.55,12.05,3.));
#4392 = LINE('',#4393,#4394);
#4393 = CARTESIAN_POINT('',(25.55,12.05,3.));
#4394 = VECTOR('',#4395,1.);
#4395 = DIRECTION('',(-1.,0.,0.));
#4396 = ORIENTED_EDGE('',*,*,#4397,.F.);
#4397 = EDGE_CURVE('',#2213,#4390,#4398,.T.);
#4398 = LINE('',#4399,#4400);
#4399 = CARTESIAN_POINT('',(12.55,12.05,0.));
#4400 = VECTOR('',#4401,1.);
#4401 = DIRECTION('',(0.,0.,1.));
#4402 = ORIENTED_EDGE('',*,*,#2212,.F.);
#4403 = PLANE('',#4404);
#4404 = AXIS2_PLACEMENT_3D('',#4405,#4406,#4407);
#4405 = CARTESIAN_POINT('',(25.55,12.05,0.));
#4406 = DIRECTION('',(0.,-1.,0.));
#4407 = DIRECTION('',(-1.,0.,0.));
#4408 = ADVANCED_FACE('',(#4409),#4428,.F.);
#4409 = FACE_BOUND('',#4410,.T.);
#4410 = EDGE_LOOP('',(#4411,#4412,#4421,#4427));
#4411 = ORIENTED_EDGE('',*,*,#4364,.T.);
#4412 = ORIENTED_EDGE('',*,*,#4413,.T.);
#4413 = EDGE_CURVE('',#4365,#4414,#4416,.T.);
#4414 = VERTEX_POINT('',#4415);
#4415 = CARTESIAN_POINT('',(12.05,25.55,3.));
#4416 = CIRCLE('',#4417,0.5);
#4417 = AXIS2_PLACEMENT_3D('',#4418,#4419,#4420);
#4418 = CARTESIAN_POINT('',(12.55,25.55,3.));
#4419 = DIRECTION('',(0.,0.,1.));
#4420 = DIRECTION('',(1.,0.,0.));
#4421 = ORIENTED_EDGE('',*,*,#4422,.F.);
#4422 = EDGE_CURVE('',#2230,#4414,#4423,.T.);
#4423 = LINE('',#4424,#4425);
#4424 = CARTESIAN_POINT('',(12.05,25.55,0.));
#4425 = VECTOR('',#4426,1.);
#4426 = DIRECTION('',(0.,0.,1.));
#4427 = ORIENTED_EDGE('',*,*,#2237,.F.);
#4428 = CYLINDRICAL_SURFACE('',#4429,0.5);
#4429 = AXIS2_PLACEMENT_3D('',#4430,#4431,#4432);
#4430 = CARTESIAN_POINT('',(12.55,25.55,0.));
#4431 = DIRECTION('',(-0.,-0.,-1.));
#4432 = DIRECTION('',(1.,0.,0.));
#4433 = ADVANCED_FACE('',(#4434),#4453,.F.);
#4434 = FACE_BOUND('',#4435,.T.);
#4435 = EDGE_LOOP('',(#4436,#4444,#4451,#4452));
#4436 = ORIENTED_EDGE('',*,*,#4437,.T.);
#4437 = EDGE_CURVE('',#2221,#4438,#4440,.T.);
#4438 = VERTEX_POINT('',#4439);
#4439 = CARTESIAN_POINT('',(12.05,12.55,3.));
#4440 = LINE('',#4441,#4442);
#4441 = CARTESIAN_POINT('',(12.05,12.55,0.));
#4442 = VECTOR('',#4443,1.);
#4443 = DIRECTION('',(0.,0.,1.));
#4444 = ORIENTED_EDGE('',*,*,#4445,.T.);
#4445 = EDGE_CURVE('',#4438,#4390,#4446,.T.);
#4446 = CIRCLE('',#4447,0.5);
#4447 = AXIS2_PLACEMENT_3D('',#4448,#4449,#4450);
#4448 = CARTESIAN_POINT('',(12.55,12.55,3.));
#4449 = DIRECTION('',(0.,0.,1.));
#4450 = DIRECTION('',(1.,0.,0.));
#4451 = ORIENTED_EDGE('',*,*,#4397,.F.);
#4452 = ORIENTED_EDGE('',*,*,#2220,.F.);
#4453 = CYLINDRICAL_SURFACE('',#4454,0.5);
#4454 = AXIS2_PLACEMENT_3D('',#4455,#4456,#4457);
#4455 = CARTESIAN_POINT('',(12.55,12.55,0.));
#4456 = DIRECTION('',(-0.,-0.,-1.));
#4457 = DIRECTION('',(1.,0.,0.));
#4458 = ADVANCED_FACE('',(#4459),#4470,.F.);
#4459 = FACE_BOUND('',#4460,.F.);
#4460 = EDGE_LOOP('',(#4461,#4462,#4468,#4469));
#4461 = ORIENTED_EDGE('',*,*,#4437,.T.);
#4462 = ORIENTED_EDGE('',*,*,#4463,.T.);
#4463 = EDGE_CURVE('',#4438,#4414,#4464,.T.);
#4464 = LINE('',#4465,#4466);
#4465 = CARTESIAN_POINT('',(12.05,12.55,3.));
#4466 = VECTOR('',#4467,1.);
#4467 = DIRECTION('',(0.,1.,0.));
#4468 = ORIENTED_EDGE('',*,*,#4422,.F.);
#4469 = ORIENTED_EDGE('',*,*,#2229,.F.);
#4470 = PLANE('',#4471);
#4471 = AXIS2_PLACEMENT_3D('',#4472,#4473,#4474);
#4472 = CARTESIAN_POINT('',(12.05,12.55,0.));
#4473 = DIRECTION('',(-1.,0.,0.));
#4474 = DIRECTION('',(0.,1.,0.));
#4475 = ADVANCED_FACE('',(#4476),#4529,.F.);
#4476 = FACE_BOUND('',#4477,.T.);
#4477 = EDGE_LOOP('',(#4478,#4479,#4487,#4496,#4504,#4513,#4521,#4528));
#4478 = ORIENTED_EDGE('',*,*,#2263,.T.);
#4479 = ORIENTED_EDGE('',*,*,#4480,.T.);
#4480 = EDGE_CURVE('',#2264,#4481,#4483,.T.);
#4481 = VERTEX_POINT('',#4482);
#4482 = CARTESIAN_POINT('',(27.,39.9,3.));
#4483 = LINE('',#4484,#4485);
#4484 = CARTESIAN_POINT('',(27.,39.9,-4.));
#4485 = VECTOR('',#4486,1.);
#4486 = DIRECTION('',(0.,0.,1.));
#4487 = ORIENTED_EDGE('',*,*,#4488,.F.);
#4488 = EDGE_CURVE('',#4489,#4481,#4491,.T.);
#4489 = VERTEX_POINT('',#4490);
#4490 = CARTESIAN_POINT('',(33.998571136907,40.,3.));
#4491 = CIRCLE('',#4492,3.5);
#4492 = AXIS2_PLACEMENT_3D('',#4493,#4494,#4495);
#4493 = CARTESIAN_POINT('',(30.5,39.9,3.));
#4494 = DIRECTION('',(0.,0.,-1.));
#4495 = DIRECTION('',(-1.,1.2E-16,0.));
#4496 = ORIENTED_EDGE('',*,*,#4497,.F.);
#4497 = EDGE_CURVE('',#4498,#4489,#4500,.T.);
#4498 = VERTEX_POINT('',#4499);
#4499 = CARTESIAN_POINT('',(33.998571136907,40.,5.));
#4500 = LINE('',#4501,#4502);
#4501 = CARTESIAN_POINT('',(33.998571136907,40.,-4.));
#4502 = VECTOR('',#4503,1.);
#4503 = DIRECTION('',(0.,0.,-1.));
#4504 = ORIENTED_EDGE('',*,*,#4505,.F.);
#4505 = EDGE_CURVE('',#4506,#4498,#4508,.T.);
#4506 = VERTEX_POINT('',#4507);
#4507 = CARTESIAN_POINT('',(27.001428863093,40.,5.));
#4508 = CIRCLE('',#4509,3.5);
#4509 = AXIS2_PLACEMENT_3D('',#4510,#4511,#4512);
#4510 = CARTESIAN_POINT('',(30.5,39.9,5.));
#4511 = DIRECTION('',(0.,0.,-1.));
#4512 = DIRECTION('',(-1.,1.2E-16,0.));
#4513 = ORIENTED_EDGE('',*,*,#4514,.T.);
#4514 = EDGE_CURVE('',#4506,#4515,#4517,.T.);
#4515 = VERTEX_POINT('',#4516);
#4516 = CARTESIAN_POINT('',(27.001428863093,40.,3.));
#4517 = LINE('',#4518,#4519);
#4518 = CARTESIAN_POINT('',(27.001428863093,40.,-4.));
#4519 = VECTOR('',#4520,1.);
#4520 = DIRECTION('',(0.,0.,-1.));
#4521 = ORIENTED_EDGE('',*,*,#4522,.F.);
#4522 = EDGE_CURVE('',#4481,#4515,#4523,.T.);
#4523 = CIRCLE('',#4524,3.5);
#4524 = AXIS2_PLACEMENT_3D('',#4525,#4526,#4527);
#4525 = CARTESIAN_POINT('',(30.5,39.9,3.));
#4526 = DIRECTION('',(0.,0.,-1.));
#4527 = DIRECTION('',(-1.,1.2E-16,0.));
#4528 = ORIENTED_EDGE('',*,*,#4480,.F.);
#4529 = CYLINDRICAL_SURFACE('',#4530,3.5);
#4530 = AXIS2_PLACEMENT_3D('',#4531,#4532,#4533);
#4531 = CARTESIAN_POINT('',(30.5,39.9,-4.));
#4532 = DIRECTION('',(0.,0.,-1.));
#4533 = DIRECTION('',(-1.,0.,0.));
#4534 = ADVANCED_FACE('',(#4535),#4553,.F.);
#4535 = FACE_BOUND('',#4536,.T.);
#4536 = EDGE_LOOP('',(#4537,#4546,#4551,#4552));
#4537 = ORIENTED_EDGE('',*,*,#4538,.T.);
#4538 = EDGE_CURVE('',#4539,#4539,#4541,.T.);
#4539 = VERTEX_POINT('',#4540);
#4540 = CARTESIAN_POINT('',(46.75,45.,6.));
#4541 = CIRCLE('',#4542,1.75);
#4542 = AXIS2_PLACEMENT_3D('',#4543,#4544,#4545);
#4543 = CARTESIAN_POINT('',(45.,45.,6.));
#4544 = DIRECTION('',(0.,0.,1.));
#4545 = DIRECTION('',(1.,0.,0.));
#4546 = ORIENTED_EDGE('',*,*,#4547,.T.);
#4547 = EDGE_CURVE('',#4539,#2275,#4548,.T.);
#4548 = B_SPLINE_CURVE_WITH_KNOTS('',1,(#4549,#4550),.UNSPECIFIED.,.F.,
  .F.,(2,2),(-6.,0.),.PIECEWISE_BEZIER_KNOTS.);
#4549 = CARTESIAN_POINT('',(46.75,45.,6.));
#4550 = CARTESIAN_POINT('',(46.75,45.,0.));
#4551 = ORIENTED_EDGE('',*,*,#2274,.F.);
#4552 = ORIENTED_EDGE('',*,*,#4547,.F.);
#4553 = CYLINDRICAL_SURFACE('',#4554,1.75);
#4554 = AXIS2_PLACEMENT_3D('',#4555,#4556,#4557);
#4555 = CARTESIAN_POINT('',(45.,45.,0.));
#4556 = DIRECTION('',(-0.,-0.,-1.));
#4557 = DIRECTION('',(1.,0.,0.));
#4558 = ADVANCED_FACE('',(#4559,#4577),#4580,.T.);
#4559 = FACE_BOUND('',#4560,.T.);
#4560 = EDGE_LOOP('',(#4561,#4562,#4563,#4571));
#4561 = ORIENTED_EDGE('',*,*,#2300,.T.);
#4562 = ORIENTED_EDGE('',*,*,#2452,.T.);
#4563 = ORIENTED_EDGE('',*,*,#4564,.T.);
#4564 = EDGE_CURVE('',#2445,#4565,#4567,.T.);
#4565 = VERTEX_POINT('',#4566);
#4566 = CARTESIAN_POINT('',(40.,-40.,6.));
#4567 = LINE('',#4568,#4569);
#4568 = CARTESIAN_POINT('',(50.,-40.,6.));
#4569 = VECTOR('',#4570,1.);
#4570 = DIRECTION('',(-1.,0.,0.));
#4571 = ORIENTED_EDGE('',*,*,#4572,.T.);
#4572 = EDGE_CURVE('',#4565,#2301,#4573,.T.);
#4573 = LINE('',#4574,#4575);
#4574 = CARTESIAN_POINT('',(40.,-40.,6.));
#4575 = VECTOR('',#4576,1.);
#4576 = DIRECTION('',(0.,-1.,0.));
#4577 = FACE_BOUND('',#4578,.F.);
#4578 = EDGE_LOOP('',(#4579));
#4579 = ORIENTED_EDGE('',*,*,#3323,.T.);
#4580 = PLANE('',#4581);
#4581 = AXIS2_PLACEMENT_3D('',#4582,#4583,#4584);
#4582 = CARTESIAN_POINT('',(45.,-45.,6.));
#4583 = DIRECTION('',(0.,0.,1.));
#4584 = DIRECTION('',(1.,0.,0.));
#4585 = ADVANCED_FACE('',(#4586),#4604,.F.);
#4586 = FACE_BOUND('',#4587,.F.);
#4587 = EDGE_LOOP('',(#4588,#4596,#4602,#4603));
#4588 = ORIENTED_EDGE('',*,*,#4589,.T.);
#4589 = EDGE_CURVE('',#2309,#4590,#4592,.T.);
#4590 = VERTEX_POINT('',#4591);
#4591 = CARTESIAN_POINT('',(40.,-40.,5.));
#4592 = LINE('',#4593,#4594);
#4593 = CARTESIAN_POINT('',(40.,-20.,5.));
#4594 = VECTOR('',#4595,1.);
#4595 = DIRECTION('',(0.,1.,0.));
#4596 = ORIENTED_EDGE('',*,*,#4597,.T.);
#4597 = EDGE_CURVE('',#4590,#4565,#4598,.T.);
#4598 = LINE('',#4599,#4600);
#4599 = CARTESIAN_POINT('',(40.,-40.,3.));
#4600 = VECTOR('',#4601,1.);
#4601 = DIRECTION('',(0.,0.,1.));
#4602 = ORIENTED_EDGE('',*,*,#4572,.T.);
#4603 = ORIENTED_EDGE('',*,*,#2308,.F.);
#4604 = PLANE('',#4605);
#4605 = AXIS2_PLACEMENT_3D('',#4606,#4607,#4608);
#4606 = CARTESIAN_POINT('',(40.,-40.,3.));
#4607 = DIRECTION('',(1.,0.,0.));
#4608 = DIRECTION('',(0.,-1.,0.));
#4609 = ADVANCED_FACE('',(#4610),#4628,.T.);
#4610 = FACE_BOUND('',#4611,.T.);
#4611 = EDGE_LOOP('',(#4612,#4620,#4621,#4622));
#4612 = ORIENTED_EDGE('',*,*,#4613,.T.);
#4613 = EDGE_CURVE('',#4614,#2317,#4616,.T.);
#4614 = VERTEX_POINT('',#4615);
#4615 = CARTESIAN_POINT('',(-40.,-40.,5.));
#4616 = LINE('',#4617,#4618);
#4617 = CARTESIAN_POINT('',(-40.,-25.,5.));
#4618 = VECTOR('',#4619,1.);
#4619 = DIRECTION('',(0.,-1.,0.));
#4620 = ORIENTED_EDGE('',*,*,#2316,.T.);
#4621 = ORIENTED_EDGE('',*,*,#4589,.T.);
#4622 = ORIENTED_EDGE('',*,*,#4623,.F.);
#4623 = EDGE_CURVE('',#4614,#4590,#4624,.T.);
#4624 = LINE('',#4625,#4626);
#4625 = CARTESIAN_POINT('',(-40.,-40.,5.));
#4626 = VECTOR('',#4627,1.);
#4627 = DIRECTION('',(1.,0.,0.));
#4628 = PLANE('',#4629);
#4629 = AXIS2_PLACEMENT_3D('',#4630,#4631,#4632);
#4630 = CARTESIAN_POINT('',(6.E-17,-6.E-17,5.));
#4631 = DIRECTION('',(0.,0.,1.));
#4632 = DIRECTION('',(1.,0.,0.));
#4633 = ADVANCED_FACE('',(#4634),#4652,.F.);
#4634 = FACE_BOUND('',#4635,.F.);
#4635 = EDGE_LOOP('',(#4636,#4637,#4638,#4646));
#4636 = ORIENTED_EDGE('',*,*,#4613,.T.);
#4637 = ORIENTED_EDGE('',*,*,#2324,.T.);
#4638 = ORIENTED_EDGE('',*,*,#4639,.T.);
#4639 = EDGE_CURVE('',#2325,#4640,#4642,.T.);
#4640 = VERTEX_POINT('',#4641);
#4641 = CARTESIAN_POINT('',(-40.,-40.,6.));
#4642 = LINE('',#4643,#4644);
#4643 = CARTESIAN_POINT('',(-40.,-50.,6.));
#4644 = VECTOR('',#4645,1.);
#4645 = DIRECTION('',(0.,1.,0.));
#4646 = ORIENTED_EDGE('',*,*,#4647,.F.);
#4647 = EDGE_CURVE('',#4614,#4640,#4648,.T.);
#4648 = LINE('',#4649,#4650);
#4649 = CARTESIAN_POINT('',(-40.,-40.,3.));
#4650 = VECTOR('',#4651,1.);
#4651 = DIRECTION('',(0.,0.,1.));
#4652 = PLANE('',#4653);
#4653 = AXIS2_PLACEMENT_3D('',#4654,#4655,#4656);
#4654 = CARTESIAN_POINT('',(-40.,-50.,3.));
#4655 = DIRECTION('',(-1.,0.,0.));
#4656 = DIRECTION('',(0.,1.,0.));
#4657 = ADVANCED_FACE('',(#4658,#4669),#4672,.T.);
#4658 = FACE_BOUND('',#4659,.T.);
#4659 = EDGE_LOOP('',(#4660,#4661,#4662,#4668));
#4660 = ORIENTED_EDGE('',*,*,#2332,.T.);
#4661 = ORIENTED_EDGE('',*,*,#4639,.T.);
#4662 = ORIENTED_EDGE('',*,*,#4663,.T.);
#4663 = EDGE_CURVE('',#4640,#2357,#4664,.T.);
#4664 = LINE('',#4665,#4666);
#4665 = CARTESIAN_POINT('',(-40.,-40.,6.));
#4666 = VECTOR('',#4667,1.);
#4667 = DIRECTION('',(-1.,0.,0.));
#4668 = ORIENTED_EDGE('',*,*,#2356,.T.);
#4669 = FACE_BOUND('',#4670,.F.);
#4670 = EDGE_LOOP('',(#4671));
#4671 = ORIENTED_EDGE('',*,*,#2515,.T.);
#4672 = PLANE('',#4673);
#4673 = AXIS2_PLACEMENT_3D('',#4674,#4675,#4676);
#4674 = CARTESIAN_POINT('',(-45.,-45.,6.));
#4675 = DIRECTION('',(0.,0.,1.));
#4676 = DIRECTION('',(1.,0.,0.));
#4677 = ADVANCED_FACE('',(#4678),#4689,.F.);
#4678 = FACE_BOUND('',#4679,.F.);
#4679 = EDGE_LOOP('',(#4680,#4686,#4687,#4688));
#4680 = ORIENTED_EDGE('',*,*,#4681,.T.);
#4681 = EDGE_CURVE('',#2365,#4614,#4682,.T.);
#4682 = LINE('',#4683,#4684);
#4683 = CARTESIAN_POINT('',(-20.,-40.,5.));
#4684 = VECTOR('',#4685,1.);
#4685 = DIRECTION('',(1.,0.,0.));
#4686 = ORIENTED_EDGE('',*,*,#4647,.T.);
#4687 = ORIENTED_EDGE('',*,*,#4663,.T.);
#4688 = ORIENTED_EDGE('',*,*,#2364,.F.);
#4689 = PLANE('',#4690);
#4690 = AXIS2_PLACEMENT_3D('',#4691,#4692,#4693);
#4691 = CARTESIAN_POINT('',(-40.,-40.,3.));
#4692 = DIRECTION('',(0.,-1.,0.));
#4693 = DIRECTION('',(-1.,0.,0.));
#4694 = ADVANCED_FACE('',(#4695),#4713,.T.);
#4695 = FACE_BOUND('',#4696,.T.);
#4696 = EDGE_LOOP('',(#4697,#4698,#4699,#4707));
#4697 = ORIENTED_EDGE('',*,*,#2372,.T.);
#4698 = ORIENTED_EDGE('',*,*,#4681,.T.);
#4699 = ORIENTED_EDGE('',*,*,#4700,.F.);
#4700 = EDGE_CURVE('',#4701,#4614,#4703,.T.);
#4701 = VERTEX_POINT('',#4702);
#4702 = CARTESIAN_POINT('',(-40.,40.,5.));
#4703 = LINE('',#4704,#4705);
#4704 = CARTESIAN_POINT('',(-40.,40.,5.));
#4705 = VECTOR('',#4706,1.);
#4706 = DIRECTION('',(0.,-1.,0.));
#4707 = ORIENTED_EDGE('',*,*,#4708,.T.);
#4708 = EDGE_CURVE('',#4701,#2373,#4709,.T.);
#4709 = LINE('',#4710,#4711);
#4710 = CARTESIAN_POINT('',(-25.,40.,5.));
#4711 = VECTOR('',#4712,1.);
#4712 = DIRECTION('',(-1.,0.,0.));
#4713 = PLANE('',#4714);
#4714 = AXIS2_PLACEMENT_3D('',#4715,#4716,#4717);
#4715 = CARTESIAN_POINT('',(6.E-17,-6.E-17,5.));
#4716 = DIRECTION('',(0.,0.,1.));
#4717 = DIRECTION('',(1.,0.,0.));
#4718 = ADVANCED_FACE('',(#4719),#4737,.F.);
#4719 = FACE_BOUND('',#4720,.F.);
#4720 = EDGE_LOOP('',(#4721,#4722,#4723,#4731));
#4721 = ORIENTED_EDGE('',*,*,#4708,.T.);
#4722 = ORIENTED_EDGE('',*,*,#2380,.T.);
#4723 = ORIENTED_EDGE('',*,*,#4724,.T.);
#4724 = EDGE_CURVE('',#2381,#4725,#4727,.T.);
#4725 = VERTEX_POINT('',#4726);
#4726 = CARTESIAN_POINT('',(-40.,40.,6.));
#4727 = LINE('',#4728,#4729);
#4728 = CARTESIAN_POINT('',(-50.,40.,6.));
#4729 = VECTOR('',#4730,1.);
#4730 = DIRECTION('',(1.,0.,0.));
#4731 = ORIENTED_EDGE('',*,*,#4732,.F.);
#4732 = EDGE_CURVE('',#4701,#4725,#4733,.T.);
#4733 = LINE('',#4734,#4735);
#4734 = CARTESIAN_POINT('',(-40.,40.,3.));
#4735 = VECTOR('',#4736,1.);
#4736 = DIRECTION('',(0.,0.,1.));
#4737 = PLANE('',#4738);
#4738 = AXIS2_PLACEMENT_3D('',#4739,#4740,#4741);
#4739 = CARTESIAN_POINT('',(-50.,40.,3.));
#4740 = DIRECTION('',(0.,1.,0.));
#4741 = DIRECTION('',(1.,0.,0.));
#4742 = ADVANCED_FACE('',(#4743,#4754),#4757,.T.);
#4743 = FACE_BOUND('',#4744,.T.);
#4744 = EDGE_LOOP('',(#4745,#4746,#4752,#4753));
#4745 = ORIENTED_EDGE('',*,*,#4724,.T.);
#4746 = ORIENTED_EDGE('',*,*,#4747,.T.);
#4747 = EDGE_CURVE('',#4725,#2470,#4748,.T.);
#4748 = LINE('',#4749,#4750);
#4749 = CARTESIAN_POINT('',(-40.,40.,6.));
#4750 = VECTOR('',#4751,1.);
#4751 = DIRECTION('',(0.,1.,0.));
#4752 = ORIENTED_EDGE('',*,*,#2469,.T.);
#4753 = ORIENTED_EDGE('',*,*,#2388,.T.);
#4754 = FACE_BOUND('',#4755,.F.);
#4755 = EDGE_LOOP('',(#4756));
#4756 = ORIENTED_EDGE('',*,*,#4131,.T.);
#4757 = PLANE('',#4758);
#4758 = AXIS2_PLACEMENT_3D('',#4759,#4760,#4761);
#4759 = CARTESIAN_POINT('',(-45.,45.,6.));
#4760 = DIRECTION('',(0.,0.,1.));
#4761 = DIRECTION('',(1.,0.,0.));
#4762 = ADVANCED_FACE('',(#4763,#4781),#4784,.T.);
#4763 = FACE_BOUND('',#4764,.T.);
#4764 = EDGE_LOOP('',(#4765,#4773,#4774,#4775));
#4765 = ORIENTED_EDGE('',*,*,#4766,.T.);
#4766 = EDGE_CURVE('',#4767,#2421,#4769,.T.);
#4767 = VERTEX_POINT('',#4768);
#4768 = CARTESIAN_POINT('',(40.,40.,6.));
#4769 = LINE('',#4770,#4771);
#4770 = CARTESIAN_POINT('',(40.,40.,6.));
#4771 = VECTOR('',#4772,1.);
#4772 = DIRECTION('',(1.,0.,0.));
#4773 = ORIENTED_EDGE('',*,*,#2420,.T.);
#4774 = ORIENTED_EDGE('',*,*,#2501,.T.);
#4775 = ORIENTED_EDGE('',*,*,#4776,.T.);
#4776 = EDGE_CURVE('',#2494,#4767,#4777,.T.);
#4777 = LINE('',#4778,#4779);
#4778 = CARTESIAN_POINT('',(40.,50.,6.));
#4779 = VECTOR('',#4780,1.);
#4780 = DIRECTION('',(0.,-1.,0.));
#4781 = FACE_BOUND('',#4782,.F.);
#4782 = EDGE_LOOP('',(#4783));
#4783 = ORIENTED_EDGE('',*,*,#4538,.T.);
#4784 = PLANE('',#4785);
#4785 = AXIS2_PLACEMENT_3D('',#4786,#4787,#4788);
#4786 = CARTESIAN_POINT('',(45.,45.,6.));
#4787 = DIRECTION('',(0.,0.,1.));
#4788 = DIRECTION('',(1.,0.,0.));
#4789 = ADVANCED_FACE('',(#4790),#4808,.F.);
#4790 = FACE_BOUND('',#4791,.F.);
#4791 = EDGE_LOOP('',(#4792,#4800,#4806,#4807));
#4792 = ORIENTED_EDGE('',*,*,#4793,.T.);
#4793 = EDGE_CURVE('',#2429,#4794,#4796,.T.);
#4794 = VERTEX_POINT('',#4795);
#4795 = CARTESIAN_POINT('',(40.,40.,5.));
#4796 = LINE('',#4797,#4798);
#4797 = CARTESIAN_POINT('',(20.,40.,5.));
#4798 = VECTOR('',#4799,1.);
#4799 = DIRECTION('',(-1.,0.,0.));
#4800 = ORIENTED_EDGE('',*,*,#4801,.T.);
#4801 = EDGE_CURVE('',#4794,#4767,#4802,.T.);
#4802 = LINE('',#4803,#4804);
#4803 = CARTESIAN_POINT('',(40.,40.,3.));
#4804 = VECTOR('',#4805,1.);
#4805 = DIRECTION('',(0.,0.,1.));
#4806 = ORIENTED_EDGE('',*,*,#4766,.T.);
#4807 = ORIENTED_EDGE('',*,*,#2428,.F.);
#4808 = PLANE('',#4809);
#4809 = AXIS2_PLACEMENT_3D('',#4810,#4811,#4812);
#4810 = CARTESIAN_POINT('',(40.,40.,3.));
#4811 = DIRECTION('',(0.,1.,0.));
#4812 = DIRECTION('',(1.,0.,0.));
#4813 = ADVANCED_FACE('',(#4814),#4830,.T.);
#4814 = FACE_BOUND('',#4815,.T.);
#4815 = EDGE_LOOP('',(#4816,#4822,#4828,#4829));
#4816 = ORIENTED_EDGE('',*,*,#4817,.F.);
#4817 = EDGE_CURVE('',#4590,#4794,#4818,.T.);
#4818 = LINE('',#4819,#4820);
#4819 = CARTESIAN_POINT('',(40.,-40.,5.));
#4820 = VECTOR('',#4821,1.);
#4821 = DIRECTION('',(0.,1.,0.));
#4822 = ORIENTED_EDGE('',*,*,#4823,.T.);
#4823 = EDGE_CURVE('',#4590,#2437,#4824,.T.);
#4824 = LINE('',#4825,#4826);
#4825 = CARTESIAN_POINT('',(25.,-40.,5.));
#4826 = VECTOR('',#4827,1.);
#4827 = DIRECTION('',(1.,0.,0.));
#4828 = ORIENTED_EDGE('',*,*,#2436,.T.);
#4829 = ORIENTED_EDGE('',*,*,#4793,.T.);
#4830 = PLANE('',#4831);
#4831 = AXIS2_PLACEMENT_3D('',#4832,#4833,#4834);
#4832 = CARTESIAN_POINT('',(6.E-17,-6.E-17,5.));
#4833 = DIRECTION('',(0.,0.,1.));
#4834 = DIRECTION('',(1.,0.,0.));
#4835 = ADVANCED_FACE('',(#4836),#4842,.F.);
#4836 = FACE_BOUND('',#4837,.F.);
#4837 = EDGE_LOOP('',(#4838,#4839,#4840,#4841));
#4838 = ORIENTED_EDGE('',*,*,#4823,.T.);
#4839 = ORIENTED_EDGE('',*,*,#2444,.T.);
#4840 = ORIENTED_EDGE('',*,*,#4564,.T.);
#4841 = ORIENTED_EDGE('',*,*,#4597,.F.);
#4842 = PLANE('',#4843);
#4843 = AXIS2_PLACEMENT_3D('',#4844,#4845,#4846);
#4844 = CARTESIAN_POINT('',(50.,-40.,3.));
#4845 = DIRECTION('',(0.,-1.,0.));
#4846 = DIRECTION('',(-1.,0.,0.));
#4847 = ADVANCED_FACE('',(#4848),#4859,.F.);
#4848 = FACE_BOUND('',#4849,.F.);
#4849 = EDGE_LOOP('',(#4850,#4856,#4857,#4858));
#4850 = ORIENTED_EDGE('',*,*,#4851,.T.);
#4851 = EDGE_CURVE('',#2478,#4701,#4852,.T.);
#4852 = LINE('',#4853,#4854);
#4853 = CARTESIAN_POINT('',(-40.,20.,5.));
#4854 = VECTOR('',#4855,1.);
#4855 = DIRECTION('',(0.,-1.,0.));
#4856 = ORIENTED_EDGE('',*,*,#4732,.T.);
#4857 = ORIENTED_EDGE('',*,*,#4747,.T.);
#4858 = ORIENTED_EDGE('',*,*,#2477,.F.);
#4859 = PLANE('',#4860);
#4860 = AXIS2_PLACEMENT_3D('',#4861,#4862,#4863);
#4861 = CARTESIAN_POINT('',(-40.,40.,3.));
#4862 = DIRECTION('',(-1.,0.,0.));
#4863 = DIRECTION('',(0.,1.,0.));
#4864 = ADVANCED_FACE('',(#4865),#4897,.T.);
#4865 = FACE_BOUND('',#4866,.T.);
#4866 = EDGE_LOOP('',(#4867,#4868,#4869,#4875,#4876,#4877,#4878,#4884,
    #4885,#4891));
#4867 = ORIENTED_EDGE('',*,*,#2485,.T.);
#4868 = ORIENTED_EDGE('',*,*,#4851,.T.);
#4869 = ORIENTED_EDGE('',*,*,#4870,.F.);
#4870 = EDGE_CURVE('',#4261,#4701,#4871,.T.);
#4871 = LINE('',#4872,#4873);
#4872 = CARTESIAN_POINT('',(40.,40.,5.));
#4873 = VECTOR('',#4874,1.);
#4874 = DIRECTION('',(-1.,0.,0.));
#4875 = ORIENTED_EDGE('',*,*,#4268,.F.);
#4876 = ORIENTED_EDGE('',*,*,#4235,.F.);
#4877 = ORIENTED_EDGE('',*,*,#4195,.F.);
#4878 = ORIENTED_EDGE('',*,*,#4879,.F.);
#4879 = EDGE_CURVE('',#4506,#4196,#4880,.T.);
#4880 = LINE('',#4881,#4882);
#4881 = CARTESIAN_POINT('',(40.,40.,5.));
#4882 = VECTOR('',#4883,1.);
#4883 = DIRECTION('',(-1.,0.,0.));
#4884 = ORIENTED_EDGE('',*,*,#4505,.T.);
#4885 = ORIENTED_EDGE('',*,*,#4886,.F.);
#4886 = EDGE_CURVE('',#4794,#4498,#4887,.T.);
#4887 = LINE('',#4888,#4889);
#4888 = CARTESIAN_POINT('',(40.,40.,5.));
#4889 = VECTOR('',#4890,1.);
#4890 = DIRECTION('',(-1.,0.,0.));
#4891 = ORIENTED_EDGE('',*,*,#4892,.T.);
#4892 = EDGE_CURVE('',#4794,#2486,#4893,.T.);
#4893 = LINE('',#4894,#4895);
#4894 = CARTESIAN_POINT('',(40.,25.,5.));
#4895 = VECTOR('',#4896,1.);
#4896 = DIRECTION('',(0.,1.,0.));
#4897 = PLANE('',#4898);
#4898 = AXIS2_PLACEMENT_3D('',#4899,#4900,#4901);
#4899 = CARTESIAN_POINT('',(6.E-17,-6.E-17,5.));
#4900 = DIRECTION('',(0.,0.,1.));
#4901 = DIRECTION('',(1.,0.,0.));
#4902 = ADVANCED_FACE('',(#4903),#4909,.F.);
#4903 = FACE_BOUND('',#4904,.F.);
#4904 = EDGE_LOOP('',(#4905,#4906,#4907,#4908));
#4905 = ORIENTED_EDGE('',*,*,#4892,.T.);
#4906 = ORIENTED_EDGE('',*,*,#2493,.T.);
#4907 = ORIENTED_EDGE('',*,*,#4776,.T.);
#4908 = ORIENTED_EDGE('',*,*,#4801,.F.);
#4909 = PLANE('',#4910);
#4910 = AXIS2_PLACEMENT_3D('',#4911,#4912,#4913);
#4911 = CARTESIAN_POINT('',(40.,50.,3.));
#4912 = DIRECTION('',(1.,0.,0.));
#4913 = DIRECTION('',(0.,-1.,0.));
#4914 = ADVANCED_FACE('',(#4915,#4966,#4976,#4986,#4996,#5006,#5016,
    #5026,#5036,#5046),#5056,.T.);
#4915 = FACE_BOUND('',#4916,.T.);
#4916 = EDGE_LOOP('',(#4917,#4927,#4933,#4934,#4935,#4941,#4942,#4943,
    #4944,#4952,#4960));
#4917 = ORIENTED_EDGE('',*,*,#4918,.T.);
#4918 = EDGE_CURVE('',#4919,#4921,#4923,.T.);
#4919 = VERTEX_POINT('',#4920);
#4920 = CARTESIAN_POINT('',(40.,-40.,3.));
#4921 = VERTEX_POINT('',#4922);
#4922 = CARTESIAN_POINT('',(40.,40.,3.));
#4923 = LINE('',#4924,#4925);
#4924 = CARTESIAN_POINT('',(40.,-40.,3.));
#4925 = VECTOR('',#4926,1.);
#4926 = DIRECTION('',(0.,1.,0.));
#4927 = ORIENTED_EDGE('',*,*,#4928,.T.);
#4928 = EDGE_CURVE('',#4921,#4489,#4929,.T.);
#4929 = LINE('',#4930,#4931);
#4930 = CARTESIAN_POINT('',(40.,40.,3.));
#4931 = VECTOR('',#4932,1.);
#4932 = DIRECTION('',(-1.,0.,0.));
#4933 = ORIENTED_EDGE('',*,*,#4488,.T.);
#4934 = ORIENTED_EDGE('',*,*,#4522,.T.);
#4935 = ORIENTED_EDGE('',*,*,#4936,.T.);
#4936 = EDGE_CURVE('',#4515,#4204,#4937,.T.);
#4937 = LINE('',#4938,#4939);
#4938 = CARTESIAN_POINT('',(40.,40.,3.));
#4939 = VECTOR('',#4940,1.);
#4940 = DIRECTION('',(-1.,0.,0.));
#4941 = ORIENTED_EDGE('',*,*,#4211,.F.);
#4942 = ORIENTED_EDGE('',*,*,#4164,.F.);
#4943 = ORIENTED_EDGE('',*,*,#4252,.F.);
#4944 = ORIENTED_EDGE('',*,*,#4945,.T.);
#4945 = EDGE_CURVE('',#4253,#4946,#4948,.T.);
#4946 = VERTEX_POINT('',#4947);
#4947 = CARTESIAN_POINT('',(-40.,40.,3.));
#4948 = LINE('',#4949,#4950);
#4949 = CARTESIAN_POINT('',(40.,40.,3.));
#4950 = VECTOR('',#4951,1.);
#4951 = DIRECTION('',(-1.,0.,0.));
#4952 = ORIENTED_EDGE('',*,*,#4953,.T.);
#4953 = EDGE_CURVE('',#4946,#4954,#4956,.T.);
#4954 = VERTEX_POINT('',#4955);
#4955 = CARTESIAN_POINT('',(-40.,-40.,3.));
#4956 = LINE('',#4957,#4958);
#4957 = CARTESIAN_POINT('',(-40.,40.,3.));
#4958 = VECTOR('',#4959,1.);
#4959 = DIRECTION('',(0.,-1.,0.));
#4960 = ORIENTED_EDGE('',*,*,#4961,.T.);
#4961 = EDGE_CURVE('',#4954,#4919,#4962,.T.);
#4962 = LINE('',#4963,#4964);
#4963 = CARTESIAN_POINT('',(-40.,-40.,3.));
#4964 = VECTOR('',#4965,1.);
#4965 = DIRECTION('',(1.,0.,0.));
#4966 = FACE_BOUND('',#4967,.T.);
#4967 = EDGE_LOOP('',(#4968,#4969,#4970,#4971,#4972,#4973,#4974,#4975));
#4968 = ORIENTED_EDGE('',*,*,#2547,.T.);
#4969 = ORIENTED_EDGE('',*,*,#2603,.F.);
#4970 = ORIENTED_EDGE('',*,*,#2645,.T.);
#4971 = ORIENTED_EDGE('',*,*,#2701,.F.);
#4972 = ORIENTED_EDGE('',*,*,#2719,.T.);
#4973 = ORIENTED_EDGE('',*,*,#2669,.F.);
#4974 = ORIENTED_EDGE('',*,*,#2628,.T.);
#4975 = ORIENTED_EDGE('',*,*,#2571,.F.);
#4976 = FACE_BOUND('',#4977,.T.);
#4977 = EDGE_LOOP('',(#4978,#4979,#4980,#4981,#4982,#4983,#4984,#4985));
#4978 = ORIENTED_EDGE('',*,*,#2939,.T.);
#4979 = ORIENTED_EDGE('',*,*,#2995,.F.);
#4980 = ORIENTED_EDGE('',*,*,#3037,.T.);
#4981 = ORIENTED_EDGE('',*,*,#3093,.F.);
#4982 = ORIENTED_EDGE('',*,*,#3111,.T.);
#4983 = ORIENTED_EDGE('',*,*,#3061,.F.);
#4984 = ORIENTED_EDGE('',*,*,#3020,.T.);
#4985 = ORIENTED_EDGE('',*,*,#2963,.F.);
#4986 = FACE_BOUND('',#4987,.T.);
#4987 = EDGE_LOOP('',(#4988,#4989,#4990,#4991,#4992,#4993,#4994,#4995));
#4988 = ORIENTED_EDGE('',*,*,#2743,.T.);
#4989 = ORIENTED_EDGE('',*,*,#2799,.F.);
#4990 = ORIENTED_EDGE('',*,*,#2841,.T.);
#4991 = ORIENTED_EDGE('',*,*,#2897,.F.);
#4992 = ORIENTED_EDGE('',*,*,#2915,.T.);
#4993 = ORIENTED_EDGE('',*,*,#2865,.F.);
#4994 = ORIENTED_EDGE('',*,*,#2824,.T.);
#4995 = ORIENTED_EDGE('',*,*,#2767,.F.);
#4996 = FACE_BOUND('',#4997,.T.);
#4997 = EDGE_LOOP('',(#4998,#4999,#5000,#5001,#5002,#5003,#5004,#5005));
#4998 = ORIENTED_EDGE('',*,*,#3355,.F.);
#4999 = ORIENTED_EDGE('',*,*,#3386,.F.);
#5000 = ORIENTED_EDGE('',*,*,#3436,.F.);
#5001 = ORIENTED_EDGE('',*,*,#3484,.F.);
#5002 = ORIENTED_EDGE('',*,*,#3527,.F.);
#5003 = ORIENTED_EDGE('',*,*,#3502,.F.);
#5004 = ORIENTED_EDGE('',*,*,#3453,.F.);
#5005 = ORIENTED_EDGE('',*,*,#3404,.F.);
#5006 = FACE_BOUND('',#5007,.T.);
#5007 = EDGE_LOOP('',(#5008,#5009,#5010,#5011,#5012,#5013,#5014,#5015));
#5008 = ORIENTED_EDGE('',*,*,#3135,.F.);
#5009 = ORIENTED_EDGE('',*,*,#3166,.F.);
#5010 = ORIENTED_EDGE('',*,*,#3216,.F.);
#5011 = ORIENTED_EDGE('',*,*,#3264,.F.);
#5012 = ORIENTED_EDGE('',*,*,#3307,.F.);
#5013 = ORIENTED_EDGE('',*,*,#3282,.F.);
#5014 = ORIENTED_EDGE('',*,*,#3233,.F.);
#5015 = ORIENTED_EDGE('',*,*,#3184,.F.);
#5016 = FACE_BOUND('',#5017,.T.);
#5017 = EDGE_LOOP('',(#5018,#5019,#5020,#5021,#5022,#5023,#5024,#5025));
#5018 = ORIENTED_EDGE('',*,*,#3551,.F.);
#5019 = ORIENTED_EDGE('',*,*,#3582,.F.);
#5020 = ORIENTED_EDGE('',*,*,#3632,.F.);
#5021 = ORIENTED_EDGE('',*,*,#3680,.F.);
#5022 = ORIENTED_EDGE('',*,*,#3723,.F.);
#5023 = ORIENTED_EDGE('',*,*,#3698,.F.);
#5024 = ORIENTED_EDGE('',*,*,#3649,.F.);
#5025 = ORIENTED_EDGE('',*,*,#3600,.F.);
#5026 = FACE_BOUND('',#5027,.T.);
#5027 = EDGE_LOOP('',(#5028,#5029,#5030,#5031,#5032,#5033,#5034,#5035));
#5028 = ORIENTED_EDGE('',*,*,#3747,.F.);
#5029 = ORIENTED_EDGE('',*,*,#3778,.F.);
#5030 = ORIENTED_EDGE('',*,*,#3828,.F.);
#5031 = ORIENTED_EDGE('',*,*,#3876,.F.);
#5032 = ORIENTED_EDGE('',*,*,#3919,.F.);
#5033 = ORIENTED_EDGE('',*,*,#3894,.F.);
#5034 = ORIENTED_EDGE('',*,*,#3845,.F.);
#5035 = ORIENTED_EDGE('',*,*,#3796,.F.);
#5036 = FACE_BOUND('',#5037,.T.);
#5037 = EDGE_LOOP('',(#5038,#5039,#5040,#5041,#5042,#5043,#5044,#5045));
#5038 = ORIENTED_EDGE('',*,*,#3943,.F.);
#5039 = ORIENTED_EDGE('',*,*,#3974,.F.);
#5040 = ORIENTED_EDGE('',*,*,#4024,.F.);
#5041 = ORIENTED_EDGE('',*,*,#4072,.F.);
#5042 = ORIENTED_EDGE('',*,*,#4115,.F.);
#5043 = ORIENTED_EDGE('',*,*,#4090,.F.);
#5044 = ORIENTED_EDGE('',*,*,#4041,.F.);
#5045 = ORIENTED_EDGE('',*,*,#3992,.F.);
#5046 = FACE_BOUND('',#5047,.T.);
#5047 = EDGE_LOOP('',(#5048,#5049,#5050,#5051,#5052,#5053,#5054,#5055));
#5048 = ORIENTED_EDGE('',*,*,#4291,.T.);
#5049 = ORIENTED_EDGE('',*,*,#4347,.F.);
#5050 = ORIENTED_EDGE('',*,*,#4389,.T.);
#5051 = ORIENTED_EDGE('',*,*,#4445,.F.);
#5052 = ORIENTED_EDGE('',*,*,#4463,.T.);
#5053 = ORIENTED_EDGE('',*,*,#4413,.F.);
#5054 = ORIENTED_EDGE('',*,*,#4372,.T.);
#5055 = ORIENTED_EDGE('',*,*,#4315,.F.);
#5056 = PLANE('',#5057);
#5057 = AXIS2_PLACEMENT_3D('',#5058,#5059,#5060);
#5058 = CARTESIAN_POINT('',(-1.91E-15,1.91E-15,3.));
#5059 = DIRECTION('',(0.,0.,1.));
#5060 = DIRECTION('',(1.,0.,0.));
#5061 = ADVANCED_FACE('',(#5062),#5068,.T.);
#5062 = FACE_BOUND('',#5063,.T.);
#5063 = EDGE_LOOP('',(#5064,#5065,#5066,#5067));
#5064 = ORIENTED_EDGE('',*,*,#4936,.F.);
#5065 = ORIENTED_EDGE('',*,*,#4514,.F.);
#5066 = ORIENTED_EDGE('',*,*,#4879,.T.);
#5067 = ORIENTED_EDGE('',*,*,#4203,.F.);
#5068 = PLANE('',#5069);
#5069 = AXIS2_PLACEMENT_3D('',#5070,#5071,#5072);
#5070 = CARTESIAN_POINT('',(40.,40.,3.));
#5071 = DIRECTION('',(0.,-1.,0.));
#5072 = DIRECTION('',(-1.,0.,0.));
#5073 = ADVANCED_FACE('',(#5074),#5085,.T.);
#5074 = FACE_BOUND('',#5075,.T.);
#5075 = EDGE_LOOP('',(#5076,#5077,#5078,#5079));
#5076 = ORIENTED_EDGE('',*,*,#4945,.F.);
#5077 = ORIENTED_EDGE('',*,*,#4260,.F.);
#5078 = ORIENTED_EDGE('',*,*,#4870,.T.);
#5079 = ORIENTED_EDGE('',*,*,#5080,.F.);
#5080 = EDGE_CURVE('',#4946,#4701,#5081,.T.);
#5081 = LINE('',#5082,#5083);
#5082 = CARTESIAN_POINT('',(-40.,40.,3.));
#5083 = VECTOR('',#5084,1.);
#5084 = DIRECTION('',(0.,0.,1.));
#5085 = PLANE('',#5086);
#5086 = AXIS2_PLACEMENT_3D('',#5087,#5088,#5089);
#5087 = CARTESIAN_POINT('',(40.,40.,3.));
#5088 = DIRECTION('',(0.,-1.,0.));
#5089 = DIRECTION('',(-1.,0.,0.));
#5090 = ADVANCED_FACE('',(#5091),#5102,.T.);
#5091 = FACE_BOUND('',#5092,.T.);
#5092 = EDGE_LOOP('',(#5093,#5094,#5100,#5101));
#5093 = ORIENTED_EDGE('',*,*,#4928,.F.);
#5094 = ORIENTED_EDGE('',*,*,#5095,.T.);
#5095 = EDGE_CURVE('',#4921,#4794,#5096,.T.);
#5096 = LINE('',#5097,#5098);
#5097 = CARTESIAN_POINT('',(40.,40.,3.));
#5098 = VECTOR('',#5099,1.);
#5099 = DIRECTION('',(0.,0.,1.));
#5100 = ORIENTED_EDGE('',*,*,#4886,.T.);
#5101 = ORIENTED_EDGE('',*,*,#4497,.T.);
#5102 = PLANE('',#5103);
#5103 = AXIS2_PLACEMENT_3D('',#5104,#5105,#5106);
#5104 = CARTESIAN_POINT('',(40.,40.,3.));
#5105 = DIRECTION('',(0.,-1.,0.));
#5106 = DIRECTION('',(-1.,0.,0.));
#5107 = ADVANCED_FACE('',(#5108),#5124,.T.);
#5108 = FACE_BOUND('',#5109,.T.);
#5109 = EDGE_LOOP('',(#5110,#5116,#5117,#5123));
#5110 = ORIENTED_EDGE('',*,*,#5111,.T.);
#5111 = EDGE_CURVE('',#4954,#4614,#5112,.T.);
#5112 = LINE('',#5113,#5114);
#5113 = CARTESIAN_POINT('',(-40.,-40.,3.));
#5114 = VECTOR('',#5115,1.);
#5115 = DIRECTION('',(0.,0.,1.));
#5116 = ORIENTED_EDGE('',*,*,#4623,.T.);
#5117 = ORIENTED_EDGE('',*,*,#5118,.F.);
#5118 = EDGE_CURVE('',#4919,#4590,#5119,.T.);
#5119 = LINE('',#5120,#5121);
#5120 = CARTESIAN_POINT('',(40.,-40.,3.));
#5121 = VECTOR('',#5122,1.);
#5122 = DIRECTION('',(0.,0.,1.));
#5123 = ORIENTED_EDGE('',*,*,#4961,.F.);
#5124 = PLANE('',#5125);
#5125 = AXIS2_PLACEMENT_3D('',#5126,#5127,#5128);
#5126 = CARTESIAN_POINT('',(-40.,-40.,3.));
#5127 = DIRECTION('',(0.,1.,0.));
#5128 = DIRECTION('',(1.,0.,0.));
#5129 = ADVANCED_FACE('',(#5130),#5136,.T.);
#5130 = FACE_BOUND('',#5131,.T.);
#5131 = EDGE_LOOP('',(#5132,#5133,#5134,#5135));
#5132 = ORIENTED_EDGE('',*,*,#5080,.T.);
#5133 = ORIENTED_EDGE('',*,*,#4700,.T.);
#5134 = ORIENTED_EDGE('',*,*,#5111,.F.);
#5135 = ORIENTED_EDGE('',*,*,#4953,.F.);
#5136 = PLANE('',#5137);
#5137 = AXIS2_PLACEMENT_3D('',#5138,#5139,#5140);
#5138 = CARTESIAN_POINT('',(-40.,40.,3.));
#5139 = DIRECTION('',(1.,0.,0.));
#5140 = DIRECTION('',(0.,-1.,0.));
#5141 = ADVANCED_FACE('',(#5142),#5148,.T.);
#5142 = FACE_BOUND('',#5143,.T.);
#5143 = EDGE_LOOP('',(#5144,#5145,#5146,#5147));
#5144 = ORIENTED_EDGE('',*,*,#5118,.T.);
#5145 = ORIENTED_EDGE('',*,*,#4817,.T.);
#5146 = ORIENTED_EDGE('',*,*,#5095,.F.);
#5147 = ORIENTED_EDGE('',*,*,#4918,.F.);
#5148 = PLANE('',#5149);
#5149 = AXIS2_PLACEMENT_3D('',#5150,#5151,#5152);
#5150 = CARTESIAN_POINT('',(40.,-40.,3.));
#5151 = DIRECTION('',(-1.,0.,0.));
#5152 = DIRECTION('',(0.,1.,0.));
#5153 = ( GEOMETRIC_REPRESENTATION_CONTEXT(3) 
GLOBAL_UNCERTAINTY_ASSIGNED_CONTEXT((#5157)) 
GLOBAL_UNIT_ASSIGNED_CONTEXT((#5154,#5155,#5156)) REPRESENTATION_CONTEXT
('Context #1','3D Context with UNIT and UNCERTAINTY') );
#5154 = ( LENGTH_UNIT() NAMED_UNIT(*) SI_UNIT(.MILLI.,.METRE.) );
#5155 = ( NAMED_UNIT(*) PLANE_ANGLE_UNIT() SI_UNIT($,.RADIAN.) );
#5156 = ( NAMED_UNIT(*) SI_UNIT($,.STERADIAN.) SOLID_ANGLE_UNIT() );
#5157 = UNCERTAINTY_MEASURE_WITH_UNIT(LENGTH_MEASURE(1.E-05),#5154,
  'distance_accuracy_value','confusion accuracy');
#5158 = CONTEXT_DEPENDENT_SHAPE_REPRESENTATION(#5159,#5161);
#5159 = ( REPRESENTATION_RELATIONSHIP('','',#1525,#10) 
REPRESENTATION_RELATIONSHIP_WITH_TRANSFORMATION(#5160) 
SHAPE_REPRESENTATION_RELATIONSHIP() );
#5160 = ITEM_DEFINED_TRANSFORMATION('','',#11,#19);
#5161 = PRODUCT_DEFINITION_SHAPE('Placement','Placement of an item',
  #5162);
#5162 = NEXT_ASSEMBLY_USAGE_OCCURRENCE('2','Cut Risen Plate001','',#5,
  #1520,$);
#5163 = PRODUCT_RELATED_PRODUCT_CATEGORY('part',$,(#1522));
#5164 = SHAPE_DEFINITION_REPRESENTATION(#5165,#5171);
#5165 = PRODUCT_DEFINITION_SHAPE('','',#5166);
#5166 = PRODUCT_DEFINITION('design','',#5167,#5170);
#5167 = PRODUCT_DEFINITION_FORMATION('','',#5168);
#5168 = PRODUCT('Top Plate','Top Plate','',(#5169));
#5169 = PRODUCT_CONTEXT('',#2,'mechanical');
#5170 = PRODUCT_DEFINITION_CONTEXT('part definition',#2,'design');
#5171 = ADVANCED_BREP_SHAPE_REPRESENTATION('',(#11,#5172),#6069);
#5172 = MANIFOLD_SOLID_BREP('',#5173);
#5173 = CLOSED_SHELL('',(#5174,#5214,#5247,#5280,#5490,#5700,#5717,#5734
    ,#5751,#5768,#5780,#5797,#5819,#5836,#5853,#5865,#5882,#5899,#5916,
    #5938,#5955,#5972,#5989,#6006,#6023,#6040,#6052));
#5174 = ADVANCED_FACE('',(#5175),#5209,.F.);
#5175 = FACE_BOUND('',#5176,.F.);
#5176 = EDGE_LOOP('',(#5177,#5187,#5195,#5203));
#5177 = ORIENTED_EDGE('',*,*,#5178,.T.);
#5178 = EDGE_CURVE('',#5179,#5181,#5183,.T.);
#5179 = VERTEX_POINT('',#5180);
#5180 = CARTESIAN_POINT('',(-50.,-55.,0.));
#5181 = VERTEX_POINT('',#5182);
#5182 = CARTESIAN_POINT('',(-50.,-55.,2.));
#5183 = LINE('',#5184,#5185);
#5184 = CARTESIAN_POINT('',(-50.,-55.,0.));
#5185 = VECTOR('',#5186,1.);
#5186 = DIRECTION('',(0.,0.,1.));
#5187 = ORIENTED_EDGE('',*,*,#5188,.T.);
#5188 = EDGE_CURVE('',#5181,#5189,#5191,.T.);
#5189 = VERTEX_POINT('',#5190);
#5190 = CARTESIAN_POINT('',(50.,-55.,2.));
#5191 = LINE('',#5192,#5193);
#5192 = CARTESIAN_POINT('',(-50.,-55.,2.));
#5193 = VECTOR('',#5194,1.);
#5194 = DIRECTION('',(1.,0.,0.));
#5195 = ORIENTED_EDGE('',*,*,#5196,.F.);
#5196 = EDGE_CURVE('',#5197,#5189,#5199,.T.);
#5197 = VERTEX_POINT('',#5198);
#5198 = CARTESIAN_POINT('',(50.,-55.,0.));
#5199 = LINE('',#5200,#5201);
#5200 = CARTESIAN_POINT('',(50.,-55.,0.));
#5201 = VECTOR('',#5202,1.);
#5202 = DIRECTION('',(0.,0.,1.));
#5203 = ORIENTED_EDGE('',*,*,#5204,.F.);
#5204 = EDGE_CURVE('',#5179,#5197,#5205,.T.);
#5205 = LINE('',#5206,#5207);
#5206 = CARTESIAN_POINT('',(-50.,-55.,0.));
#5207 = VECTOR('',#5208,1.);
#5208 = DIRECTION('',(1.,0.,0.));
#5209 = PLANE('',#5210);
#5210 = AXIS2_PLACEMENT_3D('',#5211,#5212,#5213);
#5211 = CARTESIAN_POINT('',(-50.,-55.,0.));
#5212 = DIRECTION('',(0.,1.,0.));
#5213 = DIRECTION('',(1.,0.,0.));
#5214 = ADVANCED_FACE('',(#5215),#5242,.T.);
#5215 = FACE_BOUND('',#5216,.F.);
#5216 = EDGE_LOOP('',(#5217,#5227,#5234,#5235));
#5217 = ORIENTED_EDGE('',*,*,#5218,.T.);
#5218 = EDGE_CURVE('',#5219,#5221,#5223,.T.);
#5219 = VERTEX_POINT('',#5220);
#5220 = CARTESIAN_POINT('',(-55.,-50.,0.));
#5221 = VERTEX_POINT('',#5222);
#5222 = CARTESIAN_POINT('',(-55.,-50.,2.));
#5223 = LINE('',#5224,#5225);
#5224 = CARTESIAN_POINT('',(-55.,-50.,0.));
#5225 = VECTOR('',#5226,1.);
#5226 = DIRECTION('',(0.,0.,1.));
#5227 = ORIENTED_EDGE('',*,*,#5228,.T.);
#5228 = EDGE_CURVE('',#5221,#5181,#5229,.T.);
#5229 = CIRCLE('',#5230,5.);
#5230 = AXIS2_PLACEMENT_3D('',#5231,#5232,#5233);
#5231 = CARTESIAN_POINT('',(-50.,-50.,2.));
#5232 = DIRECTION('',(0.,0.,1.));
#5233 = DIRECTION('',(1.,0.,0.));
#5234 = ORIENTED_EDGE('',*,*,#5178,.F.);
#5235 = ORIENTED_EDGE('',*,*,#5236,.F.);
#5236 = EDGE_CURVE('',#5219,#5179,#5237,.T.);
#5237 = CIRCLE('',#5238,5.);
#5238 = AXIS2_PLACEMENT_3D('',#5239,#5240,#5241);
#5239 = CARTESIAN_POINT('',(-50.,-50.,0.));
#5240 = DIRECTION('',(0.,0.,1.));
#5241 = DIRECTION('',(1.,0.,0.));
#5242 = CYLINDRICAL_SURFACE('',#5243,5.);
#5243 = AXIS2_PLACEMENT_3D('',#5244,#5245,#5246);
#5244 = CARTESIAN_POINT('',(-50.,-50.,0.));
#5245 = DIRECTION('',(-0.,-0.,-1.));
#5246 = DIRECTION('',(1.,0.,0.));
#5247 = ADVANCED_FACE('',(#5248),#5275,.T.);
#5248 = FACE_BOUND('',#5249,.F.);
#5249 = EDGE_LOOP('',(#5250,#5251,#5260,#5268));
#5250 = ORIENTED_EDGE('',*,*,#5196,.T.);
#5251 = ORIENTED_EDGE('',*,*,#5252,.T.);
#5252 = EDGE_CURVE('',#5189,#5253,#5255,.T.);
#5253 = VERTEX_POINT('',#5254);
#5254 = CARTESIAN_POINT('',(55.,-50.,2.));
#5255 = CIRCLE('',#5256,5.);
#5256 = AXIS2_PLACEMENT_3D('',#5257,#5258,#5259);
#5257 = CARTESIAN_POINT('',(50.,-50.,2.));
#5258 = DIRECTION('',(0.,0.,1.));
#5259 = DIRECTION('',(1.,0.,0.));
#5260 = ORIENTED_EDGE('',*,*,#5261,.F.);
#5261 = EDGE_CURVE('',#5262,#5253,#5264,.T.);
#5262 = VERTEX_POINT('',#5263);
#5263 = CARTESIAN_POINT('',(55.,-50.,0.));
#5264 = LINE('',#5265,#5266);
#5265 = CARTESIAN_POINT('',(55.,-50.,0.));
#5266 = VECTOR('',#5267,1.);
#5267 = DIRECTION('',(0.,0.,1.));
#5268 = ORIENTED_EDGE('',*,*,#5269,.F.);
#5269 = EDGE_CURVE('',#5197,#5262,#5270,.T.);
#5270 = CIRCLE('',#5271,5.);
#5271 = AXIS2_PLACEMENT_3D('',#5272,#5273,#5274);
#5272 = CARTESIAN_POINT('',(50.,-50.,0.));
#5273 = DIRECTION('',(0.,0.,1.));
#5274 = DIRECTION('',(1.,0.,0.));
#5275 = CYLINDRICAL_SURFACE('',#5276,5.);
#5276 = AXIS2_PLACEMENT_3D('',#5277,#5278,#5279);
#5277 = CARTESIAN_POINT('',(50.,-50.,0.));
#5278 = DIRECTION('',(-0.,-0.,-1.));
#5279 = DIRECTION('',(1.,0.,0.));
#5280 = ADVANCED_FACE('',(#5281,#5326,#5337,#5371,#5382,#5393,#5404,
    #5474),#5485,.F.);
#5281 = FACE_BOUND('',#5282,.F.);
#5282 = EDGE_LOOP('',(#5283,#5284,#5285,#5293,#5302,#5310,#5319,#5325));
#5283 = ORIENTED_EDGE('',*,*,#5204,.T.);
#5284 = ORIENTED_EDGE('',*,*,#5269,.T.);
#5285 = ORIENTED_EDGE('',*,*,#5286,.T.);
#5286 = EDGE_CURVE('',#5262,#5287,#5289,.T.);
#5287 = VERTEX_POINT('',#5288);
#5288 = CARTESIAN_POINT('',(55.,50.,0.));
#5289 = LINE('',#5290,#5291);
#5290 = CARTESIAN_POINT('',(55.,-50.,0.));
#5291 = VECTOR('',#5292,1.);
#5292 = DIRECTION('',(0.,1.,0.));
#5293 = ORIENTED_EDGE('',*,*,#5294,.T.);
#5294 = EDGE_CURVE('',#5287,#5295,#5297,.T.);
#5295 = VERTEX_POINT('',#5296);
#5296 = CARTESIAN_POINT('',(50.,55.,0.));
#5297 = CIRCLE('',#5298,5.);
#5298 = AXIS2_PLACEMENT_3D('',#5299,#5300,#5301);
#5299 = CARTESIAN_POINT('',(50.,50.,0.));
#5300 = DIRECTION('',(0.,0.,1.));
#5301 = DIRECTION('',(1.,0.,0.));
#5302 = ORIENTED_EDGE('',*,*,#5303,.T.);
#5303 = EDGE_CURVE('',#5295,#5304,#5306,.T.);
#5304 = VERTEX_POINT('',#5305);
#5305 = CARTESIAN_POINT('',(-50.,55.,0.));
#5306 = LINE('',#5307,#5308);
#5307 = CARTESIAN_POINT('',(50.,55.,0.));
#5308 = VECTOR('',#5309,1.);
#5309 = DIRECTION('',(-1.,0.,0.));
#5310 = ORIENTED_EDGE('',*,*,#5311,.T.);
#5311 = EDGE_CURVE('',#5304,#5312,#5314,.T.);
#5312 = VERTEX_POINT('',#5313);
#5313 = CARTESIAN_POINT('',(-55.,50.,0.));
#5314 = CIRCLE('',#5315,5.);
#5315 = AXIS2_PLACEMENT_3D('',#5316,#5317,#5318);
#5316 = CARTESIAN_POINT('',(-50.,50.,0.));
#5317 = DIRECTION('',(0.,0.,1.));
#5318 = DIRECTION('',(1.,0.,0.));
#5319 = ORIENTED_EDGE('',*,*,#5320,.T.);
#5320 = EDGE_CURVE('',#5312,#5219,#5321,.T.);
#5321 = LINE('',#5322,#5323);
#5322 = CARTESIAN_POINT('',(-55.,50.,0.));
#5323 = VECTOR('',#5324,1.);
#5324 = DIRECTION('',(0.,-1.,0.));
#5325 = ORIENTED_EDGE('',*,*,#5236,.T.);
#5326 = FACE_BOUND('',#5327,.F.);
#5327 = EDGE_LOOP('',(#5328));
#5328 = ORIENTED_EDGE('',*,*,#5329,.F.);
#5329 = EDGE_CURVE('',#5330,#5330,#5332,.T.);
#5330 = VERTEX_POINT('',#5331);
#5331 = CARTESIAN_POINT('',(-43.3,-45.,0.));
#5332 = CIRCLE('',#5333,1.7);
#5333 = AXIS2_PLACEMENT_3D('',#5334,#5335,#5336);
#5334 = CARTESIAN_POINT('',(-45.,-45.,0.));
#5335 = DIRECTION('',(0.,0.,1.));
#5336 = DIRECTION('',(1.,0.,0.));
#5337 = FACE_BOUND('',#5338,.F.);
#5338 = EDGE_LOOP('',(#5339,#5349,#5357,#5365));
#5339 = ORIENTED_EDGE('',*,*,#5340,.T.);
#5340 = EDGE_CURVE('',#5341,#5343,#5345,.T.);
#5341 = VERTEX_POINT('',#5342);
#5342 = CARTESIAN_POINT('',(-32.48,-45.9,0.));
#5343 = VERTEX_POINT('',#5344);
#5344 = CARTESIAN_POINT('',(-32.48,-36.32,0.));
#5345 = LINE('',#5346,#5347);
#5346 = CARTESIAN_POINT('',(-32.48,-18.16,0.));
#5347 = VECTOR('',#5348,1.);
#5348 = DIRECTION('',(1.2E-16,1.,-0.));
#5349 = ORIENTED_EDGE('',*,*,#5350,.T.);
#5350 = EDGE_CURVE('',#5343,#5351,#5353,.T.);
#5351 = VERTEX_POINT('',#5352);
#5352 = CARTESIAN_POINT('',(-6.1,-36.32,0.));
#5353 = LINE('',#5354,#5355);
#5354 = CARTESIAN_POINT('',(-3.05,-36.32,0.));
#5355 = VECTOR('',#5356,1.);
#5356 = DIRECTION('',(1.,-1.2E-16,0.));
#5357 = ORIENTED_EDGE('',*,*,#5358,.T.);
#5358 = EDGE_CURVE('',#5351,#5359,#5361,.T.);
#5359 = VERTEX_POINT('',#5360);
#5360 = CARTESIAN_POINT('',(-6.1,-45.9,0.));
#5361 = LINE('',#5362,#5363);
#5362 = CARTESIAN_POINT('',(-6.1,-22.95,0.));
#5363 = VECTOR('',#5364,1.);
#5364 = DIRECTION('',(-1.2E-16,-1.,0.));
#5365 = ORIENTED_EDGE('',*,*,#5366,.T.);
#5366 = EDGE_CURVE('',#5359,#5341,#5367,.T.);
#5367 = LINE('',#5368,#5369);
#5368 = CARTESIAN_POINT('',(-16.24,-45.9,0.));
#5369 = VECTOR('',#5370,1.);
#5370 = DIRECTION('',(-1.,1.2E-16,0.));
#5371 = FACE_BOUND('',#5372,.F.);
#5372 = EDGE_LOOP('',(#5373));
#5373 = ORIENTED_EDGE('',*,*,#5374,.T.);
#5374 = EDGE_CURVE('',#5375,#5375,#5377,.T.);
#5375 = VERTEX_POINT('',#5376);
#5376 = CARTESIAN_POINT('',(26.75,-39.9,0.));
#5377 = CIRCLE('',#5378,3.75);
#5378 = AXIS2_PLACEMENT_3D('',#5379,#5380,#5381);
#5379 = CARTESIAN_POINT('',(30.5,-39.9,0.));
#5380 = DIRECTION('',(0.,0.,-1.));
#5381 = DIRECTION('',(-1.,1.2E-16,0.));
#5382 = FACE_BOUND('',#5383,.F.);
#5383 = EDGE_LOOP('',(#5384));
#5384 = ORIENTED_EDGE('',*,*,#5385,.F.);
#5385 = EDGE_CURVE('',#5386,#5386,#5388,.T.);
#5386 = VERTEX_POINT('',#5387);
#5387 = CARTESIAN_POINT('',(46.7,-45.,0.));
#5388 = CIRCLE('',#5389,1.7);
#5389 = AXIS2_PLACEMENT_3D('',#5390,#5391,#5392);
#5390 = CARTESIAN_POINT('',(45.,-45.,0.));
#5391 = DIRECTION('',(0.,0.,1.));
#5392 = DIRECTION('',(1.,0.,0.));
#5393 = FACE_BOUND('',#5394,.F.);
#5394 = EDGE_LOOP('',(#5395));
#5395 = ORIENTED_EDGE('',*,*,#5396,.F.);
#5396 = EDGE_CURVE('',#5397,#5397,#5399,.T.);
#5397 = VERTEX_POINT('',#5398);
#5398 = CARTESIAN_POINT('',(-43.3,45.,0.));
#5399 = CIRCLE('',#5400,1.7);
#5400 = AXIS2_PLACEMENT_3D('',#5401,#5402,#5403);
#5401 = CARTESIAN_POINT('',(-45.,45.,0.));
#5402 = DIRECTION('',(0.,0.,1.));
#5403 = DIRECTION('',(1.,0.,0.));
#5404 = FACE_BOUND('',#5405,.F.);
#5405 = EDGE_LOOP('',(#5406,#5416,#5425,#5433,#5442,#5450,#5459,#5467));
#5406 = ORIENTED_EDGE('',*,*,#5407,.F.);
#5407 = EDGE_CURVE('',#5408,#5410,#5412,.T.);
#5408 = VERTEX_POINT('',#5409);
#5409 = CARTESIAN_POINT('',(-30.,-32.5,0.));
#5410 = VERTEX_POINT('',#5411);
#5411 = CARTESIAN_POINT('',(30.,-32.5,0.));
#5412 = LINE('',#5413,#5414);
#5413 = CARTESIAN_POINT('',(-30.,-32.5,0.));
#5414 = VECTOR('',#5415,1.);
#5415 = DIRECTION('',(1.,0.,0.));
#5416 = ORIENTED_EDGE('',*,*,#5417,.F.);
#5417 = EDGE_CURVE('',#5418,#5408,#5420,.T.);
#5418 = VERTEX_POINT('',#5419);
#5419 = CARTESIAN_POINT('',(-32.5,-30.,0.));
#5420 = CIRCLE('',#5421,2.5);
#5421 = AXIS2_PLACEMENT_3D('',#5422,#5423,#5424);
#5422 = CARTESIAN_POINT('',(-30.,-30.,0.));
#5423 = DIRECTION('',(0.,0.,1.));
#5424 = DIRECTION('',(1.,0.,0.));
#5425 = ORIENTED_EDGE('',*,*,#5426,.F.);
#5426 = EDGE_CURVE('',#5427,#5418,#5429,.T.);
#5427 = VERTEX_POINT('',#5428);
#5428 = CARTESIAN_POINT('',(-32.5,30.,0.));
#5429 = LINE('',#5430,#5431);
#5430 = CARTESIAN_POINT('',(-32.5,30.,0.));
#5431 = VECTOR('',#5432,1.);
#5432 = DIRECTION('',(0.,-1.,0.));
#5433 = ORIENTED_EDGE('',*,*,#5434,.F.);
#5434 = EDGE_CURVE('',#5435,#5427,#5437,.T.);
#5435 = VERTEX_POINT('',#5436);
#5436 = CARTESIAN_POINT('',(-30.,32.5,0.));
#5437 = CIRCLE('',#5438,2.5);
#5438 = AXIS2_PLACEMENT_3D('',#5439,#5440,#5441);
#5439 = CARTESIAN_POINT('',(-30.,30.,0.));
#5440 = DIRECTION('',(0.,0.,1.));
#5441 = DIRECTION('',(1.,0.,0.));
#5442 = ORIENTED_EDGE('',*,*,#5443,.F.);
#5443 = EDGE_CURVE('',#5444,#5435,#5446,.T.);
#5444 = VERTEX_POINT('',#5445);
#5445 = CARTESIAN_POINT('',(30.,32.5,0.));
#5446 = LINE('',#5447,#5448);
#5447 = CARTESIAN_POINT('',(30.,32.5,0.));
#5448 = VECTOR('',#5449,1.);
#5449 = DIRECTION('',(-1.,0.,0.));
#5450 = ORIENTED_EDGE('',*,*,#5451,.F.);
#5451 = EDGE_CURVE('',#5452,#5444,#5454,.T.);
#5452 = VERTEX_POINT('',#5453);
#5453 = CARTESIAN_POINT('',(32.5,30.,0.));
#5454 = CIRCLE('',#5455,2.5);
#5455 = AXIS2_PLACEMENT_3D('',#5456,#5457,#5458);
#5456 = CARTESIAN_POINT('',(30.,30.,0.));
#5457 = DIRECTION('',(0.,0.,1.));
#5458 = DIRECTION('',(1.,0.,0.));
#5459 = ORIENTED_EDGE('',*,*,#5460,.F.);
#5460 = EDGE_CURVE('',#5461,#5452,#5463,.T.);
#5461 = VERTEX_POINT('',#5462);
#5462 = CARTESIAN_POINT('',(32.5,-30.,0.));
#5463 = LINE('',#5464,#5465);
#5464 = CARTESIAN_POINT('',(32.5,-30.,0.));
#5465 = VECTOR('',#5466,1.);
#5466 = DIRECTION('',(0.,1.,0.));
#5467 = ORIENTED_EDGE('',*,*,#5468,.F.);
#5468 = EDGE_CURVE('',#5410,#5461,#5469,.T.);
#5469 = CIRCLE('',#5470,2.5);
#5470 = AXIS2_PLACEMENT_3D('',#5471,#5472,#5473);
#5471 = CARTESIAN_POINT('',(30.,-30.,0.));
#5472 = DIRECTION('',(0.,0.,1.));
#5473 = DIRECTION('',(1.,0.,0.));
#5474 = FACE_BOUND('',#5475,.F.);
#5475 = EDGE_LOOP('',(#5476));
#5476 = ORIENTED_EDGE('',*,*,#5477,.F.);
#5477 = EDGE_CURVE('',#5478,#5478,#5480,.T.);
#5478 = VERTEX_POINT('',#5479);
#5479 = CARTESIAN_POINT('',(46.7,45.,0.));
#5480 = CIRCLE('',#5481,1.7);
#5481 = AXIS2_PLACEMENT_3D('',#5482,#5483,#5484);
#5482 = CARTESIAN_POINT('',(45.,45.,0.));
#5483 = DIRECTION('',(0.,0.,1.));
#5484 = DIRECTION('',(1.,0.,0.));
#5485 = PLANE('',#5486);
#5486 = AXIS2_PLACEMENT_3D('',#5487,#5488,#5489);
#5487 = CARTESIAN_POINT('',(1.99E-15,-4.31E-15,0.));
#5488 = DIRECTION('',(0.,0.,1.));
#5489 = DIRECTION('',(1.,0.,0.));
#5490 = ADVANCED_FACE('',(#5491,#5536,#5547,#5581,#5592,#5603,#5614,
    #5684),#5695,.T.);
#5491 = FACE_BOUND('',#5492,.T.);
#5492 = EDGE_LOOP('',(#5493,#5494,#5495,#5503,#5512,#5520,#5529,#5535));
#5493 = ORIENTED_EDGE('',*,*,#5188,.T.);
#5494 = ORIENTED_EDGE('',*,*,#5252,.T.);
#5495 = ORIENTED_EDGE('',*,*,#5496,.T.);
#5496 = EDGE_CURVE('',#5253,#5497,#5499,.T.);
#5497 = VERTEX_POINT('',#5498);
#5498 = CARTESIAN_POINT('',(55.,50.,2.));
#5499 = LINE('',#5500,#5501);
#5500 = CARTESIAN_POINT('',(55.,-50.,2.));
#5501 = VECTOR('',#5502,1.);
#5502 = DIRECTION('',(0.,1.,0.));
#5503 = ORIENTED_EDGE('',*,*,#5504,.T.);
#5504 = EDGE_CURVE('',#5497,#5505,#5507,.T.);
#5505 = VERTEX_POINT('',#5506);
#5506 = CARTESIAN_POINT('',(50.,55.,2.));
#5507 = CIRCLE('',#5508,5.);
#5508 = AXIS2_PLACEMENT_3D('',#5509,#5510,#5511);
#5509 = CARTESIAN_POINT('',(50.,50.,2.));
#5510 = DIRECTION('',(0.,0.,1.));
#5511 = DIRECTION('',(1.,0.,0.));
#5512 = ORIENTED_EDGE('',*,*,#5513,.T.);
#5513 = EDGE_CURVE('',#5505,#5514,#5516,.T.);
#5514 = VERTEX_POINT('',#5515);
#5515 = CARTESIAN_POINT('',(-50.,55.,2.));
#5516 = LINE('',#5517,#5518);
#5517 = CARTESIAN_POINT('',(50.,55.,2.));
#5518 = VECTOR('',#5519,1.);
#5519 = DIRECTION('',(-1.,0.,0.));
#5520 = ORIENTED_EDGE('',*,*,#5521,.T.);
#5521 = EDGE_CURVE('',#5514,#5522,#5524,.T.);
#5522 = VERTEX_POINT('',#5523);
#5523 = CARTESIAN_POINT('',(-55.,50.,2.));
#5524 = CIRCLE('',#5525,5.);
#5525 = AXIS2_PLACEMENT_3D('',#5526,#5527,#5528);
#5526 = CARTESIAN_POINT('',(-50.,50.,2.));
#5527 = DIRECTION('',(0.,0.,1.));
#5528 = DIRECTION('',(1.,0.,0.));
#5529 = ORIENTED_EDGE('',*,*,#5530,.T.);
#5530 = EDGE_CURVE('',#5522,#5221,#5531,.T.);
#5531 = LINE('',#5532,#5533);
#5532 = CARTESIAN_POINT('',(-55.,50.,2.));
#5533 = VECTOR('',#5534,1.);
#5534 = DIRECTION('',(0.,-1.,0.));
#5535 = ORIENTED_EDGE('',*,*,#5228,.T.);
#5536 = FACE_BOUND('',#5537,.T.);
#5537 = EDGE_LOOP('',(#5538));
#5538 = ORIENTED_EDGE('',*,*,#5539,.F.);
#5539 = EDGE_CURVE('',#5540,#5540,#5542,.T.);
#5540 = VERTEX_POINT('',#5541);
#5541 = CARTESIAN_POINT('',(-43.3,-45.,2.));
#5542 = CIRCLE('',#5543,1.7);
#5543 = AXIS2_PLACEMENT_3D('',#5544,#5545,#5546);
#5544 = CARTESIAN_POINT('',(-45.,-45.,2.));
#5545 = DIRECTION('',(0.,0.,1.));
#5546 = DIRECTION('',(1.,0.,0.));
#5547 = FACE_BOUND('',#5548,.T.);
#5548 = EDGE_LOOP('',(#5549,#5559,#5567,#5575));
#5549 = ORIENTED_EDGE('',*,*,#5550,.T.);
#5550 = EDGE_CURVE('',#5551,#5553,#5555,.T.);
#5551 = VERTEX_POINT('',#5552);
#5552 = CARTESIAN_POINT('',(-32.48,-45.9,2.));
#5553 = VERTEX_POINT('',#5554);
#5554 = CARTESIAN_POINT('',(-32.48,-36.32,2.));
#5555 = LINE('',#5556,#5557);
#5556 = CARTESIAN_POINT('',(-32.48,-18.16,2.));
#5557 = VECTOR('',#5558,1.);
#5558 = DIRECTION('',(1.2E-16,1.,-0.));
#5559 = ORIENTED_EDGE('',*,*,#5560,.T.);
#5560 = EDGE_CURVE('',#5553,#5561,#5563,.T.);
#5561 = VERTEX_POINT('',#5562);
#5562 = CARTESIAN_POINT('',(-6.1,-36.32,2.));
#5563 = LINE('',#5564,#5565);
#5564 = CARTESIAN_POINT('',(-3.05,-36.32,2.));
#5565 = VECTOR('',#5566,1.);
#5566 = DIRECTION('',(1.,-1.2E-16,0.));
#5567 = ORIENTED_EDGE('',*,*,#5568,.T.);
#5568 = EDGE_CURVE('',#5561,#5569,#5571,.T.);
#5569 = VERTEX_POINT('',#5570);
#5570 = CARTESIAN_POINT('',(-6.1,-45.9,2.));
#5571 = LINE('',#5572,#5573);
#5572 = CARTESIAN_POINT('',(-6.1,-22.95,2.));
#5573 = VECTOR('',#5574,1.);
#5574 = DIRECTION('',(-1.2E-16,-1.,0.));
#5575 = ORIENTED_EDGE('',*,*,#5576,.T.);
#5576 = EDGE_CURVE('',#5569,#5551,#5577,.T.);
#5577 = LINE('',#5578,#5579);
#5578 = CARTESIAN_POINT('',(-16.24,-45.9,2.));
#5579 = VECTOR('',#5580,1.);
#5580 = DIRECTION('',(-1.,1.2E-16,0.));
#5581 = FACE_BOUND('',#5582,.T.);
#5582 = EDGE_LOOP('',(#5583));
#5583 = ORIENTED_EDGE('',*,*,#5584,.T.);
#5584 = EDGE_CURVE('',#5585,#5585,#5587,.T.);
#5585 = VERTEX_POINT('',#5586);
#5586 = CARTESIAN_POINT('',(26.75,-39.9,2.));
#5587 = CIRCLE('',#5588,3.75);
#5588 = AXIS2_PLACEMENT_3D('',#5589,#5590,#5591);
#5589 = CARTESIAN_POINT('',(30.5,-39.9,2.));
#5590 = DIRECTION('',(0.,0.,-1.));
#5591 = DIRECTION('',(-1.,1.2E-16,0.));
#5592 = FACE_BOUND('',#5593,.T.);
#5593 = EDGE_LOOP('',(#5594));
#5594 = ORIENTED_EDGE('',*,*,#5595,.F.);
#5595 = EDGE_CURVE('',#5596,#5596,#5598,.T.);
#5596 = VERTEX_POINT('',#5597);
#5597 = CARTESIAN_POINT('',(46.7,-45.,2.));
#5598 = CIRCLE('',#5599,1.7);
#5599 = AXIS2_PLACEMENT_3D('',#5600,#5601,#5602);
#5600 = CARTESIAN_POINT('',(45.,-45.,2.));
#5601 = DIRECTION('',(0.,0.,1.));
#5602 = DIRECTION('',(1.,0.,0.));
#5603 = FACE_BOUND('',#5604,.T.);
#5604 = EDGE_LOOP('',(#5605));
#5605 = ORIENTED_EDGE('',*,*,#5606,.F.);
#5606 = EDGE_CURVE('',#5607,#5607,#5609,.T.);
#5607 = VERTEX_POINT('',#5608);
#5608 = CARTESIAN_POINT('',(-43.3,45.,2.));
#5609 = CIRCLE('',#5610,1.7);
#5610 = AXIS2_PLACEMENT_3D('',#5611,#5612,#5613);
#5611 = CARTESIAN_POINT('',(-45.,45.,2.));
#5612 = DIRECTION('',(0.,0.,1.));
#5613 = DIRECTION('',(1.,0.,0.));
#5614 = FACE_BOUND('',#5615,.T.);
#5615 = EDGE_LOOP('',(#5616,#5626,#5635,#5643,#5652,#5660,#5669,#5677));
#5616 = ORIENTED_EDGE('',*,*,#5617,.F.);
#5617 = EDGE_CURVE('',#5618,#5620,#5622,.T.);
#5618 = VERTEX_POINT('',#5619);
#5619 = CARTESIAN_POINT('',(-30.,-32.5,2.));
#5620 = VERTEX_POINT('',#5621);
#5621 = CARTESIAN_POINT('',(30.,-32.5,2.));
#5622 = LINE('',#5623,#5624);
#5623 = CARTESIAN_POINT('',(-30.,-32.5,2.));
#5624 = VECTOR('',#5625,1.);
#5625 = DIRECTION('',(1.,0.,0.));
#5626 = ORIENTED_EDGE('',*,*,#5627,.F.);
#5627 = EDGE_CURVE('',#5628,#5618,#5630,.T.);
#5628 = VERTEX_POINT('',#5629);
#5629 = CARTESIAN_POINT('',(-32.5,-30.,2.));
#5630 = CIRCLE('',#5631,2.5);
#5631 = AXIS2_PLACEMENT_3D('',#5632,#5633,#5634);
#5632 = CARTESIAN_POINT('',(-30.,-30.,2.));
#5633 = DIRECTION('',(0.,0.,1.));
#5634 = DIRECTION('',(1.,0.,0.));
#5635 = ORIENTED_EDGE('',*,*,#5636,.F.);
#5636 = EDGE_CURVE('',#5637,#5628,#5639,.T.);
#5637 = VERTEX_POINT('',#5638);
#5638 = CARTESIAN_POINT('',(-32.5,30.,2.));
#5639 = LINE('',#5640,#5641);
#5640 = CARTESIAN_POINT('',(-32.5,30.,2.));
#5641 = VECTOR('',#5642,1.);
#5642 = DIRECTION('',(0.,-1.,0.));
#5643 = ORIENTED_EDGE('',*,*,#5644,.F.);
#5644 = EDGE_CURVE('',#5645,#5637,#5647,.T.);
#5645 = VERTEX_POINT('',#5646);
#5646 = CARTESIAN_POINT('',(-30.,32.5,2.));
#5647 = CIRCLE('',#5648,2.5);
#5648 = AXIS2_PLACEMENT_3D('',#5649,#5650,#5651);
#5649 = CARTESIAN_POINT('',(-30.,30.,2.));
#5650 = DIRECTION('',(0.,0.,1.));
#5651 = DIRECTION('',(1.,0.,0.));
#5652 = ORIENTED_EDGE('',*,*,#5653,.F.);
#5653 = EDGE_CURVE('',#5654,#5645,#5656,.T.);
#5654 = VERTEX_POINT('',#5655);
#5655 = CARTESIAN_POINT('',(30.,32.5,2.));
#5656 = LINE('',#5657,#5658);
#5657 = CARTESIAN_POINT('',(30.,32.5,2.));
#5658 = VECTOR('',#5659,1.);
#5659 = DIRECTION('',(-1.,0.,0.));
#5660 = ORIENTED_EDGE('',*,*,#5661,.F.);
#5661 = EDGE_CURVE('',#5662,#5654,#5664,.T.);
#5662 = VERTEX_POINT('',#5663);
#5663 = CARTESIAN_POINT('',(32.5,30.,2.));
#5664 = CIRCLE('',#5665,2.5);
#5665 = AXIS2_PLACEMENT_3D('',#5666,#5667,#5668);
#5666 = CARTESIAN_POINT('',(30.,30.,2.));
#5667 = DIRECTION('',(0.,0.,1.));
#5668 = DIRECTION('',(1.,0.,0.));
#5669 = ORIENTED_EDGE('',*,*,#5670,.F.);
#5670 = EDGE_CURVE('',#5671,#5662,#5673,.T.);
#5671 = VERTEX_POINT('',#5672);
#5672 = CARTESIAN_POINT('',(32.5,-30.,2.));
#5673 = LINE('',#5674,#5675);
#5674 = CARTESIAN_POINT('',(32.5,-30.,2.));
#5675 = VECTOR('',#5676,1.);
#5676 = DIRECTION('',(0.,1.,0.));
#5677 = ORIENTED_EDGE('',*,*,#5678,.F.);
#5678 = EDGE_CURVE('',#5620,#5671,#5679,.T.);
#5679 = CIRCLE('',#5680,2.5);
#5680 = AXIS2_PLACEMENT_3D('',#5681,#5682,#5683);
#5681 = CARTESIAN_POINT('',(30.,-30.,2.));
#5682 = DIRECTION('',(0.,0.,1.));
#5683 = DIRECTION('',(1.,0.,0.));
#5684 = FACE_BOUND('',#5685,.T.);
#5685 = EDGE_LOOP('',(#5686));
#5686 = ORIENTED_EDGE('',*,*,#5687,.F.);
#5687 = EDGE_CURVE('',#5688,#5688,#5690,.T.);
#5688 = VERTEX_POINT('',#5689);
#5689 = CARTESIAN_POINT('',(46.7,45.,2.));
#5690 = CIRCLE('',#5691,1.7);
#5691 = AXIS2_PLACEMENT_3D('',#5692,#5693,#5694);
#5692 = CARTESIAN_POINT('',(45.,45.,2.));
#5693 = DIRECTION('',(0.,0.,1.));
#5694 = DIRECTION('',(1.,0.,0.));
#5695 = PLANE('',#5696);
#5696 = AXIS2_PLACEMENT_3D('',#5697,#5698,#5699);
#5697 = CARTESIAN_POINT('',(1.99E-15,-4.31E-15,2.));
#5698 = DIRECTION('',(0.,0.,1.));
#5699 = DIRECTION('',(1.,0.,0.));
#5700 = ADVANCED_FACE('',(#5701),#5712,.F.);
#5701 = FACE_BOUND('',#5702,.F.);
#5702 = EDGE_LOOP('',(#5703,#5709,#5710,#5711));
#5703 = ORIENTED_EDGE('',*,*,#5704,.T.);
#5704 = EDGE_CURVE('',#5312,#5522,#5705,.T.);
#5705 = LINE('',#5706,#5707);
#5706 = CARTESIAN_POINT('',(-55.,50.,0.));
#5707 = VECTOR('',#5708,1.);
#5708 = DIRECTION('',(0.,0.,1.));
#5709 = ORIENTED_EDGE('',*,*,#5530,.T.);
#5710 = ORIENTED_EDGE('',*,*,#5218,.F.);
#5711 = ORIENTED_EDGE('',*,*,#5320,.F.);
#5712 = PLANE('',#5713);
#5713 = AXIS2_PLACEMENT_3D('',#5714,#5715,#5716);
#5714 = CARTESIAN_POINT('',(-55.,50.,0.));
#5715 = DIRECTION('',(1.,0.,0.));
#5716 = DIRECTION('',(0.,-1.,0.));
#5717 = ADVANCED_FACE('',(#5718),#5729,.F.);
#5718 = FACE_BOUND('',#5719,.F.);
#5719 = EDGE_LOOP('',(#5720,#5721,#5722,#5728));
#5720 = ORIENTED_EDGE('',*,*,#5261,.T.);
#5721 = ORIENTED_EDGE('',*,*,#5496,.T.);
#5722 = ORIENTED_EDGE('',*,*,#5723,.F.);
#5723 = EDGE_CURVE('',#5287,#5497,#5724,.T.);
#5724 = LINE('',#5725,#5726);
#5725 = CARTESIAN_POINT('',(55.,50.,0.));
#5726 = VECTOR('',#5727,1.);
#5727 = DIRECTION('',(0.,0.,1.));
#5728 = ORIENTED_EDGE('',*,*,#5286,.F.);
#5729 = PLANE('',#5730);
#5730 = AXIS2_PLACEMENT_3D('',#5731,#5732,#5733);
#5731 = CARTESIAN_POINT('',(55.,-50.,0.));
#5732 = DIRECTION('',(-1.,0.,0.));
#5733 = DIRECTION('',(0.,1.,0.));
#5734 = ADVANCED_FACE('',(#5735),#5746,.T.);
#5735 = FACE_BOUND('',#5736,.F.);
#5736 = EDGE_LOOP('',(#5737,#5743,#5744,#5745));
#5737 = ORIENTED_EDGE('',*,*,#5738,.T.);
#5738 = EDGE_CURVE('',#5304,#5514,#5739,.T.);
#5739 = LINE('',#5740,#5741);
#5740 = CARTESIAN_POINT('',(-50.,55.,0.));
#5741 = VECTOR('',#5742,1.);
#5742 = DIRECTION('',(0.,0.,1.));
#5743 = ORIENTED_EDGE('',*,*,#5521,.T.);
#5744 = ORIENTED_EDGE('',*,*,#5704,.F.);
#5745 = ORIENTED_EDGE('',*,*,#5311,.F.);
#5746 = CYLINDRICAL_SURFACE('',#5747,5.);
#5747 = AXIS2_PLACEMENT_3D('',#5748,#5749,#5750);
#5748 = CARTESIAN_POINT('',(-50.,50.,0.));
#5749 = DIRECTION('',(-0.,-0.,-1.));
#5750 = DIRECTION('',(1.,0.,0.));
#5751 = ADVANCED_FACE('',(#5752),#5763,.T.);
#5752 = FACE_BOUND('',#5753,.F.);
#5753 = EDGE_LOOP('',(#5754,#5755,#5756,#5762));
#5754 = ORIENTED_EDGE('',*,*,#5723,.T.);
#5755 = ORIENTED_EDGE('',*,*,#5504,.T.);
#5756 = ORIENTED_EDGE('',*,*,#5757,.F.);
#5757 = EDGE_CURVE('',#5295,#5505,#5758,.T.);
#5758 = LINE('',#5759,#5760);
#5759 = CARTESIAN_POINT('',(50.,55.,0.));
#5760 = VECTOR('',#5761,1.);
#5761 = DIRECTION('',(0.,0.,1.));
#5762 = ORIENTED_EDGE('',*,*,#5294,.F.);
#5763 = CYLINDRICAL_SURFACE('',#5764,5.);
#5764 = AXIS2_PLACEMENT_3D('',#5765,#5766,#5767);
#5765 = CARTESIAN_POINT('',(50.,50.,0.));
#5766 = DIRECTION('',(-0.,-0.,-1.));
#5767 = DIRECTION('',(1.,0.,0.));
#5768 = ADVANCED_FACE('',(#5769),#5775,.F.);
#5769 = FACE_BOUND('',#5770,.F.);
#5770 = EDGE_LOOP('',(#5771,#5772,#5773,#5774));
#5771 = ORIENTED_EDGE('',*,*,#5757,.T.);
#5772 = ORIENTED_EDGE('',*,*,#5513,.T.);
#5773 = ORIENTED_EDGE('',*,*,#5738,.F.);
#5774 = ORIENTED_EDGE('',*,*,#5303,.F.);
#5775 = PLANE('',#5776);
#5776 = AXIS2_PLACEMENT_3D('',#5777,#5778,#5779);
#5777 = CARTESIAN_POINT('',(50.,55.,0.));
#5778 = DIRECTION('',(0.,-1.,0.));
#5779 = DIRECTION('',(-1.,0.,0.));
#5780 = ADVANCED_FACE('',(#5781),#5792,.F.);
#5781 = FACE_BOUND('',#5782,.T.);
#5782 = EDGE_LOOP('',(#5783,#5789,#5790,#5791));
#5783 = ORIENTED_EDGE('',*,*,#5784,.T.);
#5784 = EDGE_CURVE('',#5330,#5540,#5785,.T.);
#5785 = LINE('',#5786,#5787);
#5786 = CARTESIAN_POINT('',(-43.3,-45.,0.));
#5787 = VECTOR('',#5788,1.);
#5788 = DIRECTION('',(0.,0.,1.));
#5789 = ORIENTED_EDGE('',*,*,#5539,.T.);
#5790 = ORIENTED_EDGE('',*,*,#5784,.F.);
#5791 = ORIENTED_EDGE('',*,*,#5329,.F.);
#5792 = CYLINDRICAL_SURFACE('',#5793,1.7);
#5793 = AXIS2_PLACEMENT_3D('',#5794,#5795,#5796);
#5794 = CARTESIAN_POINT('',(-45.,-45.,0.));
#5795 = DIRECTION('',(-0.,-0.,-1.));
#5796 = DIRECTION('',(1.,0.,0.));
#5797 = ADVANCED_FACE('',(#5798),#5814,.T.);
#5798 = FACE_BOUND('',#5799,.T.);
#5799 = EDGE_LOOP('',(#5800,#5801,#5807,#5808));
#5800 = ORIENTED_EDGE('',*,*,#5340,.T.);
#5801 = ORIENTED_EDGE('',*,*,#5802,.T.);
#5802 = EDGE_CURVE('',#5343,#5553,#5803,.T.);
#5803 = LINE('',#5804,#5805);
#5804 = CARTESIAN_POINT('',(-32.48,-36.32,-4.));
#5805 = VECTOR('',#5806,1.);
#5806 = DIRECTION('',(0.,0.,1.));
#5807 = ORIENTED_EDGE('',*,*,#5550,.F.);
#5808 = ORIENTED_EDGE('',*,*,#5809,.F.);
#5809 = EDGE_CURVE('',#5341,#5551,#5810,.T.);
#5810 = LINE('',#5811,#5812);
#5811 = CARTESIAN_POINT('',(-32.48,-45.9,-4.));
#5812 = VECTOR('',#5813,1.);
#5813 = DIRECTION('',(0.,0.,1.));
#5814 = PLANE('',#5815);
#5815 = AXIS2_PLACEMENT_3D('',#5816,#5817,#5818);
#5816 = CARTESIAN_POINT('',(-32.48,-36.32,-4.));
#5817 = DIRECTION('',(1.,0.,0.));
#5818 = DIRECTION('',(0.,-1.,0.));
#5819 = ADVANCED_FACE('',(#5820),#5831,.T.);
#5820 = FACE_BOUND('',#5821,.T.);
#5821 = EDGE_LOOP('',(#5822,#5823,#5824,#5825));
#5822 = ORIENTED_EDGE('',*,*,#5366,.T.);
#5823 = ORIENTED_EDGE('',*,*,#5809,.T.);
#5824 = ORIENTED_EDGE('',*,*,#5576,.F.);
#5825 = ORIENTED_EDGE('',*,*,#5826,.F.);
#5826 = EDGE_CURVE('',#5359,#5569,#5827,.T.);
#5827 = LINE('',#5828,#5829);
#5828 = CARTESIAN_POINT('',(-6.1,-45.9,-4.));
#5829 = VECTOR('',#5830,1.);
#5830 = DIRECTION('',(0.,0.,1.));
#5831 = PLANE('',#5832);
#5832 = AXIS2_PLACEMENT_3D('',#5833,#5834,#5835);
#5833 = CARTESIAN_POINT('',(-32.48,-45.9,-4.));
#5834 = DIRECTION('',(0.,1.,0.));
#5835 = DIRECTION('',(1.,0.,0.));
#5836 = ADVANCED_FACE('',(#5837),#5848,.T.);
#5837 = FACE_BOUND('',#5838,.T.);
#5838 = EDGE_LOOP('',(#5839,#5840,#5841,#5842));
#5839 = ORIENTED_EDGE('',*,*,#5358,.T.);
#5840 = ORIENTED_EDGE('',*,*,#5826,.T.);
#5841 = ORIENTED_EDGE('',*,*,#5568,.F.);
#5842 = ORIENTED_EDGE('',*,*,#5843,.F.);
#5843 = EDGE_CURVE('',#5351,#5561,#5844,.T.);
#5844 = LINE('',#5845,#5846);
#5845 = CARTESIAN_POINT('',(-6.1,-36.32,-4.));
#5846 = VECTOR('',#5847,1.);
#5847 = DIRECTION('',(0.,0.,1.));
#5848 = PLANE('',#5849);
#5849 = AXIS2_PLACEMENT_3D('',#5850,#5851,#5852);
#5850 = CARTESIAN_POINT('',(-6.1,-45.9,-4.));
#5851 = DIRECTION('',(-1.,0.,0.));
#5852 = DIRECTION('',(0.,1.,0.));
#5853 = ADVANCED_FACE('',(#5854),#5860,.T.);
#5854 = FACE_BOUND('',#5855,.T.);
#5855 = EDGE_LOOP('',(#5856,#5857,#5858,#5859));
#5856 = ORIENTED_EDGE('',*,*,#5350,.T.);
#5857 = ORIENTED_EDGE('',*,*,#5843,.T.);
#5858 = ORIENTED_EDGE('',*,*,#5560,.F.);
#5859 = ORIENTED_EDGE('',*,*,#5802,.F.);
#5860 = PLANE('',#5861);
#5861 = AXIS2_PLACEMENT_3D('',#5862,#5863,#5864);
#5862 = CARTESIAN_POINT('',(-6.1,-36.32,-4.));
#5863 = DIRECTION('',(0.,-1.,0.));
#5864 = DIRECTION('',(-1.,0.,0.));
#5865 = ADVANCED_FACE('',(#5866),#5877,.F.);
#5866 = FACE_BOUND('',#5867,.T.);
#5867 = EDGE_LOOP('',(#5868,#5869,#5875,#5876));
#5868 = ORIENTED_EDGE('',*,*,#5374,.T.);
#5869 = ORIENTED_EDGE('',*,*,#5870,.T.);
#5870 = EDGE_CURVE('',#5375,#5585,#5871,.T.);
#5871 = LINE('',#5872,#5873);
#5872 = CARTESIAN_POINT('',(26.75,-39.9,-4.));
#5873 = VECTOR('',#5874,1.);
#5874 = DIRECTION('',(0.,0.,1.));
#5875 = ORIENTED_EDGE('',*,*,#5584,.F.);
#5876 = ORIENTED_EDGE('',*,*,#5870,.F.);
#5877 = CYLINDRICAL_SURFACE('',#5878,3.75);
#5878 = AXIS2_PLACEMENT_3D('',#5879,#5880,#5881);
#5879 = CARTESIAN_POINT('',(30.5,-39.9,-4.));
#5880 = DIRECTION('',(0.,0.,-1.));
#5881 = DIRECTION('',(-1.,0.,0.));
#5882 = ADVANCED_FACE('',(#5883),#5894,.F.);
#5883 = FACE_BOUND('',#5884,.T.);
#5884 = EDGE_LOOP('',(#5885,#5891,#5892,#5893));
#5885 = ORIENTED_EDGE('',*,*,#5886,.T.);
#5886 = EDGE_CURVE('',#5386,#5596,#5887,.T.);
#5887 = LINE('',#5888,#5889);
#5888 = CARTESIAN_POINT('',(46.7,-45.,0.));
#5889 = VECTOR('',#5890,1.);
#5890 = DIRECTION('',(0.,0.,1.));
#5891 = ORIENTED_EDGE('',*,*,#5595,.T.);
#5892 = ORIENTED_EDGE('',*,*,#5886,.F.);
#5893 = ORIENTED_EDGE('',*,*,#5385,.F.);
#5894 = CYLINDRICAL_SURFACE('',#5895,1.7);
#5895 = AXIS2_PLACEMENT_3D('',#5896,#5897,#5898);
#5896 = CARTESIAN_POINT('',(45.,-45.,0.));
#5897 = DIRECTION('',(-0.,-0.,-1.));
#5898 = DIRECTION('',(1.,0.,0.));
#5899 = ADVANCED_FACE('',(#5900),#5911,.F.);
#5900 = FACE_BOUND('',#5901,.T.);
#5901 = EDGE_LOOP('',(#5902,#5908,#5909,#5910));
#5902 = ORIENTED_EDGE('',*,*,#5903,.T.);
#5903 = EDGE_CURVE('',#5397,#5607,#5904,.T.);
#5904 = LINE('',#5905,#5906);
#5905 = CARTESIAN_POINT('',(-43.3,45.,0.));
#5906 = VECTOR('',#5907,1.);
#5907 = DIRECTION('',(0.,0.,1.));
#5908 = ORIENTED_EDGE('',*,*,#5606,.T.);
#5909 = ORIENTED_EDGE('',*,*,#5903,.F.);
#5910 = ORIENTED_EDGE('',*,*,#5396,.F.);
#5911 = CYLINDRICAL_SURFACE('',#5912,1.7);
#5912 = AXIS2_PLACEMENT_3D('',#5913,#5914,#5915);
#5913 = CARTESIAN_POINT('',(-45.,45.,0.));
#5914 = DIRECTION('',(-0.,-0.,-1.));
#5915 = DIRECTION('',(1.,0.,0.));
#5916 = ADVANCED_FACE('',(#5917),#5933,.T.);
#5917 = FACE_BOUND('',#5918,.T.);
#5918 = EDGE_LOOP('',(#5919,#5925,#5926,#5932));
#5919 = ORIENTED_EDGE('',*,*,#5920,.T.);
#5920 = EDGE_CURVE('',#5408,#5618,#5921,.T.);
#5921 = LINE('',#5922,#5923);
#5922 = CARTESIAN_POINT('',(-30.,-32.5,0.));
#5923 = VECTOR('',#5924,1.);
#5924 = DIRECTION('',(0.,0.,1.));
#5925 = ORIENTED_EDGE('',*,*,#5617,.T.);
#5926 = ORIENTED_EDGE('',*,*,#5927,.F.);
#5927 = EDGE_CURVE('',#5410,#5620,#5928,.T.);
#5928 = LINE('',#5929,#5930);
#5929 = CARTESIAN_POINT('',(30.,-32.5,0.));
#5930 = VECTOR('',#5931,1.);
#5931 = DIRECTION('',(0.,0.,1.));
#5932 = ORIENTED_EDGE('',*,*,#5407,.F.);
#5933 = PLANE('',#5934);
#5934 = AXIS2_PLACEMENT_3D('',#5935,#5936,#5937);
#5935 = CARTESIAN_POINT('',(-30.,-32.5,0.));
#5936 = DIRECTION('',(0.,1.,0.));
#5937 = DIRECTION('',(1.,0.,0.));
#5938 = ADVANCED_FACE('',(#5939),#5950,.F.);
#5939 = FACE_BOUND('',#5940,.T.);
#5940 = EDGE_LOOP('',(#5941,#5947,#5948,#5949));
#5941 = ORIENTED_EDGE('',*,*,#5942,.T.);
#5942 = EDGE_CURVE('',#5418,#5628,#5943,.T.);
#5943 = LINE('',#5944,#5945);
#5944 = CARTESIAN_POINT('',(-32.5,-30.,0.));
#5945 = VECTOR('',#5946,1.);
#5946 = DIRECTION('',(0.,0.,1.));
#5947 = ORIENTED_EDGE('',*,*,#5627,.T.);
#5948 = ORIENTED_EDGE('',*,*,#5920,.F.);
#5949 = ORIENTED_EDGE('',*,*,#5417,.F.);
#5950 = CYLINDRICAL_SURFACE('',#5951,2.5);
#5951 = AXIS2_PLACEMENT_3D('',#5952,#5953,#5954);
#5952 = CARTESIAN_POINT('',(-30.,-30.,0.));
#5953 = DIRECTION('',(-0.,-0.,-1.));
#5954 = DIRECTION('',(1.,0.,0.));
#5955 = ADVANCED_FACE('',(#5956),#5967,.F.);
#5956 = FACE_BOUND('',#5957,.T.);
#5957 = EDGE_LOOP('',(#5958,#5959,#5960,#5966));
#5958 = ORIENTED_EDGE('',*,*,#5927,.T.);
#5959 = ORIENTED_EDGE('',*,*,#5678,.T.);
#5960 = ORIENTED_EDGE('',*,*,#5961,.F.);
#5961 = EDGE_CURVE('',#5461,#5671,#5962,.T.);
#5962 = LINE('',#5963,#5964);
#5963 = CARTESIAN_POINT('',(32.5,-30.,0.));
#5964 = VECTOR('',#5965,1.);
#5965 = DIRECTION('',(0.,0.,1.));
#5966 = ORIENTED_EDGE('',*,*,#5468,.F.);
#5967 = CYLINDRICAL_SURFACE('',#5968,2.5);
#5968 = AXIS2_PLACEMENT_3D('',#5969,#5970,#5971);
#5969 = CARTESIAN_POINT('',(30.,-30.,0.));
#5970 = DIRECTION('',(-0.,-0.,-1.));
#5971 = DIRECTION('',(1.,0.,0.));
#5972 = ADVANCED_FACE('',(#5973),#5984,.T.);
#5973 = FACE_BOUND('',#5974,.T.);
#5974 = EDGE_LOOP('',(#5975,#5981,#5982,#5983));
#5975 = ORIENTED_EDGE('',*,*,#5976,.T.);
#5976 = EDGE_CURVE('',#5427,#5637,#5977,.T.);
#5977 = LINE('',#5978,#5979);
#5978 = CARTESIAN_POINT('',(-32.5,30.,0.));
#5979 = VECTOR('',#5980,1.);
#5980 = DIRECTION('',(0.,0.,1.));
#5981 = ORIENTED_EDGE('',*,*,#5636,.T.);
#5982 = ORIENTED_EDGE('',*,*,#5942,.F.);
#5983 = ORIENTED_EDGE('',*,*,#5426,.F.);
#5984 = PLANE('',#5985);
#5985 = AXIS2_PLACEMENT_3D('',#5986,#5987,#5988);
#5986 = CARTESIAN_POINT('',(-32.5,30.,0.));
#5987 = DIRECTION('',(1.,0.,0.));
#5988 = DIRECTION('',(0.,-1.,0.));
#5989 = ADVANCED_FACE('',(#5990),#6001,.T.);
#5990 = FACE_BOUND('',#5991,.T.);
#5991 = EDGE_LOOP('',(#5992,#5993,#5994,#6000));
#5992 = ORIENTED_EDGE('',*,*,#5961,.T.);
#5993 = ORIENTED_EDGE('',*,*,#5670,.T.);
#5994 = ORIENTED_EDGE('',*,*,#5995,.F.);
#5995 = EDGE_CURVE('',#5452,#5662,#5996,.T.);
#5996 = LINE('',#5997,#5998);
#5997 = CARTESIAN_POINT('',(32.5,30.,0.));
#5998 = VECTOR('',#5999,1.);
#5999 = DIRECTION('',(0.,0.,1.));
#6000 = ORIENTED_EDGE('',*,*,#5460,.F.);
#6001 = PLANE('',#6002);
#6002 = AXIS2_PLACEMENT_3D('',#6003,#6004,#6005);
#6003 = CARTESIAN_POINT('',(32.5,-30.,0.));
#6004 = DIRECTION('',(-1.,0.,0.));
#6005 = DIRECTION('',(0.,1.,0.));
#6006 = ADVANCED_FACE('',(#6007),#6018,.F.);
#6007 = FACE_BOUND('',#6008,.T.);
#6008 = EDGE_LOOP('',(#6009,#6015,#6016,#6017));
#6009 = ORIENTED_EDGE('',*,*,#6010,.T.);
#6010 = EDGE_CURVE('',#5435,#5645,#6011,.T.);
#6011 = LINE('',#6012,#6013);
#6012 = CARTESIAN_POINT('',(-30.,32.5,0.));
#6013 = VECTOR('',#6014,1.);
#6014 = DIRECTION('',(0.,0.,1.));
#6015 = ORIENTED_EDGE('',*,*,#5644,.T.);
#6016 = ORIENTED_EDGE('',*,*,#5976,.F.);
#6017 = ORIENTED_EDGE('',*,*,#5434,.F.);
#6018 = CYLINDRICAL_SURFACE('',#6019,2.5);
#6019 = AXIS2_PLACEMENT_3D('',#6020,#6021,#6022);
#6020 = CARTESIAN_POINT('',(-30.,30.,0.));
#6021 = DIRECTION('',(-0.,-0.,-1.));
#6022 = DIRECTION('',(1.,0.,0.));
#6023 = ADVANCED_FACE('',(#6024),#6035,.F.);
#6024 = FACE_BOUND('',#6025,.T.);
#6025 = EDGE_LOOP('',(#6026,#6027,#6028,#6034));
#6026 = ORIENTED_EDGE('',*,*,#5995,.T.);
#6027 = ORIENTED_EDGE('',*,*,#5661,.T.);
#6028 = ORIENTED_EDGE('',*,*,#6029,.F.);
#6029 = EDGE_CURVE('',#5444,#5654,#6030,.T.);
#6030 = LINE('',#6031,#6032);
#6031 = CARTESIAN_POINT('',(30.,32.5,0.));
#6032 = VECTOR('',#6033,1.);
#6033 = DIRECTION('',(0.,0.,1.));
#6034 = ORIENTED_EDGE('',*,*,#5451,.F.);
#6035 = CYLINDRICAL_SURFACE('',#6036,2.5);
#6036 = AXIS2_PLACEMENT_3D('',#6037,#6038,#6039);
#6037 = CARTESIAN_POINT('',(30.,30.,0.));
#6038 = DIRECTION('',(-0.,-0.,-1.));
#6039 = DIRECTION('',(1.,0.,0.));
#6040 = ADVANCED_FACE('',(#6041),#6047,.T.);
#6041 = FACE_BOUND('',#6042,.T.);
#6042 = EDGE_LOOP('',(#6043,#6044,#6045,#6046));
#6043 = ORIENTED_EDGE('',*,*,#6029,.T.);
#6044 = ORIENTED_EDGE('',*,*,#5653,.T.);
#6045 = ORIENTED_EDGE('',*,*,#6010,.F.);
#6046 = ORIENTED_EDGE('',*,*,#5443,.F.);
#6047 = PLANE('',#6048);
#6048 = AXIS2_PLACEMENT_3D('',#6049,#6050,#6051);
#6049 = CARTESIAN_POINT('',(30.,32.5,0.));
#6050 = DIRECTION('',(0.,-1.,0.));
#6051 = DIRECTION('',(-1.,0.,0.));
#6052 = ADVANCED_FACE('',(#6053),#6064,.F.);
#6053 = FACE_BOUND('',#6054,.T.);
#6054 = EDGE_LOOP('',(#6055,#6061,#6062,#6063));
#6055 = ORIENTED_EDGE('',*,*,#6056,.T.);
#6056 = EDGE_CURVE('',#5478,#5688,#6057,.T.);
#6057 = LINE('',#6058,#6059);
#6058 = CARTESIAN_POINT('',(46.7,45.,0.));
#6059 = VECTOR('',#6060,1.);
#6060 = DIRECTION('',(0.,0.,1.));
#6061 = ORIENTED_EDGE('',*,*,#5687,.T.);
#6062 = ORIENTED_EDGE('',*,*,#6056,.F.);
#6063 = ORIENTED_EDGE('',*,*,#5477,.F.);
#6064 = CYLINDRICAL_SURFACE('',#6065,1.7);
#6065 = AXIS2_PLACEMENT_3D('',#6066,#6067,#6068);
#6066 = CARTESIAN_POINT('',(45.,45.,0.));
#6067 = DIRECTION('',(-0.,-0.,-1.));
#6068 = DIRECTION('',(1.,0.,0.));
#6069 = ( GEOMETRIC_REPRESENTATION_CONTEXT(3) 
GLOBAL_UNCERTAINTY_ASSIGNED_CONTEXT((#6073)) 
GLOBAL_UNIT_ASSIGNED_CONTEXT((#6070,#6071,#6072)) REPRESENTATION_CONTEXT
('Context #1','3D Context with UNIT and UNCERTAINTY') );
#6070 = ( LENGTH_UNIT() NAMED_UNIT(*) SI_UNIT(.MILLI.,.METRE.) );
#6071 = ( NAMED_UNIT(*) PLANE_ANGLE_UNIT() SI_UNIT($,.RADIAN.) );
#6072 = ( NAMED_UNIT(*) SI_UNIT($,.STERADIAN.) SOLID_ANGLE_UNIT() );
#6073 = UNCERTAINTY_MEASURE_WITH_UNIT(LENGTH_MEASURE(1.E-05),#6070,
  'distance_accuracy_value','confusion accuracy');
#6074 = CONTEXT_DEPENDENT_SHAPE_REPRESENTATION(#6075,#6077);
#6075 = ( REPRESENTATION_RELATIONSHIP('','',#5171,#10) 
REPRESENTATION_RELATIONSHIP_WITH_TRANSFORMATION(#6076) 
SHAPE_REPRESENTATION_RELATIONSHIP() );
#6076 = ITEM_DEFINED_TRANSFORMATION('','',#11,#23);
#6077 = PRODUCT_DEFINITION_SHAPE('Placement','Placement of an item',
  #6078);
#6078 = NEXT_ASSEMBLY_USAGE_OCCURRENCE('3','Top Plate001','',#5,#5166,$
  );
#6079 = PRODUCT_RELATED_PRODUCT_CATEGORY('part',$,(#5168));
#6080 = SHAPE_DEFINITION_REPRESENTATION(#6081,#6087);
#6081 = PRODUCT_DEFINITION_SHAPE('','',#6082);
#6082 = PRODUCT_DEFINITION('design','',#6083,#6086);
#6083 = PRODUCT_DEFINITION_FORMATION('','',#6084);
#6084 = PRODUCT('PCB','PCB','',(#6085));
#6085 = PRODUCT_CONTEXT('',#2,'mechanical');
#6086 = PRODUCT_DEFINITION_CONTEXT('part definition',#2,'design');
#6087 = SHAPE_REPRESENTATION('',(#11,#6088,#6092,#6096,#6100,#6104,#6108
    ,#6112,#6116,#6120,#6124,#6128,#6132,#6136,#6140,#6144,#6148,#6152,
    #6156,#6160),#6164);
#6088 = AXIS2_PLACEMENT_3D('',#6089,#6090,#6091);
#6089 = CARTESIAN_POINT('',(129.095,-58.,1.595));
#6090 = DIRECTION('',(0.,0.,1.));
#6091 = DIRECTION('',(1.,0.,0.));
#6092 = AXIS2_PLACEMENT_3D('',#6093,#6094,#6095);
#6093 = CARTESIAN_POINT('',(138.,-80.81,1.595));
#6094 = DIRECTION('',(0.,-0.,1.));
#6095 = DIRECTION('',(2.22044604925E-16,1.,0.));
#6096 = AXIS2_PLACEMENT_3D('',#6097,#6098,#6099);
#6097 = CARTESIAN_POINT('',(110.095,-58.,1.595));
#6098 = DIRECTION('',(0.,0.,1.));
#6099 = DIRECTION('',(-1.,0.,0.));
#6100 = AXIS2_PLACEMENT_3D('',#6101,#6102,#6103);
#6101 = CARTESIAN_POINT('',(110.595,-96.,1.595));
#6102 = DIRECTION('',(0.,0.,1.));
#6103 = DIRECTION('',(-1.,0.,0.));
#6104 = AXIS2_PLACEMENT_3D('',#6105,#6106,#6107);
#6105 = CARTESIAN_POINT('',(129.095,-77.,1.595));
#6106 = DIRECTION('',(0.,0.,1.));
#6107 = DIRECTION('',(1.,0.,0.));
#6108 = AXIS2_PLACEMENT_3D('',#6109,#6110,#6111);
#6109 = CARTESIAN_POINT('',(138.,-61.81,1.595));
#6110 = DIRECTION('',(0.,-0.,1.));
#6111 = DIRECTION('',(2.22044604925E-16,1.,0.));
#6112 = AXIS2_PLACEMENT_3D('',#6113,#6114,#6115);
#6113 = CARTESIAN_POINT('',(119.5,-61.81,1.595));
#6114 = DIRECTION('',(0.,-0.,1.));
#6115 = DIRECTION('',(2.22044604925E-16,1.,0.));
#6116 = AXIS2_PLACEMENT_3D('',#6117,#6118,#6119);
#6117 = CARTESIAN_POINT('',(129.095,-96.,1.595));
#6118 = DIRECTION('',(0.,0.,1.));
#6119 = DIRECTION('',(1.,0.,0.));
#6120 = AXIS2_PLACEMENT_3D('',#6121,#6122,#6123);
#6121 = CARTESIAN_POINT('',(91.,-96.,1.595));
#6122 = DIRECTION('',(0.,0.,1.));
#6123 = DIRECTION('',(1.,0.,0.));
#6124 = AXIS2_PLACEMENT_3D('',#6125,#6126,#6127);
#6125 = CARTESIAN_POINT('',(100.595,-99.81,1.595));
#6126 = DIRECTION('',(0.,-0.,1.));
#6127 = DIRECTION('',(2.22044604925E-16,1.,0.));
#6128 = AXIS2_PLACEMENT_3D('',#6129,#6130,#6131);
#6129 = CARTESIAN_POINT('',(110.5,-77.,1.595));
#6130 = DIRECTION('',(0.,0.,1.));
#6131 = DIRECTION('',(-1.,0.,0.));
#6132 = AXIS2_PLACEMENT_3D('',#6133,#6134,#6135);
#6133 = CARTESIAN_POINT('',(91.,-77.,1.595));
#6134 = DIRECTION('',(0.,0.,1.));
#6135 = DIRECTION('',(1.,0.,0.));
#6136 = AXIS2_PLACEMENT_3D('',#6137,#6138,#6139);
#6137 = CARTESIAN_POINT('',(100.595,-80.81,1.595));
#6138 = DIRECTION('',(0.,-0.,1.));
#6139 = DIRECTION('',(2.22044604925E-16,1.,0.));
#6140 = AXIS2_PLACEMENT_3D('',#6141,#6142,#6143);
#6141 = CARTESIAN_POINT('',(119.595,-99.81,1.595));
#6142 = DIRECTION('',(0.,-0.,1.));
#6143 = DIRECTION('',(2.22044604925E-16,1.,0.));
#6144 = AXIS2_PLACEMENT_3D('',#6145,#6146,#6147);
#6145 = CARTESIAN_POINT('',(138.,-99.81,1.595));
#6146 = DIRECTION('',(0.,-0.,1.));
#6147 = DIRECTION('',(2.22044604925E-16,1.,0.));
#6148 = AXIS2_PLACEMENT_3D('',#6149,#6150,#6151);
#6149 = CARTESIAN_POINT('',(100.5,-61.81,1.595));
#6150 = DIRECTION('',(0.,-0.,1.));
#6151 = DIRECTION('',(2.22044604925E-16,1.,0.));
#6152 = AXIS2_PLACEMENT_3D('',#6153,#6154,#6155);
#6153 = CARTESIAN_POINT('',(91.095,-58.,1.595));
#6154 = DIRECTION('',(0.,0.,1.));
#6155 = DIRECTION('',(1.,0.,0.));
#6156 = AXIS2_PLACEMENT_3D('',#6157,#6158,#6159);
#6157 = CARTESIAN_POINT('',(119.595,-80.81,1.595));
#6158 = DIRECTION('',(0.,-0.,1.));
#6159 = DIRECTION('',(2.22044604925E-16,1.,0.));
#6160 = AXIS2_PLACEMENT_3D('',#6161,#6162,#6163);
#6161 = CARTESIAN_POINT('',(0.,0.,0.));
#6162 = DIRECTION('',(0.,0.,1.));
#6163 = DIRECTION('',(1.,0.,0.));
#6164 = ( GEOMETRIC_REPRESENTATION_CONTEXT(3) 
GLOBAL_UNCERTAINTY_ASSIGNED_CONTEXT((#6168)) 
GLOBAL_UNIT_ASSIGNED_CONTEXT((#6165,#6166,#6167)) REPRESENTATION_CONTEXT
('Context #1','3D Context with UNIT and UNCERTAINTY') );
#6165 = ( LENGTH_UNIT() NAMED_UNIT(*) SI_UNIT(.MILLI.,.METRE.) );
#6166 = ( NAMED_UNIT(*) PLANE_ANGLE_UNIT() SI_UNIT($,.RADIAN.) );
#6167 = ( NAMED_UNIT(*) SI_UNIT($,.STERADIAN.) SOLID_ANGLE_UNIT() );
#6168 = UNCERTAINTY_MEASURE_WITH_UNIT(LENGTH_MEASURE(1.E-06),#6165,
  'distance_accuracy_value','confusion accuracy');
#6169 = CONTEXT_DEPENDENT_SHAPE_REPRESENTATION(#6170,#6172);
#6170 = ( REPRESENTATION_RELATIONSHIP('','',#6087,#10) 
REPRESENTATION_RELATIONSHIP_WITH_TRANSFORMATION(#6171) 
SHAPE_REPRESENTATION_RELATIONSHIP() );
#6171 = ITEM_DEFINED_TRANSFORMATION('','',#11,#27);
#6172 = PRODUCT_DEFINITION_SHAPE('Placement','Placement of an item',
  #6173);
#6173 = NEXT_ASSEMBLY_USAGE_OCCURRENCE('104','PCB001','',#5,#6082,$);
#6174 = PRODUCT_RELATED_PRODUCT_CATEGORY('part',$,(#6084));
#6175 = SHAPE_DEFINITION_REPRESENTATION(#6176,#6182);
#6176 = PRODUCT_DEFINITION_SHAPE('','',#6177);
#6177 = PRODUCT_DEFINITION('design','',#6178,#6181);
#6178 = PRODUCT_DEFINITION_FORMATION('','',#6179);
#6179 = PRODUCT('LED_SK6812MINI-E_3.2x2.8mm_P1.5mm_ReverseMount',
  'LED_SK6812MINI-E_3.2x2.8mm_P1.5mm_ReverseMount','',(#6180));
#6180 = PRODUCT_CONTEXT('',#2,'mechanical');
#6181 = PRODUCT_DEFINITION_CONTEXT('part definition',#2,'design');
#6182 = SHAPE_REPRESENTATION('',(#11,#6183),#6187);
#6183 = AXIS2_PLACEMENT_3D('',#6184,#6185,#6186);
#6184 = CARTESIAN_POINT('',(0.,0.,0.));
#6185 = DIRECTION('',(0.,0.,1.));
#6186 = DIRECTION('',(1.,0.,0.));
#6187 = ( GEOMETRIC_REPRESENTATION_CONTEXT(3) 
GLOBAL_UNCERTAINTY_ASSIGNED_CONTEXT((#6191)) 
GLOBAL_UNIT_ASSIGNED_CONTEXT((#6188,#6189,#6190)) REPRESENTATION_CONTEXT
('Context #1','3D Context with UNIT and UNCERTAINTY') );
#6188 = ( LENGTH_UNIT() NAMED_UNIT(*) SI_UNIT(.MILLI.,.METRE.) );
#6189 = ( NAMED_UNIT(*) PLANE_ANGLE_UNIT() SI_UNIT($,.RADIAN.) );
#6190 = ( NAMED_UNIT(*) SI_UNIT($,.STERADIAN.) SOLID_ANGLE_UNIT() );
#6191 = UNCERTAINTY_MEASURE_WITH_UNIT(LENGTH_MEASURE(2.E-06),#6188,
  'distance_accuracy_value','confusion accuracy');
#6192 = CONTEXT_DEPENDENT_SHAPE_REPRESENTATION(#6193,#6195);
#6193 = ( REPRESENTATION_RELATIONSHIP('','',#6182,#6087) 
REPRESENTATION_RELATIONSHIP_WITH_TRANSFORMATION(#6194) 
SHAPE_REPRESENTATION_RELATIONSHIP() );
#6194 = ITEM_DEFINED_TRANSFORMATION('','',#11,#6088);
#6195 = PRODUCT_DEFINITION_SHAPE('Placement','Placement of an item',
  #6196);
#6196 = NEXT_ASSEMBLY_USAGE_OCCURRENCE('10',
  'LED_SK6812MINI-E_3.2x2.8mm_P1.5mm_ReverseMount','',#6082,#6177,$);
#6197 = PRODUCT_RELATED_PRODUCT_CATEGORY('part',$,(#6179));
#6198 = SHAPE_DEFINITION_REPRESENTATION(#6199,#6205);
#6199 = PRODUCT_DEFINITION_SHAPE('','',#6200);
#6200 = PRODUCT_DEFINITION('design','',#6201,#6204);
#6201 = PRODUCT_DEFINITION_FORMATION('','',#6202);
#6202 = PRODUCT('LED_SK6812MINI_E_3_2x2_8mm_P1_5mm',
  'LED_SK6812MINI_E_3_2x2_8mm_P1_5mm','',(#6203));
#6203 = PRODUCT_CONTEXT('',#2,'mechanical');
#6204 = PRODUCT_DEFINITION_CONTEXT('part definition',#2,'design');
#6205 = SHAPE_REPRESENTATION('',(#11,#6206,#6210,#6214,#6218,#6222),
  #6226);
#6206 = AXIS2_PLACEMENT_3D('',#6207,#6208,#6209);
#6207 = CARTESIAN_POINT('',(0.,0.,0.));
#6208 = DIRECTION('',(0.,0.,1.));
#6209 = DIRECTION('',(1.,0.,0.));
#6210 = AXIS2_PLACEMENT_3D('',#6211,#6212,#6213);
#6211 = CARTESIAN_POINT('',(0.,0.,0.));
#6212 = DIRECTION('',(0.,0.,1.));
#6213 = DIRECTION('',(1.,0.,0.));
#6214 = AXIS2_PLACEMENT_3D('',#6215,#6216,#6217);
#6215 = CARTESIAN_POINT('',(0.,0.,0.));
#6216 = DIRECTION('',(0.,0.,1.));
#6217 = DIRECTION('',(1.,0.,0.));
#6218 = AXIS2_PLACEMENT_3D('',#6219,#6220,#6221);
#6219 = CARTESIAN_POINT('',(0.,0.,0.));
#6220 = DIRECTION('',(0.,0.,1.));
#6221 = DIRECTION('',(1.,0.,0.));
#6222 = AXIS2_PLACEMENT_3D('',#6223,#6224,#6225);
#6223 = CARTESIAN_POINT('',(0.,0.,0.));
#6224 = DIRECTION('',(0.,0.,1.));
#6225 = DIRECTION('',(1.,0.,0.));
#6226 = ( GEOMETRIC_REPRESENTATION_CONTEXT(3) 
GLOBAL_UNCERTAINTY_ASSIGNED_CONTEXT((#6230)) 
GLOBAL_UNIT_ASSIGNED_CONTEXT((#6227,#6228,#6229)) REPRESENTATION_CONTEXT
('Context #1','3D Context with UNIT and UNCERTAINTY') );
#6227 = ( LENGTH_UNIT() NAMED_UNIT(*) SI_UNIT(.MILLI.,.METRE.) );
#6228 = ( NAMED_UNIT(*) PLANE_ANGLE_UNIT() SI_UNIT($,.RADIAN.) );
#6229 = ( NAMED_UNIT(*) SI_UNIT($,.STERADIAN.) SOLID_ANGLE_UNIT() );
#6230 = UNCERTAINTY_MEASURE_WITH_UNIT(LENGTH_MEASURE(2.E-06),#6227,
  'distance_accuracy_value','confusion accuracy');
#6231 = CONTEXT_DEPENDENT_SHAPE_REPRESENTATION(#6232,#6234);
#6232 = ( REPRESENTATION_RELATIONSHIP('','',#6205,#6182) 
REPRESENTATION_RELATIONSHIP_WITH_TRANSFORMATION(#6233) 
SHAPE_REPRESENTATION_RELATIONSHIP() );
#6233 = ITEM_DEFINED_TRANSFORMATION('','',#11,#6183);
#6234 = PRODUCT_DEFINITION_SHAPE('Placement','Placement of an item',
  #6235);
#6235 = NEXT_ASSEMBLY_USAGE_OCCURRENCE('9',
  'LED_SK6812MINI_E_3_2x2_8mm_P1_5mm','',#6177,#6200,$);
#6236 = PRODUCT_RELATED_PRODUCT_CATEGORY('part',$,(#6202));
#6237 = SHAPE_DEFINITION_REPRESENTATION(#6238,#6244);
#6238 = PRODUCT_DEFINITION_SHAPE('','',#6239);
#6239 = PRODUCT_DEFINITION('design','',#6240,#6243);
#6240 = PRODUCT_DEFINITION_FORMATION('','',#6241);
#6241 = PRODUCT('Body003','Body003','',(#6242));
#6242 = PRODUCT_CONTEXT('',#2,'mechanical');
#6243 = PRODUCT_DEFINITION_CONTEXT('part definition',#2,'design');
#6244 = ADVANCED_BREP_SHAPE_REPRESENTATION('',(#11,#6245),#7095);
#6245 = MANIFOLD_SOLID_BREP('',#6246);
#6246 = CLOSED_SHELL('',(#6247,#6303,#6350,#6383,#6407,#6448,#6495,#6506
    ,#6531,#6553,#6652,#6669,#6705,#6729,#6747,#6839,#6851,#6868,#6885,
    #6902,#6919,#6936,#6964,#6981,#6998,#7015,#7027,#7052,#7077,#7086));
#6247 = ADVANCED_FACE('',(#6248),#6298,.F.);
#6248 = FACE_BOUND('',#6249,.F.);
#6249 = EDGE_LOOP('',(#6250,#6260,#6268,#6276,#6284,#6292));
#6250 = ORIENTED_EDGE('',*,*,#6251,.F.);
#6251 = EDGE_CURVE('',#6252,#6254,#6256,.T.);
#6252 = VERTEX_POINT('',#6253);
#6253 = CARTESIAN_POINT('',(-1.6,1.4,0.15));
#6254 = VERTEX_POINT('',#6255);
#6255 = CARTESIAN_POINT('',(-1.6,1.4,-0.83995));
#6256 = LINE('',#6257,#6258);
#6257 = CARTESIAN_POINT('',(-1.6,1.4,0.15));
#6258 = VECTOR('',#6259,1.);
#6259 = DIRECTION('',(0.,2.2E-16,-1.));
#6260 = ORIENTED_EDGE('',*,*,#6261,.T.);
#6261 = EDGE_CURVE('',#6252,#6262,#6264,.T.);
#6262 = VERTEX_POINT('',#6263);
#6263 = CARTESIAN_POINT('',(-1.6,-1.4,0.15));
#6264 = LINE('',#6265,#6266);
#6265 = CARTESIAN_POINT('',(-1.6,1.4,0.15));
#6266 = VECTOR('',#6267,1.);
#6267 = DIRECTION('',(0.,-1.,2.2E-16));
#6268 = ORIENTED_EDGE('',*,*,#6269,.T.);
#6269 = EDGE_CURVE('',#6262,#6270,#6272,.T.);
#6270 = VERTEX_POINT('',#6271);
#6271 = CARTESIAN_POINT('',(-1.6,-1.4,-0.34));
#6272 = LINE('',#6273,#6274);
#6273 = CARTESIAN_POINT('',(-1.6,-1.4,0.15));
#6274 = VECTOR('',#6275,1.);
#6275 = DIRECTION('',(0.,2.2E-16,-1.));
#6276 = ORIENTED_EDGE('',*,*,#6277,.F.);
#6277 = EDGE_CURVE('',#6278,#6270,#6280,.T.);
#6278 = VERTEX_POINT('',#6279);
#6279 = CARTESIAN_POINT('',(-1.6,-0.586827201635,-0.34));
#6280 = LINE('',#6281,#6282);
#6281 = CARTESIAN_POINT('',(-1.6,-0.586827201635,-0.34));
#6282 = VECTOR('',#6283,1.);
#6283 = DIRECTION('',(0.,-1.,-2.2E-16));
#6284 = ORIENTED_EDGE('',*,*,#6285,.F.);
#6285 = EDGE_CURVE('',#6286,#6278,#6288,.T.);
#6286 = VERTEX_POINT('',#6287);
#6287 = CARTESIAN_POINT('',(-1.6,-0.586827201635,-0.83995));
#6288 = LINE('',#6289,#6290);
#6289 = CARTESIAN_POINT('',(-1.6,-0.586827201635,-0.84));
#6290 = VECTOR('',#6291,1.);
#6291 = DIRECTION('',(0.,0.,1.));
#6292 = ORIENTED_EDGE('',*,*,#6293,.F.);
#6293 = EDGE_CURVE('',#6254,#6286,#6294,.T.);
#6294 = LINE('',#6295,#6296);
#6295 = CARTESIAN_POINT('',(-1.6,1.4,-0.83995));
#6296 = VECTOR('',#6297,1.);
#6297 = DIRECTION('',(0.,-1.,2.2E-16));
#6298 = PLANE('',#6299);
#6299 = AXIS2_PLACEMENT_3D('',#6300,#6301,#6302);
#6300 = CARTESIAN_POINT('',(-1.6,1.4,0.15));
#6301 = DIRECTION('',(1.,0.,0.));
#6302 = DIRECTION('',(0.,-2.2E-16,-1.));
#6303 = ADVANCED_FACE('',(#6304),#6345,.T.);
#6304 = FACE_BOUND('',#6305,.T.);
#6305 = EDGE_LOOP('',(#6306,#6307,#6315,#6323,#6331,#6339));
#6306 = ORIENTED_EDGE('',*,*,#6251,.F.);
#6307 = ORIENTED_EDGE('',*,*,#6308,.F.);
#6308 = EDGE_CURVE('',#6309,#6252,#6311,.T.);
#6309 = VERTEX_POINT('',#6310);
#6310 = CARTESIAN_POINT('',(-1.555,1.4,0.15));
#6311 = LINE('',#6312,#6313);
#6312 = CARTESIAN_POINT('',(1.6,1.4,0.15));
#6313 = VECTOR('',#6314,1.);
#6314 = DIRECTION('',(-1.,0.,0.));
#6315 = ORIENTED_EDGE('',*,*,#6316,.F.);
#6316 = EDGE_CURVE('',#6317,#6309,#6319,.T.);
#6317 = VERTEX_POINT('',#6318);
#6318 = CARTESIAN_POINT('',(1.555,1.4,0.15));
#6319 = LINE('',#6320,#6321);
#6320 = CARTESIAN_POINT('',(4.655694667823,1.4,0.15));
#6321 = VECTOR('',#6322,1.);
#6322 = DIRECTION('',(-1.,-1.1E-16,1.1E-16));
#6323 = ORIENTED_EDGE('',*,*,#6324,.F.);
#6324 = EDGE_CURVE('',#6325,#6317,#6327,.T.);
#6325 = VERTEX_POINT('',#6326);
#6326 = CARTESIAN_POINT('',(1.6,1.4,0.15));
#6327 = LINE('',#6328,#6329);
#6328 = CARTESIAN_POINT('',(1.6,1.4,0.15));
#6329 = VECTOR('',#6330,1.);
#6330 = DIRECTION('',(-1.,0.,0.));
#6331 = ORIENTED_EDGE('',*,*,#6332,.F.);
#6332 = EDGE_CURVE('',#6333,#6325,#6335,.T.);
#6333 = VERTEX_POINT('',#6334);
#6334 = CARTESIAN_POINT('',(1.6,1.4,-0.83995));
#6335 = LINE('',#6336,#6337);
#6336 = CARTESIAN_POINT('',(1.6,1.4,-0.84));
#6337 = VECTOR('',#6338,1.);
#6338 = DIRECTION('',(0.,-2.2E-16,1.));
#6339 = ORIENTED_EDGE('',*,*,#6340,.F.);
#6340 = EDGE_CURVE('',#6254,#6333,#6341,.T.);
#6341 = LINE('',#6342,#6343);
#6342 = CARTESIAN_POINT('',(-1.6,1.4,-0.83995));
#6343 = VECTOR('',#6344,1.);
#6344 = DIRECTION('',(1.,0.,0.));
#6345 = PLANE('',#6346);
#6346 = AXIS2_PLACEMENT_3D('',#6347,#6348,#6349);
#6347 = CARTESIAN_POINT('',(-1.6814E-13,1.4,-2.455333978938E-02));
#6348 = DIRECTION('',(0.,1.,-2.5E-16));
#6349 = DIRECTION('',(0.,-2.5E-16,-1.));
#6350 = ADVANCED_FACE('',(#6351),#6378,.T.);
#6351 = FACE_BOUND('',#6352,.T.);
#6352 = EDGE_LOOP('',(#6353,#6362,#6370,#6377));
#6353 = ORIENTED_EDGE('',*,*,#6354,.T.);
#6354 = EDGE_CURVE('',#6254,#6355,#6357,.T.);
#6355 = VERTEX_POINT('',#6356);
#6356 = CARTESIAN_POINT('',(-1.59995,1.39995,-0.84));
#6357 = ELLIPSE('',#6358,7.071067811865E-05,5.E-05);
#6358 = AXIS2_PLACEMENT_3D('',#6359,#6360,#6361);
#6359 = CARTESIAN_POINT('',(-1.59995,1.39995,-0.83995));
#6360 = DIRECTION('',(-0.707106781187,-0.707106781187,1.599999999998E-16
    ));
#6361 = DIRECTION('',(0.707106781187,-0.707106781187,1.599999999998E-16)
  );
#6362 = ORIENTED_EDGE('',*,*,#6363,.T.);
#6363 = EDGE_CURVE('',#6355,#6364,#6366,.T.);
#6364 = VERTEX_POINT('',#6365);
#6365 = CARTESIAN_POINT('',(-1.59995,-0.586877201635,-0.84));
#6366 = LINE('',#6367,#6368);
#6367 = CARTESIAN_POINT('',(-1.59995,1.4,-0.84));
#6368 = VECTOR('',#6369,1.);
#6369 = DIRECTION('',(0.,-1.,2.2E-16));
#6370 = ORIENTED_EDGE('',*,*,#6371,.F.);
#6371 = EDGE_CURVE('',#6286,#6364,#6372,.T.);
#6372 = CIRCLE('',#6373,5.E-05);
#6373 = AXIS2_PLACEMENT_3D('',#6374,#6375,#6376);
#6374 = CARTESIAN_POINT('',(-1.59995,-0.586877201635,-0.83995));
#6375 = DIRECTION('',(0.,-1.,2.2E-16));
#6376 = DIRECTION('',(0.,-2.2E-16,-1.));
#6377 = ORIENTED_EDGE('',*,*,#6293,.F.);
#6378 = CYLINDRICAL_SURFACE('',#6379,5.E-05);
#6379 = AXIS2_PLACEMENT_3D('',#6380,#6381,#6382);
#6380 = CARTESIAN_POINT('',(-1.59995,1.4,-0.83995));
#6381 = DIRECTION('',(0.,-1.,2.2E-16));
#6382 = DIRECTION('',(-1.,0.,0.));
#6383 = ADVANCED_FACE('',(#6384),#6402,.F.);
#6384 = FACE_BOUND('',#6385,.F.);
#6385 = EDGE_LOOP('',(#6386,#6387,#6395,#6401));
#6386 = ORIENTED_EDGE('',*,*,#6308,.F.);
#6387 = ORIENTED_EDGE('',*,*,#6388,.T.);
#6388 = EDGE_CURVE('',#6309,#6389,#6391,.T.);
#6389 = VERTEX_POINT('',#6390);
#6390 = CARTESIAN_POINT('',(-1.555,-1.4,0.15));
#6391 = LINE('',#6392,#6393);
#6392 = CARTESIAN_POINT('',(-1.555,1.4,0.15));
#6393 = VECTOR('',#6394,1.);
#6394 = DIRECTION('',(0.,-1.,2.2E-16));
#6395 = ORIENTED_EDGE('',*,*,#6396,.T.);
#6396 = EDGE_CURVE('',#6389,#6262,#6397,.T.);
#6397 = LINE('',#6398,#6399);
#6398 = CARTESIAN_POINT('',(1.6,-1.4,0.15));
#6399 = VECTOR('',#6400,1.);
#6400 = DIRECTION('',(-1.,0.,0.));
#6401 = ORIENTED_EDGE('',*,*,#6261,.F.);
#6402 = PLANE('',#6403);
#6403 = AXIS2_PLACEMENT_3D('',#6404,#6405,#6406);
#6404 = CARTESIAN_POINT('',(1.6,1.4,0.15));
#6405 = DIRECTION('',(0.,-2.2E-16,-1.));
#6406 = DIRECTION('',(-1.,-0.,0.));
#6407 = ADVANCED_FACE('',(#6408),#6443,.T.);
#6408 = FACE_BOUND('',#6409,.T.);
#6409 = EDGE_LOOP('',(#6410,#6420,#6426,#6427,#6428,#6436));
#6410 = ORIENTED_EDGE('',*,*,#6411,.T.);
#6411 = EDGE_CURVE('',#6412,#6414,#6416,.T.);
#6412 = VERTEX_POINT('',#6413);
#6413 = CARTESIAN_POINT('',(-0.786827201636,-1.4,-0.83995));
#6414 = VERTEX_POINT('',#6415);
#6415 = CARTESIAN_POINT('',(-0.786827201636,-1.4,-0.34));
#6416 = LINE('',#6417,#6418);
#6417 = CARTESIAN_POINT('',(-0.786827201636,-1.4,-0.84));
#6418 = VECTOR('',#6419,1.);
#6419 = DIRECTION('',(0.,0.,1.));
#6420 = ORIENTED_EDGE('',*,*,#6421,.T.);
#6421 = EDGE_CURVE('',#6414,#6278,#6422,.T.);
#6422 = LINE('',#6423,#6424);
#6423 = CARTESIAN_POINT('',(-0.786827201636,-1.4,-0.34));
#6424 = VECTOR('',#6425,1.);
#6425 = DIRECTION('',(-0.707106781187,0.707106781187,1.599999999998E-16)
  );
#6426 = ORIENTED_EDGE('',*,*,#6285,.F.);
#6427 = ORIENTED_EDGE('',*,*,#6371,.T.);
#6428 = ORIENTED_EDGE('',*,*,#6429,.F.);
#6429 = EDGE_CURVE('',#6430,#6364,#6432,.T.);
#6430 = VERTEX_POINT('',#6431);
#6431 = CARTESIAN_POINT('',(-0.786877201636,-1.39995,-0.84));
#6432 = LINE('',#6433,#6434);
#6433 = CARTESIAN_POINT('',(-0.786827201636,-1.4,-0.84));
#6434 = VECTOR('',#6435,1.);
#6435 = DIRECTION('',(-0.707106781187,0.707106781187,1.599999999998E-16)
  );
#6436 = ORIENTED_EDGE('',*,*,#6437,.T.);
#6437 = EDGE_CURVE('',#6430,#6412,#6438,.T.);
#6438 = CIRCLE('',#6439,5.E-05);
#6439 = AXIS2_PLACEMENT_3D('',#6440,#6441,#6442);
#6440 = CARTESIAN_POINT('',(-0.786877201636,-1.39995,-0.83995));
#6441 = DIRECTION('',(-1.,-0.,0.));
#6442 = DIRECTION('',(0.,-1.,-2.2E-16));
#6443 = PLANE('',#6444);
#6444 = AXIS2_PLACEMENT_3D('',#6445,#6446,#6447);
#6445 = CARTESIAN_POINT('',(-0.786827201636,-1.4,-0.84));
#6446 = DIRECTION('',(-0.707106781187,-0.707106781187,0.));
#6447 = DIRECTION('',(-0.707106781187,0.707106781187,0.));
#6448 = ADVANCED_FACE('',(#6449),#6490,.T.);
#6449 = FACE_BOUND('',#6450,.T.);
#6450 = EDGE_LOOP('',(#6451,#6461,#6469,#6475,#6476,#6477,#6483,#6484));
#6451 = ORIENTED_EDGE('',*,*,#6452,.T.);
#6452 = EDGE_CURVE('',#6453,#6455,#6457,.T.);
#6453 = VERTEX_POINT('',#6454);
#6454 = CARTESIAN_POINT('',(1.6,-1.4,-0.83995));
#6455 = VERTEX_POINT('',#6456);
#6456 = CARTESIAN_POINT('',(1.6,-1.4,0.15));
#6457 = LINE('',#6458,#6459);
#6458 = CARTESIAN_POINT('',(1.6,-1.4,-0.84));
#6459 = VECTOR('',#6460,1.);
#6460 = DIRECTION('',(0.,-2.2E-16,1.));
#6461 = ORIENTED_EDGE('',*,*,#6462,.T.);
#6462 = EDGE_CURVE('',#6455,#6463,#6465,.T.);
#6463 = VERTEX_POINT('',#6464);
#6464 = CARTESIAN_POINT('',(1.555,-1.4,0.15));
#6465 = LINE('',#6466,#6467);
#6466 = CARTESIAN_POINT('',(1.6,-1.4,0.15));
#6467 = VECTOR('',#6468,1.);
#6468 = DIRECTION('',(-1.,0.,0.));
#6469 = ORIENTED_EDGE('',*,*,#6470,.T.);
#6470 = EDGE_CURVE('',#6463,#6389,#6471,.T.);
#6471 = LINE('',#6472,#6473);
#6472 = CARTESIAN_POINT('',(4.655694667823,-1.4,0.15));
#6473 = VECTOR('',#6474,1.);
#6474 = DIRECTION('',(-1.,0.,0.));
#6475 = ORIENTED_EDGE('',*,*,#6396,.T.);
#6476 = ORIENTED_EDGE('',*,*,#6269,.T.);
#6477 = ORIENTED_EDGE('',*,*,#6478,.T.);
#6478 = EDGE_CURVE('',#6270,#6414,#6479,.T.);
#6479 = LINE('',#6480,#6481);
#6480 = CARTESIAN_POINT('',(-1.6,-1.4,-0.34));
#6481 = VECTOR('',#6482,1.);
#6482 = DIRECTION('',(1.,5.5E-16,0.));
#6483 = ORIENTED_EDGE('',*,*,#6411,.F.);
#6484 = ORIENTED_EDGE('',*,*,#6485,.T.);
#6485 = EDGE_CURVE('',#6412,#6453,#6486,.T.);
#6486 = LINE('',#6487,#6488);
#6487 = CARTESIAN_POINT('',(-0.786827201636,-1.4,-0.83995));
#6488 = VECTOR('',#6489,1.);
#6489 = DIRECTION('',(1.,0.,0.));
#6490 = PLANE('',#6491);
#6491 = AXIS2_PLACEMENT_3D('',#6492,#6493,#6494);
#6492 = CARTESIAN_POINT('',(-1.6822E-13,-1.4,-2.455333978938E-02));
#6493 = DIRECTION('',(0.,-1.,2.5E-16));
#6494 = DIRECTION('',(0.,2.5E-16,1.));
#6495 = ADVANCED_FACE('',(#6496),#6501,.F.);
#6496 = FACE_BOUND('',#6497,.F.);
#6497 = EDGE_LOOP('',(#6498,#6499,#6500));
#6498 = ORIENTED_EDGE('',*,*,#6478,.T.);
#6499 = ORIENTED_EDGE('',*,*,#6421,.T.);
#6500 = ORIENTED_EDGE('',*,*,#6277,.T.);
#6501 = PLANE('',#6502);
#6502 = AXIS2_PLACEMENT_3D('',#6503,#6504,#6505);
#6503 = CARTESIAN_POINT('',(-1.3125,-1.1125,-0.34));
#6504 = DIRECTION('',(0.,-2.2E-16,1.));
#6505 = DIRECTION('',(1.,0.,0.));
#6506 = ADVANCED_FACE('',(#6507),#6526,.T.);
#6507 = FACE_BOUND('',#6508,.T.);
#6508 = EDGE_LOOP('',(#6509,#6510,#6519,#6525));
#6509 = ORIENTED_EDGE('',*,*,#6340,.T.);
#6510 = ORIENTED_EDGE('',*,*,#6511,.F.);
#6511 = EDGE_CURVE('',#6512,#6333,#6514,.T.);
#6512 = VERTEX_POINT('',#6513);
#6513 = CARTESIAN_POINT('',(1.59995,1.39995,-0.84));
#6514 = ELLIPSE('',#6515,7.071067811865E-05,5.E-05);
#6515 = AXIS2_PLACEMENT_3D('',#6516,#6517,#6518);
#6516 = CARTESIAN_POINT('',(1.59995,1.39995,-0.83995));
#6517 = DIRECTION('',(0.707106781187,-0.707106781187,1.599999999998E-16)
  );
#6518 = DIRECTION('',(-0.707106781187,-0.707106781187,1.599999999998E-16
    ));
#6519 = ORIENTED_EDGE('',*,*,#6520,.F.);
#6520 = EDGE_CURVE('',#6355,#6512,#6521,.T.);
#6521 = LINE('',#6522,#6523);
#6522 = CARTESIAN_POINT('',(-1.6,1.39995,-0.84));
#6523 = VECTOR('',#6524,1.);
#6524 = DIRECTION('',(1.,0.,0.));
#6525 = ORIENTED_EDGE('',*,*,#6354,.F.);
#6526 = CYLINDRICAL_SURFACE('',#6527,5.E-05);
#6527 = AXIS2_PLACEMENT_3D('',#6528,#6529,#6530);
#6528 = CARTESIAN_POINT('',(-1.6,1.39995,-0.83995));
#6529 = DIRECTION('',(1.,0.,0.));
#6530 = DIRECTION('',(0.,1.,-2.5E-16));
#6531 = ADVANCED_FACE('',(#6532),#6548,.F.);
#6532 = FACE_BOUND('',#6533,.F.);
#6533 = EDGE_LOOP('',(#6534,#6535,#6541,#6542));
#6534 = ORIENTED_EDGE('',*,*,#6332,.F.);
#6535 = ORIENTED_EDGE('',*,*,#6536,.T.);
#6536 = EDGE_CURVE('',#6333,#6453,#6537,.T.);
#6537 = LINE('',#6538,#6539);
#6538 = CARTESIAN_POINT('',(1.6,1.4,-0.83995));
#6539 = VECTOR('',#6540,1.);
#6540 = DIRECTION('',(0.,-1.,2.2E-16));
#6541 = ORIENTED_EDGE('',*,*,#6452,.T.);
#6542 = ORIENTED_EDGE('',*,*,#6543,.F.);
#6543 = EDGE_CURVE('',#6325,#6455,#6544,.T.);
#6544 = LINE('',#6545,#6546);
#6545 = CARTESIAN_POINT('',(1.6,1.4,0.15));
#6546 = VECTOR('',#6547,1.);
#6547 = DIRECTION('',(0.,-1.,2.2E-16));
#6548 = PLANE('',#6549);
#6549 = AXIS2_PLACEMENT_3D('',#6550,#6551,#6552);
#6550 = CARTESIAN_POINT('',(1.6,1.4,-0.84));
#6551 = DIRECTION('',(-1.,0.,0.));
#6552 = DIRECTION('',(0.,2.2E-16,1.));
#6553 = ADVANCED_FACE('',(#6554),#6647,.T.);
#6554 = FACE_BOUND('',#6555,.T.);
#6555 = EDGE_LOOP('',(#6556,#6564,#6565,#6573,#6582,#6590,#6598,#6607,
    #6615,#6624,#6632,#6640));
#6556 = ORIENTED_EDGE('',*,*,#6557,.T.);
#6557 = EDGE_CURVE('',#6558,#6317,#6560,.T.);
#6558 = VERTEX_POINT('',#6559);
#6559 = CARTESIAN_POINT('',(1.464049765445,1.313472197661,0.640723552549
    ));
#6560 = LINE('',#6561,#6562);
#6561 = CARTESIAN_POINT('',(1.604984244352,1.447553773077,
    -0.119690848846));
#6562 = VECTOR('',#6563,1.);
#6563 = DIRECTION('',(0.179556884817,0.17082597658,-0.968802255798));
#6564 = ORIENTED_EDGE('',*,*,#6316,.T.);
#6565 = ORIENTED_EDGE('',*,*,#6566,.F.);
#6566 = EDGE_CURVE('',#6567,#6309,#6569,.T.);
#6567 = VERTEX_POINT('',#6568);
#6568 = CARTESIAN_POINT('',(-1.464049765445,1.313472197661,
    0.640723552549));
#6569 = LINE('',#6570,#6571);
#6570 = CARTESIAN_POINT('',(-1.454881506202,1.304749742711,
    0.690191052756));
#6571 = VECTOR('',#6572,1.);
#6572 = DIRECTION('',(-0.179556884817,0.17082597658,-0.968802255798));
#6573 = ORIENTED_EDGE('',*,*,#6574,.T.);
#6574 = EDGE_CURVE('',#6567,#6575,#6577,.T.);
#6575 = VERTEX_POINT('',#6576);
#6576 = CARTESIAN_POINT('',(-1.365724274689,1.299052803596,0.7225));
#6577 = ELLIPSE('',#6578,0.101542661187,0.1);
#6578 = AXIS2_PLACEMENT_3D('',#6579,#6580,#6581);
#6579 = CARTESIAN_POINT('',(-1.365724274689,1.316685501658,0.6225));
#6580 = DIRECTION('',(-8.999999999992E-17,0.984807753028,0.17364817758)
  );
#6581 = DIRECTION('',(5.099999999996E-16,0.17364817758,-0.984807753028)
  );
#6582 = ORIENTED_EDGE('',*,*,#6583,.F.);
#6583 = EDGE_CURVE('',#6584,#6575,#6586,.T.);
#6584 = VERTEX_POINT('',#6585);
#6585 = CARTESIAN_POINT('',(-0.794,1.299052803596,0.7225));
#6586 = LINE('',#6587,#6588);
#6587 = CARTESIAN_POINT('',(1.644985196567,1.299052803596,0.7225));
#6588 = VECTOR('',#6589,1.);
#6589 = DIRECTION('',(-1.,-9.E-17,0.));
#6590 = ORIENTED_EDGE('',*,*,#6591,.F.);
#6591 = EDGE_CURVE('',#6592,#6584,#6594,.T.);
#6592 = VERTEX_POINT('',#6593);
#6593 = CARTESIAN_POINT('',(-0.755580934477,1.273770705299,0.86588190451
    ));
#6594 = LINE('',#6595,#6596);
#6595 = CARTESIAN_POINT('',(-0.690485079301,1.230933645445,
    1.108822943391));
#6596 = VECTOR('',#6597,1.);
#6597 = DIRECTION('',(-0.255144817825,0.167900917853,-0.95221342341));
#6598 = ORIENTED_EDGE('',*,*,#6599,.T.);
#6599 = EDGE_CURVE('',#6592,#6600,#6602,.T.);
#6600 = VERTEX_POINT('',#6601);
#6601 = CARTESIAN_POINT('',(-0.658988351848,1.260701685312,0.94));
#6602 = ELLIPSE('',#6603,0.101542661187,0.1);
#6603 = AXIS2_PLACEMENT_3D('',#6604,#6605,#6606);
#6604 = CARTESIAN_POINT('',(-0.658988351848,1.278334383374,0.84));
#6605 = DIRECTION('',(-8.999999999992E-17,0.984807753028,0.17364817758)
  );
#6606 = DIRECTION('',(5.099999999996E-16,0.17364817758,-0.984807753028)
  );
#6607 = ORIENTED_EDGE('',*,*,#6608,.F.);
#6608 = EDGE_CURVE('',#6609,#6600,#6611,.T.);
#6609 = VERTEX_POINT('',#6610);
#6610 = CARTESIAN_POINT('',(0.658988351848,1.260701685312,0.94));
#6611 = LINE('',#6612,#6613);
#6612 = CARTESIAN_POINT('',(4.655694667823,1.260701685312,0.94));
#6613 = VECTOR('',#6614,1.);
#6614 = DIRECTION('',(-1.,-1.1E-16,1.1E-16));
#6615 = ORIENTED_EDGE('',*,*,#6616,.T.);
#6616 = EDGE_CURVE('',#6609,#6617,#6619,.T.);
#6617 = VERTEX_POINT('',#6618);
#6618 = CARTESIAN_POINT('',(0.755580934477,1.273770705299,0.86588190451)
  );
#6619 = ELLIPSE('',#6620,0.101542661187,0.1);
#6620 = AXIS2_PLACEMENT_3D('',#6621,#6622,#6623);
#6621 = CARTESIAN_POINT('',(0.658988351848,1.278334383374,0.84));
#6622 = DIRECTION('',(-8.999999999992E-17,0.984807753028,0.17364817758)
  );
#6623 = DIRECTION('',(5.099999999996E-16,0.17364817758,-0.984807753028)
  );
#6624 = ORIENTED_EDGE('',*,*,#6625,.T.);
#6625 = EDGE_CURVE('',#6617,#6626,#6628,.T.);
#6626 = VERTEX_POINT('',#6627);
#6627 = CARTESIAN_POINT('',(0.794,1.299052803596,0.7225));
#6628 = LINE('',#6629,#6630);
#6629 = CARTESIAN_POINT('',(0.993565578779,1.430379177906,
    -2.22888794447E-02));
#6630 = VECTOR('',#6631,1.);
#6631 = DIRECTION('',(0.255144817825,0.167900917853,-0.95221342341));
#6632 = ORIENTED_EDGE('',*,*,#6633,.T.);
#6633 = EDGE_CURVE('',#6626,#6634,#6636,.T.);
#6634 = VERTEX_POINT('',#6635);
#6635 = CARTESIAN_POINT('',(1.365724274689,1.299052803596,0.7225));
#6636 = LINE('',#6637,#6638);
#6637 = CARTESIAN_POINT('',(3.010709471256,1.299052803596,0.7225));
#6638 = VECTOR('',#6639,1.);
#6639 = DIRECTION('',(1.,9.E-17,0.));
#6640 = ORIENTED_EDGE('',*,*,#6641,.T.);
#6641 = EDGE_CURVE('',#6634,#6558,#6642,.T.);
#6642 = ELLIPSE('',#6643,0.101542661187,0.1);
#6643 = AXIS2_PLACEMENT_3D('',#6644,#6645,#6646);
#6644 = CARTESIAN_POINT('',(1.365724274689,1.316685501658,0.6225));
#6645 = DIRECTION('',(-8.999999999992E-17,0.984807753028,0.17364817758)
  );
#6646 = DIRECTION('',(5.099999999996E-16,0.17364817758,-0.984807753028)
  );
#6647 = PLANE('',#6648);
#6648 = AXIS2_PLACEMENT_3D('',#6649,#6650,#6651);
#6649 = CARTESIAN_POINT('',(4.655694667823,1.4,0.15));
#6650 = DIRECTION('',(-8.999999999992E-17,0.984807753028,0.17364817758)
  );
#6651 = DIRECTION('',(2.999999999998E-16,-0.17364817758,0.984807753028)
  );
#6652 = ADVANCED_FACE('',(#6653),#6664,.F.);
#6653 = FACE_BOUND('',#6654,.F.);
#6654 = EDGE_LOOP('',(#6655,#6656,#6657,#6658));
#6655 = ORIENTED_EDGE('',*,*,#6324,.F.);
#6656 = ORIENTED_EDGE('',*,*,#6543,.T.);
#6657 = ORIENTED_EDGE('',*,*,#6462,.T.);
#6658 = ORIENTED_EDGE('',*,*,#6659,.F.);
#6659 = EDGE_CURVE('',#6317,#6463,#6660,.T.);
#6660 = LINE('',#6661,#6662);
#6661 = CARTESIAN_POINT('',(1.555,1.4,0.15));
#6662 = VECTOR('',#6663,1.);
#6663 = DIRECTION('',(0.,-1.,2.2E-16));
#6664 = PLANE('',#6665);
#6665 = AXIS2_PLACEMENT_3D('',#6666,#6667,#6668);
#6666 = CARTESIAN_POINT('',(1.6,1.4,0.15));
#6667 = DIRECTION('',(0.,-2.2E-16,-1.));
#6668 = DIRECTION('',(-1.,-0.,0.));
#6669 = ADVANCED_FACE('',(#6670,#6689),#6700,.F.);
#6670 = FACE_BOUND('',#6671,.F.);
#6671 = EDGE_LOOP('',(#6672,#6673,#6681,#6687,#6688));
#6672 = ORIENTED_EDGE('',*,*,#6429,.F.);
#6673 = ORIENTED_EDGE('',*,*,#6674,.T.);
#6674 = EDGE_CURVE('',#6430,#6675,#6677,.T.);
#6675 = VERTEX_POINT('',#6676);
#6676 = CARTESIAN_POINT('',(1.59995,-1.39995,-0.84));
#6677 = LINE('',#6678,#6679);
#6678 = CARTESIAN_POINT('',(-0.786827201636,-1.39995,-0.84));
#6679 = VECTOR('',#6680,1.);
#6680 = DIRECTION('',(1.,0.,0.));
#6681 = ORIENTED_EDGE('',*,*,#6682,.F.);
#6682 = EDGE_CURVE('',#6512,#6675,#6683,.T.);
#6683 = LINE('',#6684,#6685);
#6684 = CARTESIAN_POINT('',(1.59995,1.4,-0.84));
#6685 = VECTOR('',#6686,1.);
#6686 = DIRECTION('',(0.,-1.,2.2E-16));
#6687 = ORIENTED_EDGE('',*,*,#6520,.F.);
#6688 = ORIENTED_EDGE('',*,*,#6363,.T.);
#6689 = FACE_BOUND('',#6690,.F.);
#6690 = EDGE_LOOP('',(#6691));
#6691 = ORIENTED_EDGE('',*,*,#6692,.F.);
#6692 = EDGE_CURVE('',#6693,#6693,#6695,.T.);
#6693 = VERTEX_POINT('',#6694);
#6694 = CARTESIAN_POINT('',(1.2,0.,-0.84));
#6695 = CIRCLE('',#6696,1.2);
#6696 = AXIS2_PLACEMENT_3D('',#6697,#6698,#6699);
#6697 = CARTESIAN_POINT('',(0.,-1.9E-16,-0.84));
#6698 = DIRECTION('',(-0.,2.2E-16,1.));
#6699 = DIRECTION('',(1.,0.,0.));
#6700 = PLANE('',#6701);
#6701 = AXIS2_PLACEMENT_3D('',#6702,#6703,#6704);
#6702 = CARTESIAN_POINT('',(-1.6,1.4,-0.84));
#6703 = DIRECTION('',(0.,2.2E-16,1.));
#6704 = DIRECTION('',(1.,0.,-0.));
#6705 = ADVANCED_FACE('',(#6706),#6724,.T.);
#6706 = FACE_BOUND('',#6707,.T.);
#6707 = EDGE_LOOP('',(#6708,#6709,#6710,#6718));
#6708 = ORIENTED_EDGE('',*,*,#6566,.T.);
#6709 = ORIENTED_EDGE('',*,*,#6388,.T.);
#6710 = ORIENTED_EDGE('',*,*,#6711,.F.);
#6711 = EDGE_CURVE('',#6712,#6389,#6714,.T.);
#6712 = VERTEX_POINT('',#6713);
#6713 = CARTESIAN_POINT('',(-1.464049765445,-1.313472197661,
    0.640723552549));
#6714 = LINE('',#6715,#6716);
#6715 = CARTESIAN_POINT('',(-1.411939333921,-1.263895622726,0.9218862808
    ));
#6716 = VECTOR('',#6717,1.);
#6717 = DIRECTION('',(-0.179556884817,-0.17082597658,-0.968802255798));
#6718 = ORIENTED_EDGE('',*,*,#6719,.F.);
#6719 = EDGE_CURVE('',#6567,#6712,#6720,.T.);
#6720 = LINE('',#6721,#6722);
#6721 = CARTESIAN_POINT('',(-1.464049765445,1.4,0.640723552549));
#6722 = VECTOR('',#6723,1.);
#6723 = DIRECTION('',(0.,-1.,2.2E-16));
#6724 = PLANE('',#6725);
#6725 = AXIS2_PLACEMENT_3D('',#6726,#6727,#6728);
#6726 = CARTESIAN_POINT('',(-1.555,1.4,0.15));
#6727 = DIRECTION('',(-0.983254907564,4.E-17,0.182235525492));
#6728 = DIRECTION('',(0.182235525492,2.2E-16,0.983254907564));
#6729 = ADVANCED_FACE('',(#6730),#6742,.T.);
#6730 = FACE_BOUND('',#6731,.T.);
#6731 = EDGE_LOOP('',(#6732,#6733,#6740,#6741));
#6732 = ORIENTED_EDGE('',*,*,#6674,.T.);
#6733 = ORIENTED_EDGE('',*,*,#6734,.T.);
#6734 = EDGE_CURVE('',#6675,#6453,#6735,.T.);
#6735 = ELLIPSE('',#6736,7.071067811865E-05,5.E-05);
#6736 = AXIS2_PLACEMENT_3D('',#6737,#6738,#6739);
#6737 = CARTESIAN_POINT('',(1.59995,-1.39995,-0.83995));
#6738 = DIRECTION('',(-0.707106781187,-0.707106781187,1.599999999998E-16
    ));
#6739 = DIRECTION('',(0.707106781187,-0.707106781187,1.599999999998E-16)
  );
#6740 = ORIENTED_EDGE('',*,*,#6485,.F.);
#6741 = ORIENTED_EDGE('',*,*,#6437,.F.);
#6742 = CYLINDRICAL_SURFACE('',#6743,5.E-05);
#6743 = AXIS2_PLACEMENT_3D('',#6744,#6745,#6746);
#6744 = CARTESIAN_POINT('',(-0.786827201636,-1.39995,-0.83995));
#6745 = DIRECTION('',(1.,0.,0.));
#6746 = DIRECTION('',(0.,-2.2E-16,-1.));
#6747 = ADVANCED_FACE('',(#6748),#6834,.F.);
#6748 = FACE_BOUND('',#6749,.F.);
#6749 = EDGE_LOOP('',(#6750,#6758,#6759,#6760,#6769,#6777,#6785,#6794,
    #6802,#6811,#6819,#6827));
#6750 = ORIENTED_EDGE('',*,*,#6751,.T.);
#6751 = EDGE_CURVE('',#6752,#6463,#6754,.T.);
#6752 = VERTEX_POINT('',#6753);
#6753 = CARTESIAN_POINT('',(1.464049765445,-1.313472197661,
    0.640723552549));
#6754 = LINE('',#6755,#6756);
#6755 = CARTESIAN_POINT('',(1.562042072071,-1.406699653093,
    0.112004379198));
#6756 = VECTOR('',#6757,1.);
#6757 = DIRECTION('',(0.179556884817,-0.17082597658,-0.968802255798));
#6758 = ORIENTED_EDGE('',*,*,#6470,.T.);
#6759 = ORIENTED_EDGE('',*,*,#6711,.F.);
#6760 = ORIENTED_EDGE('',*,*,#6761,.T.);
#6761 = EDGE_CURVE('',#6712,#6762,#6764,.T.);
#6762 = VERTEX_POINT('',#6763);
#6763 = CARTESIAN_POINT('',(-1.365724274689,-1.299052803596,0.7225));
#6764 = ELLIPSE('',#6765,0.101542661187,0.1);
#6765 = AXIS2_PLACEMENT_3D('',#6766,#6767,#6768);
#6766 = CARTESIAN_POINT('',(-1.365724274689,-1.316685501658,0.6225));
#6767 = DIRECTION('',(0.,0.984807753028,-0.17364817758));
#6768 = DIRECTION('',(0.,0.17364817758,0.984807753028));
#6769 = ORIENTED_EDGE('',*,*,#6770,.F.);
#6770 = EDGE_CURVE('',#6771,#6762,#6773,.T.);
#6771 = VERTEX_POINT('',#6772);
#6772 = CARTESIAN_POINT('',(-0.794,-1.299052803596,0.7225));
#6773 = LINE('',#6774,#6775);
#6774 = CARTESIAN_POINT('',(1.644985196567,-1.299052803596,0.7225));
#6775 = VECTOR('',#6776,1.);
#6776 = DIRECTION('',(-1.,0.,0.));
#6777 = ORIENTED_EDGE('',*,*,#6778,.F.);
#6778 = EDGE_CURVE('',#6779,#6771,#6781,.T.);
#6779 = VERTEX_POINT('',#6780);
#6780 = CARTESIAN_POINT('',(-0.755580934477,-1.273770705299,
    0.86588190451));
#6781 = LINE('',#6782,#6783);
#6782 = CARTESIAN_POINT('',(-0.630510410563,-1.191466639943,
    1.332651454287));
#6783 = VECTOR('',#6784,1.);
#6784 = DIRECTION('',(-0.255144817825,-0.167900917853,-0.95221342341));
#6785 = ORIENTED_EDGE('',*,*,#6786,.T.);
#6786 = EDGE_CURVE('',#6779,#6787,#6789,.T.);
#6787 = VERTEX_POINT('',#6788);
#6788 = CARTESIAN_POINT('',(-0.658988351848,-1.260701685312,0.94));
#6789 = ELLIPSE('',#6790,0.101542661187,0.1);
#6790 = AXIS2_PLACEMENT_3D('',#6791,#6792,#6793);
#6791 = CARTESIAN_POINT('',(-0.658988351848,-1.278334383374,0.84));
#6792 = DIRECTION('',(0.,0.984807753028,-0.17364817758));
#6793 = DIRECTION('',(0.,0.17364817758,0.984807753028));
#6794 = ORIENTED_EDGE('',*,*,#6795,.F.);
#6795 = EDGE_CURVE('',#6796,#6787,#6798,.T.);
#6796 = VERTEX_POINT('',#6797);
#6797 = CARTESIAN_POINT('',(0.658988351848,-1.260701685312,0.94));
#6798 = LINE('',#6799,#6800);
#6799 = CARTESIAN_POINT('',(4.655694667823,-1.260701685312,0.94));
#6800 = VECTOR('',#6801,1.);
#6801 = DIRECTION('',(-1.,0.,0.));
#6802 = ORIENTED_EDGE('',*,*,#6803,.T.);
#6803 = EDGE_CURVE('',#6796,#6804,#6806,.T.);
#6804 = VERTEX_POINT('',#6805);
#6805 = CARTESIAN_POINT('',(0.755580934477,-1.273770705299,0.86588190451
    ));
#6806 = ELLIPSE('',#6807,0.101542661187,0.1);
#6807 = AXIS2_PLACEMENT_3D('',#6808,#6809,#6810);
#6808 = CARTESIAN_POINT('',(0.658988351848,-1.278334383374,0.84));
#6809 = DIRECTION('',(0.,0.984807753028,-0.17364817758));
#6810 = DIRECTION('',(0.,0.17364817758,0.984807753028));
#6811 = ORIENTED_EDGE('',*,*,#6812,.T.);
#6812 = EDGE_CURVE('',#6804,#6813,#6815,.T.);
#6813 = VERTEX_POINT('',#6814);
#6814 = CARTESIAN_POINT('',(0.794,-1.299052803596,0.7225));
#6815 = LINE('',#6816,#6817);
#6816 = CARTESIAN_POINT('',(0.933590910041,-1.390912172404,
    0.201539631451));
#6817 = VECTOR('',#6818,1.);
#6818 = DIRECTION('',(0.255144817825,-0.167900917853,-0.95221342341));
#6819 = ORIENTED_EDGE('',*,*,#6820,.T.);
#6820 = EDGE_CURVE('',#6813,#6821,#6823,.T.);
#6821 = VERTEX_POINT('',#6822);
#6822 = CARTESIAN_POINT('',(1.365724274689,-1.299052803596,0.7225));
#6823 = LINE('',#6824,#6825);
#6824 = CARTESIAN_POINT('',(3.010709471256,-1.299052803596,0.7225));
#6825 = VECTOR('',#6826,1.);
#6826 = DIRECTION('',(1.,0.,0.));
#6827 = ORIENTED_EDGE('',*,*,#6828,.T.);
#6828 = EDGE_CURVE('',#6821,#6752,#6829,.T.);
#6829 = ELLIPSE('',#6830,0.101542661187,0.1);
#6830 = AXIS2_PLACEMENT_3D('',#6831,#6832,#6833);
#6831 = CARTESIAN_POINT('',(1.365724274689,-1.316685501658,0.6225));
#6832 = DIRECTION('',(0.,0.984807753028,-0.17364817758));
#6833 = DIRECTION('',(0.,0.17364817758,0.984807753028));
#6834 = PLANE('',#6835);
#6835 = AXIS2_PLACEMENT_3D('',#6836,#6837,#6838);
#6836 = CARTESIAN_POINT('',(4.655694667823,-1.4,0.15));
#6837 = DIRECTION('',(0.,0.984807753028,-0.17364817758));
#6838 = DIRECTION('',(0.,0.17364817758,0.984807753028));
#6839 = ADVANCED_FACE('',(#6840),#6846,.T.);
#6840 = FACE_BOUND('',#6841,.T.);
#6841 = EDGE_LOOP('',(#6842,#6843,#6844,#6845));
#6842 = ORIENTED_EDGE('',*,*,#6511,.T.);
#6843 = ORIENTED_EDGE('',*,*,#6536,.T.);
#6844 = ORIENTED_EDGE('',*,*,#6734,.F.);
#6845 = ORIENTED_EDGE('',*,*,#6682,.F.);
#6846 = CYLINDRICAL_SURFACE('',#6847,5.E-05);
#6847 = AXIS2_PLACEMENT_3D('',#6848,#6849,#6850);
#6848 = CARTESIAN_POINT('',(1.59995,1.4,-0.83995));
#6849 = DIRECTION('',(0.,-1.,2.2E-16));
#6850 = DIRECTION('',(0.,-2.2E-16,-1.));
#6851 = ADVANCED_FACE('',(#6852),#6863,.T.);
#6852 = FACE_BOUND('',#6853,.F.);
#6853 = EDGE_LOOP('',(#6854,#6855,#6856,#6857));
#6854 = ORIENTED_EDGE('',*,*,#6557,.T.);
#6855 = ORIENTED_EDGE('',*,*,#6659,.T.);
#6856 = ORIENTED_EDGE('',*,*,#6751,.F.);
#6857 = ORIENTED_EDGE('',*,*,#6858,.F.);
#6858 = EDGE_CURVE('',#6558,#6752,#6859,.T.);
#6859 = LINE('',#6860,#6861);
#6860 = CARTESIAN_POINT('',(1.464049765445,1.4,0.640723552549));
#6861 = VECTOR('',#6862,1.);
#6862 = DIRECTION('',(0.,-1.,2.2E-16));
#6863 = PLANE('',#6864);
#6864 = AXIS2_PLACEMENT_3D('',#6865,#6866,#6867);
#6865 = CARTESIAN_POINT('',(1.555,1.4,0.15));
#6866 = DIRECTION('',(0.983254907564,4.E-17,0.182235525492));
#6867 = DIRECTION('',(0.182235525492,-2.2E-16,-0.983254907564));
#6868 = ADVANCED_FACE('',(#6869),#6880,.T.);
#6869 = FACE_BOUND('',#6870,.T.);
#6870 = EDGE_LOOP('',(#6871,#6872,#6878,#6879));
#6871 = ORIENTED_EDGE('',*,*,#6641,.F.);
#6872 = ORIENTED_EDGE('',*,*,#6873,.T.);
#6873 = EDGE_CURVE('',#6634,#6821,#6874,.T.);
#6874 = LINE('',#6875,#6876);
#6875 = CARTESIAN_POINT('',(1.365724274689,1.4,0.7225));
#6876 = VECTOR('',#6877,1.);
#6877 = DIRECTION('',(0.,-1.,2.2E-16));
#6878 = ORIENTED_EDGE('',*,*,#6828,.T.);
#6879 = ORIENTED_EDGE('',*,*,#6858,.F.);
#6880 = CYLINDRICAL_SURFACE('',#6881,0.1);
#6881 = AXIS2_PLACEMENT_3D('',#6882,#6883,#6884);
#6882 = CARTESIAN_POINT('',(1.365724274689,1.4,0.6225));
#6883 = DIRECTION('',(0.,1.,-2.2E-16));
#6884 = DIRECTION('',(-1.,0.,0.));
#6885 = ADVANCED_FACE('',(#6886),#6897,.T.);
#6886 = FACE_BOUND('',#6887,.F.);
#6887 = EDGE_LOOP('',(#6888,#6889,#6890,#6891));
#6888 = ORIENTED_EDGE('',*,*,#6633,.T.);
#6889 = ORIENTED_EDGE('',*,*,#6873,.T.);
#6890 = ORIENTED_EDGE('',*,*,#6820,.F.);
#6891 = ORIENTED_EDGE('',*,*,#6892,.F.);
#6892 = EDGE_CURVE('',#6626,#6813,#6893,.T.);
#6893 = LINE('',#6894,#6895);
#6894 = CARTESIAN_POINT('',(0.794,1.4,0.7225));
#6895 = VECTOR('',#6896,1.);
#6896 = DIRECTION('',(0.,-1.,2.2E-16));
#6897 = PLANE('',#6898);
#6898 = AXIS2_PLACEMENT_3D('',#6899,#6900,#6901);
#6899 = CARTESIAN_POINT('',(1.365724274689,1.4,0.7225));
#6900 = DIRECTION('',(0.,2.2E-16,1.));
#6901 = DIRECTION('',(1.,0.,-0.));
#6902 = ADVANCED_FACE('',(#6903),#6914,.T.);
#6903 = FACE_BOUND('',#6904,.F.);
#6904 = EDGE_LOOP('',(#6905,#6906,#6907,#6908));
#6905 = ORIENTED_EDGE('',*,*,#6625,.T.);
#6906 = ORIENTED_EDGE('',*,*,#6892,.T.);
#6907 = ORIENTED_EDGE('',*,*,#6812,.F.);
#6908 = ORIENTED_EDGE('',*,*,#6909,.F.);
#6909 = EDGE_CURVE('',#6617,#6804,#6910,.T.);
#6910 = LINE('',#6911,#6912);
#6911 = CARTESIAN_POINT('',(0.755580934477,1.4,0.86588190451));
#6912 = VECTOR('',#6913,1.);
#6913 = DIRECTION('',(0.,-1.,2.2E-16));
#6914 = PLANE('',#6915);
#6915 = AXIS2_PLACEMENT_3D('',#6916,#6917,#6918);
#6916 = CARTESIAN_POINT('',(0.794,1.4,0.7225));
#6917 = DIRECTION('',(0.965925826289,6.E-17,0.258819045103));
#6918 = DIRECTION('',(0.258819045103,-2.1E-16,-0.965925826289));
#6919 = ADVANCED_FACE('',(#6920),#6931,.T.);
#6920 = FACE_BOUND('',#6921,.T.);
#6921 = EDGE_LOOP('',(#6922,#6923,#6929,#6930));
#6922 = ORIENTED_EDGE('',*,*,#6616,.F.);
#6923 = ORIENTED_EDGE('',*,*,#6924,.T.);
#6924 = EDGE_CURVE('',#6609,#6796,#6925,.T.);
#6925 = LINE('',#6926,#6927);
#6926 = CARTESIAN_POINT('',(0.658988351848,1.4,0.94));
#6927 = VECTOR('',#6928,1.);
#6928 = DIRECTION('',(0.,-1.,2.2E-16));
#6929 = ORIENTED_EDGE('',*,*,#6803,.T.);
#6930 = ORIENTED_EDGE('',*,*,#6909,.F.);
#6931 = CYLINDRICAL_SURFACE('',#6932,0.1);
#6932 = AXIS2_PLACEMENT_3D('',#6933,#6934,#6935);
#6933 = CARTESIAN_POINT('',(0.658988351848,1.4,0.84));
#6934 = DIRECTION('',(0.,1.,-2.2E-16));
#6935 = DIRECTION('',(-1.,0.,0.));
#6936 = ADVANCED_FACE('',(#6937,#6948),#6959,.T.);
#6937 = FACE_BOUND('',#6938,.T.);
#6938 = EDGE_LOOP('',(#6939,#6940,#6946,#6947));
#6939 = ORIENTED_EDGE('',*,*,#6608,.T.);
#6940 = ORIENTED_EDGE('',*,*,#6941,.T.);
#6941 = EDGE_CURVE('',#6600,#6787,#6942,.T.);
#6942 = LINE('',#6943,#6944);
#6943 = CARTESIAN_POINT('',(-0.658988351848,1.4,0.94));
#6944 = VECTOR('',#6945,1.);
#6945 = DIRECTION('',(0.,-1.,2.2E-16));
#6946 = ORIENTED_EDGE('',*,*,#6795,.F.);
#6947 = ORIENTED_EDGE('',*,*,#6924,.F.);
#6948 = FACE_BOUND('',#6949,.T.);
#6949 = EDGE_LOOP('',(#6950));
#6950 = ORIENTED_EDGE('',*,*,#6951,.F.);
#6951 = EDGE_CURVE('',#6952,#6952,#6954,.T.);
#6952 = VERTEX_POINT('',#6953);
#6953 = CARTESIAN_POINT('',(0.475,0.,0.94));
#6954 = CIRCLE('',#6955,0.475);
#6955 = AXIS2_PLACEMENT_3D('',#6956,#6957,#6958);
#6956 = CARTESIAN_POINT('',(0.,2.1E-16,0.94));
#6957 = DIRECTION('',(-0.,2.2E-16,1.));
#6958 = DIRECTION('',(1.,0.,0.));
#6959 = PLANE('',#6960);
#6960 = AXIS2_PLACEMENT_3D('',#6961,#6962,#6963);
#6961 = CARTESIAN_POINT('',(0.,2.4E-16,0.94));
#6962 = DIRECTION('',(0.,2.3E-16,1.));
#6963 = DIRECTION('',(0.,-1.,2.3E-16));
#6964 = ADVANCED_FACE('',(#6965),#6976,.T.);
#6965 = FACE_BOUND('',#6966,.T.);
#6966 = EDGE_LOOP('',(#6967,#6973,#6974,#6975));
#6967 = ORIENTED_EDGE('',*,*,#6968,.T.);
#6968 = EDGE_CURVE('',#6592,#6779,#6969,.T.);
#6969 = LINE('',#6970,#6971);
#6970 = CARTESIAN_POINT('',(-0.755580934477,1.4,0.86588190451));
#6971 = VECTOR('',#6972,1.);
#6972 = DIRECTION('',(0.,-1.,2.2E-16));
#6973 = ORIENTED_EDGE('',*,*,#6786,.T.);
#6974 = ORIENTED_EDGE('',*,*,#6941,.F.);
#6975 = ORIENTED_EDGE('',*,*,#6599,.F.);
#6976 = CYLINDRICAL_SURFACE('',#6977,0.1);
#6977 = AXIS2_PLACEMENT_3D('',#6978,#6979,#6980);
#6978 = CARTESIAN_POINT('',(-0.658988351848,1.4,0.84));
#6979 = DIRECTION('',(0.,1.,-2.2E-16));
#6980 = DIRECTION('',(1.,0.,0.));
#6981 = ADVANCED_FACE('',(#6982),#6993,.T.);
#6982 = FACE_BOUND('',#6983,.T.);
#6983 = EDGE_LOOP('',(#6984,#6985,#6991,#6992));
#6984 = ORIENTED_EDGE('',*,*,#6591,.T.);
#6985 = ORIENTED_EDGE('',*,*,#6986,.T.);
#6986 = EDGE_CURVE('',#6584,#6771,#6987,.T.);
#6987 = LINE('',#6988,#6989);
#6988 = CARTESIAN_POINT('',(-0.794,1.4,0.7225));
#6989 = VECTOR('',#6990,1.);
#6990 = DIRECTION('',(0.,-1.,2.2E-16));
#6991 = ORIENTED_EDGE('',*,*,#6778,.F.);
#6992 = ORIENTED_EDGE('',*,*,#6968,.F.);
#6993 = PLANE('',#6994);
#6994 = AXIS2_PLACEMENT_3D('',#6995,#6996,#6997);
#6995 = CARTESIAN_POINT('',(-0.794,1.4,0.7225));
#6996 = DIRECTION('',(-0.965925826289,6.E-17,0.258819045103));
#6997 = DIRECTION('',(0.258819045103,2.1E-16,0.965925826289));
#6998 = ADVANCED_FACE('',(#6999),#7010,.T.);
#6999 = FACE_BOUND('',#7000,.T.);
#7000 = EDGE_LOOP('',(#7001,#7002,#7008,#7009));
#7001 = ORIENTED_EDGE('',*,*,#6583,.T.);
#7002 = ORIENTED_EDGE('',*,*,#7003,.T.);
#7003 = EDGE_CURVE('',#6575,#6762,#7004,.T.);
#7004 = LINE('',#7005,#7006);
#7005 = CARTESIAN_POINT('',(-1.365724274689,1.4,0.7225));
#7006 = VECTOR('',#7007,1.);
#7007 = DIRECTION('',(0.,-1.,2.2E-16));
#7008 = ORIENTED_EDGE('',*,*,#6770,.F.);
#7009 = ORIENTED_EDGE('',*,*,#6986,.F.);
#7010 = PLANE('',#7011);
#7011 = AXIS2_PLACEMENT_3D('',#7012,#7013,#7014);
#7012 = CARTESIAN_POINT('',(-1.365724274689,1.4,0.7225));
#7013 = DIRECTION('',(0.,2.2E-16,1.));
#7014 = DIRECTION('',(1.,0.,-0.));
#7015 = ADVANCED_FACE('',(#7016),#7022,.T.);
#7016 = FACE_BOUND('',#7017,.T.);
#7017 = EDGE_LOOP('',(#7018,#7019,#7020,#7021));
#7018 = ORIENTED_EDGE('',*,*,#6719,.T.);
#7019 = ORIENTED_EDGE('',*,*,#6761,.T.);
#7020 = ORIENTED_EDGE('',*,*,#7003,.F.);
#7021 = ORIENTED_EDGE('',*,*,#6574,.F.);
#7022 = CYLINDRICAL_SURFACE('',#7023,0.1);
#7023 = AXIS2_PLACEMENT_3D('',#7024,#7025,#7026);
#7024 = CARTESIAN_POINT('',(-1.365724274689,1.4,0.6225));
#7025 = DIRECTION('',(0.,1.,-2.2E-16));
#7026 = DIRECTION('',(1.,0.,0.));
#7027 = ADVANCED_FACE('',(#7028),#7047,.F.);
#7028 = FACE_BOUND('',#7029,.F.);
#7029 = EDGE_LOOP('',(#7030,#7031,#7039,#7046));
#7030 = ORIENTED_EDGE('',*,*,#6692,.T.);
#7031 = ORIENTED_EDGE('',*,*,#7032,.F.);
#7032 = EDGE_CURVE('',#7033,#6693,#7035,.T.);
#7033 = VERTEX_POINT('',#7034);
#7034 = CARTESIAN_POINT('',(0.9,0.,0.15));
#7035 = LINE('',#7036,#7037);
#7036 = CARTESIAN_POINT('',(0.9,-3.E-17,0.15));
#7037 = VECTOR('',#7038,1.);
#7038 = DIRECTION('',(0.290007395283,2.1E-16,-0.957024404433));
#7039 = ORIENTED_EDGE('',*,*,#7040,.F.);
#7040 = EDGE_CURVE('',#7033,#7033,#7041,.T.);
#7041 = CIRCLE('',#7042,0.9);
#7042 = AXIS2_PLACEMENT_3D('',#7043,#7044,#7045);
#7043 = CARTESIAN_POINT('',(0.,3.E-17,0.15));
#7044 = DIRECTION('',(-0.,2.2E-16,1.));
#7045 = DIRECTION('',(1.,0.,0.));
#7046 = ORIENTED_EDGE('',*,*,#7032,.T.);
#7047 = CONICAL_SURFACE('',#7048,0.9,0.294234565111);
#7048 = AXIS2_PLACEMENT_3D('',#7049,#7050,#7051);
#7049 = CARTESIAN_POINT('',(0.,3.E-17,0.15));
#7050 = DIRECTION('',(0.,-2.2E-16,-1.));
#7051 = DIRECTION('',(1.,0.,0.));
#7052 = ADVANCED_FACE('',(#7053),#7072,.F.);
#7053 = FACE_BOUND('',#7054,.F.);
#7054 = EDGE_LOOP('',(#7055,#7064,#7070,#7071));
#7055 = ORIENTED_EDGE('',*,*,#7056,.T.);
#7056 = EDGE_CURVE('',#7057,#7057,#7059,.T.);
#7057 = VERTEX_POINT('',#7058);
#7058 = CARTESIAN_POINT('',(0.475,0.,0.79));
#7059 = CIRCLE('',#7060,0.475);
#7060 = AXIS2_PLACEMENT_3D('',#7061,#7062,#7063);
#7061 = CARTESIAN_POINT('',(0.,1.8E-16,0.79));
#7062 = DIRECTION('',(-0.,2.2E-16,1.));
#7063 = DIRECTION('',(1.,0.,0.));
#7064 = ORIENTED_EDGE('',*,*,#7065,.F.);
#7065 = EDGE_CURVE('',#6952,#7057,#7066,.T.);
#7066 = LINE('',#7067,#7068);
#7067 = CARTESIAN_POINT('',(0.475,-2.1E-16,0.94));
#7068 = VECTOR('',#7069,1.);
#7069 = DIRECTION('',(0.,2.2E-16,-1.));
#7070 = ORIENTED_EDGE('',*,*,#6951,.F.);
#7071 = ORIENTED_EDGE('',*,*,#7065,.T.);
#7072 = CYLINDRICAL_SURFACE('',#7073,0.475);
#7073 = AXIS2_PLACEMENT_3D('',#7074,#7075,#7076);
#7074 = CARTESIAN_POINT('',(0.,2.1E-16,0.94));
#7075 = DIRECTION('',(0.,-2.2E-16,-1.));
#7076 = DIRECTION('',(1.,0.,0.));
#7077 = ADVANCED_FACE('',(#7078),#7081,.F.);
#7078 = FACE_BOUND('',#7079,.T.);
#7079 = EDGE_LOOP('',(#7080));
#7080 = ORIENTED_EDGE('',*,*,#7040,.F.);
#7081 = PLANE('',#7082);
#7082 = AXIS2_PLACEMENT_3D('',#7083,#7084,#7085);
#7083 = CARTESIAN_POINT('',(0.,3.E-17,0.15));
#7084 = DIRECTION('',(0.,2.2E-16,1.));
#7085 = DIRECTION('',(1.,0.,-0.));
#7086 = ADVANCED_FACE('',(#7087),#7090,.T.);
#7087 = FACE_BOUND('',#7088,.T.);
#7088 = EDGE_LOOP('',(#7089));
#7089 = ORIENTED_EDGE('',*,*,#7056,.T.);
#7090 = PLANE('',#7091);
#7091 = AXIS2_PLACEMENT_3D('',#7092,#7093,#7094);
#7092 = CARTESIAN_POINT('',(0.,1.8E-16,0.79));
#7093 = DIRECTION('',(0.,2.2E-16,1.));
#7094 = DIRECTION('',(1.,0.,-0.));
#7095 = ( GEOMETRIC_REPRESENTATION_CONTEXT(3) 
GLOBAL_UNCERTAINTY_ASSIGNED_CONTEXT((#7099)) 
GLOBAL_UNIT_ASSIGNED_CONTEXT((#7096,#7097,#7098)) REPRESENTATION_CONTEXT
('Context #1','3D Context with UNIT and UNCERTAINTY') );
#7096 = ( LENGTH_UNIT() NAMED_UNIT(*) SI_UNIT(.MILLI.,.METRE.) );
#7097 = ( NAMED_UNIT(*) PLANE_ANGLE_UNIT() SI_UNIT($,.RADIAN.) );
#7098 = ( NAMED_UNIT(*) SI_UNIT($,.STERADIAN.) SOLID_ANGLE_UNIT() );
#7099 = UNCERTAINTY_MEASURE_WITH_UNIT(LENGTH_MEASURE(2.E-06),#7096,
  'distance_accuracy_value','confusion accuracy');
#7100 = CONTEXT_DEPENDENT_SHAPE_REPRESENTATION(#7101,#7103);
#7101 = ( REPRESENTATION_RELATIONSHIP('','',#6244,#6205) 
REPRESENTATION_RELATIONSHIP_WITH_TRANSFORMATION(#7102) 
SHAPE_REPRESENTATION_RELATIONSHIP() );
#7102 = ITEM_DEFINED_TRANSFORMATION('','',#11,#6206);
#7103 = PRODUCT_DEFINITION_SHAPE('Placement','Placement of an item',
  #7104);
#7104 = NEXT_ASSEMBLY_USAGE_OCCURRENCE('4','Body003','',#6200,#6239,$);
#7105 = PRODUCT_RELATED_PRODUCT_CATEGORY('part',$,(#6241));
#7106 = SHAPE_DEFINITION_REPRESENTATION(#7107,#7113);
#7107 = PRODUCT_DEFINITION_SHAPE('','',#7108);
#7108 = PRODUCT_DEFINITION('design','',#7109,#7112);
#7109 = PRODUCT_DEFINITION_FORMATION('','',#7110);
#7110 = PRODUCT('Pin001','Pin001','',(#7111));
#7111 = PRODUCT_CONTEXT('',#2,'mechanical');
#7112 = PRODUCT_DEFINITION_CONTEXT('part definition',#2,'design');
#7113 = ADVANCED_BREP_SHAPE_REPRESENTATION('',(#11,#7114),#7264);
#7114 = MANIFOLD_SOLID_BREP('',#7115);
#7115 = CLOSED_SHELL('',(#7116,#7156,#7187,#7218,#7240,#7252));
#7116 = ADVANCED_FACE('',(#7117),#7151,.F.);
#7117 = FACE_BOUND('',#7118,.F.);
#7118 = EDGE_LOOP('',(#7119,#7129,#7137,#7145));
#7119 = ORIENTED_EDGE('',*,*,#7120,.T.);
#7120 = EDGE_CURVE('',#7121,#7123,#7125,.T.);
#7121 = VERTEX_POINT('',#7122);
#7122 = CARTESIAN_POINT('',(-2.94,1.09,0.));
#7123 = VERTEX_POINT('',#7124);
#7124 = CARTESIAN_POINT('',(-2.94,1.09,0.15));
#7125 = LINE('',#7126,#7127);
#7126 = CARTESIAN_POINT('',(-2.94,1.09,0.));
#7127 = VECTOR('',#7128,1.);
#7128 = DIRECTION('',(0.,0.,1.));
#7129 = ORIENTED_EDGE('',*,*,#7130,.T.);
#7130 = EDGE_CURVE('',#7123,#7131,#7133,.T.);
#7131 = VERTEX_POINT('',#7132);
#7132 = CARTESIAN_POINT('',(-2.94,0.41,0.15));
#7133 = LINE('',#7134,#7135);
#7134 = CARTESIAN_POINT('',(-2.94,1.09,0.15));
#7135 = VECTOR('',#7136,1.);
#7136 = DIRECTION('',(0.,-1.,0.));
#7137 = ORIENTED_EDGE('',*,*,#7138,.F.);
#7138 = EDGE_CURVE('',#7139,#7131,#7141,.T.);
#7139 = VERTEX_POINT('',#7140);
#7140 = CARTESIAN_POINT('',(-2.94,0.41,0.));
#7141 = LINE('',#7142,#7143);
#7142 = CARTESIAN_POINT('',(-2.94,0.41,0.));
#7143 = VECTOR('',#7144,1.);
#7144 = DIRECTION('',(0.,0.,1.));
#7145 = ORIENTED_EDGE('',*,*,#7146,.F.);
#7146 = EDGE_CURVE('',#7121,#7139,#7147,.T.);
#7147 = LINE('',#7148,#7149);
#7148 = CARTESIAN_POINT('',(-2.94,1.09,0.));
#7149 = VECTOR('',#7150,1.);
#7150 = DIRECTION('',(0.,-1.,0.));
#7151 = PLANE('',#7152);
#7152 = AXIS2_PLACEMENT_3D('',#7153,#7154,#7155);
#7153 = CARTESIAN_POINT('',(-2.94,1.09,0.));
#7154 = DIRECTION('',(1.,0.,0.));
#7155 = DIRECTION('',(0.,-1.,0.));
#7156 = ADVANCED_FACE('',(#7157),#7182,.F.);
#7157 = FACE_BOUND('',#7158,.F.);
#7158 = EDGE_LOOP('',(#7159,#7160,#7168,#7176));
#7159 = ORIENTED_EDGE('',*,*,#7138,.T.);
#7160 = ORIENTED_EDGE('',*,*,#7161,.T.);
#7161 = EDGE_CURVE('',#7131,#7162,#7164,.T.);
#7162 = VERTEX_POINT('',#7163);
#7163 = CARTESIAN_POINT('',(-1.6,0.41,0.15));
#7164 = LINE('',#7165,#7166);
#7165 = CARTESIAN_POINT('',(-2.94,0.41,0.15));
#7166 = VECTOR('',#7167,1.);
#7167 = DIRECTION('',(1.,0.,0.));
#7168 = ORIENTED_EDGE('',*,*,#7169,.F.);
#7169 = EDGE_CURVE('',#7170,#7162,#7172,.T.);
#7170 = VERTEX_POINT('',#7171);
#7171 = CARTESIAN_POINT('',(-1.6,0.41,0.));
#7172 = LINE('',#7173,#7174);
#7173 = CARTESIAN_POINT('',(-1.6,0.41,0.));
#7174 = VECTOR('',#7175,1.);
#7175 = DIRECTION('',(0.,0.,1.));
#7176 = ORIENTED_EDGE('',*,*,#7177,.F.);
#7177 = EDGE_CURVE('',#7139,#7170,#7178,.T.);
#7178 = LINE('',#7179,#7180);
#7179 = CARTESIAN_POINT('',(-2.94,0.41,0.));
#7180 = VECTOR('',#7181,1.);
#7181 = DIRECTION('',(1.,0.,0.));
#7182 = PLANE('',#7183);
#7183 = AXIS2_PLACEMENT_3D('',#7184,#7185,#7186);
#7184 = CARTESIAN_POINT('',(-2.94,0.41,0.));
#7185 = DIRECTION('',(0.,1.,0.));
#7186 = DIRECTION('',(1.,0.,0.));
#7187 = ADVANCED_FACE('',(#7188),#7213,.F.);
#7188 = FACE_BOUND('',#7189,.F.);
#7189 = EDGE_LOOP('',(#7190,#7191,#7199,#7207));
#7190 = ORIENTED_EDGE('',*,*,#7169,.T.);
#7191 = ORIENTED_EDGE('',*,*,#7192,.T.);
#7192 = EDGE_CURVE('',#7162,#7193,#7195,.T.);
#7193 = VERTEX_POINT('',#7194);
#7194 = CARTESIAN_POINT('',(-1.6,1.09,0.15));
#7195 = LINE('',#7196,#7197);
#7196 = CARTESIAN_POINT('',(-1.6,0.41,0.15));
#7197 = VECTOR('',#7198,1.);
#7198 = DIRECTION('',(0.,1.,0.));
#7199 = ORIENTED_EDGE('',*,*,#7200,.F.);
#7200 = EDGE_CURVE('',#7201,#7193,#7203,.T.);
#7201 = VERTEX_POINT('',#7202);
#7202 = CARTESIAN_POINT('',(-1.6,1.09,0.));
#7203 = LINE('',#7204,#7205);
#7204 = CARTESIAN_POINT('',(-1.6,1.09,0.));
#7205 = VECTOR('',#7206,1.);
#7206 = DIRECTION('',(0.,0.,1.));
#7207 = ORIENTED_EDGE('',*,*,#7208,.F.);
#7208 = EDGE_CURVE('',#7170,#7201,#7209,.T.);
#7209 = LINE('',#7210,#7211);
#7210 = CARTESIAN_POINT('',(-1.6,0.41,0.));
#7211 = VECTOR('',#7212,1.);
#7212 = DIRECTION('',(0.,1.,0.));
#7213 = PLANE('',#7214);
#7214 = AXIS2_PLACEMENT_3D('',#7215,#7216,#7217);
#7215 = CARTESIAN_POINT('',(-1.6,0.41,0.));
#7216 = DIRECTION('',(-1.,0.,0.));
#7217 = DIRECTION('',(0.,1.,0.));
#7218 = ADVANCED_FACE('',(#7219),#7235,.F.);
#7219 = FACE_BOUND('',#7220,.F.);
#7220 = EDGE_LOOP('',(#7221,#7222,#7228,#7229));
#7221 = ORIENTED_EDGE('',*,*,#7200,.T.);
#7222 = ORIENTED_EDGE('',*,*,#7223,.T.);
#7223 = EDGE_CURVE('',#7193,#7123,#7224,.T.);
#7224 = LINE('',#7225,#7226);
#7225 = CARTESIAN_POINT('',(-1.6,1.09,0.15));
#7226 = VECTOR('',#7227,1.);
#7227 = DIRECTION('',(-1.,0.,0.));
#7228 = ORIENTED_EDGE('',*,*,#7120,.F.);
#7229 = ORIENTED_EDGE('',*,*,#7230,.F.);
#7230 = EDGE_CURVE('',#7201,#7121,#7231,.T.);
#7231 = LINE('',#7232,#7233);
#7232 = CARTESIAN_POINT('',(-1.6,1.09,0.));
#7233 = VECTOR('',#7234,1.);
#7234 = DIRECTION('',(-1.,0.,0.));
#7235 = PLANE('',#7236);
#7236 = AXIS2_PLACEMENT_3D('',#7237,#7238,#7239);
#7237 = CARTESIAN_POINT('',(-1.6,1.09,0.));
#7238 = DIRECTION('',(0.,-1.,0.));
#7239 = DIRECTION('',(-1.,0.,0.));
#7240 = ADVANCED_FACE('',(#7241),#7247,.F.);
#7241 = FACE_BOUND('',#7242,.F.);
#7242 = EDGE_LOOP('',(#7243,#7244,#7245,#7246));
#7243 = ORIENTED_EDGE('',*,*,#7146,.T.);
#7244 = ORIENTED_EDGE('',*,*,#7177,.T.);
#7245 = ORIENTED_EDGE('',*,*,#7208,.T.);
#7246 = ORIENTED_EDGE('',*,*,#7230,.T.);
#7247 = PLANE('',#7248);
#7248 = AXIS2_PLACEMENT_3D('',#7249,#7250,#7251);
#7249 = CARTESIAN_POINT('',(-2.27,0.75,0.));
#7250 = DIRECTION('',(0.,0.,1.));
#7251 = DIRECTION('',(1.,0.,-0.));
#7252 = ADVANCED_FACE('',(#7253),#7259,.T.);
#7253 = FACE_BOUND('',#7254,.T.);
#7254 = EDGE_LOOP('',(#7255,#7256,#7257,#7258));
#7255 = ORIENTED_EDGE('',*,*,#7130,.T.);
#7256 = ORIENTED_EDGE('',*,*,#7161,.T.);
#7257 = ORIENTED_EDGE('',*,*,#7192,.T.);
#7258 = ORIENTED_EDGE('',*,*,#7223,.T.);
#7259 = PLANE('',#7260);
#7260 = AXIS2_PLACEMENT_3D('',#7261,#7262,#7263);
#7261 = CARTESIAN_POINT('',(-2.27,0.75,0.15));
#7262 = DIRECTION('',(0.,0.,1.));
#7263 = DIRECTION('',(1.,0.,-0.));
#7264 = ( GEOMETRIC_REPRESENTATION_CONTEXT(3) 
GLOBAL_UNCERTAINTY_ASSIGNED_CONTEXT((#7268)) 
GLOBAL_UNIT_ASSIGNED_CONTEXT((#7265,#7266,#7267)) REPRESENTATION_CONTEXT
('Context #1','3D Context with UNIT and UNCERTAINTY') );
#7265 = ( LENGTH_UNIT() NAMED_UNIT(*) SI_UNIT(.MILLI.,.METRE.) );
#7266 = ( NAMED_UNIT(*) PLANE_ANGLE_UNIT() SI_UNIT($,.RADIAN.) );
#7267 = ( NAMED_UNIT(*) SI_UNIT($,.STERADIAN.) SOLID_ANGLE_UNIT() );
#7268 = UNCERTAINTY_MEASURE_WITH_UNIT(LENGTH_MEASURE(1.E-07),#7265,
  'distance_accuracy_value','confusion accuracy');
#7269 = CONTEXT_DEPENDENT_SHAPE_REPRESENTATION(#7270,#7272);
#7270 = ( REPRESENTATION_RELATIONSHIP('','',#7113,#6205) 
REPRESENTATION_RELATIONSHIP_WITH_TRANSFORMATION(#7271) 
SHAPE_REPRESENTATION_RELATIONSHIP() );
#7271 = ITEM_DEFINED_TRANSFORMATION('','',#11,#6210);
#7272 = PRODUCT_DEFINITION_SHAPE('Placement','Placement of an item',
  #7273);
#7273 = NEXT_ASSEMBLY_USAGE_OCCURRENCE('5','Pin001','',#6200,#7108,$);
#7274 = PRODUCT_RELATED_PRODUCT_CATEGORY('part',$,(#7110));
#7275 = SHAPE_DEFINITION_REPRESENTATION(#7276,#7282);
#7276 = PRODUCT_DEFINITION_SHAPE('','',#7277);
#7277 = PRODUCT_DEFINITION('design','',#7278,#7281);
#7278 = PRODUCT_DEFINITION_FORMATION('','',#7279);
#7279 = PRODUCT('Pin002','Pin002','',(#7280));
#7280 = PRODUCT_CONTEXT('',#2,'mechanical');
#7281 = PRODUCT_DEFINITION_CONTEXT('part definition',#2,'design');
#7282 = ADVANCED_BREP_SHAPE_REPRESENTATION('',(#11,#7283),#7466);
#7283 = MANIFOLD_SOLID_BREP('',#7284);
#7284 = CLOSED_SHELL('',(#7285,#7325,#7356,#7387,#7418,#7440,#7453));
#7285 = ADVANCED_FACE('',(#7286),#7320,.T.);
#7286 = FACE_BOUND('',#7287,.T.);
#7287 = EDGE_LOOP('',(#7288,#7298,#7306,#7314));
#7288 = ORIENTED_EDGE('',*,*,#7289,.T.);
#7289 = EDGE_CURVE('',#7290,#7292,#7294,.T.);
#7290 = VERTEX_POINT('',#7291);
#7291 = CARTESIAN_POINT('',(-2.94186252285,-0.751760725813,0.));
#7292 = VERTEX_POINT('',#7293);
#7293 = CARTESIAN_POINT('',(-2.94186252285,-0.751760725813,0.15));
#7294 = LINE('',#7295,#7296);
#7295 = CARTESIAN_POINT('',(-2.94186252285,-0.751760725813,0.));
#7296 = VECTOR('',#7297,1.);
#7297 = DIRECTION('',(0.,0.,1.));
#7298 = ORIENTED_EDGE('',*,*,#7299,.T.);
#7299 = EDGE_CURVE('',#7292,#7300,#7302,.T.);
#7300 = VERTEX_POINT('',#7301);
#7301 = CARTESIAN_POINT('',(-2.94186252285,-0.41,0.15));
#7302 = LINE('',#7303,#7304);
#7303 = CARTESIAN_POINT('',(-2.94186252285,-0.751760725813,0.15));
#7304 = VECTOR('',#7305,1.);
#7305 = DIRECTION('',(0.,1.,0.));
#7306 = ORIENTED_EDGE('',*,*,#7307,.F.);
#7307 = EDGE_CURVE('',#7308,#7300,#7310,.T.);
#7308 = VERTEX_POINT('',#7309);
#7309 = CARTESIAN_POINT('',(-2.94186252285,-0.41,0.));
#7310 = LINE('',#7311,#7312);
#7311 = CARTESIAN_POINT('',(-2.94186252285,-0.41,0.));
#7312 = VECTOR('',#7313,1.);
#7313 = DIRECTION('',(0.,0.,1.));
#7314 = ORIENTED_EDGE('',*,*,#7315,.F.);
#7315 = EDGE_CURVE('',#7290,#7308,#7316,.T.);
#7316 = LINE('',#7317,#7318);
#7317 = CARTESIAN_POINT('',(-2.94186252285,-0.751760725813,0.));
#7318 = VECTOR('',#7319,1.);
#7319 = DIRECTION('',(0.,1.,0.));
#7320 = PLANE('',#7321);
#7321 = AXIS2_PLACEMENT_3D('',#7322,#7323,#7324);
#7322 = CARTESIAN_POINT('',(-2.94186252285,-0.751760725813,0.));
#7323 = DIRECTION('',(-1.,0.,0.));
#7324 = DIRECTION('',(0.,1.,0.));
#7325 = ADVANCED_FACE('',(#7326),#7351,.T.);
#7326 = FACE_BOUND('',#7327,.T.);
#7327 = EDGE_LOOP('',(#7328,#7329,#7337,#7345));
#7328 = ORIENTED_EDGE('',*,*,#7307,.T.);
#7329 = ORIENTED_EDGE('',*,*,#7330,.T.);
#7330 = EDGE_CURVE('',#7300,#7331,#7333,.T.);
#7331 = VERTEX_POINT('',#7332);
#7332 = CARTESIAN_POINT('',(-1.6,-0.41,0.15));
#7333 = LINE('',#7334,#7335);
#7334 = CARTESIAN_POINT('',(-2.94186252285,-0.41,0.15));
#7335 = VECTOR('',#7336,1.);
#7336 = DIRECTION('',(1.,0.,0.));
#7337 = ORIENTED_EDGE('',*,*,#7338,.F.);
#7338 = EDGE_CURVE('',#7339,#7331,#7341,.T.);
#7339 = VERTEX_POINT('',#7340);
#7340 = CARTESIAN_POINT('',(-1.6,-0.41,0.));
#7341 = LINE('',#7342,#7343);
#7342 = CARTESIAN_POINT('',(-1.6,-0.41,0.));
#7343 = VECTOR('',#7344,1.);
#7344 = DIRECTION('',(0.,0.,1.));
#7345 = ORIENTED_EDGE('',*,*,#7346,.F.);
#7346 = EDGE_CURVE('',#7308,#7339,#7347,.T.);
#7347 = LINE('',#7348,#7349);
#7348 = CARTESIAN_POINT('',(-2.94186252285,-0.41,0.));
#7349 = VECTOR('',#7350,1.);
#7350 = DIRECTION('',(1.,0.,0.));
#7351 = PLANE('',#7352);
#7352 = AXIS2_PLACEMENT_3D('',#7353,#7354,#7355);
#7353 = CARTESIAN_POINT('',(-2.94186252285,-0.41,0.));
#7354 = DIRECTION('',(0.,1.,0.));
#7355 = DIRECTION('',(1.,0.,0.));
#7356 = ADVANCED_FACE('',(#7357),#7382,.T.);
#7357 = FACE_BOUND('',#7358,.T.);
#7358 = EDGE_LOOP('',(#7359,#7360,#7368,#7376));
#7359 = ORIENTED_EDGE('',*,*,#7338,.T.);
#7360 = ORIENTED_EDGE('',*,*,#7361,.T.);
#7361 = EDGE_CURVE('',#7331,#7362,#7364,.T.);
#7362 = VERTEX_POINT('',#7363);
#7363 = CARTESIAN_POINT('',(-1.6,-1.093521451625,0.15));
#7364 = LINE('',#7365,#7366);
#7365 = CARTESIAN_POINT('',(-1.6,-0.41,0.15));
#7366 = VECTOR('',#7367,1.);
#7367 = DIRECTION('',(0.,-1.,0.));
#7368 = ORIENTED_EDGE('',*,*,#7369,.F.);
#7369 = EDGE_CURVE('',#7370,#7362,#7372,.T.);
#7370 = VERTEX_POINT('',#7371);
#7371 = CARTESIAN_POINT('',(-1.6,-1.093521451625,0.));
#7372 = LINE('',#7373,#7374);
#7373 = CARTESIAN_POINT('',(-1.6,-1.093521451625,0.));
#7374 = VECTOR('',#7375,1.);
#7375 = DIRECTION('',(0.,0.,1.));
#7376 = ORIENTED_EDGE('',*,*,#7377,.F.);
#7377 = EDGE_CURVE('',#7339,#7370,#7378,.T.);
#7378 = LINE('',#7379,#7380);
#7379 = CARTESIAN_POINT('',(-1.6,-0.41,0.));
#7380 = VECTOR('',#7381,1.);
#7381 = DIRECTION('',(0.,-1.,0.));
#7382 = PLANE('',#7383);
#7383 = AXIS2_PLACEMENT_3D('',#7384,#7385,#7386);
#7384 = CARTESIAN_POINT('',(-1.6,-0.41,0.));
#7385 = DIRECTION('',(1.,0.,0.));
#7386 = DIRECTION('',(0.,-1.,0.));
#7387 = ADVANCED_FACE('',(#7388),#7413,.T.);
#7388 = FACE_BOUND('',#7389,.T.);
#7389 = EDGE_LOOP('',(#7390,#7391,#7399,#7407));
#7390 = ORIENTED_EDGE('',*,*,#7369,.T.);
#7391 = ORIENTED_EDGE('',*,*,#7392,.T.);
#7392 = EDGE_CURVE('',#7362,#7393,#7395,.T.);
#7393 = VERTEX_POINT('',#7394);
#7394 = CARTESIAN_POINT('',(-2.600101797037,-1.093521451625,0.15));
#7395 = LINE('',#7396,#7397);
#7396 = CARTESIAN_POINT('',(-1.6,-1.093521451625,0.15));
#7397 = VECTOR('',#7398,1.);
#7398 = DIRECTION('',(-1.,0.,0.));
#7399 = ORIENTED_EDGE('',*,*,#7400,.F.);
#7400 = EDGE_CURVE('',#7401,#7393,#7403,.T.);
#7401 = VERTEX_POINT('',#7402);
#7402 = CARTESIAN_POINT('',(-2.600101797037,-1.093521451625,0.));
#7403 = LINE('',#7404,#7405);
#7404 = CARTESIAN_POINT('',(-2.600101797037,-1.093521451625,0.));
#7405 = VECTOR('',#7406,1.);
#7406 = DIRECTION('',(0.,0.,1.));
#7407 = ORIENTED_EDGE('',*,*,#7408,.F.);
#7408 = EDGE_CURVE('',#7370,#7401,#7409,.T.);
#7409 = LINE('',#7410,#7411);
#7410 = CARTESIAN_POINT('',(-1.6,-1.093521451625,0.));
#7411 = VECTOR('',#7412,1.);
#7412 = DIRECTION('',(-1.,0.,0.));
#7413 = PLANE('',#7414);
#7414 = AXIS2_PLACEMENT_3D('',#7415,#7416,#7417);
#7415 = CARTESIAN_POINT('',(-1.6,-1.093521451625,0.));
#7416 = DIRECTION('',(0.,-1.,0.));
#7417 = DIRECTION('',(-1.,0.,0.));
#7418 = ADVANCED_FACE('',(#7419),#7435,.F.);
#7419 = FACE_BOUND('',#7420,.F.);
#7420 = EDGE_LOOP('',(#7421,#7422,#7428,#7429));
#7421 = ORIENTED_EDGE('',*,*,#7289,.T.);
#7422 = ORIENTED_EDGE('',*,*,#7423,.T.);
#7423 = EDGE_CURVE('',#7292,#7393,#7424,.T.);
#7424 = LINE('',#7425,#7426);
#7425 = CARTESIAN_POINT('',(-2.94186252285,-0.751760725813,0.15));
#7426 = VECTOR('',#7427,1.);
#7427 = DIRECTION('',(0.707106781187,-0.707106781187,0.));
#7428 = ORIENTED_EDGE('',*,*,#7400,.F.);
#7429 = ORIENTED_EDGE('',*,*,#7430,.F.);
#7430 = EDGE_CURVE('',#7290,#7401,#7431,.T.);
#7431 = LINE('',#7432,#7433);
#7432 = CARTESIAN_POINT('',(-2.94186252285,-0.751760725813,0.));
#7433 = VECTOR('',#7434,1.);
#7434 = DIRECTION('',(0.707106781187,-0.707106781187,0.));
#7435 = PLANE('',#7436);
#7436 = AXIS2_PLACEMENT_3D('',#7437,#7438,#7439);
#7437 = CARTESIAN_POINT('',(-2.94186252285,-0.751760725813,0.));
#7438 = DIRECTION('',(0.707106781187,0.707106781187,0.));
#7439 = DIRECTION('',(0.707106781187,-0.707106781187,0.));
#7440 = ADVANCED_FACE('',(#7441),#7448,.F.);
#7441 = FACE_BOUND('',#7442,.T.);
#7442 = EDGE_LOOP('',(#7443,#7444,#7445,#7446,#7447));
#7443 = ORIENTED_EDGE('',*,*,#7315,.T.);
#7444 = ORIENTED_EDGE('',*,*,#7346,.T.);
#7445 = ORIENTED_EDGE('',*,*,#7377,.T.);
#7446 = ORIENTED_EDGE('',*,*,#7408,.T.);
#7447 = ORIENTED_EDGE('',*,*,#7430,.F.);
#7448 = PLANE('',#7449);
#7449 = AXIS2_PLACEMENT_3D('',#7450,#7451,#7452);
#7450 = CARTESIAN_POINT('',(-2.229765974031,-0.727709673488,0.));
#7451 = DIRECTION('',(0.,0.,1.));
#7452 = DIRECTION('',(1.,0.,-0.));
#7453 = ADVANCED_FACE('',(#7454),#7461,.T.);
#7454 = FACE_BOUND('',#7455,.F.);
#7455 = EDGE_LOOP('',(#7456,#7457,#7458,#7459,#7460));
#7456 = ORIENTED_EDGE('',*,*,#7299,.T.);
#7457 = ORIENTED_EDGE('',*,*,#7330,.T.);
#7458 = ORIENTED_EDGE('',*,*,#7361,.T.);
#7459 = ORIENTED_EDGE('',*,*,#7392,.T.);
#7460 = ORIENTED_EDGE('',*,*,#7423,.F.);
#7461 = PLANE('',#7462);
#7462 = AXIS2_PLACEMENT_3D('',#7463,#7464,#7465);
#7463 = CARTESIAN_POINT('',(-2.229765974031,-0.727709673488,0.15));
#7464 = DIRECTION('',(0.,0.,1.));
#7465 = DIRECTION('',(1.,0.,-0.));
#7466 = ( GEOMETRIC_REPRESENTATION_CONTEXT(3) 
GLOBAL_UNCERTAINTY_ASSIGNED_CONTEXT((#7470)) 
GLOBAL_UNIT_ASSIGNED_CONTEXT((#7467,#7468,#7469)) REPRESENTATION_CONTEXT
('Context #1','3D Context with UNIT and UNCERTAINTY') );
#7467 = ( LENGTH_UNIT() NAMED_UNIT(*) SI_UNIT(.MILLI.,.METRE.) );
#7468 = ( NAMED_UNIT(*) PLANE_ANGLE_UNIT() SI_UNIT($,.RADIAN.) );
#7469 = ( NAMED_UNIT(*) SI_UNIT($,.STERADIAN.) SOLID_ANGLE_UNIT() );
#7470 = UNCERTAINTY_MEASURE_WITH_UNIT(LENGTH_MEASURE(1.E-07),#7467,
  'distance_accuracy_value','confusion accuracy');
#7471 = CONTEXT_DEPENDENT_SHAPE_REPRESENTATION(#7472,#7474);
#7472 = ( REPRESENTATION_RELATIONSHIP('','',#7282,#6205) 
REPRESENTATION_RELATIONSHIP_WITH_TRANSFORMATION(#7473) 
SHAPE_REPRESENTATION_RELATIONSHIP() );
#7473 = ITEM_DEFINED_TRANSFORMATION('','',#11,#6214);
#7474 = PRODUCT_DEFINITION_SHAPE('Placement','Placement of an item',
  #7475);
#7475 = NEXT_ASSEMBLY_USAGE_OCCURRENCE('6','Pin002','',#6200,#7277,$);
#7476 = PRODUCT_RELATED_PRODUCT_CATEGORY('part',$,(#7279));
#7477 = SHAPE_DEFINITION_REPRESENTATION(#7478,#7484);
#7478 = PRODUCT_DEFINITION_SHAPE('','',#7479);
#7479 = PRODUCT_DEFINITION('design','',#7480,#7483);
#7480 = PRODUCT_DEFINITION_FORMATION('','',#7481);
#7481 = PRODUCT('Pin3','Pin3','',(#7482));
#7482 = PRODUCT_CONTEXT('',#2,'mechanical');
#7483 = PRODUCT_DEFINITION_CONTEXT('part definition',#2,'design');
#7484 = ADVANCED_BREP_SHAPE_REPRESENTATION('',(#11,#7485),#7635);
#7485 = MANIFOLD_SOLID_BREP('',#7486);
#7486 = CLOSED_SHELL('',(#7487,#7527,#7558,#7589,#7611,#7623));
#7487 = ADVANCED_FACE('',(#7488),#7522,.T.);
#7488 = FACE_BOUND('',#7489,.T.);
#7489 = EDGE_LOOP('',(#7490,#7500,#7508,#7516));
#7490 = ORIENTED_EDGE('',*,*,#7491,.T.);
#7491 = EDGE_CURVE('',#7492,#7494,#7496,.T.);
#7492 = VERTEX_POINT('',#7493);
#7493 = CARTESIAN_POINT('',(2.94,1.09,0.));
#7494 = VERTEX_POINT('',#7495);
#7495 = CARTESIAN_POINT('',(2.94,1.09,0.15));
#7496 = LINE('',#7497,#7498);
#7497 = CARTESIAN_POINT('',(2.94,1.09,0.));
#7498 = VECTOR('',#7499,1.);
#7499 = DIRECTION('',(0.,0.,1.));
#7500 = ORIENTED_EDGE('',*,*,#7501,.T.);
#7501 = EDGE_CURVE('',#7494,#7502,#7504,.T.);
#7502 = VERTEX_POINT('',#7503);
#7503 = CARTESIAN_POINT('',(2.94,0.41,0.15));
#7504 = LINE('',#7505,#7506);
#7505 = CARTESIAN_POINT('',(2.94,1.09,0.15));
#7506 = VECTOR('',#7507,1.);
#7507 = DIRECTION('',(0.,-1.,0.));
#7508 = ORIENTED_EDGE('',*,*,#7509,.F.);
#7509 = EDGE_CURVE('',#7510,#7502,#7512,.T.);
#7510 = VERTEX_POINT('',#7511);
#7511 = CARTESIAN_POINT('',(2.94,0.41,0.));
#7512 = LINE('',#7513,#7514);
#7513 = CARTESIAN_POINT('',(2.94,0.41,0.));
#7514 = VECTOR('',#7515,1.);
#7515 = DIRECTION('',(0.,0.,1.));
#7516 = ORIENTED_EDGE('',*,*,#7517,.F.);
#7517 = EDGE_CURVE('',#7492,#7510,#7518,.T.);
#7518 = LINE('',#7519,#7520);
#7519 = CARTESIAN_POINT('',(2.94,1.09,0.));
#7520 = VECTOR('',#7521,1.);
#7521 = DIRECTION('',(0.,-1.,0.));
#7522 = PLANE('',#7523);
#7523 = AXIS2_PLACEMENT_3D('',#7524,#7525,#7526);
#7524 = CARTESIAN_POINT('',(2.94,1.09,0.));
#7525 = DIRECTION('',(1.,0.,0.));
#7526 = DIRECTION('',(0.,-1.,0.));
#7527 = ADVANCED_FACE('',(#7528),#7553,.T.);
#7528 = FACE_BOUND('',#7529,.T.);
#7529 = EDGE_LOOP('',(#7530,#7531,#7539,#7547));
#7530 = ORIENTED_EDGE('',*,*,#7509,.T.);
#7531 = ORIENTED_EDGE('',*,*,#7532,.T.);
#7532 = EDGE_CURVE('',#7502,#7533,#7535,.T.);
#7533 = VERTEX_POINT('',#7534);
#7534 = CARTESIAN_POINT('',(1.6,0.41,0.15));
#7535 = LINE('',#7536,#7537);
#7536 = CARTESIAN_POINT('',(2.94,0.41,0.15));
#7537 = VECTOR('',#7538,1.);
#7538 = DIRECTION('',(-1.,0.,0.));
#7539 = ORIENTED_EDGE('',*,*,#7540,.F.);
#7540 = EDGE_CURVE('',#7541,#7533,#7543,.T.);
#7541 = VERTEX_POINT('',#7542);
#7542 = CARTESIAN_POINT('',(1.6,0.41,0.));
#7543 = LINE('',#7544,#7545);
#7544 = CARTESIAN_POINT('',(1.6,0.41,0.));
#7545 = VECTOR('',#7546,1.);
#7546 = DIRECTION('',(0.,0.,1.));
#7547 = ORIENTED_EDGE('',*,*,#7548,.F.);
#7548 = EDGE_CURVE('',#7510,#7541,#7549,.T.);
#7549 = LINE('',#7550,#7551);
#7550 = CARTESIAN_POINT('',(2.94,0.41,0.));
#7551 = VECTOR('',#7552,1.);
#7552 = DIRECTION('',(-1.,0.,0.));
#7553 = PLANE('',#7554);
#7554 = AXIS2_PLACEMENT_3D('',#7555,#7556,#7557);
#7555 = CARTESIAN_POINT('',(2.94,0.41,0.));
#7556 = DIRECTION('',(0.,-1.,0.));
#7557 = DIRECTION('',(-1.,0.,0.));
#7558 = ADVANCED_FACE('',(#7559),#7584,.T.);
#7559 = FACE_BOUND('',#7560,.T.);
#7560 = EDGE_LOOP('',(#7561,#7562,#7570,#7578));
#7561 = ORIENTED_EDGE('',*,*,#7540,.T.);
#7562 = ORIENTED_EDGE('',*,*,#7563,.T.);
#7563 = EDGE_CURVE('',#7533,#7564,#7566,.T.);
#7564 = VERTEX_POINT('',#7565);
#7565 = CARTESIAN_POINT('',(1.6,1.09,0.15));
#7566 = LINE('',#7567,#7568);
#7567 = CARTESIAN_POINT('',(1.6,0.41,0.15));
#7568 = VECTOR('',#7569,1.);
#7569 = DIRECTION('',(0.,1.,0.));
#7570 = ORIENTED_EDGE('',*,*,#7571,.F.);
#7571 = EDGE_CURVE('',#7572,#7564,#7574,.T.);
#7572 = VERTEX_POINT('',#7573);
#7573 = CARTESIAN_POINT('',(1.6,1.09,0.));
#7574 = LINE('',#7575,#7576);
#7575 = CARTESIAN_POINT('',(1.6,1.09,0.));
#7576 = VECTOR('',#7577,1.);
#7577 = DIRECTION('',(0.,0.,1.));
#7578 = ORIENTED_EDGE('',*,*,#7579,.F.);
#7579 = EDGE_CURVE('',#7541,#7572,#7580,.T.);
#7580 = LINE('',#7581,#7582);
#7581 = CARTESIAN_POINT('',(1.6,0.41,0.));
#7582 = VECTOR('',#7583,1.);
#7583 = DIRECTION('',(0.,1.,0.));
#7584 = PLANE('',#7585);
#7585 = AXIS2_PLACEMENT_3D('',#7586,#7587,#7588);
#7586 = CARTESIAN_POINT('',(1.6,0.41,0.));
#7587 = DIRECTION('',(-1.,0.,0.));
#7588 = DIRECTION('',(0.,1.,0.));
#7589 = ADVANCED_FACE('',(#7590),#7606,.T.);
#7590 = FACE_BOUND('',#7591,.T.);
#7591 = EDGE_LOOP('',(#7592,#7593,#7599,#7600));
#7592 = ORIENTED_EDGE('',*,*,#7571,.T.);
#7593 = ORIENTED_EDGE('',*,*,#7594,.T.);
#7594 = EDGE_CURVE('',#7564,#7494,#7595,.T.);
#7595 = LINE('',#7596,#7597);
#7596 = CARTESIAN_POINT('',(1.6,1.09,0.15));
#7597 = VECTOR('',#7598,1.);
#7598 = DIRECTION('',(1.,0.,0.));
#7599 = ORIENTED_EDGE('',*,*,#7491,.F.);
#7600 = ORIENTED_EDGE('',*,*,#7601,.F.);
#7601 = EDGE_CURVE('',#7572,#7492,#7602,.T.);
#7602 = LINE('',#7603,#7604);
#7603 = CARTESIAN_POINT('',(1.6,1.09,0.));
#7604 = VECTOR('',#7605,1.);
#7605 = DIRECTION('',(1.,0.,0.));
#7606 = PLANE('',#7607);
#7607 = AXIS2_PLACEMENT_3D('',#7608,#7609,#7610);
#7608 = CARTESIAN_POINT('',(1.6,1.09,0.));
#7609 = DIRECTION('',(0.,1.,0.));
#7610 = DIRECTION('',(1.,0.,0.));
#7611 = ADVANCED_FACE('',(#7612),#7618,.F.);
#7612 = FACE_BOUND('',#7613,.T.);
#7613 = EDGE_LOOP('',(#7614,#7615,#7616,#7617));
#7614 = ORIENTED_EDGE('',*,*,#7517,.T.);
#7615 = ORIENTED_EDGE('',*,*,#7548,.T.);
#7616 = ORIENTED_EDGE('',*,*,#7579,.T.);
#7617 = ORIENTED_EDGE('',*,*,#7601,.T.);
#7618 = PLANE('',#7619);
#7619 = AXIS2_PLACEMENT_3D('',#7620,#7621,#7622);
#7620 = CARTESIAN_POINT('',(2.27,0.75,0.));
#7621 = DIRECTION('',(0.,0.,1.));
#7622 = DIRECTION('',(1.,0.,-0.));
#7623 = ADVANCED_FACE('',(#7624),#7630,.T.);
#7624 = FACE_BOUND('',#7625,.F.);
#7625 = EDGE_LOOP('',(#7626,#7627,#7628,#7629));
#7626 = ORIENTED_EDGE('',*,*,#7501,.T.);
#7627 = ORIENTED_EDGE('',*,*,#7532,.T.);
#7628 = ORIENTED_EDGE('',*,*,#7563,.T.);
#7629 = ORIENTED_EDGE('',*,*,#7594,.T.);
#7630 = PLANE('',#7631);
#7631 = AXIS2_PLACEMENT_3D('',#7632,#7633,#7634);
#7632 = CARTESIAN_POINT('',(2.27,0.75,0.15));
#7633 = DIRECTION('',(0.,0.,1.));
#7634 = DIRECTION('',(1.,0.,-0.));
#7635 = ( GEOMETRIC_REPRESENTATION_CONTEXT(3) 
GLOBAL_UNCERTAINTY_ASSIGNED_CONTEXT((#7639)) 
GLOBAL_UNIT_ASSIGNED_CONTEXT((#7636,#7637,#7638)) REPRESENTATION_CONTEXT
('Context #1','3D Context with UNIT and UNCERTAINTY') );
#7636 = ( LENGTH_UNIT() NAMED_UNIT(*) SI_UNIT(.MILLI.,.METRE.) );
#7637 = ( NAMED_UNIT(*) PLANE_ANGLE_UNIT() SI_UNIT($,.RADIAN.) );
#7638 = ( NAMED_UNIT(*) SI_UNIT($,.STERADIAN.) SOLID_ANGLE_UNIT() );
#7639 = UNCERTAINTY_MEASURE_WITH_UNIT(LENGTH_MEASURE(1.E-07),#7636,
  'distance_accuracy_value','confusion accuracy');
#7640 = CONTEXT_DEPENDENT_SHAPE_REPRESENTATION(#7641,#7643);
#7641 = ( REPRESENTATION_RELATIONSHIP('','',#7484,#6205) 
REPRESENTATION_RELATIONSHIP_WITH_TRANSFORMATION(#7642) 
SHAPE_REPRESENTATION_RELATIONSHIP() );
#7642 = ITEM_DEFINED_TRANSFORMATION('','',#11,#6218);
#7643 = PRODUCT_DEFINITION_SHAPE('Placement','Placement of an item',
  #7644);
#7644 = NEXT_ASSEMBLY_USAGE_OCCURRENCE('7','Pin3','',#6200,#7479,$);
#7645 = PRODUCT_RELATED_PRODUCT_CATEGORY('part',$,(#7481));
#7646 = SHAPE_DEFINITION_REPRESENTATION(#7647,#7653);
#7647 = PRODUCT_DEFINITION_SHAPE('','',#7648);
#7648 = PRODUCT_DEFINITION('design','',#7649,#7652);
#7649 = PRODUCT_DEFINITION_FORMATION('','',#7650);
#7650 = PRODUCT('Pin4','Pin4','',(#7651));
#7651 = PRODUCT_CONTEXT('',#2,'mechanical');
#7652 = PRODUCT_DEFINITION_CONTEXT('part definition',#2,'design');
#7653 = ADVANCED_BREP_SHAPE_REPRESENTATION('',(#11,#7654),#7804);
#7654 = MANIFOLD_SOLID_BREP('',#7655);
#7655 = CLOSED_SHELL('',(#7656,#7696,#7727,#7758,#7780,#7792));
#7656 = ADVANCED_FACE('',(#7657),#7691,.F.);
#7657 = FACE_BOUND('',#7658,.F.);
#7658 = EDGE_LOOP('',(#7659,#7669,#7677,#7685));
#7659 = ORIENTED_EDGE('',*,*,#7660,.T.);
#7660 = EDGE_CURVE('',#7661,#7663,#7665,.T.);
#7661 = VERTEX_POINT('',#7662);
#7662 = CARTESIAN_POINT('',(2.94,-1.09,0.));
#7663 = VERTEX_POINT('',#7664);
#7664 = CARTESIAN_POINT('',(2.94,-1.09,0.15));
#7665 = LINE('',#7666,#7667);
#7666 = CARTESIAN_POINT('',(2.94,-1.09,0.));
#7667 = VECTOR('',#7668,1.);
#7668 = DIRECTION('',(0.,0.,1.));
#7669 = ORIENTED_EDGE('',*,*,#7670,.T.);
#7670 = EDGE_CURVE('',#7663,#7671,#7673,.T.);
#7671 = VERTEX_POINT('',#7672);
#7672 = CARTESIAN_POINT('',(2.94,-0.41,0.15));
#7673 = LINE('',#7674,#7675);
#7674 = CARTESIAN_POINT('',(2.94,-1.09,0.15));
#7675 = VECTOR('',#7676,1.);
#7676 = DIRECTION('',(0.,1.,0.));
#7677 = ORIENTED_EDGE('',*,*,#7678,.F.);
#7678 = EDGE_CURVE('',#7679,#7671,#7681,.T.);
#7679 = VERTEX_POINT('',#7680);
#7680 = CARTESIAN_POINT('',(2.94,-0.41,0.));
#7681 = LINE('',#7682,#7683);
#7682 = CARTESIAN_POINT('',(2.94,-0.41,0.));
#7683 = VECTOR('',#7684,1.);
#7684 = DIRECTION('',(0.,0.,1.));
#7685 = ORIENTED_EDGE('',*,*,#7686,.F.);
#7686 = EDGE_CURVE('',#7661,#7679,#7687,.T.);
#7687 = LINE('',#7688,#7689);
#7688 = CARTESIAN_POINT('',(2.94,-1.09,0.));
#7689 = VECTOR('',#7690,1.);
#7690 = DIRECTION('',(0.,1.,0.));
#7691 = PLANE('',#7692);
#7692 = AXIS2_PLACEMENT_3D('',#7693,#7694,#7695);
#7693 = CARTESIAN_POINT('',(2.94,-1.09,0.));
#7694 = DIRECTION('',(-1.,0.,0.));
#7695 = DIRECTION('',(0.,1.,0.));
#7696 = ADVANCED_FACE('',(#7697),#7722,.F.);
#7697 = FACE_BOUND('',#7698,.F.);
#7698 = EDGE_LOOP('',(#7699,#7700,#7708,#7716));
#7699 = ORIENTED_EDGE('',*,*,#7678,.T.);
#7700 = ORIENTED_EDGE('',*,*,#7701,.T.);
#7701 = EDGE_CURVE('',#7671,#7702,#7704,.T.);
#7702 = VERTEX_POINT('',#7703);
#7703 = CARTESIAN_POINT('',(1.6,-0.41,0.15));
#7704 = LINE('',#7705,#7706);
#7705 = CARTESIAN_POINT('',(2.94,-0.41,0.15));
#7706 = VECTOR('',#7707,1.);
#7707 = DIRECTION('',(-1.,0.,0.));
#7708 = ORIENTED_EDGE('',*,*,#7709,.F.);
#7709 = EDGE_CURVE('',#7710,#7702,#7712,.T.);
#7710 = VERTEX_POINT('',#7711);
#7711 = CARTESIAN_POINT('',(1.6,-0.41,0.));
#7712 = LINE('',#7713,#7714);
#7713 = CARTESIAN_POINT('',(1.6,-0.41,0.));
#7714 = VECTOR('',#7715,1.);
#7715 = DIRECTION('',(0.,0.,1.));
#7716 = ORIENTED_EDGE('',*,*,#7717,.F.);
#7717 = EDGE_CURVE('',#7679,#7710,#7718,.T.);
#7718 = LINE('',#7719,#7720);
#7719 = CARTESIAN_POINT('',(2.94,-0.41,0.));
#7720 = VECTOR('',#7721,1.);
#7721 = DIRECTION('',(-1.,0.,0.));
#7722 = PLANE('',#7723);
#7723 = AXIS2_PLACEMENT_3D('',#7724,#7725,#7726);
#7724 = CARTESIAN_POINT('',(2.94,-0.41,0.));
#7725 = DIRECTION('',(0.,-1.,0.));
#7726 = DIRECTION('',(-1.,0.,0.));
#7727 = ADVANCED_FACE('',(#7728),#7753,.F.);
#7728 = FACE_BOUND('',#7729,.F.);
#7729 = EDGE_LOOP('',(#7730,#7731,#7739,#7747));
#7730 = ORIENTED_EDGE('',*,*,#7709,.T.);
#7731 = ORIENTED_EDGE('',*,*,#7732,.T.);
#7732 = EDGE_CURVE('',#7702,#7733,#7735,.T.);
#7733 = VERTEX_POINT('',#7734);
#7734 = CARTESIAN_POINT('',(1.6,-1.09,0.15));
#7735 = LINE('',#7736,#7737);
#7736 = CARTESIAN_POINT('',(1.6,-0.41,0.15));
#7737 = VECTOR('',#7738,1.);
#7738 = DIRECTION('',(0.,-1.,0.));
#7739 = ORIENTED_EDGE('',*,*,#7740,.F.);
#7740 = EDGE_CURVE('',#7741,#7733,#7743,.T.);
#7741 = VERTEX_POINT('',#7742);
#7742 = CARTESIAN_POINT('',(1.6,-1.09,0.));
#7743 = LINE('',#7744,#7745);
#7744 = CARTESIAN_POINT('',(1.6,-1.09,0.));
#7745 = VECTOR('',#7746,1.);
#7746 = DIRECTION('',(0.,0.,1.));
#7747 = ORIENTED_EDGE('',*,*,#7748,.F.);
#7748 = EDGE_CURVE('',#7710,#7741,#7749,.T.);
#7749 = LINE('',#7750,#7751);
#7750 = CARTESIAN_POINT('',(1.6,-0.41,0.));
#7751 = VECTOR('',#7752,1.);
#7752 = DIRECTION('',(0.,-1.,0.));
#7753 = PLANE('',#7754);
#7754 = AXIS2_PLACEMENT_3D('',#7755,#7756,#7757);
#7755 = CARTESIAN_POINT('',(1.6,-0.41,0.));
#7756 = DIRECTION('',(1.,0.,0.));
#7757 = DIRECTION('',(0.,-1.,0.));
#7758 = ADVANCED_FACE('',(#7759),#7775,.F.);
#7759 = FACE_BOUND('',#7760,.F.);
#7760 = EDGE_LOOP('',(#7761,#7762,#7768,#7769));
#7761 = ORIENTED_EDGE('',*,*,#7740,.T.);
#7762 = ORIENTED_EDGE('',*,*,#7763,.T.);
#7763 = EDGE_CURVE('',#7733,#7663,#7764,.T.);
#7764 = LINE('',#7765,#7766);
#7765 = CARTESIAN_POINT('',(1.6,-1.09,0.15));
#7766 = VECTOR('',#7767,1.);
#7767 = DIRECTION('',(1.,0.,0.));
#7768 = ORIENTED_EDGE('',*,*,#7660,.F.);
#7769 = ORIENTED_EDGE('',*,*,#7770,.F.);
#7770 = EDGE_CURVE('',#7741,#7661,#7771,.T.);
#7771 = LINE('',#7772,#7773);
#7772 = CARTESIAN_POINT('',(1.6,-1.09,0.));
#7773 = VECTOR('',#7774,1.);
#7774 = DIRECTION('',(1.,0.,0.));
#7775 = PLANE('',#7776);
#7776 = AXIS2_PLACEMENT_3D('',#7777,#7778,#7779);
#7777 = CARTESIAN_POINT('',(1.6,-1.09,0.));
#7778 = DIRECTION('',(0.,1.,0.));
#7779 = DIRECTION('',(1.,0.,0.));
#7780 = ADVANCED_FACE('',(#7781),#7787,.F.);
#7781 = FACE_BOUND('',#7782,.F.);
#7782 = EDGE_LOOP('',(#7783,#7784,#7785,#7786));
#7783 = ORIENTED_EDGE('',*,*,#7686,.T.);
#7784 = ORIENTED_EDGE('',*,*,#7717,.T.);
#7785 = ORIENTED_EDGE('',*,*,#7748,.T.);
#7786 = ORIENTED_EDGE('',*,*,#7770,.T.);
#7787 = PLANE('',#7788);
#7788 = AXIS2_PLACEMENT_3D('',#7789,#7790,#7791);
#7789 = CARTESIAN_POINT('',(2.27,-0.75,0.));
#7790 = DIRECTION('',(0.,0.,1.));
#7791 = DIRECTION('',(1.,0.,-0.));
#7792 = ADVANCED_FACE('',(#7793),#7799,.T.);
#7793 = FACE_BOUND('',#7794,.T.);
#7794 = EDGE_LOOP('',(#7795,#7796,#7797,#7798));
#7795 = ORIENTED_EDGE('',*,*,#7670,.T.);
#7796 = ORIENTED_EDGE('',*,*,#7701,.T.);
#7797 = ORIENTED_EDGE('',*,*,#7732,.T.);
#7798 = ORIENTED_EDGE('',*,*,#7763,.T.);
#7799 = PLANE('',#7800);
#7800 = AXIS2_PLACEMENT_3D('',#7801,#7802,#7803);
#7801 = CARTESIAN_POINT('',(2.27,-0.75,0.15));
#7802 = DIRECTION('',(0.,0.,1.));
#7803 = DIRECTION('',(1.,0.,-0.));
#7804 = ( GEOMETRIC_REPRESENTATION_CONTEXT(3) 
GLOBAL_UNCERTAINTY_ASSIGNED_CONTEXT((#7808)) 
GLOBAL_UNIT_ASSIGNED_CONTEXT((#7805,#7806,#7807)) REPRESENTATION_CONTEXT
('Context #1','3D Context with UNIT and UNCERTAINTY') );
#7805 = ( LENGTH_UNIT() NAMED_UNIT(*) SI_UNIT(.MILLI.,.METRE.) );
#7806 = ( NAMED_UNIT(*) PLANE_ANGLE_UNIT() SI_UNIT($,.RADIAN.) );
#7807 = ( NAMED_UNIT(*) SI_UNIT($,.STERADIAN.) SOLID_ANGLE_UNIT() );
#7808 = UNCERTAINTY_MEASURE_WITH_UNIT(LENGTH_MEASURE(1.E-07),#7805,
  'distance_accuracy_value','confusion accuracy');
#7809 = CONTEXT_DEPENDENT_SHAPE_REPRESENTATION(#7810,#7812);
#7810 = ( REPRESENTATION_RELATIONSHIP('','',#7653,#6205) 
REPRESENTATION_RELATIONSHIP_WITH_TRANSFORMATION(#7811) 
SHAPE_REPRESENTATION_RELATIONSHIP() );
#7811 = ITEM_DEFINED_TRANSFORMATION('','',#11,#6222);
#7812 = PRODUCT_DEFINITION_SHAPE('Placement','Placement of an item',
  #7813);
#7813 = NEXT_ASSEMBLY_USAGE_OCCURRENCE('8','Pin4','',#6200,#7648,$);
#7814 = PRODUCT_RELATED_PRODUCT_CATEGORY('part',$,(#7650));
#7815 = SHAPE_DEFINITION_REPRESENTATION(#7816,#7822);
#7816 = PRODUCT_DEFINITION_SHAPE('','',#7817);
#7817 = PRODUCT_DEFINITION('design','',#7818,#7821);
#7818 = PRODUCT_DEFINITION_FORMATION('','',#7819);
#7819 = PRODUCT('D_DO-35_SOD27_P7.62mm_Horizontal003',
  'D_DO-35_SOD27_P7.62mm_Horizontal003','',(#7820));
#7820 = PRODUCT_CONTEXT('',#2,'mechanical');
#7821 = PRODUCT_DEFINITION_CONTEXT('part definition',#2,'design');
#7822 = SHAPE_REPRESENTATION('',(#11,#7823),#7827);
#7823 = AXIS2_PLACEMENT_3D('',#7824,#7825,#7826);
#7824 = CARTESIAN_POINT('',(0.,0.,0.));
#7825 = DIRECTION('',(0.,0.,1.));
#7826 = DIRECTION('',(1.,0.,0.));
#7827 = ( GEOMETRIC_REPRESENTATION_CONTEXT(3) 
GLOBAL_UNCERTAINTY_ASSIGNED_CONTEXT((#7831)) 
GLOBAL_UNIT_ASSIGNED_CONTEXT((#7828,#7829,#7830)) REPRESENTATION_CONTEXT
('Context #1','3D Context with UNIT and UNCERTAINTY') );
#7828 = ( LENGTH_UNIT() NAMED_UNIT(*) SI_UNIT(.MILLI.,.METRE.) );
#7829 = ( NAMED_UNIT(*) PLANE_ANGLE_UNIT() SI_UNIT($,.RADIAN.) );
#7830 = ( NAMED_UNIT(*) SI_UNIT($,.STERADIAN.) SOLID_ANGLE_UNIT() );
#7831 = UNCERTAINTY_MEASURE_WITH_UNIT(LENGTH_MEASURE(1.E-07),#7828,
  'distance_accuracy_value','confusion accuracy');
#7832 = CONTEXT_DEPENDENT_SHAPE_REPRESENTATION(#7833,#7835);
#7833 = ( REPRESENTATION_RELATIONSHIP('','',#7822,#6087) 
REPRESENTATION_RELATIONSHIP_WITH_TRANSFORMATION(#7834) 
SHAPE_REPRESENTATION_RELATIONSHIP() );
#7834 = ITEM_DEFINED_TRANSFORMATION('','',#11,#6092);
#7835 = PRODUCT_DEFINITION_SHAPE('Placement','Placement of an item',
  #7836);
#7836 = NEXT_ASSEMBLY_USAGE_OCCURRENCE('14',
  'D_DO-35_SOD27_P7.62mm_Horizontal003','',#6082,#7817,$);
#7837 = PRODUCT_RELATED_PRODUCT_CATEGORY('part',$,(#7819));
#7838 = SHAPE_DEFINITION_REPRESENTATION(#7839,#7845);
#7839 = PRODUCT_DEFINITION_SHAPE('','',#7840);
#7840 = PRODUCT_DEFINITION('design','',#7841,#7844);
#7841 = PRODUCT_DEFINITION_FORMATION('','',#7842);
#7842 = PRODUCT('D_DO-35_SOD27_P7.62mm_Horizontal002',
  'D_DO-35_SOD27_P7.62mm_Horizontal002','',(#7843));
#7843 = PRODUCT_CONTEXT('',#2,'mechanical');
#7844 = PRODUCT_DEFINITION_CONTEXT('part definition',#2,'design');
#7845 = SHAPE_REPRESENTATION('',(#11,#7846,#7850),#7854);
#7846 = AXIS2_PLACEMENT_3D('',#7847,#7848,#7849);
#7847 = CARTESIAN_POINT('',(0.,0.,0.));
#7848 = DIRECTION('',(0.,0.,1.));
#7849 = DIRECTION('',(1.,0.,0.));
#7850 = AXIS2_PLACEMENT_3D('',#7851,#7852,#7853);
#7851 = CARTESIAN_POINT('',(0.,0.,0.));
#7852 = DIRECTION('',(0.,0.,1.));
#7853 = DIRECTION('',(1.,0.,0.));
#7854 = ( GEOMETRIC_REPRESENTATION_CONTEXT(3) 
GLOBAL_UNCERTAINTY_ASSIGNED_CONTEXT((#7858)) 
GLOBAL_UNIT_ASSIGNED_CONTEXT((#7855,#7856,#7857)) REPRESENTATION_CONTEXT
('Context #1','3D Context with UNIT and UNCERTAINTY') );
#7855 = ( LENGTH_UNIT() NAMED_UNIT(*) SI_UNIT(.MILLI.,.METRE.) );
#7856 = ( NAMED_UNIT(*) PLANE_ANGLE_UNIT() SI_UNIT($,.RADIAN.) );
#7857 = ( NAMED_UNIT(*) SI_UNIT($,.STERADIAN.) SOLID_ANGLE_UNIT() );
#7858 = UNCERTAINTY_MEASURE_WITH_UNIT(LENGTH_MEASURE(1.E-07),#7855,
  'distance_accuracy_value','confusion accuracy');
#7859 = CONTEXT_DEPENDENT_SHAPE_REPRESENTATION(#7860,#7862);
#7860 = ( REPRESENTATION_RELATIONSHIP('','',#7845,#7822) 
REPRESENTATION_RELATIONSHIP_WITH_TRANSFORMATION(#7861) 
SHAPE_REPRESENTATION_RELATIONSHIP() );
#7861 = ITEM_DEFINED_TRANSFORMATION('','',#11,#7823);
#7862 = PRODUCT_DEFINITION_SHAPE('Placement','Placement of an item',
  #7863);
#7863 = NEXT_ASSEMBLY_USAGE_OCCURRENCE('13',
  'D_DO-35_SOD27_P7.62mm_Horizontal002','',#7817,#7840,$);
#7864 = PRODUCT_RELATED_PRODUCT_CATEGORY('part',$,(#7842));
#7865 = SHAPE_DEFINITION_REPRESENTATION(#7866,#7872);
#7866 = PRODUCT_DEFINITION_SHAPE('','',#7867);
#7867 = PRODUCT_DEFINITION('design','',#7868,#7871);
#7868 = PRODUCT_DEFINITION_FORMATION('','',#7869);
#7869 = PRODUCT('D_DO-35_SOD27_P7.62mm_Horizontal',
  'D_DO-35_SOD27_P7.62mm_Horizontal','',(#7870));
#7870 = PRODUCT_CONTEXT('',#2,'mechanical');
#7871 = PRODUCT_DEFINITION_CONTEXT('part definition',#2,'design');
#7872 = ADVANCED_BREP_SHAPE_REPRESENTATION('',(#11,#7873),#8028);
#7873 = MANIFOLD_SOLID_BREP('',#7874);
#7874 = CLOSED_SHELL('',(#7875,#7908,#7934,#7959,#7985,#8010,#8019));
#7875 = ADVANCED_FACE('',(#7876),#7903,.T.);
#7876 = FACE_BOUND('',#7877,.T.);
#7877 = EDGE_LOOP('',(#7878,#7888,#7895,#7896));
#7878 = ORIENTED_EDGE('',*,*,#7879,.T.);
#7879 = EDGE_CURVE('',#7880,#7882,#7884,.T.);
#7880 = VERTEX_POINT('',#7881);
#7881 = CARTESIAN_POINT('',(0.25,0.,-2.5));
#7882 = VERTEX_POINT('',#7883);
#7883 = CARTESIAN_POINT('',(0.25,1.E-15,1.));
#7884 = LINE('',#7885,#7886);
#7885 = CARTESIAN_POINT('',(0.25,6.7E-16,1.));
#7886 = VECTOR('',#7887,1.);
#7887 = DIRECTION('',(0.,2.2E-16,1.));
#7888 = ORIENTED_EDGE('',*,*,#7889,.F.);
#7889 = EDGE_CURVE('',#7882,#7882,#7890,.T.);
#7890 = CIRCLE('',#7891,0.25);
#7891 = AXIS2_PLACEMENT_3D('',#7892,#7893,#7894);
#7892 = CARTESIAN_POINT('',(0.,6.7E-16,1.));
#7893 = DIRECTION('',(-0.,2.2E-16,1.));
#7894 = DIRECTION('',(1.,0.,0.));
#7895 = ORIENTED_EDGE('',*,*,#7879,.F.);
#7896 = ORIENTED_EDGE('',*,*,#7897,.T.);
#7897 = EDGE_CURVE('',#7880,#7880,#7898,.T.);
#7898 = CIRCLE('',#7899,0.25);
#7899 = AXIS2_PLACEMENT_3D('',#7900,#7901,#7902);
#7900 = CARTESIAN_POINT('',(0.,-1.1E-16,-2.5));
#7901 = DIRECTION('',(-0.,2.2E-16,1.));
#7902 = DIRECTION('',(1.,0.,0.));
#7903 = CYLINDRICAL_SURFACE('',#7904,0.25);
#7904 = AXIS2_PLACEMENT_3D('',#7905,#7906,#7907);
#7905 = CARTESIAN_POINT('',(0.,6.7E-16,1.));
#7906 = DIRECTION('',(0.,2.2E-16,1.));
#7907 = DIRECTION('',(1.,0.,-0.));
#7908 = ADVANCED_FACE('',(#7909),#7929,.T.);
#7909 = FACE_BOUND('',#7910,.T.);
#7910 = EDGE_LOOP('',(#7911,#7920,#7927,#7928));
#7911 = ORIENTED_EDGE('',*,*,#7912,.T.);
#7912 = EDGE_CURVE('',#7882,#7913,#7915,.T.);
#7913 = VERTEX_POINT('',#7914);
#7914 = CARTESIAN_POINT('',(0.5,1.E-15,1.25));
#7915 = CIRCLE('',#7916,0.25);
#7916 = AXIS2_PLACEMENT_3D('',#7917,#7918,#7919);
#7917 = CARTESIAN_POINT('',(0.5,7.6E-16,1.));
#7918 = DIRECTION('',(0.,1.,-2.2E-16));
#7919 = DIRECTION('',(1.,0.,0.));
#7920 = ORIENTED_EDGE('',*,*,#7921,.T.);
#7921 = EDGE_CURVE('',#7913,#7913,#7922,.T.);
#7922 = CIRCLE('',#7923,0.25);
#7923 = AXIS2_PLACEMENT_3D('',#7924,#7925,#7926);
#7924 = CARTESIAN_POINT('',(0.5,7.8E-16,1.5));
#7925 = DIRECTION('',(-1.,0.,-1.8E-16));
#7926 = DIRECTION('',(-1.8E-16,2.2E-16,1.));
#7927 = ORIENTED_EDGE('',*,*,#7912,.F.);
#7928 = ORIENTED_EDGE('',*,*,#7889,.T.);
#7929 = TOROIDAL_SURFACE('',#7930,0.5,0.25);
#7930 = AXIS2_PLACEMENT_3D('',#7931,#7932,#7933);
#7931 = CARTESIAN_POINT('',(0.5,6.7E-16,1.));
#7932 = DIRECTION('',(0.,1.,-2.2E-16));
#7933 = DIRECTION('',(1.,0.,0.));
#7934 = ADVANCED_FACE('',(#7935),#7954,.T.);
#7935 = FACE_BOUND('',#7936,.T.);
#7936 = EDGE_LOOP('',(#7937,#7945,#7952,#7953));
#7937 = ORIENTED_EDGE('',*,*,#7938,.T.);
#7938 = EDGE_CURVE('',#7913,#7939,#7941,.T.);
#7939 = VERTEX_POINT('',#7940);
#7940 = CARTESIAN_POINT('',(7.12,1.E-15,1.25));
#7941 = LINE('',#7942,#7943);
#7942 = CARTESIAN_POINT('',(0.5,7.2E-16,1.25));
#7943 = VECTOR('',#7944,1.);
#7944 = DIRECTION('',(1.,0.,0.));
#7945 = ORIENTED_EDGE('',*,*,#7946,.F.);
#7946 = EDGE_CURVE('',#7939,#7939,#7947,.T.);
#7947 = CIRCLE('',#7948,0.25);
#7948 = AXIS2_PLACEMENT_3D('',#7949,#7950,#7951);
#7949 = CARTESIAN_POINT('',(7.12,7.8E-16,1.5));
#7950 = DIRECTION('',(1.,0.,0.));
#7951 = DIRECTION('',(0.,-2.2E-16,-1.));
#7952 = ORIENTED_EDGE('',*,*,#7938,.F.);
#7953 = ORIENTED_EDGE('',*,*,#7921,.F.);
#7954 = CYLINDRICAL_SURFACE('',#7955,0.25);
#7955 = AXIS2_PLACEMENT_3D('',#7956,#7957,#7958);
#7956 = CARTESIAN_POINT('',(0.5,7.8E-16,1.5));
#7957 = DIRECTION('',(1.,0.,0.));
#7958 = DIRECTION('',(0.,-2.2E-16,-1.));
#7959 = ADVANCED_FACE('',(#7960),#7980,.T.);
#7960 = FACE_BOUND('',#7961,.T.);
#7961 = EDGE_LOOP('',(#7962,#7971,#7978,#7979));
#7962 = ORIENTED_EDGE('',*,*,#7963,.T.);
#7963 = EDGE_CURVE('',#7939,#7964,#7966,.T.);
#7964 = VERTEX_POINT('',#7965);
#7965 = CARTESIAN_POINT('',(7.37,1.E-15,1.));
#7966 = CIRCLE('',#7967,0.25);
#7967 = AXIS2_PLACEMENT_3D('',#7968,#7969,#7970);
#7968 = CARTESIAN_POINT('',(7.12,7.6E-16,1.));
#7969 = DIRECTION('',(0.,1.,-2.2E-16));
#7970 = DIRECTION('',(1.,0.,0.));
#7971 = ORIENTED_EDGE('',*,*,#7972,.T.);
#7972 = EDGE_CURVE('',#7964,#7964,#7973,.T.);
#7973 = CIRCLE('',#7974,0.25);
#7974 = AXIS2_PLACEMENT_3D('',#7975,#7976,#7977);
#7975 = CARTESIAN_POINT('',(7.62,6.7E-16,1.));
#7976 = DIRECTION('',(-2.4E-16,2.2E-16,1.));
#7977 = DIRECTION('',(1.,0.,2.4E-16));
#7978 = ORIENTED_EDGE('',*,*,#7963,.F.);
#7979 = ORIENTED_EDGE('',*,*,#7946,.T.);
#7980 = TOROIDAL_SURFACE('',#7981,0.5,0.25);
#7981 = AXIS2_PLACEMENT_3D('',#7982,#7983,#7984);
#7982 = CARTESIAN_POINT('',(7.12,6.7E-16,1.));
#7983 = DIRECTION('',(0.,1.,-2.2E-16));
#7984 = DIRECTION('',(1.,0.,0.));
#7985 = ADVANCED_FACE('',(#7986),#8005,.T.);
#7986 = FACE_BOUND('',#7987,.T.);
#7987 = EDGE_LOOP('',(#7988,#7996,#8003,#8004));
#7988 = ORIENTED_EDGE('',*,*,#7989,.T.);
#7989 = EDGE_CURVE('',#7964,#7990,#7992,.T.);
#7990 = VERTEX_POINT('',#7991);
#7991 = CARTESIAN_POINT('',(7.37,0.,-2.5));
#7992 = LINE('',#7993,#7994);
#7993 = CARTESIAN_POINT('',(7.37,6.7E-16,1.));
#7994 = VECTOR('',#7995,1.);
#7995 = DIRECTION('',(0.,-2.2E-16,-1.));
#7996 = ORIENTED_EDGE('',*,*,#7997,.F.);
#7997 = EDGE_CURVE('',#7990,#7990,#7998,.T.);
#7998 = CIRCLE('',#7999,0.25);
#7999 = AXIS2_PLACEMENT_3D('',#8000,#8001,#8002);
#8000 = CARTESIAN_POINT('',(7.62,-1.1E-16,-2.5));
#8001 = DIRECTION('',(-0.,-2.2E-16,-1.));
#8002 = DIRECTION('',(-1.,0.,0.));
#8003 = ORIENTED_EDGE('',*,*,#7989,.F.);
#8004 = ORIENTED_EDGE('',*,*,#7972,.F.);
#8005 = CYLINDRICAL_SURFACE('',#8006,0.25);
#8006 = AXIS2_PLACEMENT_3D('',#8007,#8008,#8009);
#8007 = CARTESIAN_POINT('',(7.62,6.7E-16,1.));
#8008 = DIRECTION('',(0.,-2.2E-16,-1.));
#8009 = DIRECTION('',(-1.,-0.,0.));
#8010 = ADVANCED_FACE('',(#8011),#8014,.T.);
#8011 = FACE_BOUND('',#8012,.F.);
#8012 = EDGE_LOOP('',(#8013));
#8013 = ORIENTED_EDGE('',*,*,#7897,.T.);
#8014 = PLANE('',#8015);
#8015 = AXIS2_PLACEMENT_3D('',#8016,#8017,#8018);
#8016 = CARTESIAN_POINT('',(0.25,-1.1E-16,-2.5));
#8017 = DIRECTION('',(0.,0.,-1.));
#8018 = DIRECTION('',(-1.,0.,0.));
#8019 = ADVANCED_FACE('',(#8020),#8023,.F.);
#8020 = FACE_BOUND('',#8021,.T.);
#8021 = EDGE_LOOP('',(#8022));
#8022 = ORIENTED_EDGE('',*,*,#7997,.T.);
#8023 = PLANE('',#8024);
#8024 = AXIS2_PLACEMENT_3D('',#8025,#8026,#8027);
#8025 = CARTESIAN_POINT('',(7.37,-1.1E-16,-2.5));
#8026 = DIRECTION('',(0.,0.,1.));
#8027 = DIRECTION('',(1.,0.,-0.));
#8028 = ( GEOMETRIC_REPRESENTATION_CONTEXT(3) 
GLOBAL_UNCERTAINTY_ASSIGNED_CONTEXT((#8032)) 
GLOBAL_UNIT_ASSIGNED_CONTEXT((#8029,#8030,#8031)) REPRESENTATION_CONTEXT
('Context #1','3D Context with UNIT and UNCERTAINTY') );
#8029 = ( LENGTH_UNIT() NAMED_UNIT(*) SI_UNIT(.MILLI.,.METRE.) );
#8030 = ( NAMED_UNIT(*) PLANE_ANGLE_UNIT() SI_UNIT($,.RADIAN.) );
#8031 = ( NAMED_UNIT(*) SI_UNIT($,.STERADIAN.) SOLID_ANGLE_UNIT() );
#8032 = UNCERTAINTY_MEASURE_WITH_UNIT(LENGTH_MEASURE(1.E-07),#8029,
  'distance_accuracy_value','confusion accuracy');
#8033 = CONTEXT_DEPENDENT_SHAPE_REPRESENTATION(#8034,#8036);
#8034 = ( REPRESENTATION_RELATIONSHIP('','',#7872,#7845) 
REPRESENTATION_RELATIONSHIP_WITH_TRANSFORMATION(#8035) 
SHAPE_REPRESENTATION_RELATIONSHIP() );
#8035 = ITEM_DEFINED_TRANSFORMATION('','',#11,#7846);
#8036 = PRODUCT_DEFINITION_SHAPE('Placement','Placement of an item',
  #8037);
#8037 = NEXT_ASSEMBLY_USAGE_OCCURRENCE('11',
  'D_DO-35_SOD27_P7.62mm_Horizontal','',#7840,#7867,$);
#8038 = PRODUCT_RELATED_PRODUCT_CATEGORY('part',$,(#7869));
#8039 = SHAPE_DEFINITION_REPRESENTATION(#8040,#8046);
#8040 = PRODUCT_DEFINITION_SHAPE('','',#8041);
#8041 = PRODUCT_DEFINITION('design','',#8042,#8045);
#8042 = PRODUCT_DEFINITION_FORMATION('','',#8043);
#8043 = PRODUCT('D_DO-35_SOD27_P7.62mm_Horizontal001',
  'D_DO-35_SOD27_P7.62mm_Horizontal001','',(#8044));
#8044 = PRODUCT_CONTEXT('',#2,'mechanical');
#8045 = PRODUCT_DEFINITION_CONTEXT('part definition',#2,'design');
#8046 = ADVANCED_BREP_SHAPE_REPRESENTATION('',(#11,#8047),#8242);
#8047 = MANIFOLD_SOLID_BREP('',#8048);
#8048 = CLOSED_SHELL('',(#8049,#8082,#8102,#8122,#8147,#8172,#8198,#8224
    ,#8233));
#8049 = ADVANCED_FACE('',(#8050),#8077,.T.);
#8050 = FACE_BOUND('',#8051,.T.);
#8051 = EDGE_LOOP('',(#8052,#8061,#8069,#8076));
#8052 = ORIENTED_EDGE('',*,*,#8053,.T.);
#8053 = EDGE_CURVE('',#8054,#8054,#8056,.T.);
#8054 = VERTEX_POINT('',#8055);
#8055 = CARTESIAN_POINT('',(2.41,3.557331958362E-15,2.51));
#8056 = CIRCLE('',#8057,1.01);
#8057 = AXIS2_PLACEMENT_3D('',#8058,#8059,#8060);
#8058 = CARTESIAN_POINT('',(2.41,6.630669073875E-16,1.5));
#8059 = DIRECTION('',(1.,0.,-0.));
#8060 = DIRECTION('',(0.,9.92044604925E-16,1.));
#8061 = ORIENTED_EDGE('',*,*,#8062,.T.);
#8062 = EDGE_CURVE('',#8054,#8063,#8065,.T.);
#8063 = VERTEX_POINT('',#8064);
#8064 = CARTESIAN_POINT('',(3.41,3.557331958362E-15,2.51));
#8065 = LINE('',#8066,#8067);
#8066 = CARTESIAN_POINT('',(2.41,5.573319583618E-16,2.51));
#8067 = VECTOR('',#8068,1.);
#8068 = DIRECTION('',(1.,0.,0.));
#8069 = ORIENTED_EDGE('',*,*,#8070,.F.);
#8070 = EDGE_CURVE('',#8063,#8063,#8071,.T.);
#8071 = CIRCLE('',#8072,1.01);
#8072 = AXIS2_PLACEMENT_3D('',#8073,#8074,#8075);
#8073 = CARTESIAN_POINT('',(3.41,6.630669073875E-16,1.5));
#8074 = DIRECTION('',(1.,0.,-0.));
#8075 = DIRECTION('',(0.,9.92044604925E-16,1.));
#8076 = ORIENTED_EDGE('',*,*,#8062,.F.);
#8077 = CYLINDRICAL_SURFACE('',#8078,1.01);
#8078 = AXIS2_PLACEMENT_3D('',#8079,#8080,#8081);
#8079 = CARTESIAN_POINT('',(2.41,6.630669073875E-16,1.5));
#8080 = DIRECTION('',(1.,0.,0.));
#8081 = DIRECTION('',(-0.,9.92044604925E-16,1.));
#8082 = ADVANCED_FACE('',(#8083,#8086),#8097,.F.);
#8083 = FACE_BOUND('',#8084,.T.);
#8084 = EDGE_LOOP('',(#8085));
#8085 = ORIENTED_EDGE('',*,*,#8053,.F.);
#8086 = FACE_BOUND('',#8087,.T.);
#8087 = EDGE_LOOP('',(#8088));
#8088 = ORIENTED_EDGE('',*,*,#8089,.T.);
#8089 = EDGE_CURVE('',#8090,#8090,#8092,.T.);
#8090 = VERTEX_POINT('',#8091);
#8091 = CARTESIAN_POINT('',(2.41,5.551115123126E-16,2.5));
#8092 = CIRCLE('',#8093,1.);
#8093 = AXIS2_PLACEMENT_3D('',#8094,#8095,#8096);
#8094 = CARTESIAN_POINT('',(2.41,6.630669073875E-16,1.5));
#8095 = DIRECTION('',(1.,0.,-0.));
#8096 = DIRECTION('',(0.,1.002044604925E-15,1.));
#8097 = PLANE('',#8098);
#8098 = AXIS2_PLACEMENT_3D('',#8099,#8100,#8101);
#8099 = CARTESIAN_POINT('',(2.41,6.630669073875E-16,1.5));
#8100 = DIRECTION('',(1.,0.,0.));
#8101 = DIRECTION('',(-0.,1.002044604925E-15,1.));
#8102 = ADVANCED_FACE('',(#8103,#8106),#8117,.T.);
#8103 = FACE_BOUND('',#8104,.T.);
#8104 = EDGE_LOOP('',(#8105));
#8105 = ORIENTED_EDGE('',*,*,#8070,.T.);
#8106 = FACE_BOUND('',#8107,.T.);
#8107 = EDGE_LOOP('',(#8108));
#8108 = ORIENTED_EDGE('',*,*,#8109,.F.);
#8109 = EDGE_CURVE('',#8110,#8110,#8112,.T.);
#8110 = VERTEX_POINT('',#8111);
#8111 = CARTESIAN_POINT('',(3.41,5.551115123126E-16,2.5));
#8112 = CIRCLE('',#8113,1.);
#8113 = AXIS2_PLACEMENT_3D('',#8114,#8115,#8116);
#8114 = CARTESIAN_POINT('',(3.41,6.630669073875E-16,1.5));
#8115 = DIRECTION('',(1.,0.,-0.));
#8116 = DIRECTION('',(0.,1.002044604925E-15,1.));
#8117 = PLANE('',#8118);
#8118 = AXIS2_PLACEMENT_3D('',#8119,#8120,#8121);
#8119 = CARTESIAN_POINT('',(3.41,6.630669073875E-16,1.5));
#8120 = DIRECTION('',(1.,0.,0.));
#8121 = DIRECTION('',(-0.,9.92044604925E-16,1.));
#8122 = ADVANCED_FACE('',(#8123),#8142,.T.);
#8123 = FACE_BOUND('',#8124,.T.);
#8124 = EDGE_LOOP('',(#8125,#8134,#8140,#8141));
#8125 = ORIENTED_EDGE('',*,*,#8126,.T.);
#8126 = EDGE_CURVE('',#8127,#8127,#8129,.T.);
#8127 = VERTEX_POINT('',#8128);
#8128 = CARTESIAN_POINT('',(2.21,3.555111512313E-15,2.5));
#8129 = CIRCLE('',#8130,1.);
#8130 = AXIS2_PLACEMENT_3D('',#8131,#8132,#8133);
#8131 = CARTESIAN_POINT('',(2.21,6.630669073875E-16,1.5));
#8132 = DIRECTION('',(1.,0.,-0.));
#8133 = DIRECTION('',(0.,1.002044604925E-15,1.));
#8134 = ORIENTED_EDGE('',*,*,#8135,.T.);
#8135 = EDGE_CURVE('',#8127,#8090,#8136,.T.);
#8136 = LINE('',#8137,#8138);
#8137 = CARTESIAN_POINT('',(1.81,5.551115123126E-16,2.5));
#8138 = VECTOR('',#8139,1.);
#8139 = DIRECTION('',(1.,0.,0.));
#8140 = ORIENTED_EDGE('',*,*,#8089,.F.);
#8141 = ORIENTED_EDGE('',*,*,#8135,.F.);
#8142 = CYLINDRICAL_SURFACE('',#8143,1.);
#8143 = AXIS2_PLACEMENT_3D('',#8144,#8145,#8146);
#8144 = CARTESIAN_POINT('',(1.81,6.630669073875E-16,1.5));
#8145 = DIRECTION('',(1.,0.,0.));
#8146 = DIRECTION('',(-0.,1.002044604925E-15,1.));
#8147 = ADVANCED_FACE('',(#8148),#8167,.T.);
#8148 = FACE_BOUND('',#8149,.T.);
#8149 = EDGE_LOOP('',(#8150,#8151,#8159,#8166));
#8150 = ORIENTED_EDGE('',*,*,#8109,.T.);
#8151 = ORIENTED_EDGE('',*,*,#8152,.T.);
#8152 = EDGE_CURVE('',#8110,#8153,#8155,.T.);
#8153 = VERTEX_POINT('',#8154);
#8154 = CARTESIAN_POINT('',(5.41,3.555111512313E-15,2.5));
#8155 = LINE('',#8156,#8157);
#8156 = CARTESIAN_POINT('',(1.81,5.551115123126E-16,2.5));
#8157 = VECTOR('',#8158,1.);
#8158 = DIRECTION('',(1.,0.,0.));
#8159 = ORIENTED_EDGE('',*,*,#8160,.F.);
#8160 = EDGE_CURVE('',#8153,#8153,#8161,.T.);
#8161 = CIRCLE('',#8162,1.);
#8162 = AXIS2_PLACEMENT_3D('',#8163,#8164,#8165);
#8163 = CARTESIAN_POINT('',(5.41,6.630669073875E-16,1.5));
#8164 = DIRECTION('',(1.,0.,-0.));
#8165 = DIRECTION('',(0.,1.002044604925E-15,1.));
#8166 = ORIENTED_EDGE('',*,*,#8152,.F.);
#8167 = CYLINDRICAL_SURFACE('',#8168,1.);
#8168 = AXIS2_PLACEMENT_3D('',#8169,#8170,#8171);
#8169 = CARTESIAN_POINT('',(1.81,6.630669073875E-16,1.5));
#8170 = DIRECTION('',(1.,0.,0.));
#8171 = DIRECTION('',(-0.,1.002044604925E-15,1.));
#8172 = ADVANCED_FACE('',(#8173),#8193,.T.);
#8173 = FACE_BOUND('',#8174,.T.);
#8174 = EDGE_LOOP('',(#8175,#8184,#8191,#8192));
#8175 = ORIENTED_EDGE('',*,*,#8176,.T.);
#8176 = EDGE_CURVE('',#8177,#8177,#8179,.T.);
#8177 = VERTEX_POINT('',#8178);
#8178 = CARTESIAN_POINT('',(1.81,1.466293670343E-15,2.1));
#8179 = CIRCLE('',#8180,0.6);
#8180 = AXIS2_PLACEMENT_3D('',#8181,#8182,#8183);
#8181 = CARTESIAN_POINT('',(1.81,6.630669073875E-16,1.5));
#8182 = DIRECTION('',(1.,0.,-0.));
#8183 = DIRECTION('',(0.,1.002044604925E-15,1.));
#8184 = ORIENTED_EDGE('',*,*,#8185,.F.);
#8185 = EDGE_CURVE('',#8127,#8177,#8186,.T.);
#8186 = CIRCLE('',#8187,0.4);
#8187 = AXIS2_PLACEMENT_3D('',#8188,#8189,#8190);
#8188 = CARTESIAN_POINT('',(2.21,1.266293670343E-15,2.1));
#8189 = DIRECTION('',(0.,-1.,1.002044604925E-15));
#8190 = DIRECTION('',(0.,1.002044604925E-15,1.));
#8191 = ORIENTED_EDGE('',*,*,#8126,.F.);
#8192 = ORIENTED_EDGE('',*,*,#8185,.T.);
#8193 = TOROIDAL_SURFACE('',#8194,0.6,0.4);
#8194 = AXIS2_PLACEMENT_3D('',#8195,#8196,#8197);
#8195 = CARTESIAN_POINT('',(2.21,6.630669073875E-16,1.5));
#8196 = DIRECTION('',(-1.,0.,0.));
#8197 = DIRECTION('',(0.,1.002044604925E-15,1.));
#8198 = ADVANCED_FACE('',(#8199),#8219,.T.);
#8199 = FACE_BOUND('',#8200,.T.);
#8200 = EDGE_LOOP('',(#8201,#8202,#8211,#8218));
#8201 = ORIENTED_EDGE('',*,*,#8160,.T.);
#8202 = ORIENTED_EDGE('',*,*,#8203,.F.);
#8203 = EDGE_CURVE('',#8204,#8153,#8206,.T.);
#8204 = VERTEX_POINT('',#8205);
#8205 = CARTESIAN_POINT('',(5.81,1.466293670343E-15,2.1));
#8206 = CIRCLE('',#8207,0.4);
#8207 = AXIS2_PLACEMENT_3D('',#8208,#8209,#8210);
#8208 = CARTESIAN_POINT('',(5.41,1.266293670343E-15,2.1));
#8209 = DIRECTION('',(0.,-1.,1.002044604925E-15));
#8210 = DIRECTION('',(0.,1.002044604925E-15,1.));
#8211 = ORIENTED_EDGE('',*,*,#8212,.F.);
#8212 = EDGE_CURVE('',#8204,#8204,#8213,.T.);
#8213 = CIRCLE('',#8214,0.6);
#8214 = AXIS2_PLACEMENT_3D('',#8215,#8216,#8217);
#8215 = CARTESIAN_POINT('',(5.81,6.630669073875E-16,1.5));
#8216 = DIRECTION('',(1.,0.,-0.));
#8217 = DIRECTION('',(0.,1.002044604925E-15,1.));
#8218 = ORIENTED_EDGE('',*,*,#8203,.T.);
#8219 = TOROIDAL_SURFACE('',#8220,0.6,0.4);
#8220 = AXIS2_PLACEMENT_3D('',#8221,#8222,#8223);
#8221 = CARTESIAN_POINT('',(5.41,6.630669073875E-16,1.5));
#8222 = DIRECTION('',(-1.,0.,0.));
#8223 = DIRECTION('',(0.,1.002044604925E-15,1.));
#8224 = ADVANCED_FACE('',(#8225),#8228,.F.);
#8225 = FACE_BOUND('',#8226,.T.);
#8226 = EDGE_LOOP('',(#8227));
#8227 = ORIENTED_EDGE('',*,*,#8176,.F.);
#8228 = PLANE('',#8229);
#8229 = AXIS2_PLACEMENT_3D('',#8230,#8231,#8232);
#8230 = CARTESIAN_POINT('',(1.81,6.630669073875E-16,1.5));
#8231 = DIRECTION('',(1.,0.,0.));
#8232 = DIRECTION('',(-0.,1.002044604925E-15,1.));
#8233 = ADVANCED_FACE('',(#8234),#8237,.T.);
#8234 = FACE_BOUND('',#8235,.F.);
#8235 = EDGE_LOOP('',(#8236));
#8236 = ORIENTED_EDGE('',*,*,#8212,.F.);
#8237 = PLANE('',#8238);
#8238 = AXIS2_PLACEMENT_3D('',#8239,#8240,#8241);
#8239 = CARTESIAN_POINT('',(5.81,6.630669073875E-16,1.5));
#8240 = DIRECTION('',(1.,0.,0.));
#8241 = DIRECTION('',(-0.,1.002044604925E-15,1.));
#8242 = ( GEOMETRIC_REPRESENTATION_CONTEXT(3) 
GLOBAL_UNCERTAINTY_ASSIGNED_CONTEXT((#8246)) 
GLOBAL_UNIT_ASSIGNED_CONTEXT((#8243,#8244,#8245)) REPRESENTATION_CONTEXT
('Context #1','3D Context with UNIT and UNCERTAINTY') );
#8243 = ( LENGTH_UNIT() NAMED_UNIT(*) SI_UNIT(.MILLI.,.METRE.) );
#8244 = ( NAMED_UNIT(*) PLANE_ANGLE_UNIT() SI_UNIT($,.RADIAN.) );
#8245 = ( NAMED_UNIT(*) SI_UNIT($,.STERADIAN.) SOLID_ANGLE_UNIT() );
#8246 = UNCERTAINTY_MEASURE_WITH_UNIT(LENGTH_MEASURE(1.E-07),#8243,
  'distance_accuracy_value','confusion accuracy');
#8247 = CONTEXT_DEPENDENT_SHAPE_REPRESENTATION(#8248,#8250);
#8248 = ( REPRESENTATION_RELATIONSHIP('','',#8046,#7845) 
REPRESENTATION_RELATIONSHIP_WITH_TRANSFORMATION(#8249) 
SHAPE_REPRESENTATION_RELATIONSHIP() );
#8249 = ITEM_DEFINED_TRANSFORMATION('','',#11,#7850);
#8250 = PRODUCT_DEFINITION_SHAPE('Placement','Placement of an item',
  #8251);
#8251 = NEXT_ASSEMBLY_USAGE_OCCURRENCE('12',
  'D_DO-35_SOD27_P7.62mm_Horizontal001','',#7840,#8041,$);
#8252 = PRODUCT_RELATED_PRODUCT_CATEGORY('part',$,(#8043));
#8253 = SHAPE_DEFINITION_REPRESENTATION(#8254,#8260);
#8254 = PRODUCT_DEFINITION_SHAPE('','',#8255);
#8255 = PRODUCT_DEFINITION('design','',#8256,#8259);
#8256 = PRODUCT_DEFINITION_FORMATION('','',#8257);
#8257 = PRODUCT('LED_SK6812MINI-E_3.2x2.8mm_P1.5mm_ReverseMount001',
  'LED_SK6812MINI-E_3.2x2.8mm_P1.5mm_ReverseMount001','',(#8258));
#8258 = PRODUCT_CONTEXT('',#2,'mechanical');
#8259 = PRODUCT_DEFINITION_CONTEXT('part definition',#2,'design');
#8260 = SHAPE_REPRESENTATION('',(#11,#8261),#8265);
#8261 = AXIS2_PLACEMENT_3D('',#8262,#8263,#8264);
#8262 = CARTESIAN_POINT('',(0.,0.,0.));
#8263 = DIRECTION('',(0.,0.,1.));
#8264 = DIRECTION('',(1.,0.,0.));
#8265 = ( GEOMETRIC_REPRESENTATION_CONTEXT(3) 
GLOBAL_UNCERTAINTY_ASSIGNED_CONTEXT((#8269)) 
GLOBAL_UNIT_ASSIGNED_CONTEXT((#8266,#8267,#8268)) REPRESENTATION_CONTEXT
('Context #1','3D Context with UNIT and UNCERTAINTY') );
#8266 = ( LENGTH_UNIT() NAMED_UNIT(*) SI_UNIT(.MILLI.,.METRE.) );
#8267 = ( NAMED_UNIT(*) PLANE_ANGLE_UNIT() SI_UNIT($,.RADIAN.) );
#8268 = ( NAMED_UNIT(*) SI_UNIT($,.STERADIAN.) SOLID_ANGLE_UNIT() );
#8269 = UNCERTAINTY_MEASURE_WITH_UNIT(LENGTH_MEASURE(2.E-06),#8266,
  'distance_accuracy_value','confusion accuracy');
#8270 = CONTEXT_DEPENDENT_SHAPE_REPRESENTATION(#8271,#8273);
#8271 = ( REPRESENTATION_RELATIONSHIP('','',#8260,#6087) 
REPRESENTATION_RELATIONSHIP_WITH_TRANSFORMATION(#8272) 
SHAPE_REPRESENTATION_RELATIONSHIP() );
#8272 = ITEM_DEFINED_TRANSFORMATION('','',#11,#6096);
#8273 = PRODUCT_DEFINITION_SHAPE('Placement','Placement of an item',
  #8274);
#8274 = NEXT_ASSEMBLY_USAGE_OCCURRENCE('21',
  'LED_SK6812MINI-E_3.2x2.8mm_P1.5mm_ReverseMount001','',#6082,#8255,$);
#8275 = PRODUCT_RELATED_PRODUCT_CATEGORY('part',$,(#8257));
#8276 = SHAPE_DEFINITION_REPRESENTATION(#8277,#8283);
#8277 = PRODUCT_DEFINITION_SHAPE('','',#8278);
#8278 = PRODUCT_DEFINITION('design','',#8279,#8282);
#8279 = PRODUCT_DEFINITION_FORMATION('','',#8280);
#8280 = PRODUCT('LED_SK6812MINI_E_3_2x2_8mm_P1_5mm001',
  'LED_SK6812MINI_E_3_2x2_8mm_P1_5mm001','',(#8281));
#8281 = PRODUCT_CONTEXT('',#2,'mechanical');
#8282 = PRODUCT_DEFINITION_CONTEXT('part definition',#2,'design');
#8283 = SHAPE_REPRESENTATION('',(#11,#8284,#8288,#8292,#8296,#8300),
  #8304);
#8284 = AXIS2_PLACEMENT_3D('',#8285,#8286,#8287);
#8285 = CARTESIAN_POINT('',(0.,0.,0.));
#8286 = DIRECTION('',(0.,0.,1.));
#8287 = DIRECTION('',(1.,0.,0.));
#8288 = AXIS2_PLACEMENT_3D('',#8289,#8290,#8291);
#8289 = CARTESIAN_POINT('',(0.,0.,0.));
#8290 = DIRECTION('',(0.,0.,1.));
#8291 = DIRECTION('',(1.,0.,0.));
#8292 = AXIS2_PLACEMENT_3D('',#8293,#8294,#8295);
#8293 = CARTESIAN_POINT('',(0.,0.,0.));
#8294 = DIRECTION('',(0.,0.,1.));
#8295 = DIRECTION('',(1.,0.,0.));
#8296 = AXIS2_PLACEMENT_3D('',#8297,#8298,#8299);
#8297 = CARTESIAN_POINT('',(0.,0.,0.));
#8298 = DIRECTION('',(0.,0.,1.));
#8299 = DIRECTION('',(1.,0.,0.));
#8300 = AXIS2_PLACEMENT_3D('',#8301,#8302,#8303);
#8301 = CARTESIAN_POINT('',(0.,0.,0.));
#8302 = DIRECTION('',(0.,0.,1.));
#8303 = DIRECTION('',(1.,0.,0.));
#8304 = ( GEOMETRIC_REPRESENTATION_CONTEXT(3) 
GLOBAL_UNCERTAINTY_ASSIGNED_CONTEXT((#8308)) 
GLOBAL_UNIT_ASSIGNED_CONTEXT((#8305,#8306,#8307)) REPRESENTATION_CONTEXT
('Context #1','3D Context with UNIT and UNCERTAINTY') );
#8305 = ( LENGTH_UNIT() NAMED_UNIT(*) SI_UNIT(.MILLI.,.METRE.) );
#8306 = ( NAMED_UNIT(*) PLANE_ANGLE_UNIT() SI_UNIT($,.RADIAN.) );
#8307 = ( NAMED_UNIT(*) SI_UNIT($,.STERADIAN.) SOLID_ANGLE_UNIT() );
#8308 = UNCERTAINTY_MEASURE_WITH_UNIT(LENGTH_MEASURE(2.E-06),#8305,
  'distance_accuracy_value','confusion accuracy');
#8309 = CONTEXT_DEPENDENT_SHAPE_REPRESENTATION(#8310,#8312);
#8310 = ( REPRESENTATION_RELATIONSHIP('','',#8283,#8260) 
REPRESENTATION_RELATIONSHIP_WITH_TRANSFORMATION(#8311) 
SHAPE_REPRESENTATION_RELATIONSHIP() );
#8311 = ITEM_DEFINED_TRANSFORMATION('','',#11,#8261);
#8312 = PRODUCT_DEFINITION_SHAPE('Placement','Placement of an item',
  #8313);
#8313 = NEXT_ASSEMBLY_USAGE_OCCURRENCE('20',
  'LED_SK6812MINI_E_3_2x2_8mm_P1_5mm001','',#8255,#8278,$);
#8314 = PRODUCT_RELATED_PRODUCT_CATEGORY('part',$,(#8280));
#8315 = CONTEXT_DEPENDENT_SHAPE_REPRESENTATION(#8316,#8318);
#8316 = ( REPRESENTATION_RELATIONSHIP('','',#6244,#8283) 
REPRESENTATION_RELATIONSHIP_WITH_TRANSFORMATION(#8317) 
SHAPE_REPRESENTATION_RELATIONSHIP() );
#8317 = ITEM_DEFINED_TRANSFORMATION('','',#11,#8284);
#8318 = PRODUCT_DEFINITION_SHAPE('Placement','Placement of an item',
  #8319);
#8319 = NEXT_ASSEMBLY_USAGE_OCCURRENCE('15','Body004','',#8278,#6239,$);
#8320 = CONTEXT_DEPENDENT_SHAPE_REPRESENTATION(#8321,#8323);
#8321 = ( REPRESENTATION_RELATIONSHIP('','',#7113,#8283) 
REPRESENTATION_RELATIONSHIP_WITH_TRANSFORMATION(#8322) 
SHAPE_REPRESENTATION_RELATIONSHIP() );
#8322 = ITEM_DEFINED_TRANSFORMATION('','',#11,#8288);
#8323 = PRODUCT_DEFINITION_SHAPE('Placement','Placement of an item',
  #8324);
#8324 = NEXT_ASSEMBLY_USAGE_OCCURRENCE('16','Pin003','',#8278,#7108,$);
#8325 = CONTEXT_DEPENDENT_SHAPE_REPRESENTATION(#8326,#8328);
#8326 = ( REPRESENTATION_RELATIONSHIP('','',#7282,#8283) 
REPRESENTATION_RELATIONSHIP_WITH_TRANSFORMATION(#8327) 
SHAPE_REPRESENTATION_RELATIONSHIP() );
#8327 = ITEM_DEFINED_TRANSFORMATION('','',#11,#8292);
#8328 = PRODUCT_DEFINITION_SHAPE('Placement','Placement of an item',
  #8329);
#8329 = NEXT_ASSEMBLY_USAGE_OCCURRENCE('17','Pin004','',#8278,#7277,$);
#8330 = CONTEXT_DEPENDENT_SHAPE_REPRESENTATION(#8331,#8333);
#8331 = ( REPRESENTATION_RELATIONSHIP('','',#7484,#8283) 
REPRESENTATION_RELATIONSHIP_WITH_TRANSFORMATION(#8332) 
SHAPE_REPRESENTATION_RELATIONSHIP() );
#8332 = ITEM_DEFINED_TRANSFORMATION('','',#11,#8296);
#8333 = PRODUCT_DEFINITION_SHAPE('Placement','Placement of an item',
  #8334);
#8334 = NEXT_ASSEMBLY_USAGE_OCCURRENCE('18','Pin005','',#8278,#7479,$);
#8335 = CONTEXT_DEPENDENT_SHAPE_REPRESENTATION(#8336,#8338);
#8336 = ( REPRESENTATION_RELATIONSHIP('','',#7653,#8283) 
REPRESENTATION_RELATIONSHIP_WITH_TRANSFORMATION(#8337) 
SHAPE_REPRESENTATION_RELATIONSHIP() );
#8337 = ITEM_DEFINED_TRANSFORMATION('','',#11,#8300);
#8338 = PRODUCT_DEFINITION_SHAPE('Placement','Placement of an item',
  #8339);
#8339 = NEXT_ASSEMBLY_USAGE_OCCURRENCE('19','Pin006','',#8278,#7648,$);
#8340 = SHAPE_DEFINITION_REPRESENTATION(#8341,#8347);
#8341 = PRODUCT_DEFINITION_SHAPE('','',#8342);
#8342 = PRODUCT_DEFINITION('design','',#8343,#8346);
#8343 = PRODUCT_DEFINITION_FORMATION('','',#8344);
#8344 = PRODUCT('LED_SK6812MINI-E_3.2x2.8mm_P1.5mm_ReverseMount002',
  'LED_SK6812MINI-E_3.2x2.8mm_P1.5mm_ReverseMount002','',(#8345));
#8345 = PRODUCT_CONTEXT('',#2,'mechanical');
#8346 = PRODUCT_DEFINITION_CONTEXT('part definition',#2,'design');
#8347 = SHAPE_REPRESENTATION('',(#11,#8348),#8352);
#8348 = AXIS2_PLACEMENT_3D('',#8349,#8350,#8351);
#8349 = CARTESIAN_POINT('',(0.,0.,0.));
#8350 = DIRECTION('',(0.,0.,1.));
#8351 = DIRECTION('',(1.,0.,0.));
#8352 = ( GEOMETRIC_REPRESENTATION_CONTEXT(3) 
GLOBAL_UNCERTAINTY_ASSIGNED_CONTEXT((#8356)) 
GLOBAL_UNIT_ASSIGNED_CONTEXT((#8353,#8354,#8355)) REPRESENTATION_CONTEXT
('Context #1','3D Context with UNIT and UNCERTAINTY') );
#8353 = ( LENGTH_UNIT() NAMED_UNIT(*) SI_UNIT(.MILLI.,.METRE.) );
#8354 = ( NAMED_UNIT(*) PLANE_ANGLE_UNIT() SI_UNIT($,.RADIAN.) );
#8355 = ( NAMED_UNIT(*) SI_UNIT($,.STERADIAN.) SOLID_ANGLE_UNIT() );
#8356 = UNCERTAINTY_MEASURE_WITH_UNIT(LENGTH_MEASURE(2.E-06),#8353,
  'distance_accuracy_value','confusion accuracy');
#8357 = CONTEXT_DEPENDENT_SHAPE_REPRESENTATION(#8358,#8360);
#8358 = ( REPRESENTATION_RELATIONSHIP('','',#8347,#6087) 
REPRESENTATION_RELATIONSHIP_WITH_TRANSFORMATION(#8359) 
SHAPE_REPRESENTATION_RELATIONSHIP() );
#8359 = ITEM_DEFINED_TRANSFORMATION('','',#11,#6100);
#8360 = PRODUCT_DEFINITION_SHAPE('Placement','Placement of an item',
  #8361);
#8361 = NEXT_ASSEMBLY_USAGE_OCCURRENCE('28',
  'LED_SK6812MINI-E_3.2x2.8mm_P1.5mm_ReverseMount002','',#6082,#8342,$);
#8362 = PRODUCT_RELATED_PRODUCT_CATEGORY('part',$,(#8344));
#8363 = SHAPE_DEFINITION_REPRESENTATION(#8364,#8370);
#8364 = PRODUCT_DEFINITION_SHAPE('','',#8365);
#8365 = PRODUCT_DEFINITION('design','',#8366,#8369);
#8366 = PRODUCT_DEFINITION_FORMATION('','',#8367);
#8367 = PRODUCT('LED_SK6812MINI_E_3_2x2_8mm_P1_5mm002',
  'LED_SK6812MINI_E_3_2x2_8mm_P1_5mm002','',(#8368));
#8368 = PRODUCT_CONTEXT('',#2,'mechanical');
#8369 = PRODUCT_DEFINITION_CONTEXT('part definition',#2,'design');
#8370 = SHAPE_REPRESENTATION('',(#11,#8371,#8375,#8379,#8383,#8387),
  #8391);
#8371 = AXIS2_PLACEMENT_3D('',#8372,#8373,#8374);
#8372 = CARTESIAN_POINT('',(0.,0.,0.));
#8373 = DIRECTION('',(0.,0.,1.));
#8374 = DIRECTION('',(1.,0.,0.));
#8375 = AXIS2_PLACEMENT_3D('',#8376,#8377,#8378);
#8376 = CARTESIAN_POINT('',(0.,0.,0.));
#8377 = DIRECTION('',(0.,0.,1.));
#8378 = DIRECTION('',(1.,0.,0.));
#8379 = AXIS2_PLACEMENT_3D('',#8380,#8381,#8382);
#8380 = CARTESIAN_POINT('',(0.,0.,0.));
#8381 = DIRECTION('',(0.,0.,1.));
#8382 = DIRECTION('',(1.,0.,0.));
#8383 = AXIS2_PLACEMENT_3D('',#8384,#8385,#8386);
#8384 = CARTESIAN_POINT('',(0.,0.,0.));
#8385 = DIRECTION('',(0.,0.,1.));
#8386 = DIRECTION('',(1.,0.,0.));
#8387 = AXIS2_PLACEMENT_3D('',#8388,#8389,#8390);
#8388 = CARTESIAN_POINT('',(0.,0.,0.));
#8389 = DIRECTION('',(0.,0.,1.));
#8390 = DIRECTION('',(1.,0.,0.));
#8391 = ( GEOMETRIC_REPRESENTATION_CONTEXT(3) 
GLOBAL_UNCERTAINTY_ASSIGNED_CONTEXT((#8395)) 
GLOBAL_UNIT_ASSIGNED_CONTEXT((#8392,#8393,#8394)) REPRESENTATION_CONTEXT
('Context #1','3D Context with UNIT and UNCERTAINTY') );
#8392 = ( LENGTH_UNIT() NAMED_UNIT(*) SI_UNIT(.MILLI.,.METRE.) );
#8393 = ( NAMED_UNIT(*) PLANE_ANGLE_UNIT() SI_UNIT($,.RADIAN.) );
#8394 = ( NAMED_UNIT(*) SI_UNIT($,.STERADIAN.) SOLID_ANGLE_UNIT() );
#8395 = UNCERTAINTY_MEASURE_WITH_UNIT(LENGTH_MEASURE(2.E-06),#8392,
  'distance_accuracy_value','confusion accuracy');
#8396 = CONTEXT_DEPENDENT_SHAPE_REPRESENTATION(#8397,#8399);
#8397 = ( REPRESENTATION_RELATIONSHIP('','',#8370,#8347) 
REPRESENTATION_RELATIONSHIP_WITH_TRANSFORMATION(#8398) 
SHAPE_REPRESENTATION_RELATIONSHIP() );
#8398 = ITEM_DEFINED_TRANSFORMATION('','',#11,#8348);
#8399 = PRODUCT_DEFINITION_SHAPE('Placement','Placement of an item',
  #8400);
#8400 = NEXT_ASSEMBLY_USAGE_OCCURRENCE('27',
  'LED_SK6812MINI_E_3_2x2_8mm_P1_5mm002','',#8342,#8365,$);
#8401 = PRODUCT_RELATED_PRODUCT_CATEGORY('part',$,(#8367));
#8402 = CONTEXT_DEPENDENT_SHAPE_REPRESENTATION(#8403,#8405);
#8403 = ( REPRESENTATION_RELATIONSHIP('','',#6244,#8370) 
REPRESENTATION_RELATIONSHIP_WITH_TRANSFORMATION(#8404) 
SHAPE_REPRESENTATION_RELATIONSHIP() );
#8404 = ITEM_DEFINED_TRANSFORMATION('','',#11,#8371);
#8405 = PRODUCT_DEFINITION_SHAPE('Placement','Placement of an item',
  #8406);
#8406 = NEXT_ASSEMBLY_USAGE_OCCURRENCE('22','Body005','',#8365,#6239,$);
#8407 = CONTEXT_DEPENDENT_SHAPE_REPRESENTATION(#8408,#8410);
#8408 = ( REPRESENTATION_RELATIONSHIP('','',#7113,#8370) 
REPRESENTATION_RELATIONSHIP_WITH_TRANSFORMATION(#8409) 
SHAPE_REPRESENTATION_RELATIONSHIP() );
#8409 = ITEM_DEFINED_TRANSFORMATION('','',#11,#8375);
#8410 = PRODUCT_DEFINITION_SHAPE('Placement','Placement of an item',
  #8411);
#8411 = NEXT_ASSEMBLY_USAGE_OCCURRENCE('23','Pin007','',#8365,#7108,$);
#8412 = CONTEXT_DEPENDENT_SHAPE_REPRESENTATION(#8413,#8415);
#8413 = ( REPRESENTATION_RELATIONSHIP('','',#7282,#8370) 
REPRESENTATION_RELATIONSHIP_WITH_TRANSFORMATION(#8414) 
SHAPE_REPRESENTATION_RELATIONSHIP() );
#8414 = ITEM_DEFINED_TRANSFORMATION('','',#11,#8379);
#8415 = PRODUCT_DEFINITION_SHAPE('Placement','Placement of an item',
  #8416);
#8416 = NEXT_ASSEMBLY_USAGE_OCCURRENCE('24','Pin008','',#8365,#7277,$);
#8417 = CONTEXT_DEPENDENT_SHAPE_REPRESENTATION(#8418,#8420);
#8418 = ( REPRESENTATION_RELATIONSHIP('','',#7484,#8370) 
REPRESENTATION_RELATIONSHIP_WITH_TRANSFORMATION(#8419) 
SHAPE_REPRESENTATION_RELATIONSHIP() );
#8419 = ITEM_DEFINED_TRANSFORMATION('','',#11,#8383);
#8420 = PRODUCT_DEFINITION_SHAPE('Placement','Placement of an item',
  #8421);
#8421 = NEXT_ASSEMBLY_USAGE_OCCURRENCE('25','Pin009','',#8365,#7479,$);
#8422 = CONTEXT_DEPENDENT_SHAPE_REPRESENTATION(#8423,#8425);
#8423 = ( REPRESENTATION_RELATIONSHIP('','',#7653,#8370) 
REPRESENTATION_RELATIONSHIP_WITH_TRANSFORMATION(#8424) 
SHAPE_REPRESENTATION_RELATIONSHIP() );
#8424 = ITEM_DEFINED_TRANSFORMATION('','',#11,#8387);
#8425 = PRODUCT_DEFINITION_SHAPE('Placement','Placement of an item',
  #8426);
#8426 = NEXT_ASSEMBLY_USAGE_OCCURRENCE('26','Pin010','',#8365,#7648,$);
#8427 = SHAPE_DEFINITION_REPRESENTATION(#8428,#8434);
#8428 = PRODUCT_DEFINITION_SHAPE('','',#8429);
#8429 = PRODUCT_DEFINITION('design','',#8430,#8433);
#8430 = PRODUCT_DEFINITION_FORMATION('','',#8431);
#8431 = PRODUCT('LED_SK6812MINI-E_3.2x2.8mm_P1.5mm_ReverseMount003',
  'LED_SK6812MINI-E_3.2x2.8mm_P1.5mm_ReverseMount003','',(#8432));
#8432 = PRODUCT_CONTEXT('',#2,'mechanical');
#8433 = PRODUCT_DEFINITION_CONTEXT('part definition',#2,'design');
#8434 = SHAPE_REPRESENTATION('',(#11,#8435),#8439);
#8435 = AXIS2_PLACEMENT_3D('',#8436,#8437,#8438);
#8436 = CARTESIAN_POINT('',(0.,0.,0.));
#8437 = DIRECTION('',(0.,0.,1.));
#8438 = DIRECTION('',(1.,0.,0.));
#8439 = ( GEOMETRIC_REPRESENTATION_CONTEXT(3) 
GLOBAL_UNCERTAINTY_ASSIGNED_CONTEXT((#8443)) 
GLOBAL_UNIT_ASSIGNED_CONTEXT((#8440,#8441,#8442)) REPRESENTATION_CONTEXT
('Context #1','3D Context with UNIT and UNCERTAINTY') );
#8440 = ( LENGTH_UNIT() NAMED_UNIT(*) SI_UNIT(.MILLI.,.METRE.) );
#8441 = ( NAMED_UNIT(*) PLANE_ANGLE_UNIT() SI_UNIT($,.RADIAN.) );
#8442 = ( NAMED_UNIT(*) SI_UNIT($,.STERADIAN.) SOLID_ANGLE_UNIT() );
#8443 = UNCERTAINTY_MEASURE_WITH_UNIT(LENGTH_MEASURE(2.E-06),#8440,
  'distance_accuracy_value','confusion accuracy');
#8444 = CONTEXT_DEPENDENT_SHAPE_REPRESENTATION(#8445,#8447);
#8445 = ( REPRESENTATION_RELATIONSHIP('','',#8434,#6087) 
REPRESENTATION_RELATIONSHIP_WITH_TRANSFORMATION(#8446) 
SHAPE_REPRESENTATION_RELATIONSHIP() );
#8446 = ITEM_DEFINED_TRANSFORMATION('','',#11,#6104);
#8447 = PRODUCT_DEFINITION_SHAPE('Placement','Placement of an item',
  #8448);
#8448 = NEXT_ASSEMBLY_USAGE_OCCURRENCE('35',
  'LED_SK6812MINI-E_3.2x2.8mm_P1.5mm_ReverseMount003','',#6082,#8429,$);
#8449 = PRODUCT_RELATED_PRODUCT_CATEGORY('part',$,(#8431));
#8450 = SHAPE_DEFINITION_REPRESENTATION(#8451,#8457);
#8451 = PRODUCT_DEFINITION_SHAPE('','',#8452);
#8452 = PRODUCT_DEFINITION('design','',#8453,#8456);
#8453 = PRODUCT_DEFINITION_FORMATION('','',#8454);
#8454 = PRODUCT('LED_SK6812MINI_E_3_2x2_8mm_P1_5mm003',
  'LED_SK6812MINI_E_3_2x2_8mm_P1_5mm003','',(#8455));
#8455 = PRODUCT_CONTEXT('',#2,'mechanical');
#8456 = PRODUCT_DEFINITION_CONTEXT('part definition',#2,'design');
#8457 = SHAPE_REPRESENTATION('',(#11,#8458,#8462,#8466,#8470,#8474),
  #8478);
#8458 = AXIS2_PLACEMENT_3D('',#8459,#8460,#8461);
#8459 = CARTESIAN_POINT('',(0.,0.,0.));
#8460 = DIRECTION('',(0.,0.,1.));
#8461 = DIRECTION('',(1.,0.,0.));
#8462 = AXIS2_PLACEMENT_3D('',#8463,#8464,#8465);
#8463 = CARTESIAN_POINT('',(0.,0.,0.));
#8464 = DIRECTION('',(0.,0.,1.));
#8465 = DIRECTION('',(1.,0.,0.));
#8466 = AXIS2_PLACEMENT_3D('',#8467,#8468,#8469);
#8467 = CARTESIAN_POINT('',(0.,0.,0.));
#8468 = DIRECTION('',(0.,0.,1.));
#8469 = DIRECTION('',(1.,0.,0.));
#8470 = AXIS2_PLACEMENT_3D('',#8471,#8472,#8473);
#8471 = CARTESIAN_POINT('',(0.,0.,0.));
#8472 = DIRECTION('',(0.,0.,1.));
#8473 = DIRECTION('',(1.,0.,0.));
#8474 = AXIS2_PLACEMENT_3D('',#8475,#8476,#8477);
#8475 = CARTESIAN_POINT('',(0.,0.,0.));
#8476 = DIRECTION('',(0.,0.,1.));
#8477 = DIRECTION('',(1.,0.,0.));
#8478 = ( GEOMETRIC_REPRESENTATION_CONTEXT(3) 
GLOBAL_UNCERTAINTY_ASSIGNED_CONTEXT((#8482)) 
GLOBAL_UNIT_ASSIGNED_CONTEXT((#8479,#8480,#8481)) REPRESENTATION_CONTEXT
('Context #1','3D Context with UNIT and UNCERTAINTY') );
#8479 = ( LENGTH_UNIT() NAMED_UNIT(*) SI_UNIT(.MILLI.,.METRE.) );
#8480 = ( NAMED_UNIT(*) PLANE_ANGLE_UNIT() SI_UNIT($,.RADIAN.) );
#8481 = ( NAMED_UNIT(*) SI_UNIT($,.STERADIAN.) SOLID_ANGLE_UNIT() );
#8482 = UNCERTAINTY_MEASURE_WITH_UNIT(LENGTH_MEASURE(2.E-06),#8479,
  'distance_accuracy_value','confusion accuracy');
#8483 = CONTEXT_DEPENDENT_SHAPE_REPRESENTATION(#8484,#8486);
#8484 = ( REPRESENTATION_RELATIONSHIP('','',#8457,#8434) 
REPRESENTATION_RELATIONSHIP_WITH_TRANSFORMATION(#8485) 
SHAPE_REPRESENTATION_RELATIONSHIP() );
#8485 = ITEM_DEFINED_TRANSFORMATION('','',#11,#8435);
#8486 = PRODUCT_DEFINITION_SHAPE('Placement','Placement of an item',
  #8487);
#8487 = NEXT_ASSEMBLY_USAGE_OCCURRENCE('34',
  'LED_SK6812MINI_E_3_2x2_8mm_P1_5mm003','',#8429,#8452,$);
#8488 = PRODUCT_RELATED_PRODUCT_CATEGORY('part',$,(#8454));
#8489 = CONTEXT_DEPENDENT_SHAPE_REPRESENTATION(#8490,#8492);
#8490 = ( REPRESENTATION_RELATIONSHIP('','',#6244,#8457) 
REPRESENTATION_RELATIONSHIP_WITH_TRANSFORMATION(#8491) 
SHAPE_REPRESENTATION_RELATIONSHIP() );
#8491 = ITEM_DEFINED_TRANSFORMATION('','',#11,#8458);
#8492 = PRODUCT_DEFINITION_SHAPE('Placement','Placement of an item',
  #8493);
#8493 = NEXT_ASSEMBLY_USAGE_OCCURRENCE('29','Body006','',#8452,#6239,$);
#8494 = CONTEXT_DEPENDENT_SHAPE_REPRESENTATION(#8495,#8497);
#8495 = ( REPRESENTATION_RELATIONSHIP('','',#7113,#8457) 
REPRESENTATION_RELATIONSHIP_WITH_TRANSFORMATION(#8496) 
SHAPE_REPRESENTATION_RELATIONSHIP() );
#8496 = ITEM_DEFINED_TRANSFORMATION('','',#11,#8462);
#8497 = PRODUCT_DEFINITION_SHAPE('Placement','Placement of an item',
  #8498);
#8498 = NEXT_ASSEMBLY_USAGE_OCCURRENCE('30','Pin011','',#8452,#7108,$);
#8499 = CONTEXT_DEPENDENT_SHAPE_REPRESENTATION(#8500,#8502);
#8500 = ( REPRESENTATION_RELATIONSHIP('','',#7282,#8457) 
REPRESENTATION_RELATIONSHIP_WITH_TRANSFORMATION(#8501) 
SHAPE_REPRESENTATION_RELATIONSHIP() );
#8501 = ITEM_DEFINED_TRANSFORMATION('','',#11,#8466);
#8502 = PRODUCT_DEFINITION_SHAPE('Placement','Placement of an item',
  #8503);
#8503 = NEXT_ASSEMBLY_USAGE_OCCURRENCE('31','Pin012','',#8452,#7277,$);
#8504 = CONTEXT_DEPENDENT_SHAPE_REPRESENTATION(#8505,#8507);
#8505 = ( REPRESENTATION_RELATIONSHIP('','',#7484,#8457) 
REPRESENTATION_RELATIONSHIP_WITH_TRANSFORMATION(#8506) 
SHAPE_REPRESENTATION_RELATIONSHIP() );
#8506 = ITEM_DEFINED_TRANSFORMATION('','',#11,#8470);
#8507 = PRODUCT_DEFINITION_SHAPE('Placement','Placement of an item',
  #8508);
#8508 = NEXT_ASSEMBLY_USAGE_OCCURRENCE('32','Pin013','',#8452,#7479,$);
#8509 = CONTEXT_DEPENDENT_SHAPE_REPRESENTATION(#8510,#8512);
#8510 = ( REPRESENTATION_RELATIONSHIP('','',#7653,#8457) 
REPRESENTATION_RELATIONSHIP_WITH_TRANSFORMATION(#8511) 
SHAPE_REPRESENTATION_RELATIONSHIP() );
#8511 = ITEM_DEFINED_TRANSFORMATION('','',#11,#8474);
#8512 = PRODUCT_DEFINITION_SHAPE('Placement','Placement of an item',
  #8513);
#8513 = NEXT_ASSEMBLY_USAGE_OCCURRENCE('33','Pin014','',#8452,#7648,$);
#8514 = SHAPE_DEFINITION_REPRESENTATION(#8515,#8521);
#8515 = PRODUCT_DEFINITION_SHAPE('','',#8516);
#8516 = PRODUCT_DEFINITION('design','',#8517,#8520);
#8517 = PRODUCT_DEFINITION_FORMATION('','',#8518);
#8518 = PRODUCT('D_DO-35_SOD27_P7.62mm_Horizontal007',
  'D_DO-35_SOD27_P7.62mm_Horizontal007','',(#8519));
#8519 = PRODUCT_CONTEXT('',#2,'mechanical');
#8520 = PRODUCT_DEFINITION_CONTEXT('part definition',#2,'design');
#8521 = SHAPE_REPRESENTATION('',(#11,#8522),#8526);
#8522 = AXIS2_PLACEMENT_3D('',#8523,#8524,#8525);
#8523 = CARTESIAN_POINT('',(0.,0.,0.));
#8524 = DIRECTION('',(0.,0.,1.));
#8525 = DIRECTION('',(1.,0.,0.));
#8526 = ( GEOMETRIC_REPRESENTATION_CONTEXT(3) 
GLOBAL_UNCERTAINTY_ASSIGNED_CONTEXT((#8530)) 
GLOBAL_UNIT_ASSIGNED_CONTEXT((#8527,#8528,#8529)) REPRESENTATION_CONTEXT
('Context #1','3D Context with UNIT and UNCERTAINTY') );
#8527 = ( LENGTH_UNIT() NAMED_UNIT(*) SI_UNIT(.MILLI.,.METRE.) );
#8528 = ( NAMED_UNIT(*) PLANE_ANGLE_UNIT() SI_UNIT($,.RADIAN.) );
#8529 = ( NAMED_UNIT(*) SI_UNIT($,.STERADIAN.) SOLID_ANGLE_UNIT() );
#8530 = UNCERTAINTY_MEASURE_WITH_UNIT(LENGTH_MEASURE(1.E-07),#8527,
  'distance_accuracy_value','confusion accuracy');
#8531 = CONTEXT_DEPENDENT_SHAPE_REPRESENTATION(#8532,#8534);
#8532 = ( REPRESENTATION_RELATIONSHIP('','',#8521,#6087) 
REPRESENTATION_RELATIONSHIP_WITH_TRANSFORMATION(#8533) 
SHAPE_REPRESENTATION_RELATIONSHIP() );
#8533 = ITEM_DEFINED_TRANSFORMATION('','',#11,#6108);
#8534 = PRODUCT_DEFINITION_SHAPE('Placement','Placement of an item',
  #8535);
#8535 = NEXT_ASSEMBLY_USAGE_OCCURRENCE('39',
  'D_DO-35_SOD27_P7.62mm_Horizontal007','',#6082,#8516,$);
#8536 = PRODUCT_RELATED_PRODUCT_CATEGORY('part',$,(#8518));
#8537 = SHAPE_DEFINITION_REPRESENTATION(#8538,#8544);
#8538 = PRODUCT_DEFINITION_SHAPE('','',#8539);
#8539 = PRODUCT_DEFINITION('design','',#8540,#8543);
#8540 = PRODUCT_DEFINITION_FORMATION('','',#8541);
#8541 = PRODUCT('D_DO-35_SOD27_P7.62mm_Horizontal006',
  'D_DO-35_SOD27_P7.62mm_Horizontal006','',(#8542));
#8542 = PRODUCT_CONTEXT('',#2,'mechanical');
#8543 = PRODUCT_DEFINITION_CONTEXT('part definition',#2,'design');
#8544 = SHAPE_REPRESENTATION('',(#11,#8545,#8549),#8553);
#8545 = AXIS2_PLACEMENT_3D('',#8546,#8547,#8548);
#8546 = CARTESIAN_POINT('',(0.,0.,0.));
#8547 = DIRECTION('',(0.,0.,1.));
#8548 = DIRECTION('',(1.,0.,0.));
#8549 = AXIS2_PLACEMENT_3D('',#8550,#8551,#8552);
#8550 = CARTESIAN_POINT('',(0.,0.,0.));
#8551 = DIRECTION('',(0.,0.,1.));
#8552 = DIRECTION('',(1.,0.,0.));
#8553 = ( GEOMETRIC_REPRESENTATION_CONTEXT(3) 
GLOBAL_UNCERTAINTY_ASSIGNED_CONTEXT((#8557)) 
GLOBAL_UNIT_ASSIGNED_CONTEXT((#8554,#8555,#8556)) REPRESENTATION_CONTEXT
('Context #1','3D Context with UNIT and UNCERTAINTY') );
#8554 = ( LENGTH_UNIT() NAMED_UNIT(*) SI_UNIT(.MILLI.,.METRE.) );
#8555 = ( NAMED_UNIT(*) PLANE_ANGLE_UNIT() SI_UNIT($,.RADIAN.) );
#8556 = ( NAMED_UNIT(*) SI_UNIT($,.STERADIAN.) SOLID_ANGLE_UNIT() );
#8557 = UNCERTAINTY_MEASURE_WITH_UNIT(LENGTH_MEASURE(1.E-07),#8554,
  'distance_accuracy_value','confusion accuracy');
#8558 = CONTEXT_DEPENDENT_SHAPE_REPRESENTATION(#8559,#8561);
#8559 = ( REPRESENTATION_RELATIONSHIP('','',#8544,#8521) 
REPRESENTATION_RELATIONSHIP_WITH_TRANSFORMATION(#8560) 
SHAPE_REPRESENTATION_RELATIONSHIP() );
#8560 = ITEM_DEFINED_TRANSFORMATION('','',#11,#8522);
#8561 = PRODUCT_DEFINITION_SHAPE('Placement','Placement of an item',
  #8562);
#8562 = NEXT_ASSEMBLY_USAGE_OCCURRENCE('38',
  'D_DO-35_SOD27_P7.62mm_Horizontal006','',#8516,#8539,$);
#8563 = PRODUCT_RELATED_PRODUCT_CATEGORY('part',$,(#8541));
#8564 = CONTEXT_DEPENDENT_SHAPE_REPRESENTATION(#8565,#8567);
#8565 = ( REPRESENTATION_RELATIONSHIP('','',#7872,#8544) 
REPRESENTATION_RELATIONSHIP_WITH_TRANSFORMATION(#8566) 
SHAPE_REPRESENTATION_RELATIONSHIP() );
#8566 = ITEM_DEFINED_TRANSFORMATION('','',#11,#8545);
#8567 = PRODUCT_DEFINITION_SHAPE('Placement','Placement of an item',
  #8568);
#8568 = NEXT_ASSEMBLY_USAGE_OCCURRENCE('36',
  'D_DO-35_SOD27_P7.62mm_Horizontal004','',#8539,#7867,$);
#8569 = CONTEXT_DEPENDENT_SHAPE_REPRESENTATION(#8570,#8572);
#8570 = ( REPRESENTATION_RELATIONSHIP('','',#8046,#8544) 
REPRESENTATION_RELATIONSHIP_WITH_TRANSFORMATION(#8571) 
SHAPE_REPRESENTATION_RELATIONSHIP() );
#8571 = ITEM_DEFINED_TRANSFORMATION('','',#11,#8549);
#8572 = PRODUCT_DEFINITION_SHAPE('Placement','Placement of an item',
  #8573);
#8573 = NEXT_ASSEMBLY_USAGE_OCCURRENCE('37',
  'D_DO-35_SOD27_P7.62mm_Horizontal005','',#8539,#8041,$);
#8574 = SHAPE_DEFINITION_REPRESENTATION(#8575,#8581);
#8575 = PRODUCT_DEFINITION_SHAPE('','',#8576);
#8576 = PRODUCT_DEFINITION('design','',#8577,#8580);
#8577 = PRODUCT_DEFINITION_FORMATION('','',#8578);
#8578 = PRODUCT('D_DO-35_SOD27_P7.62mm_Horizontal011',
  'D_DO-35_SOD27_P7.62mm_Horizontal011','',(#8579));
#8579 = PRODUCT_CONTEXT('',#2,'mechanical');
#8580 = PRODUCT_DEFINITION_CONTEXT('part definition',#2,'design');
#8581 = SHAPE_REPRESENTATION('',(#11,#8582),#8586);
#8582 = AXIS2_PLACEMENT_3D('',#8583,#8584,#8585);
#8583 = CARTESIAN_POINT('',(0.,0.,0.));
#8584 = DIRECTION('',(0.,0.,1.));
#8585 = DIRECTION('',(1.,0.,0.));
#8586 = ( GEOMETRIC_REPRESENTATION_CONTEXT(3) 
GLOBAL_UNCERTAINTY_ASSIGNED_CONTEXT((#8590)) 
GLOBAL_UNIT_ASSIGNED_CONTEXT((#8587,#8588,#8589)) REPRESENTATION_CONTEXT
('Context #1','3D Context with UNIT and UNCERTAINTY') );
#8587 = ( LENGTH_UNIT() NAMED_UNIT(*) SI_UNIT(.MILLI.,.METRE.) );
#8588 = ( NAMED_UNIT(*) PLANE_ANGLE_UNIT() SI_UNIT($,.RADIAN.) );
#8589 = ( NAMED_UNIT(*) SI_UNIT($,.STERADIAN.) SOLID_ANGLE_UNIT() );
#8590 = UNCERTAINTY_MEASURE_WITH_UNIT(LENGTH_MEASURE(1.E-07),#8587,
  'distance_accuracy_value','confusion accuracy');
#8591 = CONTEXT_DEPENDENT_SHAPE_REPRESENTATION(#8592,#8594);
#8592 = ( REPRESENTATION_RELATIONSHIP('','',#8581,#6087) 
REPRESENTATION_RELATIONSHIP_WITH_TRANSFORMATION(#8593) 
SHAPE_REPRESENTATION_RELATIONSHIP() );
#8593 = ITEM_DEFINED_TRANSFORMATION('','',#11,#6112);
#8594 = PRODUCT_DEFINITION_SHAPE('Placement','Placement of an item',
  #8595);
#8595 = NEXT_ASSEMBLY_USAGE_OCCURRENCE('43',
  'D_DO-35_SOD27_P7.62mm_Horizontal011','',#6082,#8576,$);
#8596 = PRODUCT_RELATED_PRODUCT_CATEGORY('part',$,(#8578));
#8597 = SHAPE_DEFINITION_REPRESENTATION(#8598,#8604);
#8598 = PRODUCT_DEFINITION_SHAPE('','',#8599);
#8599 = PRODUCT_DEFINITION('design','',#8600,#8603);
#8600 = PRODUCT_DEFINITION_FORMATION('','',#8601);
#8601 = PRODUCT('D_DO-35_SOD27_P7.62mm_Horizontal010',
  'D_DO-35_SOD27_P7.62mm_Horizontal010','',(#8602));
#8602 = PRODUCT_CONTEXT('',#2,'mechanical');
#8603 = PRODUCT_DEFINITION_CONTEXT('part definition',#2,'design');
#8604 = SHAPE_REPRESENTATION('',(#11,#8605,#8609),#8613);
#8605 = AXIS2_PLACEMENT_3D('',#8606,#8607,#8608);
#8606 = CARTESIAN_POINT('',(0.,0.,0.));
#8607 = DIRECTION('',(0.,0.,1.));
#8608 = DIRECTION('',(1.,0.,0.));
#8609 = AXIS2_PLACEMENT_3D('',#8610,#8611,#8612);
#8610 = CARTESIAN_POINT('',(0.,0.,0.));
#8611 = DIRECTION('',(0.,0.,1.));
#8612 = DIRECTION('',(1.,0.,0.));
#8613 = ( GEOMETRIC_REPRESENTATION_CONTEXT(3) 
GLOBAL_UNCERTAINTY_ASSIGNED_CONTEXT((#8617)) 
GLOBAL_UNIT_ASSIGNED_CONTEXT((#8614,#8615,#8616)) REPRESENTATION_CONTEXT
('Context #1','3D Context with UNIT and UNCERTAINTY') );
#8614 = ( LENGTH_UNIT() NAMED_UNIT(*) SI_UNIT(.MILLI.,.METRE.) );
#8615 = ( NAMED_UNIT(*) PLANE_ANGLE_UNIT() SI_UNIT($,.RADIAN.) );
#8616 = ( NAMED_UNIT(*) SI_UNIT($,.STERADIAN.) SOLID_ANGLE_UNIT() );
#8617 = UNCERTAINTY_MEASURE_WITH_UNIT(LENGTH_MEASURE(1.E-07),#8614,
  'distance_accuracy_value','confusion accuracy');
#8618 = CONTEXT_DEPENDENT_SHAPE_REPRESENTATION(#8619,#8621);
#8619 = ( REPRESENTATION_RELATIONSHIP('','',#8604,#8581) 
REPRESENTATION_RELATIONSHIP_WITH_TRANSFORMATION(#8620) 
SHAPE_REPRESENTATION_RELATIONSHIP() );
#8620 = ITEM_DEFINED_TRANSFORMATION('','',#11,#8582);
#8621 = PRODUCT_DEFINITION_SHAPE('Placement','Placement of an item',
  #8622);
#8622 = NEXT_ASSEMBLY_USAGE_OCCURRENCE('42',
  'D_DO-35_SOD27_P7.62mm_Horizontal010','',#8576,#8599,$);
#8623 = PRODUCT_RELATED_PRODUCT_CATEGORY('part',$,(#8601));
#8624 = CONTEXT_DEPENDENT_SHAPE_REPRESENTATION(#8625,#8627);
#8625 = ( REPRESENTATION_RELATIONSHIP('','',#7872,#8604) 
REPRESENTATION_RELATIONSHIP_WITH_TRANSFORMATION(#8626) 
SHAPE_REPRESENTATION_RELATIONSHIP() );
#8626 = ITEM_DEFINED_TRANSFORMATION('','',#11,#8605);
#8627 = PRODUCT_DEFINITION_SHAPE('Placement','Placement of an item',
  #8628);
#8628 = NEXT_ASSEMBLY_USAGE_OCCURRENCE('40',
  'D_DO-35_SOD27_P7.62mm_Horizontal008','',#8599,#7867,$);
#8629 = CONTEXT_DEPENDENT_SHAPE_REPRESENTATION(#8630,#8632);
#8630 = ( REPRESENTATION_RELATIONSHIP('','',#8046,#8604) 
REPRESENTATION_RELATIONSHIP_WITH_TRANSFORMATION(#8631) 
SHAPE_REPRESENTATION_RELATIONSHIP() );
#8631 = ITEM_DEFINED_TRANSFORMATION('','',#11,#8609);
#8632 = PRODUCT_DEFINITION_SHAPE('Placement','Placement of an item',
  #8633);
#8633 = NEXT_ASSEMBLY_USAGE_OCCURRENCE('41',
  'D_DO-35_SOD27_P7.62mm_Horizontal009','',#8599,#8041,$);
#8634 = SHAPE_DEFINITION_REPRESENTATION(#8635,#8641);
#8635 = PRODUCT_DEFINITION_SHAPE('','',#8636);
#8636 = PRODUCT_DEFINITION('design','',#8637,#8640);
#8637 = PRODUCT_DEFINITION_FORMATION('','',#8638);
#8638 = PRODUCT('LED_SK6812MINI-E_3.2x2.8mm_P1.5mm_ReverseMount004',
  'LED_SK6812MINI-E_3.2x2.8mm_P1.5mm_ReverseMount004','',(#8639));
#8639 = PRODUCT_CONTEXT('',#2,'mechanical');
#8640 = PRODUCT_DEFINITION_CONTEXT('part definition',#2,'design');
#8641 = SHAPE_REPRESENTATION('',(#11,#8642),#8646);
#8642 = AXIS2_PLACEMENT_3D('',#8643,#8644,#8645);
#8643 = CARTESIAN_POINT('',(0.,0.,0.));
#8644 = DIRECTION('',(0.,0.,1.));
#8645 = DIRECTION('',(1.,0.,0.));
#8646 = ( GEOMETRIC_REPRESENTATION_CONTEXT(3) 
GLOBAL_UNCERTAINTY_ASSIGNED_CONTEXT((#8650)) 
GLOBAL_UNIT_ASSIGNED_CONTEXT((#8647,#8648,#8649)) REPRESENTATION_CONTEXT
('Context #1','3D Context with UNIT and UNCERTAINTY') );
#8647 = ( LENGTH_UNIT() NAMED_UNIT(*) SI_UNIT(.MILLI.,.METRE.) );
#8648 = ( NAMED_UNIT(*) PLANE_ANGLE_UNIT() SI_UNIT($,.RADIAN.) );
#8649 = ( NAMED_UNIT(*) SI_UNIT($,.STERADIAN.) SOLID_ANGLE_UNIT() );
#8650 = UNCERTAINTY_MEASURE_WITH_UNIT(LENGTH_MEASURE(2.E-06),#8647,
  'distance_accuracy_value','confusion accuracy');
#8651 = CONTEXT_DEPENDENT_SHAPE_REPRESENTATION(#8652,#8654);
#8652 = ( REPRESENTATION_RELATIONSHIP('','',#8641,#6087) 
REPRESENTATION_RELATIONSHIP_WITH_TRANSFORMATION(#8653) 
SHAPE_REPRESENTATION_RELATIONSHIP() );
#8653 = ITEM_DEFINED_TRANSFORMATION('','',#11,#6116);
#8654 = PRODUCT_DEFINITION_SHAPE('Placement','Placement of an item',
  #8655);
#8655 = NEXT_ASSEMBLY_USAGE_OCCURRENCE('50',
  'LED_SK6812MINI-E_3.2x2.8mm_P1.5mm_ReverseMount004','',#6082,#8636,$);
#8656 = PRODUCT_RELATED_PRODUCT_CATEGORY('part',$,(#8638));
#8657 = SHAPE_DEFINITION_REPRESENTATION(#8658,#8664);
#8658 = PRODUCT_DEFINITION_SHAPE('','',#8659);
#8659 = PRODUCT_DEFINITION('design','',#8660,#8663);
#8660 = PRODUCT_DEFINITION_FORMATION('','',#8661);
#8661 = PRODUCT('LED_SK6812MINI_E_3_2x2_8mm_P1_5mm004',
  'LED_SK6812MINI_E_3_2x2_8mm_P1_5mm004','',(#8662));
#8662 = PRODUCT_CONTEXT('',#2,'mechanical');
#8663 = PRODUCT_DEFINITION_CONTEXT('part definition',#2,'design');
#8664 = SHAPE_REPRESENTATION('',(#11,#8665,#8669,#8673,#8677,#8681),
  #8685);
#8665 = AXIS2_PLACEMENT_3D('',#8666,#8667,#8668);
#8666 = CARTESIAN_POINT('',(0.,0.,0.));
#8667 = DIRECTION('',(0.,0.,1.));
#8668 = DIRECTION('',(1.,0.,0.));
#8669 = AXIS2_PLACEMENT_3D('',#8670,#8671,#8672);
#8670 = CARTESIAN_POINT('',(0.,0.,0.));
#8671 = DIRECTION('',(0.,0.,1.));
#8672 = DIRECTION('',(1.,0.,0.));
#8673 = AXIS2_PLACEMENT_3D('',#8674,#8675,#8676);
#8674 = CARTESIAN_POINT('',(0.,0.,0.));
#8675 = DIRECTION('',(0.,0.,1.));
#8676 = DIRECTION('',(1.,0.,0.));
#8677 = AXIS2_PLACEMENT_3D('',#8678,#8679,#8680);
#8678 = CARTESIAN_POINT('',(0.,0.,0.));
#8679 = DIRECTION('',(0.,0.,1.));
#8680 = DIRECTION('',(1.,0.,0.));
#8681 = AXIS2_PLACEMENT_3D('',#8682,#8683,#8684);
#8682 = CARTESIAN_POINT('',(0.,0.,0.));
#8683 = DIRECTION('',(0.,0.,1.));
#8684 = DIRECTION('',(1.,0.,0.));
#8685 = ( GEOMETRIC_REPRESENTATION_CONTEXT(3) 
GLOBAL_UNCERTAINTY_ASSIGNED_CONTEXT((#8689)) 
GLOBAL_UNIT_ASSIGNED_CONTEXT((#8686,#8687,#8688)) REPRESENTATION_CONTEXT
('Context #1','3D Context with UNIT and UNCERTAINTY') );
#8686 = ( LENGTH_UNIT() NAMED_UNIT(*) SI_UNIT(.MILLI.,.METRE.) );
#8687 = ( NAMED_UNIT(*) PLANE_ANGLE_UNIT() SI_UNIT($,.RADIAN.) );
#8688 = ( NAMED_UNIT(*) SI_UNIT($,.STERADIAN.) SOLID_ANGLE_UNIT() );
#8689 = UNCERTAINTY_MEASURE_WITH_UNIT(LENGTH_MEASURE(2.E-06),#8686,
  'distance_accuracy_value','confusion accuracy');
#8690 = CONTEXT_DEPENDENT_SHAPE_REPRESENTATION(#8691,#8693);
#8691 = ( REPRESENTATION_RELATIONSHIP('','',#8664,#8641) 
REPRESENTATION_RELATIONSHIP_WITH_TRANSFORMATION(#8692) 
SHAPE_REPRESENTATION_RELATIONSHIP() );
#8692 = ITEM_DEFINED_TRANSFORMATION('','',#11,#8642);
#8693 = PRODUCT_DEFINITION_SHAPE('Placement','Placement of an item',
  #8694);
#8694 = NEXT_ASSEMBLY_USAGE_OCCURRENCE('49',
  'LED_SK6812MINI_E_3_2x2_8mm_P1_5mm004','',#8636,#8659,$);
#8695 = PRODUCT_RELATED_PRODUCT_CATEGORY('part',$,(#8661));
#8696 = CONTEXT_DEPENDENT_SHAPE_REPRESENTATION(#8697,#8699);
#8697 = ( REPRESENTATION_RELATIONSHIP('','',#6244,#8664) 
REPRESENTATION_RELATIONSHIP_WITH_TRANSFORMATION(#8698) 
SHAPE_REPRESENTATION_RELATIONSHIP() );
#8698 = ITEM_DEFINED_TRANSFORMATION('','',#11,#8665);
#8699 = PRODUCT_DEFINITION_SHAPE('Placement','Placement of an item',
  #8700);
#8700 = NEXT_ASSEMBLY_USAGE_OCCURRENCE('44','Body007','',#8659,#6239,$);
#8701 = CONTEXT_DEPENDENT_SHAPE_REPRESENTATION(#8702,#8704);
#8702 = ( REPRESENTATION_RELATIONSHIP('','',#7113,#8664) 
REPRESENTATION_RELATIONSHIP_WITH_TRANSFORMATION(#8703) 
SHAPE_REPRESENTATION_RELATIONSHIP() );
#8703 = ITEM_DEFINED_TRANSFORMATION('','',#11,#8669);
#8704 = PRODUCT_DEFINITION_SHAPE('Placement','Placement of an item',
  #8705);
#8705 = NEXT_ASSEMBLY_USAGE_OCCURRENCE('45','Pin015','',#8659,#7108,$);
#8706 = CONTEXT_DEPENDENT_SHAPE_REPRESENTATION(#8707,#8709);
#8707 = ( REPRESENTATION_RELATIONSHIP('','',#7282,#8664) 
REPRESENTATION_RELATIONSHIP_WITH_TRANSFORMATION(#8708) 
SHAPE_REPRESENTATION_RELATIONSHIP() );
#8708 = ITEM_DEFINED_TRANSFORMATION('','',#11,#8673);
#8709 = PRODUCT_DEFINITION_SHAPE('Placement','Placement of an item',
  #8710);
#8710 = NEXT_ASSEMBLY_USAGE_OCCURRENCE('46','Pin016','',#8659,#7277,$);
#8711 = CONTEXT_DEPENDENT_SHAPE_REPRESENTATION(#8712,#8714);
#8712 = ( REPRESENTATION_RELATIONSHIP('','',#7484,#8664) 
REPRESENTATION_RELATIONSHIP_WITH_TRANSFORMATION(#8713) 
SHAPE_REPRESENTATION_RELATIONSHIP() );
#8713 = ITEM_DEFINED_TRANSFORMATION('','',#11,#8677);
#8714 = PRODUCT_DEFINITION_SHAPE('Placement','Placement of an item',
  #8715);
#8715 = NEXT_ASSEMBLY_USAGE_OCCURRENCE('47','Pin017','',#8659,#7479,$);
#8716 = CONTEXT_DEPENDENT_SHAPE_REPRESENTATION(#8717,#8719);
#8717 = ( REPRESENTATION_RELATIONSHIP('','',#7653,#8664) 
REPRESENTATION_RELATIONSHIP_WITH_TRANSFORMATION(#8718) 
SHAPE_REPRESENTATION_RELATIONSHIP() );
#8718 = ITEM_DEFINED_TRANSFORMATION('','',#11,#8681);
#8719 = PRODUCT_DEFINITION_SHAPE('Placement','Placement of an item',
  #8720);
#8720 = NEXT_ASSEMBLY_USAGE_OCCURRENCE('48','Pin018','',#8659,#7648,$);
#8721 = SHAPE_DEFINITION_REPRESENTATION(#8722,#8728);
#8722 = PRODUCT_DEFINITION_SHAPE('','',#8723);
#8723 = PRODUCT_DEFINITION('design','',#8724,#8727);
#8724 = PRODUCT_DEFINITION_FORMATION('','',#8725);
#8725 = PRODUCT('LED_SK6812MINI-E_3.2x2.8mm_P1.5mm_ReverseMount005',
  'LED_SK6812MINI-E_3.2x2.8mm_P1.5mm_ReverseMount005','',(#8726));
#8726 = PRODUCT_CONTEXT('',#2,'mechanical');
#8727 = PRODUCT_DEFINITION_CONTEXT('part definition',#2,'design');
#8728 = SHAPE_REPRESENTATION('',(#11,#8729),#8733);
#8729 = AXIS2_PLACEMENT_3D('',#8730,#8731,#8732);
#8730 = CARTESIAN_POINT('',(0.,0.,0.));
#8731 = DIRECTION('',(0.,0.,1.));
#8732 = DIRECTION('',(1.,0.,0.));
#8733 = ( GEOMETRIC_REPRESENTATION_CONTEXT(3) 
GLOBAL_UNCERTAINTY_ASSIGNED_CONTEXT((#8737)) 
GLOBAL_UNIT_ASSIGNED_CONTEXT((#8734,#8735,#8736)) REPRESENTATION_CONTEXT
('Context #1','3D Context with UNIT and UNCERTAINTY') );
#8734 = ( LENGTH_UNIT() NAMED_UNIT(*) SI_UNIT(.MILLI.,.METRE.) );
#8735 = ( NAMED_UNIT(*) PLANE_ANGLE_UNIT() SI_UNIT($,.RADIAN.) );
#8736 = ( NAMED_UNIT(*) SI_UNIT($,.STERADIAN.) SOLID_ANGLE_UNIT() );
#8737 = UNCERTAINTY_MEASURE_WITH_UNIT(LENGTH_MEASURE(2.E-06),#8734,
  'distance_accuracy_value','confusion accuracy');
#8738 = CONTEXT_DEPENDENT_SHAPE_REPRESENTATION(#8739,#8741);
#8739 = ( REPRESENTATION_RELATIONSHIP('','',#8728,#6087) 
REPRESENTATION_RELATIONSHIP_WITH_TRANSFORMATION(#8740) 
SHAPE_REPRESENTATION_RELATIONSHIP() );
#8740 = ITEM_DEFINED_TRANSFORMATION('','',#11,#6120);
#8741 = PRODUCT_DEFINITION_SHAPE('Placement','Placement of an item',
  #8742);
#8742 = NEXT_ASSEMBLY_USAGE_OCCURRENCE('57',
  'LED_SK6812MINI-E_3.2x2.8mm_P1.5mm_ReverseMount005','',#6082,#8723,$);
#8743 = PRODUCT_RELATED_PRODUCT_CATEGORY('part',$,(#8725));
#8744 = SHAPE_DEFINITION_REPRESENTATION(#8745,#8751);
#8745 = PRODUCT_DEFINITION_SHAPE('','',#8746);
#8746 = PRODUCT_DEFINITION('design','',#8747,#8750);
#8747 = PRODUCT_DEFINITION_FORMATION('','',#8748);
#8748 = PRODUCT('LED_SK6812MINI_E_3_2x2_8mm_P1_5mm005',
  'LED_SK6812MINI_E_3_2x2_8mm_P1_5mm005','',(#8749));
#8749 = PRODUCT_CONTEXT('',#2,'mechanical');
#8750 = PRODUCT_DEFINITION_CONTEXT('part definition',#2,'design');
#8751 = SHAPE_REPRESENTATION('',(#11,#8752,#8756,#8760,#8764,#8768),
  #8772);
#8752 = AXIS2_PLACEMENT_3D('',#8753,#8754,#8755);
#8753 = CARTESIAN_POINT('',(0.,0.,0.));
#8754 = DIRECTION('',(0.,0.,1.));
#8755 = DIRECTION('',(1.,0.,0.));
#8756 = AXIS2_PLACEMENT_3D('',#8757,#8758,#8759);
#8757 = CARTESIAN_POINT('',(0.,0.,0.));
#8758 = DIRECTION('',(0.,0.,1.));
#8759 = DIRECTION('',(1.,0.,0.));
#8760 = AXIS2_PLACEMENT_3D('',#8761,#8762,#8763);
#8761 = CARTESIAN_POINT('',(0.,0.,0.));
#8762 = DIRECTION('',(0.,0.,1.));
#8763 = DIRECTION('',(1.,0.,0.));
#8764 = AXIS2_PLACEMENT_3D('',#8765,#8766,#8767);
#8765 = CARTESIAN_POINT('',(0.,0.,0.));
#8766 = DIRECTION('',(0.,0.,1.));
#8767 = DIRECTION('',(1.,0.,0.));
#8768 = AXIS2_PLACEMENT_3D('',#8769,#8770,#8771);
#8769 = CARTESIAN_POINT('',(0.,0.,0.));
#8770 = DIRECTION('',(0.,0.,1.));
#8771 = DIRECTION('',(1.,0.,0.));
#8772 = ( GEOMETRIC_REPRESENTATION_CONTEXT(3) 
GLOBAL_UNCERTAINTY_ASSIGNED_CONTEXT((#8776)) 
GLOBAL_UNIT_ASSIGNED_CONTEXT((#8773,#8774,#8775)) REPRESENTATION_CONTEXT
('Context #1','3D Context with UNIT and UNCERTAINTY') );
#8773 = ( LENGTH_UNIT() NAMED_UNIT(*) SI_UNIT(.MILLI.,.METRE.) );
#8774 = ( NAMED_UNIT(*) PLANE_ANGLE_UNIT() SI_UNIT($,.RADIAN.) );
#8775 = ( NAMED_UNIT(*) SI_UNIT($,.STERADIAN.) SOLID_ANGLE_UNIT() );
#8776 = UNCERTAINTY_MEASURE_WITH_UNIT(LENGTH_MEASURE(2.E-06),#8773,
  'distance_accuracy_value','confusion accuracy');
#8777 = CONTEXT_DEPENDENT_SHAPE_REPRESENTATION(#8778,#8780);
#8778 = ( REPRESENTATION_RELATIONSHIP('','',#8751,#8728) 
REPRESENTATION_RELATIONSHIP_WITH_TRANSFORMATION(#8779) 
SHAPE_REPRESENTATION_RELATIONSHIP() );
#8779 = ITEM_DEFINED_TRANSFORMATION('','',#11,#8729);
#8780 = PRODUCT_DEFINITION_SHAPE('Placement','Placement of an item',
  #8781);
#8781 = NEXT_ASSEMBLY_USAGE_OCCURRENCE('56',
  'LED_SK6812MINI_E_3_2x2_8mm_P1_5mm005','',#8723,#8746,$);
#8782 = PRODUCT_RELATED_PRODUCT_CATEGORY('part',$,(#8748));
#8783 = CONTEXT_DEPENDENT_SHAPE_REPRESENTATION(#8784,#8786);
#8784 = ( REPRESENTATION_RELATIONSHIP('','',#6244,#8751) 
REPRESENTATION_RELATIONSHIP_WITH_TRANSFORMATION(#8785) 
SHAPE_REPRESENTATION_RELATIONSHIP() );
#8785 = ITEM_DEFINED_TRANSFORMATION('','',#11,#8752);
#8786 = PRODUCT_DEFINITION_SHAPE('Placement','Placement of an item',
  #8787);
#8787 = NEXT_ASSEMBLY_USAGE_OCCURRENCE('51','Body008','',#8746,#6239,$);
#8788 = CONTEXT_DEPENDENT_SHAPE_REPRESENTATION(#8789,#8791);
#8789 = ( REPRESENTATION_RELATIONSHIP('','',#7113,#8751) 
REPRESENTATION_RELATIONSHIP_WITH_TRANSFORMATION(#8790) 
SHAPE_REPRESENTATION_RELATIONSHIP() );
#8790 = ITEM_DEFINED_TRANSFORMATION('','',#11,#8756);
#8791 = PRODUCT_DEFINITION_SHAPE('Placement','Placement of an item',
  #8792);
#8792 = NEXT_ASSEMBLY_USAGE_OCCURRENCE('52','Pin019','',#8746,#7108,$);
#8793 = CONTEXT_DEPENDENT_SHAPE_REPRESENTATION(#8794,#8796);
#8794 = ( REPRESENTATION_RELATIONSHIP('','',#7282,#8751) 
REPRESENTATION_RELATIONSHIP_WITH_TRANSFORMATION(#8795) 
SHAPE_REPRESENTATION_RELATIONSHIP() );
#8795 = ITEM_DEFINED_TRANSFORMATION('','',#11,#8760);
#8796 = PRODUCT_DEFINITION_SHAPE('Placement','Placement of an item',
  #8797);
#8797 = NEXT_ASSEMBLY_USAGE_OCCURRENCE('53','Pin020','',#8746,#7277,$);
#8798 = CONTEXT_DEPENDENT_SHAPE_REPRESENTATION(#8799,#8801);
#8799 = ( REPRESENTATION_RELATIONSHIP('','',#7484,#8751) 
REPRESENTATION_RELATIONSHIP_WITH_TRANSFORMATION(#8800) 
SHAPE_REPRESENTATION_RELATIONSHIP() );
#8800 = ITEM_DEFINED_TRANSFORMATION('','',#11,#8764);
#8801 = PRODUCT_DEFINITION_SHAPE('Placement','Placement of an item',
  #8802);
#8802 = NEXT_ASSEMBLY_USAGE_OCCURRENCE('54','Pin021','',#8746,#7479,$);
#8803 = CONTEXT_DEPENDENT_SHAPE_REPRESENTATION(#8804,#8806);
#8804 = ( REPRESENTATION_RELATIONSHIP('','',#7653,#8751) 
REPRESENTATION_RELATIONSHIP_WITH_TRANSFORMATION(#8805) 
SHAPE_REPRESENTATION_RELATIONSHIP() );
#8805 = ITEM_DEFINED_TRANSFORMATION('','',#11,#8768);
#8806 = PRODUCT_DEFINITION_SHAPE('Placement','Placement of an item',
  #8807);
#8807 = NEXT_ASSEMBLY_USAGE_OCCURRENCE('55','Pin022','',#8746,#7648,$);
#8808 = SHAPE_DEFINITION_REPRESENTATION(#8809,#8815);
#8809 = PRODUCT_DEFINITION_SHAPE('','',#8810);
#8810 = PRODUCT_DEFINITION('design','',#8811,#8814);
#8811 = PRODUCT_DEFINITION_FORMATION('','',#8812);
#8812 = PRODUCT('D_DO-35_SOD27_P7.62mm_Horizontal015',
  'D_DO-35_SOD27_P7.62mm_Horizontal015','',(#8813));
#8813 = PRODUCT_CONTEXT('',#2,'mechanical');
#8814 = PRODUCT_DEFINITION_CONTEXT('part definition',#2,'design');
#8815 = SHAPE_REPRESENTATION('',(#11,#8816),#8820);
#8816 = AXIS2_PLACEMENT_3D('',#8817,#8818,#8819);
#8817 = CARTESIAN_POINT('',(0.,0.,0.));
#8818 = DIRECTION('',(0.,0.,1.));
#8819 = DIRECTION('',(1.,0.,0.));
#8820 = ( GEOMETRIC_REPRESENTATION_CONTEXT(3) 
GLOBAL_UNCERTAINTY_ASSIGNED_CONTEXT((#8824)) 
GLOBAL_UNIT_ASSIGNED_CONTEXT((#8821,#8822,#8823)) REPRESENTATION_CONTEXT
('Context #1','3D Context with UNIT and UNCERTAINTY') );
#8821 = ( LENGTH_UNIT() NAMED_UNIT(*) SI_UNIT(.MILLI.,.METRE.) );
#8822 = ( NAMED_UNIT(*) PLANE_ANGLE_UNIT() SI_UNIT($,.RADIAN.) );
#8823 = ( NAMED_UNIT(*) SI_UNIT($,.STERADIAN.) SOLID_ANGLE_UNIT() );
#8824 = UNCERTAINTY_MEASURE_WITH_UNIT(LENGTH_MEASURE(1.E-07),#8821,
  'distance_accuracy_value','confusion accuracy');
#8825 = CONTEXT_DEPENDENT_SHAPE_REPRESENTATION(#8826,#8828);
#8826 = ( REPRESENTATION_RELATIONSHIP('','',#8815,#6087) 
REPRESENTATION_RELATIONSHIP_WITH_TRANSFORMATION(#8827) 
SHAPE_REPRESENTATION_RELATIONSHIP() );
#8827 = ITEM_DEFINED_TRANSFORMATION('','',#11,#6124);
#8828 = PRODUCT_DEFINITION_SHAPE('Placement','Placement of an item',
  #8829);
#8829 = NEXT_ASSEMBLY_USAGE_OCCURRENCE('61',
  'D_DO-35_SOD27_P7.62mm_Horizontal015','',#6082,#8810,$);
#8830 = PRODUCT_RELATED_PRODUCT_CATEGORY('part',$,(#8812));
#8831 = SHAPE_DEFINITION_REPRESENTATION(#8832,#8838);
#8832 = PRODUCT_DEFINITION_SHAPE('','',#8833);
#8833 = PRODUCT_DEFINITION('design','',#8834,#8837);
#8834 = PRODUCT_DEFINITION_FORMATION('','',#8835);
#8835 = PRODUCT('D_DO-35_SOD27_P7.62mm_Horizontal014',
  'D_DO-35_SOD27_P7.62mm_Horizontal014','',(#8836));
#8836 = PRODUCT_CONTEXT('',#2,'mechanical');
#8837 = PRODUCT_DEFINITION_CONTEXT('part definition',#2,'design');
#8838 = SHAPE_REPRESENTATION('',(#11,#8839,#8843),#8847);
#8839 = AXIS2_PLACEMENT_3D('',#8840,#8841,#8842);
#8840 = CARTESIAN_POINT('',(0.,0.,0.));
#8841 = DIRECTION('',(0.,0.,1.));
#8842 = DIRECTION('',(1.,0.,0.));
#8843 = AXIS2_PLACEMENT_3D('',#8844,#8845,#8846);
#8844 = CARTESIAN_POINT('',(0.,0.,0.));
#8845 = DIRECTION('',(0.,0.,1.));
#8846 = DIRECTION('',(1.,0.,0.));
#8847 = ( GEOMETRIC_REPRESENTATION_CONTEXT(3) 
GLOBAL_UNCERTAINTY_ASSIGNED_CONTEXT((#8851)) 
GLOBAL_UNIT_ASSIGNED_CONTEXT((#8848,#8849,#8850)) REPRESENTATION_CONTEXT
('Context #1','3D Context with UNIT and UNCERTAINTY') );
#8848 = ( LENGTH_UNIT() NAMED_UNIT(*) SI_UNIT(.MILLI.,.METRE.) );
#8849 = ( NAMED_UNIT(*) PLANE_ANGLE_UNIT() SI_UNIT($,.RADIAN.) );
#8850 = ( NAMED_UNIT(*) SI_UNIT($,.STERADIAN.) SOLID_ANGLE_UNIT() );
#8851 = UNCERTAINTY_MEASURE_WITH_UNIT(LENGTH_MEASURE(1.E-07),#8848,
  'distance_accuracy_value','confusion accuracy');
#8852 = CONTEXT_DEPENDENT_SHAPE_REPRESENTATION(#8853,#8855);
#8853 = ( REPRESENTATION_RELATIONSHIP('','',#8838,#8815) 
REPRESENTATION_RELATIONSHIP_WITH_TRANSFORMATION(#8854) 
SHAPE_REPRESENTATION_RELATIONSHIP() );
#8854 = ITEM_DEFINED_TRANSFORMATION('','',#11,#8816);
#8855 = PRODUCT_DEFINITION_SHAPE('Placement','Placement of an item',
  #8856);
#8856 = NEXT_ASSEMBLY_USAGE_OCCURRENCE('60',
  'D_DO-35_SOD27_P7.62mm_Horizontal014','',#8810,#8833,$);
#8857 = PRODUCT_RELATED_PRODUCT_CATEGORY('part',$,(#8835));
#8858 = CONTEXT_DEPENDENT_SHAPE_REPRESENTATION(#8859,#8861);
#8859 = ( REPRESENTATION_RELATIONSHIP('','',#7872,#8838) 
REPRESENTATION_RELATIONSHIP_WITH_TRANSFORMATION(#8860) 
SHAPE_REPRESENTATION_RELATIONSHIP() );
#8860 = ITEM_DEFINED_TRANSFORMATION('','',#11,#8839);
#8861 = PRODUCT_DEFINITION_SHAPE('Placement','Placement of an item',
  #8862);
#8862 = NEXT_ASSEMBLY_USAGE_OCCURRENCE('58',
  'D_DO-35_SOD27_P7.62mm_Horizontal012','',#8833,#7867,$);
#8863 = CONTEXT_DEPENDENT_SHAPE_REPRESENTATION(#8864,#8866);
#8864 = ( REPRESENTATION_RELATIONSHIP('','',#8046,#8838) 
REPRESENTATION_RELATIONSHIP_WITH_TRANSFORMATION(#8865) 
SHAPE_REPRESENTATION_RELATIONSHIP() );
#8865 = ITEM_DEFINED_TRANSFORMATION('','',#11,#8843);
#8866 = PRODUCT_DEFINITION_SHAPE('Placement','Placement of an item',
  #8867);
#8867 = NEXT_ASSEMBLY_USAGE_OCCURRENCE('59',
  'D_DO-35_SOD27_P7.62mm_Horizontal013','',#8833,#8041,$);
#8868 = SHAPE_DEFINITION_REPRESENTATION(#8869,#8875);
#8869 = PRODUCT_DEFINITION_SHAPE('','',#8870);
#8870 = PRODUCT_DEFINITION('design','',#8871,#8874);
#8871 = PRODUCT_DEFINITION_FORMATION('','',#8872);
#8872 = PRODUCT('LED_SK6812MINI-E_3.2x2.8mm_P1.5mm_ReverseMount006',
  'LED_SK6812MINI-E_3.2x2.8mm_P1.5mm_ReverseMount006','',(#8873));
#8873 = PRODUCT_CONTEXT('',#2,'mechanical');
#8874 = PRODUCT_DEFINITION_CONTEXT('part definition',#2,'design');
#8875 = SHAPE_REPRESENTATION('',(#11,#8876),#8880);
#8876 = AXIS2_PLACEMENT_3D('',#8877,#8878,#8879);
#8877 = CARTESIAN_POINT('',(0.,0.,0.));
#8878 = DIRECTION('',(0.,0.,1.));
#8879 = DIRECTION('',(1.,0.,0.));
#8880 = ( GEOMETRIC_REPRESENTATION_CONTEXT(3) 
GLOBAL_UNCERTAINTY_ASSIGNED_CONTEXT((#8884)) 
GLOBAL_UNIT_ASSIGNED_CONTEXT((#8881,#8882,#8883)) REPRESENTATION_CONTEXT
('Context #1','3D Context with UNIT and UNCERTAINTY') );
#8881 = ( LENGTH_UNIT() NAMED_UNIT(*) SI_UNIT(.MILLI.,.METRE.) );
#8882 = ( NAMED_UNIT(*) PLANE_ANGLE_UNIT() SI_UNIT($,.RADIAN.) );
#8883 = ( NAMED_UNIT(*) SI_UNIT($,.STERADIAN.) SOLID_ANGLE_UNIT() );
#8884 = UNCERTAINTY_MEASURE_WITH_UNIT(LENGTH_MEASURE(2.E-06),#8881,
  'distance_accuracy_value','confusion accuracy');
#8885 = CONTEXT_DEPENDENT_SHAPE_REPRESENTATION(#8886,#8888);
#8886 = ( REPRESENTATION_RELATIONSHIP('','',#8875,#6087) 
REPRESENTATION_RELATIONSHIP_WITH_TRANSFORMATION(#8887) 
SHAPE_REPRESENTATION_RELATIONSHIP() );
#8887 = ITEM_DEFINED_TRANSFORMATION('','',#11,#6128);
#8888 = PRODUCT_DEFINITION_SHAPE('Placement','Placement of an item',
  #8889);
#8889 = NEXT_ASSEMBLY_USAGE_OCCURRENCE('68',
  'LED_SK6812MINI-E_3.2x2.8mm_P1.5mm_ReverseMount006','',#6082,#8870,$);
#8890 = PRODUCT_RELATED_PRODUCT_CATEGORY('part',$,(#8872));
#8891 = SHAPE_DEFINITION_REPRESENTATION(#8892,#8898);
#8892 = PRODUCT_DEFINITION_SHAPE('','',#8893);
#8893 = PRODUCT_DEFINITION('design','',#8894,#8897);
#8894 = PRODUCT_DEFINITION_FORMATION('','',#8895);
#8895 = PRODUCT('LED_SK6812MINI_E_3_2x2_8mm_P1_5mm006',
  'LED_SK6812MINI_E_3_2x2_8mm_P1_5mm006','',(#8896));
#8896 = PRODUCT_CONTEXT('',#2,'mechanical');
#8897 = PRODUCT_DEFINITION_CONTEXT('part definition',#2,'design');
#8898 = SHAPE_REPRESENTATION('',(#11,#8899,#8903,#8907,#8911,#8915),
  #8919);
#8899 = AXIS2_PLACEMENT_3D('',#8900,#8901,#8902);
#8900 = CARTESIAN_POINT('',(0.,0.,0.));
#8901 = DIRECTION('',(0.,0.,1.));
#8902 = DIRECTION('',(1.,0.,0.));
#8903 = AXIS2_PLACEMENT_3D('',#8904,#8905,#8906);
#8904 = CARTESIAN_POINT('',(0.,0.,0.));
#8905 = DIRECTION('',(0.,0.,1.));
#8906 = DIRECTION('',(1.,0.,0.));
#8907 = AXIS2_PLACEMENT_3D('',#8908,#8909,#8910);
#8908 = CARTESIAN_POINT('',(0.,0.,0.));
#8909 = DIRECTION('',(0.,0.,1.));
#8910 = DIRECTION('',(1.,0.,0.));
#8911 = AXIS2_PLACEMENT_3D('',#8912,#8913,#8914);
#8912 = CARTESIAN_POINT('',(0.,0.,0.));
#8913 = DIRECTION('',(0.,0.,1.));
#8914 = DIRECTION('',(1.,0.,0.));
#8915 = AXIS2_PLACEMENT_3D('',#8916,#8917,#8918);
#8916 = CARTESIAN_POINT('',(0.,0.,0.));
#8917 = DIRECTION('',(0.,0.,1.));
#8918 = DIRECTION('',(1.,0.,0.));
#8919 = ( GEOMETRIC_REPRESENTATION_CONTEXT(3) 
GLOBAL_UNCERTAINTY_ASSIGNED_CONTEXT((#8923)) 
GLOBAL_UNIT_ASSIGNED_CONTEXT((#8920,#8921,#8922)) REPRESENTATION_CONTEXT
('Context #1','3D Context with UNIT and UNCERTAINTY') );
#8920 = ( LENGTH_UNIT() NAMED_UNIT(*) SI_UNIT(.MILLI.,.METRE.) );
#8921 = ( NAMED_UNIT(*) PLANE_ANGLE_UNIT() SI_UNIT($,.RADIAN.) );
#8922 = ( NAMED_UNIT(*) SI_UNIT($,.STERADIAN.) SOLID_ANGLE_UNIT() );
#8923 = UNCERTAINTY_MEASURE_WITH_UNIT(LENGTH_MEASURE(2.E-06),#8920,
  'distance_accuracy_value','confusion accuracy');
#8924 = CONTEXT_DEPENDENT_SHAPE_REPRESENTATION(#8925,#8927);
#8925 = ( REPRESENTATION_RELATIONSHIP('','',#8898,#8875) 
REPRESENTATION_RELATIONSHIP_WITH_TRANSFORMATION(#8926) 
SHAPE_REPRESENTATION_RELATIONSHIP() );
#8926 = ITEM_DEFINED_TRANSFORMATION('','',#11,#8876);
#8927 = PRODUCT_DEFINITION_SHAPE('Placement','Placement of an item',
  #8928);
#8928 = NEXT_ASSEMBLY_USAGE_OCCURRENCE('67',
  'LED_SK6812MINI_E_3_2x2_8mm_P1_5mm006','',#8870,#8893,$);
#8929 = PRODUCT_RELATED_PRODUCT_CATEGORY('part',$,(#8895));
#8930 = CONTEXT_DEPENDENT_SHAPE_REPRESENTATION(#8931,#8933);
#8931 = ( REPRESENTATION_RELATIONSHIP('','',#6244,#8898) 
REPRESENTATION_RELATIONSHIP_WITH_TRANSFORMATION(#8932) 
SHAPE_REPRESENTATION_RELATIONSHIP() );
#8932 = ITEM_DEFINED_TRANSFORMATION('','',#11,#8899);
#8933 = PRODUCT_DEFINITION_SHAPE('Placement','Placement of an item',
  #8934);
#8934 = NEXT_ASSEMBLY_USAGE_OCCURRENCE('62','Body009','',#8893,#6239,$);
#8935 = CONTEXT_DEPENDENT_SHAPE_REPRESENTATION(#8936,#8938);
#8936 = ( REPRESENTATION_RELATIONSHIP('','',#7113,#8898) 
REPRESENTATION_RELATIONSHIP_WITH_TRANSFORMATION(#8937) 
SHAPE_REPRESENTATION_RELATIONSHIP() );
#8937 = ITEM_DEFINED_TRANSFORMATION('','',#11,#8903);
#8938 = PRODUCT_DEFINITION_SHAPE('Placement','Placement of an item',
  #8939);
#8939 = NEXT_ASSEMBLY_USAGE_OCCURRENCE('63','Pin023','',#8893,#7108,$);
#8940 = CONTEXT_DEPENDENT_SHAPE_REPRESENTATION(#8941,#8943);
#8941 = ( REPRESENTATION_RELATIONSHIP('','',#7282,#8898) 
REPRESENTATION_RELATIONSHIP_WITH_TRANSFORMATION(#8942) 
SHAPE_REPRESENTATION_RELATIONSHIP() );
#8942 = ITEM_DEFINED_TRANSFORMATION('','',#11,#8907);
#8943 = PRODUCT_DEFINITION_SHAPE('Placement','Placement of an item',
  #8944);
#8944 = NEXT_ASSEMBLY_USAGE_OCCURRENCE('64','Pin024','',#8893,#7277,$);
#8945 = CONTEXT_DEPENDENT_SHAPE_REPRESENTATION(#8946,#8948);
#8946 = ( REPRESENTATION_RELATIONSHIP('','',#7484,#8898) 
REPRESENTATION_RELATIONSHIP_WITH_TRANSFORMATION(#8947) 
SHAPE_REPRESENTATION_RELATIONSHIP() );
#8947 = ITEM_DEFINED_TRANSFORMATION('','',#11,#8911);
#8948 = PRODUCT_DEFINITION_SHAPE('Placement','Placement of an item',
  #8949);
#8949 = NEXT_ASSEMBLY_USAGE_OCCURRENCE('65','Pin025','',#8893,#7479,$);
#8950 = CONTEXT_DEPENDENT_SHAPE_REPRESENTATION(#8951,#8953);
#8951 = ( REPRESENTATION_RELATIONSHIP('','',#7653,#8898) 
REPRESENTATION_RELATIONSHIP_WITH_TRANSFORMATION(#8952) 
SHAPE_REPRESENTATION_RELATIONSHIP() );
#8952 = ITEM_DEFINED_TRANSFORMATION('','',#11,#8915);
#8953 = PRODUCT_DEFINITION_SHAPE('Placement','Placement of an item',
  #8954);
#8954 = NEXT_ASSEMBLY_USAGE_OCCURRENCE('66','Pin026','',#8893,#7648,$);
#8955 = SHAPE_DEFINITION_REPRESENTATION(#8956,#8962);
#8956 = PRODUCT_DEFINITION_SHAPE('','',#8957);
#8957 = PRODUCT_DEFINITION('design','',#8958,#8961);
#8958 = PRODUCT_DEFINITION_FORMATION('','',#8959);
#8959 = PRODUCT('LED_SK6812MINI-E_3.2x2.8mm_P1.5mm_ReverseMount007',
  'LED_SK6812MINI-E_3.2x2.8mm_P1.5mm_ReverseMount007','',(#8960));
#8960 = PRODUCT_CONTEXT('',#2,'mechanical');
#8961 = PRODUCT_DEFINITION_CONTEXT('part definition',#2,'design');
#8962 = SHAPE_REPRESENTATION('',(#11,#8963),#8967);
#8963 = AXIS2_PLACEMENT_3D('',#8964,#8965,#8966);
#8964 = CARTESIAN_POINT('',(0.,0.,0.));
#8965 = DIRECTION('',(0.,0.,1.));
#8966 = DIRECTION('',(1.,0.,0.));
#8967 = ( GEOMETRIC_REPRESENTATION_CONTEXT(3) 
GLOBAL_UNCERTAINTY_ASSIGNED_CONTEXT((#8971)) 
GLOBAL_UNIT_ASSIGNED_CONTEXT((#8968,#8969,#8970)) REPRESENTATION_CONTEXT
('Context #1','3D Context with UNIT and UNCERTAINTY') );
#8968 = ( LENGTH_UNIT() NAMED_UNIT(*) SI_UNIT(.MILLI.,.METRE.) );
#8969 = ( NAMED_UNIT(*) PLANE_ANGLE_UNIT() SI_UNIT($,.RADIAN.) );
#8970 = ( NAMED_UNIT(*) SI_UNIT($,.STERADIAN.) SOLID_ANGLE_UNIT() );
#8971 = UNCERTAINTY_MEASURE_WITH_UNIT(LENGTH_MEASURE(2.E-06),#8968,
  'distance_accuracy_value','confusion accuracy');
#8972 = CONTEXT_DEPENDENT_SHAPE_REPRESENTATION(#8973,#8975);
#8973 = ( REPRESENTATION_RELATIONSHIP('','',#8962,#6087) 
REPRESENTATION_RELATIONSHIP_WITH_TRANSFORMATION(#8974) 
SHAPE_REPRESENTATION_RELATIONSHIP() );
#8974 = ITEM_DEFINED_TRANSFORMATION('','',#11,#6132);
#8975 = PRODUCT_DEFINITION_SHAPE('Placement','Placement of an item',
  #8976);
#8976 = NEXT_ASSEMBLY_USAGE_OCCURRENCE('75',
  'LED_SK6812MINI-E_3.2x2.8mm_P1.5mm_ReverseMount007','',#6082,#8957,$);
#8977 = PRODUCT_RELATED_PRODUCT_CATEGORY('part',$,(#8959));
#8978 = SHAPE_DEFINITION_REPRESENTATION(#8979,#8985);
#8979 = PRODUCT_DEFINITION_SHAPE('','',#8980);
#8980 = PRODUCT_DEFINITION('design','',#8981,#8984);
#8981 = PRODUCT_DEFINITION_FORMATION('','',#8982);
#8982 = PRODUCT('LED_SK6812MINI_E_3_2x2_8mm_P1_5mm007',
  'LED_SK6812MINI_E_3_2x2_8mm_P1_5mm007','',(#8983));
#8983 = PRODUCT_CONTEXT('',#2,'mechanical');
#8984 = PRODUCT_DEFINITION_CONTEXT('part definition',#2,'design');
#8985 = SHAPE_REPRESENTATION('',(#11,#8986,#8990,#8994,#8998,#9002),
  #9006);
#8986 = AXIS2_PLACEMENT_3D('',#8987,#8988,#8989);
#8987 = CARTESIAN_POINT('',(0.,0.,0.));
#8988 = DIRECTION('',(0.,0.,1.));
#8989 = DIRECTION('',(1.,0.,0.));
#8990 = AXIS2_PLACEMENT_3D('',#8991,#8992,#8993);
#8991 = CARTESIAN_POINT('',(0.,0.,0.));
#8992 = DIRECTION('',(0.,0.,1.));
#8993 = DIRECTION('',(1.,0.,0.));
#8994 = AXIS2_PLACEMENT_3D('',#8995,#8996,#8997);
#8995 = CARTESIAN_POINT('',(0.,0.,0.));
#8996 = DIRECTION('',(0.,0.,1.));
#8997 = DIRECTION('',(1.,0.,0.));
#8998 = AXIS2_PLACEMENT_3D('',#8999,#9000,#9001);
#8999 = CARTESIAN_POINT('',(0.,0.,0.));
#9000 = DIRECTION('',(0.,0.,1.));
#9001 = DIRECTION('',(1.,0.,0.));
#9002 = AXIS2_PLACEMENT_3D('',#9003,#9004,#9005);
#9003 = CARTESIAN_POINT('',(0.,0.,0.));
#9004 = DIRECTION('',(0.,0.,1.));
#9005 = DIRECTION('',(1.,0.,0.));
#9006 = ( GEOMETRIC_REPRESENTATION_CONTEXT(3) 
GLOBAL_UNCERTAINTY_ASSIGNED_CONTEXT((#9010)) 
GLOBAL_UNIT_ASSIGNED_CONTEXT((#9007,#9008,#9009)) REPRESENTATION_CONTEXT
('Context #1','3D Context with UNIT and UNCERTAINTY') );
#9007 = ( LENGTH_UNIT() NAMED_UNIT(*) SI_UNIT(.MILLI.,.METRE.) );
#9008 = ( NAMED_UNIT(*) PLANE_ANGLE_UNIT() SI_UNIT($,.RADIAN.) );
#9009 = ( NAMED_UNIT(*) SI_UNIT($,.STERADIAN.) SOLID_ANGLE_UNIT() );
#9010 = UNCERTAINTY_MEASURE_WITH_UNIT(LENGTH_MEASURE(2.E-06),#9007,
  'distance_accuracy_value','confusion accuracy');
#9011 = CONTEXT_DEPENDENT_SHAPE_REPRESENTATION(#9012,#9014);
#9012 = ( REPRESENTATION_RELATIONSHIP('','',#8985,#8962) 
REPRESENTATION_RELATIONSHIP_WITH_TRANSFORMATION(#9013) 
SHAPE_REPRESENTATION_RELATIONSHIP() );
#9013 = ITEM_DEFINED_TRANSFORMATION('','',#11,#8963);
#9014 = PRODUCT_DEFINITION_SHAPE('Placement','Placement of an item',
  #9015);
#9015 = NEXT_ASSEMBLY_USAGE_OCCURRENCE('74',
  'LED_SK6812MINI_E_3_2x2_8mm_P1_5mm007','',#8957,#8980,$);
#9016 = PRODUCT_RELATED_PRODUCT_CATEGORY('part',$,(#8982));
#9017 = CONTEXT_DEPENDENT_SHAPE_REPRESENTATION(#9018,#9020);
#9018 = ( REPRESENTATION_RELATIONSHIP('','',#6244,#8985) 
REPRESENTATION_RELATIONSHIP_WITH_TRANSFORMATION(#9019) 
SHAPE_REPRESENTATION_RELATIONSHIP() );
#9019 = ITEM_DEFINED_TRANSFORMATION('','',#11,#8986);
#9020 = PRODUCT_DEFINITION_SHAPE('Placement','Placement of an item',
  #9021);
#9021 = NEXT_ASSEMBLY_USAGE_OCCURRENCE('69','Body010','',#8980,#6239,$);
#9022 = CONTEXT_DEPENDENT_SHAPE_REPRESENTATION(#9023,#9025);
#9023 = ( REPRESENTATION_RELATIONSHIP('','',#7113,#8985) 
REPRESENTATION_RELATIONSHIP_WITH_TRANSFORMATION(#9024) 
SHAPE_REPRESENTATION_RELATIONSHIP() );
#9024 = ITEM_DEFINED_TRANSFORMATION('','',#11,#8990);
#9025 = PRODUCT_DEFINITION_SHAPE('Placement','Placement of an item',
  #9026);
#9026 = NEXT_ASSEMBLY_USAGE_OCCURRENCE('70','Pin027','',#8980,#7108,$);
#9027 = CONTEXT_DEPENDENT_SHAPE_REPRESENTATION(#9028,#9030);
#9028 = ( REPRESENTATION_RELATIONSHIP('','',#7282,#8985) 
REPRESENTATION_RELATIONSHIP_WITH_TRANSFORMATION(#9029) 
SHAPE_REPRESENTATION_RELATIONSHIP() );
#9029 = ITEM_DEFINED_TRANSFORMATION('','',#11,#8994);
#9030 = PRODUCT_DEFINITION_SHAPE('Placement','Placement of an item',
  #9031);
#9031 = NEXT_ASSEMBLY_USAGE_OCCURRENCE('71','Pin028','',#8980,#7277,$);
#9032 = CONTEXT_DEPENDENT_SHAPE_REPRESENTATION(#9033,#9035);
#9033 = ( REPRESENTATION_RELATIONSHIP('','',#7484,#8985) 
REPRESENTATION_RELATIONSHIP_WITH_TRANSFORMATION(#9034) 
SHAPE_REPRESENTATION_RELATIONSHIP() );
#9034 = ITEM_DEFINED_TRANSFORMATION('','',#11,#8998);
#9035 = PRODUCT_DEFINITION_SHAPE('Placement','Placement of an item',
  #9036);
#9036 = NEXT_ASSEMBLY_USAGE_OCCURRENCE('72','Pin029','',#8980,#7479,$);
#9037 = CONTEXT_DEPENDENT_SHAPE_REPRESENTATION(#9038,#9040);
#9038 = ( REPRESENTATION_RELATIONSHIP('','',#7653,#8985) 
REPRESENTATION_RELATIONSHIP_WITH_TRANSFORMATION(#9039) 
SHAPE_REPRESENTATION_RELATIONSHIP() );
#9039 = ITEM_DEFINED_TRANSFORMATION('','',#11,#9002);
#9040 = PRODUCT_DEFINITION_SHAPE('Placement','Placement of an item',
  #9041);
#9041 = NEXT_ASSEMBLY_USAGE_OCCURRENCE('73','Pin030','',#8980,#7648,$);
#9042 = SHAPE_DEFINITION_REPRESENTATION(#9043,#9049);
#9043 = PRODUCT_DEFINITION_SHAPE('','',#9044);
#9044 = PRODUCT_DEFINITION('design','',#9045,#9048);
#9045 = PRODUCT_DEFINITION_FORMATION('','',#9046);
#9046 = PRODUCT('D_DO-35_SOD27_P7.62mm_Horizontal019',
  'D_DO-35_SOD27_P7.62mm_Horizontal019','',(#9047));
#9047 = PRODUCT_CONTEXT('',#2,'mechanical');
#9048 = PRODUCT_DEFINITION_CONTEXT('part definition',#2,'design');
#9049 = SHAPE_REPRESENTATION('',(#11,#9050),#9054);
#9050 = AXIS2_PLACEMENT_3D('',#9051,#9052,#9053);
#9051 = CARTESIAN_POINT('',(0.,0.,0.));
#9052 = DIRECTION('',(0.,0.,1.));
#9053 = DIRECTION('',(1.,0.,0.));
#9054 = ( GEOMETRIC_REPRESENTATION_CONTEXT(3) 
GLOBAL_UNCERTAINTY_ASSIGNED_CONTEXT((#9058)) 
GLOBAL_UNIT_ASSIGNED_CONTEXT((#9055,#9056,#9057)) REPRESENTATION_CONTEXT
('Context #1','3D Context with UNIT and UNCERTAINTY') );
#9055 = ( LENGTH_UNIT() NAMED_UNIT(*) SI_UNIT(.MILLI.,.METRE.) );
#9056 = ( NAMED_UNIT(*) PLANE_ANGLE_UNIT() SI_UNIT($,.RADIAN.) );
#9057 = ( NAMED_UNIT(*) SI_UNIT($,.STERADIAN.) SOLID_ANGLE_UNIT() );
#9058 = UNCERTAINTY_MEASURE_WITH_UNIT(LENGTH_MEASURE(1.E-07),#9055,
  'distance_accuracy_value','confusion accuracy');
#9059 = CONTEXT_DEPENDENT_SHAPE_REPRESENTATION(#9060,#9062);
#9060 = ( REPRESENTATION_RELATIONSHIP('','',#9049,#6087) 
REPRESENTATION_RELATIONSHIP_WITH_TRANSFORMATION(#9061) 
SHAPE_REPRESENTATION_RELATIONSHIP() );
#9061 = ITEM_DEFINED_TRANSFORMATION('','',#11,#6136);
#9062 = PRODUCT_DEFINITION_SHAPE('Placement','Placement of an item',
  #9063);
#9063 = NEXT_ASSEMBLY_USAGE_OCCURRENCE('79',
  'D_DO-35_SOD27_P7.62mm_Horizontal019','',#6082,#9044,$);
#9064 = PRODUCT_RELATED_PRODUCT_CATEGORY('part',$,(#9046));
#9065 = SHAPE_DEFINITION_REPRESENTATION(#9066,#9072);
#9066 = PRODUCT_DEFINITION_SHAPE('','',#9067);
#9067 = PRODUCT_DEFINITION('design','',#9068,#9071);
#9068 = PRODUCT_DEFINITION_FORMATION('','',#9069);
#9069 = PRODUCT('D_DO-35_SOD27_P7.62mm_Horizontal018',
  'D_DO-35_SOD27_P7.62mm_Horizontal018','',(#9070));
#9070 = PRODUCT_CONTEXT('',#2,'mechanical');
#9071 = PRODUCT_DEFINITION_CONTEXT('part definition',#2,'design');
#9072 = SHAPE_REPRESENTATION('',(#11,#9073,#9077),#9081);
#9073 = AXIS2_PLACEMENT_3D('',#9074,#9075,#9076);
#9074 = CARTESIAN_POINT('',(0.,0.,0.));
#9075 = DIRECTION('',(0.,0.,1.));
#9076 = DIRECTION('',(1.,0.,0.));
#9077 = AXIS2_PLACEMENT_3D('',#9078,#9079,#9080);
#9078 = CARTESIAN_POINT('',(0.,0.,0.));
#9079 = DIRECTION('',(0.,0.,1.));
#9080 = DIRECTION('',(1.,0.,0.));
#9081 = ( GEOMETRIC_REPRESENTATION_CONTEXT(3) 
GLOBAL_UNCERTAINTY_ASSIGNED_CONTEXT((#9085)) 
GLOBAL_UNIT_ASSIGNED_CONTEXT((#9082,#9083,#9084)) REPRESENTATION_CONTEXT
('Context #1','3D Context with UNIT and UNCERTAINTY') );
#9082 = ( LENGTH_UNIT() NAMED_UNIT(*) SI_UNIT(.MILLI.,.METRE.) );
#9083 = ( NAMED_UNIT(*) PLANE_ANGLE_UNIT() SI_UNIT($,.RADIAN.) );
#9084 = ( NAMED_UNIT(*) SI_UNIT($,.STERADIAN.) SOLID_ANGLE_UNIT() );
#9085 = UNCERTAINTY_MEASURE_WITH_UNIT(LENGTH_MEASURE(1.E-07),#9082,
  'distance_accuracy_value','confusion accuracy');
#9086 = CONTEXT_DEPENDENT_SHAPE_REPRESENTATION(#9087,#9089);
#9087 = ( REPRESENTATION_RELATIONSHIP('','',#9072,#9049) 
REPRESENTATION_RELATIONSHIP_WITH_TRANSFORMATION(#9088) 
SHAPE_REPRESENTATION_RELATIONSHIP() );
#9088 = ITEM_DEFINED_TRANSFORMATION('','',#11,#9050);
#9089 = PRODUCT_DEFINITION_SHAPE('Placement','Placement of an item',
  #9090);
#9090 = NEXT_ASSEMBLY_USAGE_OCCURRENCE('78',
  'D_DO-35_SOD27_P7.62mm_Horizontal018','',#9044,#9067,$);
#9091 = PRODUCT_RELATED_PRODUCT_CATEGORY('part',$,(#9069));
#9092 = CONTEXT_DEPENDENT_SHAPE_REPRESENTATION(#9093,#9095);
#9093 = ( REPRESENTATION_RELATIONSHIP('','',#7872,#9072) 
REPRESENTATION_RELATIONSHIP_WITH_TRANSFORMATION(#9094) 
SHAPE_REPRESENTATION_RELATIONSHIP() );
#9094 = ITEM_DEFINED_TRANSFORMATION('','',#11,#9073);
#9095 = PRODUCT_DEFINITION_SHAPE('Placement','Placement of an item',
  #9096);
#9096 = NEXT_ASSEMBLY_USAGE_OCCURRENCE('76',
  'D_DO-35_SOD27_P7.62mm_Horizontal016','',#9067,#7867,$);
#9097 = CONTEXT_DEPENDENT_SHAPE_REPRESENTATION(#9098,#9100);
#9098 = ( REPRESENTATION_RELATIONSHIP('','',#8046,#9072) 
REPRESENTATION_RELATIONSHIP_WITH_TRANSFORMATION(#9099) 
SHAPE_REPRESENTATION_RELATIONSHIP() );
#9099 = ITEM_DEFINED_TRANSFORMATION('','',#11,#9077);
#9100 = PRODUCT_DEFINITION_SHAPE('Placement','Placement of an item',
  #9101);
#9101 = NEXT_ASSEMBLY_USAGE_OCCURRENCE('77',
  'D_DO-35_SOD27_P7.62mm_Horizontal017','',#9067,#8041,$);
#9102 = SHAPE_DEFINITION_REPRESENTATION(#9103,#9109);
#9103 = PRODUCT_DEFINITION_SHAPE('','',#9104);
#9104 = PRODUCT_DEFINITION('design','',#9105,#9108);
#9105 = PRODUCT_DEFINITION_FORMATION('','',#9106);
#9106 = PRODUCT('D_DO-35_SOD27_P7.62mm_Horizontal023',
  'D_DO-35_SOD27_P7.62mm_Horizontal023','',(#9107));
#9107 = PRODUCT_CONTEXT('',#2,'mechanical');
#9108 = PRODUCT_DEFINITION_CONTEXT('part definition',#2,'design');
#9109 = SHAPE_REPRESENTATION('',(#11,#9110),#9114);
#9110 = AXIS2_PLACEMENT_3D('',#9111,#9112,#9113);
#9111 = CARTESIAN_POINT('',(0.,0.,0.));
#9112 = DIRECTION('',(0.,0.,1.));
#9113 = DIRECTION('',(1.,0.,0.));
#9114 = ( GEOMETRIC_REPRESENTATION_CONTEXT(3) 
GLOBAL_UNCERTAINTY_ASSIGNED_CONTEXT((#9118)) 
GLOBAL_UNIT_ASSIGNED_CONTEXT((#9115,#9116,#9117)) REPRESENTATION_CONTEXT
('Context #1','3D Context with UNIT and UNCERTAINTY') );
#9115 = ( LENGTH_UNIT() NAMED_UNIT(*) SI_UNIT(.MILLI.,.METRE.) );
#9116 = ( NAMED_UNIT(*) PLANE_ANGLE_UNIT() SI_UNIT($,.RADIAN.) );
#9117 = ( NAMED_UNIT(*) SI_UNIT($,.STERADIAN.) SOLID_ANGLE_UNIT() );
#9118 = UNCERTAINTY_MEASURE_WITH_UNIT(LENGTH_MEASURE(1.E-07),#9115,
  'distance_accuracy_value','confusion accuracy');
#9119 = CONTEXT_DEPENDENT_SHAPE_REPRESENTATION(#9120,#9122);
#9120 = ( REPRESENTATION_RELATIONSHIP('','',#9109,#6087) 
REPRESENTATION_RELATIONSHIP_WITH_TRANSFORMATION(#9121) 
SHAPE_REPRESENTATION_RELATIONSHIP() );
#9121 = ITEM_DEFINED_TRANSFORMATION('','',#11,#6140);
#9122 = PRODUCT_DEFINITION_SHAPE('Placement','Placement of an item',
  #9123);
#9123 = NEXT_ASSEMBLY_USAGE_OCCURRENCE('83',
  'D_DO-35_SOD27_P7.62mm_Horizontal023','',#6082,#9104,$);
#9124 = PRODUCT_RELATED_PRODUCT_CATEGORY('part',$,(#9106));
#9125 = SHAPE_DEFINITION_REPRESENTATION(#9126,#9132);
#9126 = PRODUCT_DEFINITION_SHAPE('','',#9127);
#9127 = PRODUCT_DEFINITION('design','',#9128,#9131);
#9128 = PRODUCT_DEFINITION_FORMATION('','',#9129);
#9129 = PRODUCT('D_DO-35_SOD27_P7.62mm_Horizontal022',
  'D_DO-35_SOD27_P7.62mm_Horizontal022','',(#9130));
#9130 = PRODUCT_CONTEXT('',#2,'mechanical');
#9131 = PRODUCT_DEFINITION_CONTEXT('part definition',#2,'design');
#9132 = SHAPE_REPRESENTATION('',(#11,#9133,#9137),#9141);
#9133 = AXIS2_PLACEMENT_3D('',#9134,#9135,#9136);
#9134 = CARTESIAN_POINT('',(0.,0.,0.));
#9135 = DIRECTION('',(0.,0.,1.));
#9136 = DIRECTION('',(1.,0.,0.));
#9137 = AXIS2_PLACEMENT_3D('',#9138,#9139,#9140);
#9138 = CARTESIAN_POINT('',(0.,0.,0.));
#9139 = DIRECTION('',(0.,0.,1.));
#9140 = DIRECTION('',(1.,0.,0.));
#9141 = ( GEOMETRIC_REPRESENTATION_CONTEXT(3) 
GLOBAL_UNCERTAINTY_ASSIGNED_CONTEXT((#9145)) 
GLOBAL_UNIT_ASSIGNED_CONTEXT((#9142,#9143,#9144)) REPRESENTATION_CONTEXT
('Context #1','3D Context with UNIT and UNCERTAINTY') );
#9142 = ( LENGTH_UNIT() NAMED_UNIT(*) SI_UNIT(.MILLI.,.METRE.) );
#9143 = ( NAMED_UNIT(*) PLANE_ANGLE_UNIT() SI_UNIT($,.RADIAN.) );
#9144 = ( NAMED_UNIT(*) SI_UNIT($,.STERADIAN.) SOLID_ANGLE_UNIT() );
#9145 = UNCERTAINTY_MEASURE_WITH_UNIT(LENGTH_MEASURE(1.E-07),#9142,
  'distance_accuracy_value','confusion accuracy');
#9146 = CONTEXT_DEPENDENT_SHAPE_REPRESENTATION(#9147,#9149);
#9147 = ( REPRESENTATION_RELATIONSHIP('','',#9132,#9109) 
REPRESENTATION_RELATIONSHIP_WITH_TRANSFORMATION(#9148) 
SHAPE_REPRESENTATION_RELATIONSHIP() );
#9148 = ITEM_DEFINED_TRANSFORMATION('','',#11,#9110);
#9149 = PRODUCT_DEFINITION_SHAPE('Placement','Placement of an item',
  #9150);
#9150 = NEXT_ASSEMBLY_USAGE_OCCURRENCE('82',
  'D_DO-35_SOD27_P7.62mm_Horizontal022','',#9104,#9127,$);
#9151 = PRODUCT_RELATED_PRODUCT_CATEGORY('part',$,(#9129));
#9152 = CONTEXT_DEPENDENT_SHAPE_REPRESENTATION(#9153,#9155);
#9153 = ( REPRESENTATION_RELATIONSHIP('','',#7872,#9132) 
REPRESENTATION_RELATIONSHIP_WITH_TRANSFORMATION(#9154) 
SHAPE_REPRESENTATION_RELATIONSHIP() );
#9154 = ITEM_DEFINED_TRANSFORMATION('','',#11,#9133);
#9155 = PRODUCT_DEFINITION_SHAPE('Placement','Placement of an item',
  #9156);
#9156 = NEXT_ASSEMBLY_USAGE_OCCURRENCE('80',
  'D_DO-35_SOD27_P7.62mm_Horizontal020','',#9127,#7867,$);
#9157 = CONTEXT_DEPENDENT_SHAPE_REPRESENTATION(#9158,#9160);
#9158 = ( REPRESENTATION_RELATIONSHIP('','',#8046,#9132) 
REPRESENTATION_RELATIONSHIP_WITH_TRANSFORMATION(#9159) 
SHAPE_REPRESENTATION_RELATIONSHIP() );
#9159 = ITEM_DEFINED_TRANSFORMATION('','',#11,#9137);
#9160 = PRODUCT_DEFINITION_SHAPE('Placement','Placement of an item',
  #9161);
#9161 = NEXT_ASSEMBLY_USAGE_OCCURRENCE('81',
  'D_DO-35_SOD27_P7.62mm_Horizontal021','',#9127,#8041,$);
#9162 = SHAPE_DEFINITION_REPRESENTATION(#9163,#9169);
#9163 = PRODUCT_DEFINITION_SHAPE('','',#9164);
#9164 = PRODUCT_DEFINITION('design','',#9165,#9168);
#9165 = PRODUCT_DEFINITION_FORMATION('','',#9166);
#9166 = PRODUCT('D_DO-35_SOD27_P7.62mm_Horizontal027',
  'D_DO-35_SOD27_P7.62mm_Horizontal027','',(#9167));
#9167 = PRODUCT_CONTEXT('',#2,'mechanical');
#9168 = PRODUCT_DEFINITION_CONTEXT('part definition',#2,'design');
#9169 = SHAPE_REPRESENTATION('',(#11,#9170),#9174);
#9170 = AXIS2_PLACEMENT_3D('',#9171,#9172,#9173);
#9171 = CARTESIAN_POINT('',(0.,0.,0.));
#9172 = DIRECTION('',(0.,0.,1.));
#9173 = DIRECTION('',(1.,0.,0.));
#9174 = ( GEOMETRIC_REPRESENTATION_CONTEXT(3) 
GLOBAL_UNCERTAINTY_ASSIGNED_CONTEXT((#9178)) 
GLOBAL_UNIT_ASSIGNED_CONTEXT((#9175,#9176,#9177)) REPRESENTATION_CONTEXT
('Context #1','3D Context with UNIT and UNCERTAINTY') );
#9175 = ( LENGTH_UNIT() NAMED_UNIT(*) SI_UNIT(.MILLI.,.METRE.) );
#9176 = ( NAMED_UNIT(*) PLANE_ANGLE_UNIT() SI_UNIT($,.RADIAN.) );
#9177 = ( NAMED_UNIT(*) SI_UNIT($,.STERADIAN.) SOLID_ANGLE_UNIT() );
#9178 = UNCERTAINTY_MEASURE_WITH_UNIT(LENGTH_MEASURE(1.E-07),#9175,
  'distance_accuracy_value','confusion accuracy');
#9179 = CONTEXT_DEPENDENT_SHAPE_REPRESENTATION(#9180,#9182);
#9180 = ( REPRESENTATION_RELATIONSHIP('','',#9169,#6087) 
REPRESENTATION_RELATIONSHIP_WITH_TRANSFORMATION(#9181) 
SHAPE_REPRESENTATION_RELATIONSHIP() );
#9181 = ITEM_DEFINED_TRANSFORMATION('','',#11,#6144);
#9182 = PRODUCT_DEFINITION_SHAPE('Placement','Placement of an item',
  #9183);
#9183 = NEXT_ASSEMBLY_USAGE_OCCURRENCE('87',
  'D_DO-35_SOD27_P7.62mm_Horizontal027','',#6082,#9164,$);
#9184 = PRODUCT_RELATED_PRODUCT_CATEGORY('part',$,(#9166));
#9185 = SHAPE_DEFINITION_REPRESENTATION(#9186,#9192);
#9186 = PRODUCT_DEFINITION_SHAPE('','',#9187);
#9187 = PRODUCT_DEFINITION('design','',#9188,#9191);
#9188 = PRODUCT_DEFINITION_FORMATION('','',#9189);
#9189 = PRODUCT('D_DO-35_SOD27_P7.62mm_Horizontal026',
  'D_DO-35_SOD27_P7.62mm_Horizontal026','',(#9190));
#9190 = PRODUCT_CONTEXT('',#2,'mechanical');
#9191 = PRODUCT_DEFINITION_CONTEXT('part definition',#2,'design');
#9192 = SHAPE_REPRESENTATION('',(#11,#9193,#9197),#9201);
#9193 = AXIS2_PLACEMENT_3D('',#9194,#9195,#9196);
#9194 = CARTESIAN_POINT('',(0.,0.,0.));
#9195 = DIRECTION('',(0.,0.,1.));
#9196 = DIRECTION('',(1.,0.,0.));
#9197 = AXIS2_PLACEMENT_3D('',#9198,#9199,#9200);
#9198 = CARTESIAN_POINT('',(0.,0.,0.));
#9199 = DIRECTION('',(0.,0.,1.));
#9200 = DIRECTION('',(1.,0.,0.));
#9201 = ( GEOMETRIC_REPRESENTATION_CONTEXT(3) 
GLOBAL_UNCERTAINTY_ASSIGNED_CONTEXT((#9205)) 
GLOBAL_UNIT_ASSIGNED_CONTEXT((#9202,#9203,#9204)) REPRESENTATION_CONTEXT
('Context #1','3D Context with UNIT and UNCERTAINTY') );
#9202 = ( LENGTH_UNIT() NAMED_UNIT(*) SI_UNIT(.MILLI.,.METRE.) );
#9203 = ( NAMED_UNIT(*) PLANE_ANGLE_UNIT() SI_UNIT($,.RADIAN.) );
#9204 = ( NAMED_UNIT(*) SI_UNIT($,.STERADIAN.) SOLID_ANGLE_UNIT() );
#9205 = UNCERTAINTY_MEASURE_WITH_UNIT(LENGTH_MEASURE(1.E-07),#9202,
  'distance_accuracy_value','confusion accuracy');
#9206 = CONTEXT_DEPENDENT_SHAPE_REPRESENTATION(#9207,#9209);
#9207 = ( REPRESENTATION_RELATIONSHIP('','',#9192,#9169) 
REPRESENTATION_RELATIONSHIP_WITH_TRANSFORMATION(#9208) 
SHAPE_REPRESENTATION_RELATIONSHIP() );
#9208 = ITEM_DEFINED_TRANSFORMATION('','',#11,#9170);
#9209 = PRODUCT_DEFINITION_SHAPE('Placement','Placement of an item',
  #9210);
#9210 = NEXT_ASSEMBLY_USAGE_OCCURRENCE('86',
  'D_DO-35_SOD27_P7.62mm_Horizontal026','',#9164,#9187,$);
#9211 = PRODUCT_RELATED_PRODUCT_CATEGORY('part',$,(#9189));
#9212 = CONTEXT_DEPENDENT_SHAPE_REPRESENTATION(#9213,#9215);
#9213 = ( REPRESENTATION_RELATIONSHIP('','',#7872,#9192) 
REPRESENTATION_RELATIONSHIP_WITH_TRANSFORMATION(#9214) 
SHAPE_REPRESENTATION_RELATIONSHIP() );
#9214 = ITEM_DEFINED_TRANSFORMATION('','',#11,#9193);
#9215 = PRODUCT_DEFINITION_SHAPE('Placement','Placement of an item',
  #9216);
#9216 = NEXT_ASSEMBLY_USAGE_OCCURRENCE('84',
  'D_DO-35_SOD27_P7.62mm_Horizontal024','',#9187,#7867,$);
#9217 = CONTEXT_DEPENDENT_SHAPE_REPRESENTATION(#9218,#9220);
#9218 = ( REPRESENTATION_RELATIONSHIP('','',#8046,#9192) 
REPRESENTATION_RELATIONSHIP_WITH_TRANSFORMATION(#9219) 
SHAPE_REPRESENTATION_RELATIONSHIP() );
#9219 = ITEM_DEFINED_TRANSFORMATION('','',#11,#9197);
#9220 = PRODUCT_DEFINITION_SHAPE('Placement','Placement of an item',
  #9221);
#9221 = NEXT_ASSEMBLY_USAGE_OCCURRENCE('85',
  'D_DO-35_SOD27_P7.62mm_Horizontal025','',#9187,#8041,$);
#9222 = SHAPE_DEFINITION_REPRESENTATION(#9223,#9229);
#9223 = PRODUCT_DEFINITION_SHAPE('','',#9224);
#9224 = PRODUCT_DEFINITION('design','',#9225,#9228);
#9225 = PRODUCT_DEFINITION_FORMATION('','',#9226);
#9226 = PRODUCT('D_DO-35_SOD27_P7.62mm_Horizontal031',
  'D_DO-35_SOD27_P7.62mm_Horizontal031','',(#9227));
#9227 = PRODUCT_CONTEXT('',#2,'mechanical');
#9228 = PRODUCT_DEFINITION_CONTEXT('part definition',#2,'design');
#9229 = SHAPE_REPRESENTATION('',(#11,#9230),#9234);
#9230 = AXIS2_PLACEMENT_3D('',#9231,#9232,#9233);
#9231 = CARTESIAN_POINT('',(0.,0.,0.));
#9232 = DIRECTION('',(0.,0.,1.));
#9233 = DIRECTION('',(1.,0.,0.));
#9234 = ( GEOMETRIC_REPRESENTATION_CONTEXT(3) 
GLOBAL_UNCERTAINTY_ASSIGNED_CONTEXT((#9238)) 
GLOBAL_UNIT_ASSIGNED_CONTEXT((#9235,#9236,#9237)) REPRESENTATION_CONTEXT
('Context #1','3D Context with UNIT and UNCERTAINTY') );
#9235 = ( LENGTH_UNIT() NAMED_UNIT(*) SI_UNIT(.MILLI.,.METRE.) );
#9236 = ( NAMED_UNIT(*) PLANE_ANGLE_UNIT() SI_UNIT($,.RADIAN.) );
#9237 = ( NAMED_UNIT(*) SI_UNIT($,.STERADIAN.) SOLID_ANGLE_UNIT() );
#9238 = UNCERTAINTY_MEASURE_WITH_UNIT(LENGTH_MEASURE(1.E-07),#9235,
  'distance_accuracy_value','confusion accuracy');
#9239 = CONTEXT_DEPENDENT_SHAPE_REPRESENTATION(#9240,#9242);
#9240 = ( REPRESENTATION_RELATIONSHIP('','',#9229,#6087) 
REPRESENTATION_RELATIONSHIP_WITH_TRANSFORMATION(#9241) 
SHAPE_REPRESENTATION_RELATIONSHIP() );
#9241 = ITEM_DEFINED_TRANSFORMATION('','',#11,#6148);
#9242 = PRODUCT_DEFINITION_SHAPE('Placement','Placement of an item',
  #9243);
#9243 = NEXT_ASSEMBLY_USAGE_OCCURRENCE('91',
  'D_DO-35_SOD27_P7.62mm_Horizontal031','',#6082,#9224,$);
#9244 = PRODUCT_RELATED_PRODUCT_CATEGORY('part',$,(#9226));
#9245 = SHAPE_DEFINITION_REPRESENTATION(#9246,#9252);
#9246 = PRODUCT_DEFINITION_SHAPE('','',#9247);
#9247 = PRODUCT_DEFINITION('design','',#9248,#9251);
#9248 = PRODUCT_DEFINITION_FORMATION('','',#9249);
#9249 = PRODUCT('D_DO-35_SOD27_P7.62mm_Horizontal030',
  'D_DO-35_SOD27_P7.62mm_Horizontal030','',(#9250));
#9250 = PRODUCT_CONTEXT('',#2,'mechanical');
#9251 = PRODUCT_DEFINITION_CONTEXT('part definition',#2,'design');
#9252 = SHAPE_REPRESENTATION('',(#11,#9253,#9257),#9261);
#9253 = AXIS2_PLACEMENT_3D('',#9254,#9255,#9256);
#9254 = CARTESIAN_POINT('',(0.,0.,0.));
#9255 = DIRECTION('',(0.,0.,1.));
#9256 = DIRECTION('',(1.,0.,0.));
#9257 = AXIS2_PLACEMENT_3D('',#9258,#9259,#9260);
#9258 = CARTESIAN_POINT('',(0.,0.,0.));
#9259 = DIRECTION('',(0.,0.,1.));
#9260 = DIRECTION('',(1.,0.,0.));
#9261 = ( GEOMETRIC_REPRESENTATION_CONTEXT(3) 
GLOBAL_UNCERTAINTY_ASSIGNED_CONTEXT((#9265)) 
GLOBAL_UNIT_ASSIGNED_CONTEXT((#9262,#9263,#9264)) REPRESENTATION_CONTEXT
('Context #1','3D Context with UNIT and UNCERTAINTY') );
#9262 = ( LENGTH_UNIT() NAMED_UNIT(*) SI_UNIT(.MILLI.,.METRE.) );
#9263 = ( NAMED_UNIT(*) PLANE_ANGLE_UNIT() SI_UNIT($,.RADIAN.) );
#9264 = ( NAMED_UNIT(*) SI_UNIT($,.STERADIAN.) SOLID_ANGLE_UNIT() );
#9265 = UNCERTAINTY_MEASURE_WITH_UNIT(LENGTH_MEASURE(1.E-07),#9262,
  'distance_accuracy_value','confusion accuracy');
#9266 = CONTEXT_DEPENDENT_SHAPE_REPRESENTATION(#9267,#9269);
#9267 = ( REPRESENTATION_RELATIONSHIP('','',#9252,#9229) 
REPRESENTATION_RELATIONSHIP_WITH_TRANSFORMATION(#9268) 
SHAPE_REPRESENTATION_RELATIONSHIP() );
#9268 = ITEM_DEFINED_TRANSFORMATION('','',#11,#9230);
#9269 = PRODUCT_DEFINITION_SHAPE('Placement','Placement of an item',
  #9270);
#9270 = NEXT_ASSEMBLY_USAGE_OCCURRENCE('90',
  'D_DO-35_SOD27_P7.62mm_Horizontal030','',#9224,#9247,$);
#9271 = PRODUCT_RELATED_PRODUCT_CATEGORY('part',$,(#9249));
#9272 = CONTEXT_DEPENDENT_SHAPE_REPRESENTATION(#9273,#9275);
#9273 = ( REPRESENTATION_RELATIONSHIP('','',#7872,#9252) 
REPRESENTATION_RELATIONSHIP_WITH_TRANSFORMATION(#9274) 
SHAPE_REPRESENTATION_RELATIONSHIP() );
#9274 = ITEM_DEFINED_TRANSFORMATION('','',#11,#9253);
#9275 = PRODUCT_DEFINITION_SHAPE('Placement','Placement of an item',
  #9276);
#9276 = NEXT_ASSEMBLY_USAGE_OCCURRENCE('88',
  'D_DO-35_SOD27_P7.62mm_Horizontal028','',#9247,#7867,$);
#9277 = CONTEXT_DEPENDENT_SHAPE_REPRESENTATION(#9278,#9280);
#9278 = ( REPRESENTATION_RELATIONSHIP('','',#8046,#9252) 
REPRESENTATION_RELATIONSHIP_WITH_TRANSFORMATION(#9279) 
SHAPE_REPRESENTATION_RELATIONSHIP() );
#9279 = ITEM_DEFINED_TRANSFORMATION('','',#11,#9257);
#9280 = PRODUCT_DEFINITION_SHAPE('Placement','Placement of an item',
  #9281);
#9281 = NEXT_ASSEMBLY_USAGE_OCCURRENCE('89',
  'D_DO-35_SOD27_P7.62mm_Horizontal029','',#9247,#8041,$);
#9282 = SHAPE_DEFINITION_REPRESENTATION(#9283,#9289);
#9283 = PRODUCT_DEFINITION_SHAPE('','',#9284);
#9284 = PRODUCT_DEFINITION('design','',#9285,#9288);
#9285 = PRODUCT_DEFINITION_FORMATION('','',#9286);
#9286 = PRODUCT('LED_SK6812MINI-E_3.2x2.8mm_P1.5mm_ReverseMount008',
  'LED_SK6812MINI-E_3.2x2.8mm_P1.5mm_ReverseMount008','',(#9287));
#9287 = PRODUCT_CONTEXT('',#2,'mechanical');
#9288 = PRODUCT_DEFINITION_CONTEXT('part definition',#2,'design');
#9289 = SHAPE_REPRESENTATION('',(#11,#9290),#9294);
#9290 = AXIS2_PLACEMENT_3D('',#9291,#9292,#9293);
#9291 = CARTESIAN_POINT('',(0.,0.,0.));
#9292 = DIRECTION('',(0.,0.,1.));
#9293 = DIRECTION('',(1.,0.,0.));
#9294 = ( GEOMETRIC_REPRESENTATION_CONTEXT(3) 
GLOBAL_UNCERTAINTY_ASSIGNED_CONTEXT((#9298)) 
GLOBAL_UNIT_ASSIGNED_CONTEXT((#9295,#9296,#9297)) REPRESENTATION_CONTEXT
('Context #1','3D Context with UNIT and UNCERTAINTY') );
#9295 = ( LENGTH_UNIT() NAMED_UNIT(*) SI_UNIT(.MILLI.,.METRE.) );
#9296 = ( NAMED_UNIT(*) PLANE_ANGLE_UNIT() SI_UNIT($,.RADIAN.) );
#9297 = ( NAMED_UNIT(*) SI_UNIT($,.STERADIAN.) SOLID_ANGLE_UNIT() );
#9298 = UNCERTAINTY_MEASURE_WITH_UNIT(LENGTH_MEASURE(2.E-06),#9295,
  'distance_accuracy_value','confusion accuracy');
#9299 = CONTEXT_DEPENDENT_SHAPE_REPRESENTATION(#9300,#9302);
#9300 = ( REPRESENTATION_RELATIONSHIP('','',#9289,#6087) 
REPRESENTATION_RELATIONSHIP_WITH_TRANSFORMATION(#9301) 
SHAPE_REPRESENTATION_RELATIONSHIP() );
#9301 = ITEM_DEFINED_TRANSFORMATION('','',#11,#6152);
#9302 = PRODUCT_DEFINITION_SHAPE('Placement','Placement of an item',
  #9303);
#9303 = NEXT_ASSEMBLY_USAGE_OCCURRENCE('98',
  'LED_SK6812MINI-E_3.2x2.8mm_P1.5mm_ReverseMount008','',#6082,#9284,$);
#9304 = PRODUCT_RELATED_PRODUCT_CATEGORY('part',$,(#9286));
#9305 = SHAPE_DEFINITION_REPRESENTATION(#9306,#9312);
#9306 = PRODUCT_DEFINITION_SHAPE('','',#9307);
#9307 = PRODUCT_DEFINITION('design','',#9308,#9311);
#9308 = PRODUCT_DEFINITION_FORMATION('','',#9309);
#9309 = PRODUCT('LED_SK6812MINI_E_3_2x2_8mm_P1_5mm008',
  'LED_SK6812MINI_E_3_2x2_8mm_P1_5mm008','',(#9310));
#9310 = PRODUCT_CONTEXT('',#2,'mechanical');
#9311 = PRODUCT_DEFINITION_CONTEXT('part definition',#2,'design');
#9312 = SHAPE_REPRESENTATION('',(#11,#9313,#9317,#9321,#9325,#9329),
  #9333);
#9313 = AXIS2_PLACEMENT_3D('',#9314,#9315,#9316);
#9314 = CARTESIAN_POINT('',(0.,0.,0.));
#9315 = DIRECTION('',(0.,0.,1.));
#9316 = DIRECTION('',(1.,0.,0.));
#9317 = AXIS2_PLACEMENT_3D('',#9318,#9319,#9320);
#9318 = CARTESIAN_POINT('',(0.,0.,0.));
#9319 = DIRECTION('',(0.,0.,1.));
#9320 = DIRECTION('',(1.,0.,0.));
#9321 = AXIS2_PLACEMENT_3D('',#9322,#9323,#9324);
#9322 = CARTESIAN_POINT('',(0.,0.,0.));
#9323 = DIRECTION('',(0.,0.,1.));
#9324 = DIRECTION('',(1.,0.,0.));
#9325 = AXIS2_PLACEMENT_3D('',#9326,#9327,#9328);
#9326 = CARTESIAN_POINT('',(0.,0.,0.));
#9327 = DIRECTION('',(0.,0.,1.));
#9328 = DIRECTION('',(1.,0.,0.));
#9329 = AXIS2_PLACEMENT_3D('',#9330,#9331,#9332);
#9330 = CARTESIAN_POINT('',(0.,0.,0.));
#9331 = DIRECTION('',(0.,0.,1.));
#9332 = DIRECTION('',(1.,0.,0.));
#9333 = ( GEOMETRIC_REPRESENTATION_CONTEXT(3) 
GLOBAL_UNCERTAINTY_ASSIGNED_CONTEXT((#9337)) 
GLOBAL_UNIT_ASSIGNED_CONTEXT((#9334,#9335,#9336)) REPRESENTATION_CONTEXT
('Context #1','3D Context with UNIT and UNCERTAINTY') );
#9334 = ( LENGTH_UNIT() NAMED_UNIT(*) SI_UNIT(.MILLI.,.METRE.) );
#9335 = ( NAMED_UNIT(*) PLANE_ANGLE_UNIT() SI_UNIT($,.RADIAN.) );
#9336 = ( NAMED_UNIT(*) SI_UNIT($,.STERADIAN.) SOLID_ANGLE_UNIT() );
#9337 = UNCERTAINTY_MEASURE_WITH_UNIT(LENGTH_MEASURE(2.E-06),#9334,
  'distance_accuracy_value','confusion accuracy');
#9338 = CONTEXT_DEPENDENT_SHAPE_REPRESENTATION(#9339,#9341);
#9339 = ( REPRESENTATION_RELATIONSHIP('','',#9312,#9289) 
REPRESENTATION_RELATIONSHIP_WITH_TRANSFORMATION(#9340) 
SHAPE_REPRESENTATION_RELATIONSHIP() );
#9340 = ITEM_DEFINED_TRANSFORMATION('','',#11,#9290);
#9341 = PRODUCT_DEFINITION_SHAPE('Placement','Placement of an item',
  #9342);
#9342 = NEXT_ASSEMBLY_USAGE_OCCURRENCE('97',
  'LED_SK6812MINI_E_3_2x2_8mm_P1_5mm008','',#9284,#9307,$);
#9343 = PRODUCT_RELATED_PRODUCT_CATEGORY('part',$,(#9309));
#9344 = CONTEXT_DEPENDENT_SHAPE_REPRESENTATION(#9345,#9347);
#9345 = ( REPRESENTATION_RELATIONSHIP('','',#6244,#9312) 
REPRESENTATION_RELATIONSHIP_WITH_TRANSFORMATION(#9346) 
SHAPE_REPRESENTATION_RELATIONSHIP() );
#9346 = ITEM_DEFINED_TRANSFORMATION('','',#11,#9313);
#9347 = PRODUCT_DEFINITION_SHAPE('Placement','Placement of an item',
  #9348);
#9348 = NEXT_ASSEMBLY_USAGE_OCCURRENCE('92','Body011','',#9307,#6239,$);
#9349 = CONTEXT_DEPENDENT_SHAPE_REPRESENTATION(#9350,#9352);
#9350 = ( REPRESENTATION_RELATIONSHIP('','',#7113,#9312) 
REPRESENTATION_RELATIONSHIP_WITH_TRANSFORMATION(#9351) 
SHAPE_REPRESENTATION_RELATIONSHIP() );
#9351 = ITEM_DEFINED_TRANSFORMATION('','',#11,#9317);
#9352 = PRODUCT_DEFINITION_SHAPE('Placement','Placement of an item',
  #9353);
#9353 = NEXT_ASSEMBLY_USAGE_OCCURRENCE('93','Pin031','',#9307,#7108,$);
#9354 = CONTEXT_DEPENDENT_SHAPE_REPRESENTATION(#9355,#9357);
#9355 = ( REPRESENTATION_RELATIONSHIP('','',#7282,#9312) 
REPRESENTATION_RELATIONSHIP_WITH_TRANSFORMATION(#9356) 
SHAPE_REPRESENTATION_RELATIONSHIP() );
#9356 = ITEM_DEFINED_TRANSFORMATION('','',#11,#9321);
#9357 = PRODUCT_DEFINITION_SHAPE('Placement','Placement of an item',
  #9358);
#9358 = NEXT_ASSEMBLY_USAGE_OCCURRENCE('94','Pin032','',#9307,#7277,$);
#9359 = CONTEXT_DEPENDENT_SHAPE_REPRESENTATION(#9360,#9362);
#9360 = ( REPRESENTATION_RELATIONSHIP('','',#7484,#9312) 
REPRESENTATION_RELATIONSHIP_WITH_TRANSFORMATION(#9361) 
SHAPE_REPRESENTATION_RELATIONSHIP() );
#9361 = ITEM_DEFINED_TRANSFORMATION('','',#11,#9325);
#9362 = PRODUCT_DEFINITION_SHAPE('Placement','Placement of an item',
  #9363);
#9363 = NEXT_ASSEMBLY_USAGE_OCCURRENCE('95','Pin033','',#9307,#7479,$);
#9364 = CONTEXT_DEPENDENT_SHAPE_REPRESENTATION(#9365,#9367);
#9365 = ( REPRESENTATION_RELATIONSHIP('','',#7653,#9312) 
REPRESENTATION_RELATIONSHIP_WITH_TRANSFORMATION(#9366) 
SHAPE_REPRESENTATION_RELATIONSHIP() );
#9366 = ITEM_DEFINED_TRANSFORMATION('','',#11,#9329);
#9367 = PRODUCT_DEFINITION_SHAPE('Placement','Placement of an item',
  #9368);
#9368 = NEXT_ASSEMBLY_USAGE_OCCURRENCE('96','Pin034','',#9307,#7648,$);
#9369 = SHAPE_DEFINITION_REPRESENTATION(#9370,#9376);
#9370 = PRODUCT_DEFINITION_SHAPE('','',#9371);
#9371 = PRODUCT_DEFINITION('design','',#9372,#9375);
#9372 = PRODUCT_DEFINITION_FORMATION('','',#9373);
#9373 = PRODUCT('D_DO-35_SOD27_P7.62mm_Horizontal035',
  'D_DO-35_SOD27_P7.62mm_Horizontal035','',(#9374));
#9374 = PRODUCT_CONTEXT('',#2,'mechanical');
#9375 = PRODUCT_DEFINITION_CONTEXT('part definition',#2,'design');
#9376 = SHAPE_REPRESENTATION('',(#11,#9377),#9381);
#9377 = AXIS2_PLACEMENT_3D('',#9378,#9379,#9380);
#9378 = CARTESIAN_POINT('',(0.,0.,0.));
#9379 = DIRECTION('',(0.,0.,1.));
#9380 = DIRECTION('',(1.,0.,0.));
#9381 = ( GEOMETRIC_REPRESENTATION_CONTEXT(3) 
GLOBAL_UNCERTAINTY_ASSIGNED_CONTEXT((#9385)) 
GLOBAL_UNIT_ASSIGNED_CONTEXT((#9382,#9383,#9384)) REPRESENTATION_CONTEXT
('Context #1','3D Context with UNIT and UNCERTAINTY') );
#9382 = ( LENGTH_UNIT() NAMED_UNIT(*) SI_UNIT(.MILLI.,.METRE.) );
#9383 = ( NAMED_UNIT(*) PLANE_ANGLE_UNIT() SI_UNIT($,.RADIAN.) );
#9384 = ( NAMED_UNIT(*) SI_UNIT($,.STERADIAN.) SOLID_ANGLE_UNIT() );
#9385 = UNCERTAINTY_MEASURE_WITH_UNIT(LENGTH_MEASURE(1.E-07),#9382,
  'distance_accuracy_value','confusion accuracy');
#9386 = CONTEXT_DEPENDENT_SHAPE_REPRESENTATION(#9387,#9389);
#9387 = ( REPRESENTATION_RELATIONSHIP('','',#9376,#6087) 
REPRESENTATION_RELATIONSHIP_WITH_TRANSFORMATION(#9388) 
SHAPE_REPRESENTATION_RELATIONSHIP() );
#9388 = ITEM_DEFINED_TRANSFORMATION('','',#11,#6156);
#9389 = PRODUCT_DEFINITION_SHAPE('Placement','Placement of an item',
  #9390);
#9390 = NEXT_ASSEMBLY_USAGE_OCCURRENCE('102',
  'D_DO-35_SOD27_P7.62mm_Horizontal035','',#6082,#9371,$);
#9391 = PRODUCT_RELATED_PRODUCT_CATEGORY('part',$,(#9373));
#9392 = SHAPE_DEFINITION_REPRESENTATION(#9393,#9399);
#9393 = PRODUCT_DEFINITION_SHAPE('','',#9394);
#9394 = PRODUCT_DEFINITION('design','',#9395,#9398);
#9395 = PRODUCT_DEFINITION_FORMATION('','',#9396);
#9396 = PRODUCT('D_DO-35_SOD27_P7.62mm_Horizontal034',
  'D_DO-35_SOD27_P7.62mm_Horizontal034','',(#9397));
#9397 = PRODUCT_CONTEXT('',#2,'mechanical');
#9398 = PRODUCT_DEFINITION_CONTEXT('part definition',#2,'design');
#9399 = SHAPE_REPRESENTATION('',(#11,#9400,#9404),#9408);
#9400 = AXIS2_PLACEMENT_3D('',#9401,#9402,#9403);
#9401 = CARTESIAN_POINT('',(0.,0.,0.));
#9402 = DIRECTION('',(0.,0.,1.));
#9403 = DIRECTION('',(1.,0.,0.));
#9404 = AXIS2_PLACEMENT_3D('',#9405,#9406,#9407);
#9405 = CARTESIAN_POINT('',(0.,0.,0.));
#9406 = DIRECTION('',(0.,0.,1.));
#9407 = DIRECTION('',(1.,0.,0.));
#9408 = ( GEOMETRIC_REPRESENTATION_CONTEXT(3) 
GLOBAL_UNCERTAINTY_ASSIGNED_CONTEXT((#9412)) 
GLOBAL_UNIT_ASSIGNED_CONTEXT((#9409,#9410,#9411)) REPRESENTATION_CONTEXT
('Context #1','3D Context with UNIT and UNCERTAINTY') );
#9409 = ( LENGTH_UNIT() NAMED_UNIT(*) SI_UNIT(.MILLI.,.METRE.) );
#9410 = ( NAMED_UNIT(*) PLANE_ANGLE_UNIT() SI_UNIT($,.RADIAN.) );
#9411 = ( NAMED_UNIT(*) SI_UNIT($,.STERADIAN.) SOLID_ANGLE_UNIT() );
#9412 = UNCERTAINTY_MEASURE_WITH_UNIT(LENGTH_MEASURE(1.E-07),#9409,
  'distance_accuracy_value','confusion accuracy');
#9413 = CONTEXT_DEPENDENT_SHAPE_REPRESENTATION(#9414,#9416);
#9414 = ( REPRESENTATION_RELATIONSHIP('','',#9399,#9376) 
REPRESENTATION_RELATIONSHIP_WITH_TRANSFORMATION(#9415) 
SHAPE_REPRESENTATION_RELATIONSHIP() );
#9415 = ITEM_DEFINED_TRANSFORMATION('','',#11,#9377);
#9416 = PRODUCT_DEFINITION_SHAPE('Placement','Placement of an item',
  #9417);
#9417 = NEXT_ASSEMBLY_USAGE_OCCURRENCE('101',
  'D_DO-35_SOD27_P7.62mm_Horizontal034','',#9371,#9394,$);
#9418 = PRODUCT_RELATED_PRODUCT_CATEGORY('part',$,(#9396));
#9419 = CONTEXT_DEPENDENT_SHAPE_REPRESENTATION(#9420,#9422);
#9420 = ( REPRESENTATION_RELATIONSHIP('','',#7872,#9399) 
REPRESENTATION_RELATIONSHIP_WITH_TRANSFORMATION(#9421) 
SHAPE_REPRESENTATION_RELATIONSHIP() );
#9421 = ITEM_DEFINED_TRANSFORMATION('','',#11,#9400);
#9422 = PRODUCT_DEFINITION_SHAPE('Placement','Placement of an item',
  #9423);
#9423 = NEXT_ASSEMBLY_USAGE_OCCURRENCE('99',
  'D_DO-35_SOD27_P7.62mm_Horizontal032','',#9394,#7867,$);
#9424 = CONTEXT_DEPENDENT_SHAPE_REPRESENTATION(#9425,#9427);
#9425 = ( REPRESENTATION_RELATIONSHIP('','',#8046,#9399) 
REPRESENTATION_RELATIONSHIP_WITH_TRANSFORMATION(#9426) 
SHAPE_REPRESENTATION_RELATIONSHIP() );
#9426 = ITEM_DEFINED_TRANSFORMATION('','',#11,#9404);
#9427 = PRODUCT_DEFINITION_SHAPE('Placement','Placement of an item',
  #9428);
#9428 = NEXT_ASSEMBLY_USAGE_OCCURRENCE('100',
  'D_DO-35_SOD27_P7.62mm_Horizontal033','',#9394,#8041,$);
#9429 = SHAPE_DEFINITION_REPRESENTATION(#9430,#9436);
#9430 = PRODUCT_DEFINITION_SHAPE('','',#9431);
#9431 = PRODUCT_DEFINITION('design','',#9432,#9435);
#9432 = PRODUCT_DEFINITION_FORMATION('','',#9433);
#9433 = PRODUCT('PCB_PCB','PCB_PCB','',(#9434));
#9434 = PRODUCT_CONTEXT('',#2,'mechanical');
#9435 = PRODUCT_DEFINITION_CONTEXT('part definition',#2,'design');
#9436 = ADVANCED_BREP_SHAPE_REPRESENTATION('',(#11,#9437),#19569);
#9437 = MANIFOLD_SOLID_BREP('',#9438);
#9438 = CLOSED_SHELL('',(#9439,#9479,#9510,#9541,#12186,#14831,#14843,
    #14860,#14882,#14899,#14916,#14933,#14950,#14967,#14984,#15001,
    #15018,#15035,#15052,#15069,#15086,#15103,#15120,#15137,#15154,
    #15171,#15188,#15200,#15217,#15234,#15251,#15268,#15285,#15302,
    #15319,#15336,#15353,#15370,#15392,#15409,#15426,#15443,#15460,
    #15477,#15494,#15511,#15528,#15545,#15562,#15579,#15596,#15613,
    #15630,#15647,#15664,#15681,#15698,#15710,#15727,#15744,#15761,
    #15778,#15795,#15817,#15834,#15851,#15868,#15885,#15902,#15919,
    #15936,#15953,#15970,#15987,#16004,#16021,#16038,#16055,#16072,
    #16089,#16106,#16123,#16135,#16152,#16174,#16191,#16208,#16225,
    #16242,#16259,#16276,#16293,#16310,#16327,#16344,#16361,#16378,
    #16395,#16412,#16429,#16446,#16463,#16480,#16492,#16509,#16526,
    #16543,#16560,#16577,#16594,#16611,#16628,#16645,#16662,#16679,
    #16701,#16718,#16735,#16752,#16769,#16786,#16803,#16820,#16837,
    #16854,#16871,#16888,#16905,#16922,#16939,#16956,#16973,#16990,
    #17007,#17019,#17036,#17053,#17070,#17087,#17109,#17126,#17143,
    #17160,#17177,#17194,#17211,#17228,#17245,#17262,#17279,#17296,
    #17313,#17330,#17347,#17364,#17381,#17398,#17415,#17427,#17444,
    #17461,#17478,#17495,#17512,#17529,#17546,#17563,#17580,#17597,
    #17614,#17636,#17653,#17670,#17687,#17704,#17721,#17738,#17755,
    #17772,#17789,#17806,#17823,#17840,#17857,#17874,#17891,#17908,
    #17925,#17942,#17954,#17971,#17988,#18005,#18022,#18039,#18056,
    #18073,#18095,#18112,#18129,#18141,#18158,#18175,#18192,#18209,
    #18226,#18248,#18265,#18282,#18294,#18311,#18328,#18345,#18362,
    #18379,#18396,#18413,#18430,#18447,#18464,#18481,#18498,#18515,
    #18532,#18549,#18566,#18583,#18600,#18617,#18639,#18656,#18673,
    #18690,#18707,#18724,#18741,#18758,#18775,#18792,#18809,#18826,
    #18843,#18860,#18877,#18894,#18911,#18928,#18945,#18957,#18974,
    #18991,#19008,#19025,#19047,#19064,#19081,#19098,#19115,#19132,
    #19149,#19166,#19183,#19200,#19217,#19234,#19251,#19268,#19285,
    #19302,#19319,#19336,#19353,#19365,#19382,#19399,#19416,#19433,
    #19450,#19467,#19484,#19501,#19518,#19535,#19552));
#9439 = ADVANCED_FACE('',(#9440),#9474,.T.);
#9440 = FACE_BOUND('',#9441,.T.);
#9441 = EDGE_LOOP('',(#9442,#9452,#9460,#9468));
#9442 = ORIENTED_EDGE('',*,*,#9443,.T.);
#9443 = EDGE_CURVE('',#9444,#9446,#9448,.T.);
#9444 = VERTEX_POINT('',#9445);
#9445 = CARTESIAN_POINT('',(160.,-122.499999,0.));
#9446 = VERTEX_POINT('',#9447);
#9447 = CARTESIAN_POINT('',(160.,-122.499999,1.51));
#9448 = LINE('',#9449,#9450);
#9449 = CARTESIAN_POINT('',(160.,-122.499999,0.));
#9450 = VECTOR('',#9451,1.);
#9451 = DIRECTION('',(0.,0.,1.));
#9452 = ORIENTED_EDGE('',*,*,#9453,.T.);
#9453 = EDGE_CURVE('',#9446,#9454,#9456,.T.);
#9454 = VERTEX_POINT('',#9455);
#9455 = CARTESIAN_POINT('',(60.,-122.499999,1.51));
#9456 = LINE('',#9457,#9458);
#9457 = CARTESIAN_POINT('',(160.,-122.499999,1.51));
#9458 = VECTOR('',#9459,1.);
#9459 = DIRECTION('',(-1.,0.,0.));
#9460 = ORIENTED_EDGE('',*,*,#9461,.F.);
#9461 = EDGE_CURVE('',#9462,#9454,#9464,.T.);
#9462 = VERTEX_POINT('',#9463);
#9463 = CARTESIAN_POINT('',(60.,-122.499999,0.));
#9464 = LINE('',#9465,#9466);
#9465 = CARTESIAN_POINT('',(60.,-122.499999,0.));
#9466 = VECTOR('',#9467,1.);
#9467 = DIRECTION('',(0.,0.,1.));
#9468 = ORIENTED_EDGE('',*,*,#9469,.F.);
#9469 = EDGE_CURVE('',#9444,#9462,#9470,.T.);
#9470 = LINE('',#9471,#9472);
#9471 = CARTESIAN_POINT('',(160.,-122.499999,0.));
#9472 = VECTOR('',#9473,1.);
#9473 = DIRECTION('',(-1.,0.,0.));
#9474 = PLANE('',#9475);
#9475 = AXIS2_PLACEMENT_3D('',#9476,#9477,#9478);
#9476 = CARTESIAN_POINT('',(160.,-122.499999,0.));
#9477 = DIRECTION('',(0.,-1.,0.));
#9478 = DIRECTION('',(-1.,0.,0.));
#9479 = ADVANCED_FACE('',(#9480),#9505,.T.);
#9480 = FACE_BOUND('',#9481,.T.);
#9481 = EDGE_LOOP('',(#9482,#9492,#9498,#9499));
#9482 = ORIENTED_EDGE('',*,*,#9483,.T.);
#9483 = EDGE_CURVE('',#9484,#9486,#9488,.T.);
#9484 = VERTEX_POINT('',#9485);
#9485 = CARTESIAN_POINT('',(160.,-22.5,0.));
#9486 = VERTEX_POINT('',#9487);
#9487 = CARTESIAN_POINT('',(160.,-22.5,1.51));
#9488 = LINE('',#9489,#9490);
#9489 = CARTESIAN_POINT('',(160.,-22.5,0.));
#9490 = VECTOR('',#9491,1.);
#9491 = DIRECTION('',(0.,0.,1.));
#9492 = ORIENTED_EDGE('',*,*,#9493,.T.);
#9493 = EDGE_CURVE('',#9486,#9446,#9494,.T.);
#9494 = LINE('',#9495,#9496);
#9495 = CARTESIAN_POINT('',(160.,-22.5,1.51));
#9496 = VECTOR('',#9497,1.);
#9497 = DIRECTION('',(0.,-1.,0.));
#9498 = ORIENTED_EDGE('',*,*,#9443,.F.);
#9499 = ORIENTED_EDGE('',*,*,#9500,.F.);
#9500 = EDGE_CURVE('',#9484,#9444,#9501,.T.);
#9501 = LINE('',#9502,#9503);
#9502 = CARTESIAN_POINT('',(160.,-22.5,0.));
#9503 = VECTOR('',#9504,1.);
#9504 = DIRECTION('',(0.,-1.,0.));
#9505 = PLANE('',#9506);
#9506 = AXIS2_PLACEMENT_3D('',#9507,#9508,#9509);
#9507 = CARTESIAN_POINT('',(160.,-22.5,0.));
#9508 = DIRECTION('',(1.,0.,-0.));
#9509 = DIRECTION('',(0.,-1.,0.));
#9510 = ADVANCED_FACE('',(#9511),#9536,.T.);
#9511 = FACE_BOUND('',#9512,.T.);
#9512 = EDGE_LOOP('',(#9513,#9514,#9522,#9530));
#9513 = ORIENTED_EDGE('',*,*,#9461,.T.);
#9514 = ORIENTED_EDGE('',*,*,#9515,.T.);
#9515 = EDGE_CURVE('',#9454,#9516,#9518,.T.);
#9516 = VERTEX_POINT('',#9517);
#9517 = CARTESIAN_POINT('',(60.,-22.5,1.51));
#9518 = LINE('',#9519,#9520);
#9519 = CARTESIAN_POINT('',(60.,-122.499999,1.51));
#9520 = VECTOR('',#9521,1.);
#9521 = DIRECTION('',(0.,1.,0.));
#9522 = ORIENTED_EDGE('',*,*,#9523,.F.);
#9523 = EDGE_CURVE('',#9524,#9516,#9526,.T.);
#9524 = VERTEX_POINT('',#9525);
#9525 = CARTESIAN_POINT('',(60.,-22.5,0.));
#9526 = LINE('',#9527,#9528);
#9527 = CARTESIAN_POINT('',(60.,-22.5,0.));
#9528 = VECTOR('',#9529,1.);
#9529 = DIRECTION('',(0.,0.,1.));
#9530 = ORIENTED_EDGE('',*,*,#9531,.F.);
#9531 = EDGE_CURVE('',#9462,#9524,#9532,.T.);
#9532 = LINE('',#9533,#9534);
#9533 = CARTESIAN_POINT('',(60.,-122.499999,0.));
#9534 = VECTOR('',#9535,1.);
#9535 = DIRECTION('',(0.,1.,0.));
#9536 = PLANE('',#9537);
#9537 = AXIS2_PLACEMENT_3D('',#9538,#9539,#9540);
#9538 = CARTESIAN_POINT('',(60.,-122.499999,0.));
#9539 = DIRECTION('',(-1.,0.,0.));
#9540 = DIRECTION('',(0.,1.,0.));
#9541 = ADVANCED_FACE('',(#9542,#9553,#9564,#9738,#9749,#9760,#9771,
    #9782,#9793,#9804,#9815,#9826,#9837,#9848,#10022,#10033,#10044,
    #10055,#10066,#10077,#10251,#10262,#10436,#10447,#10458,#10469,
    #10480,#10491,#10502,#10513,#10524,#10535,#10546,#10557,#10731,
    #10742,#10753,#10764,#10775,#10949,#10960,#10971,#10982,#10993,
    #11004,#11015,#11026,#11037,#11048,#11059,#11070,#11244,#11255,
    #11266,#11277,#11288,#11299,#11310,#11321,#11357,#11368,#11379,
    #11390,#11401,#11412,#11448,#11459,#11470,#11481,#11492,#11503,
    #11514,#11525,#11536,#11547,#11558,#11569,#11580,#11591,#11602,
    #11613,#11624,#11635,#11646,#11657,#11831,#11842,#11853,#11864,
    #11875,#12049,#12060,#12071,#12082,#12093,#12104,#12115,#12126,
    #12137,#12148,#12159,#12170),#12181,.F.);
#9542 = FACE_BOUND('',#9543,.F.);
#9543 = EDGE_LOOP('',(#9544,#9545,#9546,#9552));
#9544 = ORIENTED_EDGE('',*,*,#9469,.F.);
#9545 = ORIENTED_EDGE('',*,*,#9500,.F.);
#9546 = ORIENTED_EDGE('',*,*,#9547,.F.);
#9547 = EDGE_CURVE('',#9524,#9484,#9548,.T.);
#9548 = LINE('',#9549,#9550);
#9549 = CARTESIAN_POINT('',(60.,-22.5,0.));
#9550 = VECTOR('',#9551,1.);
#9551 = DIRECTION('',(1.,0.,0.));
#9552 = ORIENTED_EDGE('',*,*,#9531,.F.);
#9553 = FACE_BOUND('',#9554,.F.);
#9554 = EDGE_LOOP('',(#9555));
#9555 = ORIENTED_EDGE('',*,*,#9556,.T.);
#9556 = EDGE_CURVE('',#9557,#9557,#9559,.T.);
#9557 = VERTEX_POINT('',#9558);
#9558 = CARTESIAN_POINT('',(65.,-118.75,0.));
#9559 = CIRCLE('',#9560,1.25);
#9560 = AXIS2_PLACEMENT_3D('',#9561,#9562,#9563);
#9561 = CARTESIAN_POINT('',(65.,-117.5,0.));
#9562 = DIRECTION('',(-0.,0.,-1.));
#9563 = DIRECTION('',(-0.,-1.,0.));
#9564 = FACE_BOUND('',#9565,.F.);
#9565 = EDGE_LOOP('',(#9566,#9577,#9586,#9594,#9602,#9611,#9620,#9629,
    #9637,#9645,#9654,#9663,#9672,#9680,#9688,#9697,#9706,#9715,#9723,
    #9731));
#9566 = ORIENTED_EDGE('',*,*,#9567,.F.);
#9567 = EDGE_CURVE('',#9568,#9570,#9572,.T.);
#9568 = VERTEX_POINT('',#9569);
#9569 = CARTESIAN_POINT('',(92.743934,-95.143345,0.));
#9570 = VERTEX_POINT('',#9571);
#9571 = CARTESIAN_POINT('',(92.056655,-94.456066,0.));
#9572 = CIRCLE('',#9573,0.499999603944);
#9573 = AXIS2_PLACEMENT_3D('',#9574,#9575,#9576);
#9574 = CARTESIAN_POINT('',(92.31715788946,-94.88284211054,0.));
#9575 = DIRECTION('',(0.,0.,1.));
#9576 = DIRECTION('',(0.853552897188,-0.521006191616,0.));
#9577 = ORIENTED_EDGE('',*,*,#9578,.F.);
#9578 = EDGE_CURVE('',#9579,#9568,#9581,.T.);
#9579 = VERTEX_POINT('',#9580);
#9580 = CARTESIAN_POINT('',(92.7,-95.299647,0.));
#9581 = CIRCLE('',#9582,0.299998582341);
#9582 = AXIS2_PLACEMENT_3D('',#9583,#9584,#9585);
#9583 = CARTESIAN_POINT('',(92.99999858234,-95.29964624464,0.));
#9584 = DIRECTION('',(0.,0.,-1.));
#9585 = DIRECTION('',(-0.999999999997,-2.517861388613E-06,-0.));
#9586 = ORIENTED_EDGE('',*,*,#9587,.F.);
#9587 = EDGE_CURVE('',#9588,#9579,#9590,.T.);
#9588 = VERTEX_POINT('',#9589);
#9589 = CARTESIAN_POINT('',(92.7,-96.,0.));
#9590 = LINE('',#9591,#9592);
#9591 = CARTESIAN_POINT('',(92.7,-96.,0.));
#9592 = VECTOR('',#9593,1.);
#9593 = DIRECTION('',(0.,1.,0.));
#9594 = ORIENTED_EDGE('',*,*,#9595,.F.);
#9595 = EDGE_CURVE('',#9596,#9588,#9598,.T.);
#9596 = VERTEX_POINT('',#9597);
#9597 = CARTESIAN_POINT('',(92.7,-96.700353,0.));
#9598 = LINE('',#9599,#9600);
#9599 = CARTESIAN_POINT('',(92.7,-96.700353,0.));
#9600 = VECTOR('',#9601,1.);
#9601 = DIRECTION('',(0.,1.,0.));
#9602 = ORIENTED_EDGE('',*,*,#9603,.F.);
#9603 = EDGE_CURVE('',#9604,#9596,#9606,.T.);
#9604 = VERTEX_POINT('',#9605);
#9605 = CARTESIAN_POINT('',(92.743934,-96.856655,0.));
#9606 = CIRCLE('',#9607,0.299998582341);
#9607 = AXIS2_PLACEMENT_3D('',#9608,#9609,#9610);
#9608 = CARTESIAN_POINT('',(92.99999858234,-96.70035375535,0.));
#9609 = DIRECTION('',(0.,0.,-1.));
#9610 = DIRECTION('',(-0.853552641289,-0.521006610849,-0.));
#9611 = ORIENTED_EDGE('',*,*,#9612,.F.);
#9612 = EDGE_CURVE('',#9613,#9604,#9615,.T.);
#9613 = VERTEX_POINT('',#9614);
#9614 = CARTESIAN_POINT('',(92.056655,-97.543934,0.));
#9615 = CIRCLE('',#9616,0.499999603944);
#9616 = AXIS2_PLACEMENT_3D('',#9617,#9618,#9619);
#9617 = CARTESIAN_POINT('',(92.31715788946,-97.11715788946,0.));
#9618 = DIRECTION('',(0.,0.,1.));
#9619 = DIRECTION('',(-0.521006191616,-0.853552897188,0.));
#9620 = ORIENTED_EDGE('',*,*,#9621,.F.);
#9621 = EDGE_CURVE('',#9622,#9613,#9624,.T.);
#9622 = VERTEX_POINT('',#9623);
#9623 = CARTESIAN_POINT('',(91.900353,-97.5,0.));
#9624 = CIRCLE('',#9625,0.299998582341);
#9625 = AXIS2_PLACEMENT_3D('',#9626,#9627,#9628);
#9626 = CARTESIAN_POINT('',(91.900353755355,-97.79999858234,0.));
#9627 = DIRECTION('',(0.,0.,-1.));
#9628 = DIRECTION('',(-2.517861483353E-06,0.999999999997,0.));
#9629 = ORIENTED_EDGE('',*,*,#9630,.F.);
#9630 = EDGE_CURVE('',#9631,#9622,#9633,.T.);
#9631 = VERTEX_POINT('',#9632);
#9632 = CARTESIAN_POINT('',(91.,-97.5,0.));
#9633 = LINE('',#9634,#9635);
#9634 = CARTESIAN_POINT('',(91.,-97.5,0.));
#9635 = VECTOR('',#9636,1.);
#9636 = DIRECTION('',(1.,0.,0.));
#9637 = ORIENTED_EDGE('',*,*,#9638,.F.);
#9638 = EDGE_CURVE('',#9639,#9631,#9641,.T.);
#9639 = VERTEX_POINT('',#9640);
#9640 = CARTESIAN_POINT('',(90.099647,-97.5,0.));
#9641 = LINE('',#9642,#9643);
#9642 = CARTESIAN_POINT('',(90.099647,-97.5,0.));
#9643 = VECTOR('',#9644,1.);
#9644 = DIRECTION('',(1.,0.,0.));
#9645 = ORIENTED_EDGE('',*,*,#9646,.F.);
#9646 = EDGE_CURVE('',#9647,#9639,#9649,.T.);
#9647 = VERTEX_POINT('',#9648);
#9648 = CARTESIAN_POINT('',(89.943345,-97.543934,0.));
#9649 = CIRCLE('',#9650,0.299998582341);
#9650 = AXIS2_PLACEMENT_3D('',#9651,#9652,#9653);
#9651 = CARTESIAN_POINT('',(90.099646244645,-97.79999858234,0.));
#9652 = DIRECTION('',(0.,0.,-1.));
#9653 = DIRECTION('',(-0.52100661085,0.853552641289,0.));
#9654 = ORIENTED_EDGE('',*,*,#9655,.F.);
#9655 = EDGE_CURVE('',#9656,#9647,#9658,.T.);
#9656 = VERTEX_POINT('',#9657);
#9657 = CARTESIAN_POINT('',(89.256066,-96.856655,0.));
#9658 = CIRCLE('',#9659,0.499999603944);
#9659 = AXIS2_PLACEMENT_3D('',#9660,#9661,#9662);
#9660 = CARTESIAN_POINT('',(89.68284211054,-97.11715788946,0.));
#9661 = DIRECTION('',(0.,0.,1.));
#9662 = DIRECTION('',(-0.853552897188,0.521006191616,0.));
#9663 = ORIENTED_EDGE('',*,*,#9664,.F.);
#9664 = EDGE_CURVE('',#9665,#9656,#9667,.T.);
#9665 = VERTEX_POINT('',#9666);
#9666 = CARTESIAN_POINT('',(89.3,-96.700353,0.));
#9667 = CIRCLE('',#9668,0.299998582341);
#9668 = AXIS2_PLACEMENT_3D('',#9669,#9670,#9671);
#9669 = CARTESIAN_POINT('',(89.00000141766,-96.70035375535,0.));
#9670 = DIRECTION('',(0.,0.,-1.));
#9671 = DIRECTION('',(0.999999999997,2.517861388613E-06,0.));
#9672 = ORIENTED_EDGE('',*,*,#9673,.F.);
#9673 = EDGE_CURVE('',#9674,#9665,#9676,.T.);
#9674 = VERTEX_POINT('',#9675);
#9675 = CARTESIAN_POINT('',(89.3,-96.,0.));
#9676 = LINE('',#9677,#9678);
#9677 = CARTESIAN_POINT('',(89.3,-96.,0.));
#9678 = VECTOR('',#9679,1.);
#9679 = DIRECTION('',(0.,-1.,0.));
#9680 = ORIENTED_EDGE('',*,*,#9681,.F.);
#9681 = EDGE_CURVE('',#9682,#9674,#9684,.T.);
#9682 = VERTEX_POINT('',#9683);
#9683 = CARTESIAN_POINT('',(89.3,-95.299647,0.));
#9684 = LINE('',#9685,#9686);
#9685 = CARTESIAN_POINT('',(89.3,-95.299647,0.));
#9686 = VECTOR('',#9687,1.);
#9687 = DIRECTION('',(0.,-1.,0.));
#9688 = ORIENTED_EDGE('',*,*,#9689,.F.);
#9689 = EDGE_CURVE('',#9690,#9682,#9692,.T.);
#9690 = VERTEX_POINT('',#9691);
#9691 = CARTESIAN_POINT('',(89.256066,-95.143345,0.));
#9692 = CIRCLE('',#9693,0.299998582341);
#9693 = AXIS2_PLACEMENT_3D('',#9694,#9695,#9696);
#9694 = CARTESIAN_POINT('',(89.00000141766,-95.29964624464,0.));
#9695 = DIRECTION('',(0.,0.,-1.));
#9696 = DIRECTION('',(0.853552641289,0.521006610849,0.));
#9697 = ORIENTED_EDGE('',*,*,#9698,.F.);
#9698 = EDGE_CURVE('',#9699,#9690,#9701,.T.);
#9699 = VERTEX_POINT('',#9700);
#9700 = CARTESIAN_POINT('',(89.943345,-94.456066,0.));
#9701 = CIRCLE('',#9702,0.499999603944);
#9702 = AXIS2_PLACEMENT_3D('',#9703,#9704,#9705);
#9703 = CARTESIAN_POINT('',(89.68284211054,-94.88284211054,0.));
#9704 = DIRECTION('',(0.,0.,1.));
#9705 = DIRECTION('',(0.521006191616,0.853552897188,-0.));
#9706 = ORIENTED_EDGE('',*,*,#9707,.F.);
#9707 = EDGE_CURVE('',#9708,#9699,#9710,.T.);
#9708 = VERTEX_POINT('',#9709);
#9709 = CARTESIAN_POINT('',(90.099647,-94.5,0.));
#9710 = CIRCLE('',#9711,0.299998582341);
#9711 = AXIS2_PLACEMENT_3D('',#9712,#9713,#9714);
#9712 = CARTESIAN_POINT('',(90.099646244645,-94.20000141766,0.));
#9713 = DIRECTION('',(0.,0.,-1.));
#9714 = DIRECTION('',(2.517861483353E-06,-0.999999999997,0.));
#9715 = ORIENTED_EDGE('',*,*,#9716,.F.);
#9716 = EDGE_CURVE('',#9717,#9708,#9719,.T.);
#9717 = VERTEX_POINT('',#9718);
#9718 = CARTESIAN_POINT('',(91.,-94.5,0.));
#9719 = LINE('',#9720,#9721);
#9720 = CARTESIAN_POINT('',(91.,-94.5,0.));
#9721 = VECTOR('',#9722,1.);
#9722 = DIRECTION('',(-1.,0.,0.));
#9723 = ORIENTED_EDGE('',*,*,#9724,.F.);
#9724 = EDGE_CURVE('',#9725,#9717,#9727,.T.);
#9725 = VERTEX_POINT('',#9726);
#9726 = CARTESIAN_POINT('',(91.900353,-94.5,0.));
#9727 = LINE('',#9728,#9729);
#9728 = CARTESIAN_POINT('',(91.900353,-94.5,0.));
#9729 = VECTOR('',#9730,1.);
#9730 = DIRECTION('',(-1.,0.,0.));
#9731 = ORIENTED_EDGE('',*,*,#9732,.F.);
#9732 = EDGE_CURVE('',#9570,#9725,#9733,.T.);
#9733 = CIRCLE('',#9734,0.299998582341);
#9734 = AXIS2_PLACEMENT_3D('',#9735,#9736,#9737);
#9735 = CARTESIAN_POINT('',(91.900353755355,-94.20000141766,0.));
#9736 = DIRECTION('',(0.,0.,-1.));
#9737 = DIRECTION('',(0.52100661085,-0.853552641289,0.));
#9738 = FACE_BOUND('',#9739,.F.);
#9739 = EDGE_LOOP('',(#9740));
#9740 = ORIENTED_EDGE('',*,*,#9741,.T.);
#9741 = EDGE_CURVE('',#9742,#9742,#9744,.T.);
#9742 = VERTEX_POINT('',#9743);
#9743 = CARTESIAN_POINT('',(100.595,-100.21,0.));
#9744 = CIRCLE('',#9745,0.4);
#9745 = AXIS2_PLACEMENT_3D('',#9746,#9747,#9748);
#9746 = CARTESIAN_POINT('',(100.595,-99.81,0.));
#9747 = DIRECTION('',(-0.,0.,-1.));
#9748 = DIRECTION('',(-0.,-1.,0.));
#9749 = FACE_BOUND('',#9750,.F.);
#9750 = EDGE_LOOP('',(#9751));
#9751 = ORIENTED_EDGE('',*,*,#9752,.T.);
#9752 = EDGE_CURVE('',#9753,#9753,#9755,.T.);
#9753 = VERTEX_POINT('',#9754);
#9754 = CARTESIAN_POINT('',(86.015,-92.35,0.));
#9755 = CIRCLE('',#9756,0.85);
#9756 = AXIS2_PLACEMENT_3D('',#9757,#9758,#9759);
#9757 = CARTESIAN_POINT('',(86.015,-91.5,0.));
#9758 = DIRECTION('',(-0.,0.,-1.));
#9759 = DIRECTION('',(-0.,-1.,0.));
#9760 = FACE_BOUND('',#9761,.F.);
#9761 = EDGE_LOOP('',(#9762));
#9762 = ORIENTED_EDGE('',*,*,#9763,.T.);
#9763 = EDGE_CURVE('',#9764,#9764,#9766,.T.);
#9764 = VERTEX_POINT('',#9765);
#9765 = CARTESIAN_POINT('',(85.88,-73.35,0.));
#9766 = CIRCLE('',#9767,0.85);
#9767 = AXIS2_PLACEMENT_3D('',#9768,#9769,#9770);
#9768 = CARTESIAN_POINT('',(85.88,-72.5,0.));
#9769 = DIRECTION('',(-0.,0.,-1.));
#9770 = DIRECTION('',(-0.,-1.,0.));
#9771 = FACE_BOUND('',#9772,.F.);
#9772 = EDGE_LOOP('',(#9773));
#9773 = ORIENTED_EDGE('',*,*,#9774,.T.);
#9774 = EDGE_CURVE('',#9775,#9775,#9777,.T.);
#9775 = VERTEX_POINT('',#9776);
#9776 = CARTESIAN_POINT('',(91.095,-93.5,0.));
#9777 = CIRCLE('',#9778,2.);
#9778 = AXIS2_PLACEMENT_3D('',#9779,#9780,#9781);
#9779 = CARTESIAN_POINT('',(91.095,-91.5,0.));
#9780 = DIRECTION('',(-0.,0.,-1.));
#9781 = DIRECTION('',(-0.,-1.,0.));
#9782 = FACE_BOUND('',#9783,.F.);
#9783 = EDGE_LOOP('',(#9784));
#9784 = ORIENTED_EDGE('',*,*,#9785,.T.);
#9785 = EDGE_CURVE('',#9786,#9786,#9788,.T.);
#9786 = VERTEX_POINT('',#9787);
#9787 = CARTESIAN_POINT('',(96.175,-92.35,0.));
#9788 = CIRCLE('',#9789,0.85);
#9789 = AXIS2_PLACEMENT_3D('',#9790,#9791,#9792);
#9790 = CARTESIAN_POINT('',(96.175,-91.5,0.));
#9791 = DIRECTION('',(-0.,0.,-1.));
#9792 = DIRECTION('',(-1.671865260612E-14,-1.,0.));
#9793 = FACE_BOUND('',#9794,.F.);
#9794 = EDGE_LOOP('',(#9795));
#9795 = ORIENTED_EDGE('',*,*,#9796,.T.);
#9796 = EDGE_CURVE('',#9797,#9797,#9799,.T.);
#9797 = VERTEX_POINT('',#9798);
#9798 = CARTESIAN_POINT('',(87.285,-89.71,0.));
#9799 = CIRCLE('',#9800,0.75);
#9800 = AXIS2_PLACEMENT_3D('',#9801,#9802,#9803);
#9801 = CARTESIAN_POINT('',(87.285,-88.96,0.));
#9802 = DIRECTION('',(-0.,0.,-1.));
#9803 = DIRECTION('',(-0.,-1.,0.));
#9804 = FACE_BOUND('',#9805,.F.);
#9805 = EDGE_LOOP('',(#9806));
#9806 = ORIENTED_EDGE('',*,*,#9807,.T.);
#9807 = EDGE_CURVE('',#9808,#9808,#9810,.T.);
#9808 = VERTEX_POINT('',#9809);
#9809 = CARTESIAN_POINT('',(93.635,-87.17,0.));
#9810 = CIRCLE('',#9811,0.75);
#9811 = AXIS2_PLACEMENT_3D('',#9812,#9813,#9814);
#9812 = CARTESIAN_POINT('',(93.635,-86.42,0.));
#9813 = DIRECTION('',(-0.,0.,-1.));
#9814 = DIRECTION('',(-0.,-1.,0.));
#9815 = FACE_BOUND('',#9816,.F.);
#9816 = EDGE_LOOP('',(#9817));
#9817 = ORIENTED_EDGE('',*,*,#9818,.T.);
#9818 = EDGE_CURVE('',#9819,#9819,#9821,.T.);
#9819 = VERTEX_POINT('',#9820);
#9820 = CARTESIAN_POINT('',(100.595,-92.59,0.));
#9821 = CIRCLE('',#9822,0.4);
#9822 = AXIS2_PLACEMENT_3D('',#9823,#9824,#9825);
#9823 = CARTESIAN_POINT('',(100.595,-92.19,0.));
#9824 = DIRECTION('',(-0.,0.,-1.));
#9825 = DIRECTION('',(-0.,-1.,0.));
#9826 = FACE_BOUND('',#9827,.F.);
#9827 = EDGE_LOOP('',(#9828));
#9828 = ORIENTED_EDGE('',*,*,#9829,.T.);
#9829 = EDGE_CURVE('',#9830,#9830,#9832,.T.);
#9830 = VERTEX_POINT('',#9831);
#9831 = CARTESIAN_POINT('',(105.095,-92.35,0.));
#9832 = CIRCLE('',#9833,0.85);
#9833 = AXIS2_PLACEMENT_3D('',#9834,#9835,#9836);
#9834 = CARTESIAN_POINT('',(105.095,-91.5,0.));
#9835 = DIRECTION('',(-0.,0.,-1.));
#9836 = DIRECTION('',(-0.,-1.,0.));
#9837 = FACE_BOUND('',#9838,.F.);
#9838 = EDGE_LOOP('',(#9839));
#9839 = ORIENTED_EDGE('',*,*,#9840,.T.);
#9840 = EDGE_CURVE('',#9841,#9841,#9843,.T.);
#9841 = VERTEX_POINT('',#9842);
#9842 = CARTESIAN_POINT('',(106.365,-89.71,0.));
#9843 = CIRCLE('',#9844,0.75);
#9844 = AXIS2_PLACEMENT_3D('',#9845,#9846,#9847);
#9845 = CARTESIAN_POINT('',(106.365,-88.96,0.));
#9846 = DIRECTION('',(-0.,0.,-1.));
#9847 = DIRECTION('',(-0.,-1.,0.));
#9848 = FACE_BOUND('',#9849,.F.);
#9849 = EDGE_LOOP('',(#9850,#9861,#9870,#9878,#9886,#9895,#9904,#9913,
    #9921,#9929,#9938,#9947,#9956,#9964,#9972,#9981,#9990,#9999,#10007,
    #10015));
#9850 = ORIENTED_EDGE('',*,*,#9851,.F.);
#9851 = EDGE_CURVE('',#9852,#9854,#9856,.T.);
#9852 = VERTEX_POINT('',#9853);
#9853 = CARTESIAN_POINT('',(92.743934,-76.143345,0.));
#9854 = VERTEX_POINT('',#9855);
#9855 = CARTESIAN_POINT('',(92.056655,-75.456066,0.));
#9856 = CIRCLE('',#9857,0.499999603944);
#9857 = AXIS2_PLACEMENT_3D('',#9858,#9859,#9860);
#9858 = CARTESIAN_POINT('',(92.31715788946,-75.88284211054,0.));
#9859 = DIRECTION('',(0.,0.,1.));
#9860 = DIRECTION('',(0.853552897188,-0.521006191616,0.));
#9861 = ORIENTED_EDGE('',*,*,#9862,.F.);
#9862 = EDGE_CURVE('',#9863,#9852,#9865,.T.);
#9863 = VERTEX_POINT('',#9864);
#9864 = CARTESIAN_POINT('',(92.7,-76.299647,0.));
#9865 = CIRCLE('',#9866,0.299998582341);
#9866 = AXIS2_PLACEMENT_3D('',#9867,#9868,#9869);
#9867 = CARTESIAN_POINT('',(92.99999858234,-76.29964624464,0.));
#9868 = DIRECTION('',(0.,0.,-1.));
#9869 = DIRECTION('',(-0.999999999997,-2.517861388613E-06,-0.));
#9870 = ORIENTED_EDGE('',*,*,#9871,.F.);
#9871 = EDGE_CURVE('',#9872,#9863,#9874,.T.);
#9872 = VERTEX_POINT('',#9873);
#9873 = CARTESIAN_POINT('',(92.7,-77.,0.));
#9874 = LINE('',#9875,#9876);
#9875 = CARTESIAN_POINT('',(92.7,-77.,0.));
#9876 = VECTOR('',#9877,1.);
#9877 = DIRECTION('',(0.,1.,0.));
#9878 = ORIENTED_EDGE('',*,*,#9879,.F.);
#9879 = EDGE_CURVE('',#9880,#9872,#9882,.T.);
#9880 = VERTEX_POINT('',#9881);
#9881 = CARTESIAN_POINT('',(92.7,-77.700353,0.));
#9882 = LINE('',#9883,#9884);
#9883 = CARTESIAN_POINT('',(92.7,-77.700353,0.));
#9884 = VECTOR('',#9885,1.);
#9885 = DIRECTION('',(0.,1.,0.));
#9886 = ORIENTED_EDGE('',*,*,#9887,.F.);
#9887 = EDGE_CURVE('',#9888,#9880,#9890,.T.);
#9888 = VERTEX_POINT('',#9889);
#9889 = CARTESIAN_POINT('',(92.743934,-77.856655,0.));
#9890 = CIRCLE('',#9891,0.299998582341);
#9891 = AXIS2_PLACEMENT_3D('',#9892,#9893,#9894);
#9892 = CARTESIAN_POINT('',(92.99999858234,-77.70035375535,0.));
#9893 = DIRECTION('',(0.,0.,-1.));
#9894 = DIRECTION('',(-0.853552641289,-0.521006610849,-0.));
#9895 = ORIENTED_EDGE('',*,*,#9896,.F.);
#9896 = EDGE_CURVE('',#9897,#9888,#9899,.T.);
#9897 = VERTEX_POINT('',#9898);
#9898 = CARTESIAN_POINT('',(92.056655,-78.543934,0.));
#9899 = CIRCLE('',#9900,0.499999603944);
#9900 = AXIS2_PLACEMENT_3D('',#9901,#9902,#9903);
#9901 = CARTESIAN_POINT('',(92.31715788946,-78.11715788946,0.));
#9902 = DIRECTION('',(0.,0.,1.));
#9903 = DIRECTION('',(-0.521006191616,-0.853552897188,0.));
#9904 = ORIENTED_EDGE('',*,*,#9905,.F.);
#9905 = EDGE_CURVE('',#9906,#9897,#9908,.T.);
#9906 = VERTEX_POINT('',#9907);
#9907 = CARTESIAN_POINT('',(91.900353,-78.5,0.));
#9908 = CIRCLE('',#9909,0.299998582341);
#9909 = AXIS2_PLACEMENT_3D('',#9910,#9911,#9912);
#9910 = CARTESIAN_POINT('',(91.900353755355,-78.79999858234,0.));
#9911 = DIRECTION('',(0.,0.,-1.));
#9912 = DIRECTION('',(-2.517861483353E-06,0.999999999997,0.));
#9913 = ORIENTED_EDGE('',*,*,#9914,.F.);
#9914 = EDGE_CURVE('',#9915,#9906,#9917,.T.);
#9915 = VERTEX_POINT('',#9916);
#9916 = CARTESIAN_POINT('',(91.,-78.5,0.));
#9917 = LINE('',#9918,#9919);
#9918 = CARTESIAN_POINT('',(91.,-78.5,0.));
#9919 = VECTOR('',#9920,1.);
#9920 = DIRECTION('',(1.,0.,0.));
#9921 = ORIENTED_EDGE('',*,*,#9922,.F.);
#9922 = EDGE_CURVE('',#9923,#9915,#9925,.T.);
#9923 = VERTEX_POINT('',#9924);
#9924 = CARTESIAN_POINT('',(90.099647,-78.5,0.));
#9925 = LINE('',#9926,#9927);
#9926 = CARTESIAN_POINT('',(90.099647,-78.5,0.));
#9927 = VECTOR('',#9928,1.);
#9928 = DIRECTION('',(1.,0.,0.));
#9929 = ORIENTED_EDGE('',*,*,#9930,.F.);
#9930 = EDGE_CURVE('',#9931,#9923,#9933,.T.);
#9931 = VERTEX_POINT('',#9932);
#9932 = CARTESIAN_POINT('',(89.943345,-78.543934,0.));
#9933 = CIRCLE('',#9934,0.299998582341);
#9934 = AXIS2_PLACEMENT_3D('',#9935,#9936,#9937);
#9935 = CARTESIAN_POINT('',(90.099646244645,-78.79999858234,0.));
#9936 = DIRECTION('',(0.,0.,-1.));
#9937 = DIRECTION('',(-0.52100661085,0.853552641289,0.));
#9938 = ORIENTED_EDGE('',*,*,#9939,.F.);
#9939 = EDGE_CURVE('',#9940,#9931,#9942,.T.);
#9940 = VERTEX_POINT('',#9941);
#9941 = CARTESIAN_POINT('',(89.256066,-77.856655,0.));
#9942 = CIRCLE('',#9943,0.499999603944);
#9943 = AXIS2_PLACEMENT_3D('',#9944,#9945,#9946);
#9944 = CARTESIAN_POINT('',(89.68284211054,-78.11715788946,0.));
#9945 = DIRECTION('',(0.,0.,1.));
#9946 = DIRECTION('',(-0.853552897188,0.521006191616,0.));
#9947 = ORIENTED_EDGE('',*,*,#9948,.F.);
#9948 = EDGE_CURVE('',#9949,#9940,#9951,.T.);
#9949 = VERTEX_POINT('',#9950);
#9950 = CARTESIAN_POINT('',(89.3,-77.700353,0.));
#9951 = CIRCLE('',#9952,0.299998582341);
#9952 = AXIS2_PLACEMENT_3D('',#9953,#9954,#9955);
#9953 = CARTESIAN_POINT('',(89.00000141766,-77.70035375535,0.));
#9954 = DIRECTION('',(0.,0.,-1.));
#9955 = DIRECTION('',(0.999999999997,2.517861388613E-06,0.));
#9956 = ORIENTED_EDGE('',*,*,#9957,.F.);
#9957 = EDGE_CURVE('',#9958,#9949,#9960,.T.);
#9958 = VERTEX_POINT('',#9959);
#9959 = CARTESIAN_POINT('',(89.3,-77.,0.));
#9960 = LINE('',#9961,#9962);
#9961 = CARTESIAN_POINT('',(89.3,-77.,0.));
#9962 = VECTOR('',#9963,1.);
#9963 = DIRECTION('',(0.,-1.,0.));
#9964 = ORIENTED_EDGE('',*,*,#9965,.F.);
#9965 = EDGE_CURVE('',#9966,#9958,#9968,.T.);
#9966 = VERTEX_POINT('',#9967);
#9967 = CARTESIAN_POINT('',(89.3,-76.299647,0.));
#9968 = LINE('',#9969,#9970);
#9969 = CARTESIAN_POINT('',(89.3,-76.299647,0.));
#9970 = VECTOR('',#9971,1.);
#9971 = DIRECTION('',(0.,-1.,0.));
#9972 = ORIENTED_EDGE('',*,*,#9973,.F.);
#9973 = EDGE_CURVE('',#9974,#9966,#9976,.T.);
#9974 = VERTEX_POINT('',#9975);
#9975 = CARTESIAN_POINT('',(89.256066,-76.143345,0.));
#9976 = CIRCLE('',#9977,0.299998582341);
#9977 = AXIS2_PLACEMENT_3D('',#9978,#9979,#9980);
#9978 = CARTESIAN_POINT('',(89.00000141766,-76.29964624464,0.));
#9979 = DIRECTION('',(0.,0.,-1.));
#9980 = DIRECTION('',(0.853552641289,0.521006610849,0.));
#9981 = ORIENTED_EDGE('',*,*,#9982,.F.);
#9982 = EDGE_CURVE('',#9983,#9974,#9985,.T.);
#9983 = VERTEX_POINT('',#9984);
#9984 = CARTESIAN_POINT('',(89.943345,-75.456066,0.));
#9985 = CIRCLE('',#9986,0.499999603944);
#9986 = AXIS2_PLACEMENT_3D('',#9987,#9988,#9989);
#9987 = CARTESIAN_POINT('',(89.68284211054,-75.88284211054,0.));
#9988 = DIRECTION('',(0.,0.,1.));
#9989 = DIRECTION('',(0.521006191616,0.853552897188,-0.));
#9990 = ORIENTED_EDGE('',*,*,#9991,.F.);
#9991 = EDGE_CURVE('',#9992,#9983,#9994,.T.);
#9992 = VERTEX_POINT('',#9993);
#9993 = CARTESIAN_POINT('',(90.099647,-75.5,0.));
#9994 = CIRCLE('',#9995,0.299998582341);
#9995 = AXIS2_PLACEMENT_3D('',#9996,#9997,#9998);
#9996 = CARTESIAN_POINT('',(90.099646244645,-75.20000141766,0.));
#9997 = DIRECTION('',(0.,0.,-1.));
#9998 = DIRECTION('',(2.517861483353E-06,-0.999999999997,0.));
#9999 = ORIENTED_EDGE('',*,*,#10000,.F.);
#10000 = EDGE_CURVE('',#10001,#9992,#10003,.T.);
#10001 = VERTEX_POINT('',#10002);
#10002 = CARTESIAN_POINT('',(91.,-75.5,0.));
#10003 = LINE('',#10004,#10005);
#10004 = CARTESIAN_POINT('',(91.,-75.5,0.));
#10005 = VECTOR('',#10006,1.);
#10006 = DIRECTION('',(-1.,0.,0.));
#10007 = ORIENTED_EDGE('',*,*,#10008,.F.);
#10008 = EDGE_CURVE('',#10009,#10001,#10011,.T.);
#10009 = VERTEX_POINT('',#10010);
#10010 = CARTESIAN_POINT('',(91.900353,-75.5,0.));
#10011 = LINE('',#10012,#10013);
#10012 = CARTESIAN_POINT('',(91.900353,-75.5,0.));
#10013 = VECTOR('',#10014,1.);
#10014 = DIRECTION('',(-1.,0.,0.));
#10015 = ORIENTED_EDGE('',*,*,#10016,.F.);
#10016 = EDGE_CURVE('',#9854,#10009,#10017,.T.);
#10017 = CIRCLE('',#10018,0.299998582341);
#10018 = AXIS2_PLACEMENT_3D('',#10019,#10020,#10021);
#10019 = CARTESIAN_POINT('',(91.900353755355,-75.20000141766,0.));
#10020 = DIRECTION('',(0.,0.,-1.));
#10021 = DIRECTION('',(0.52100661085,-0.853552641289,0.));
#10022 = FACE_BOUND('',#10023,.F.);
#10023 = EDGE_LOOP('',(#10024));
#10024 = ORIENTED_EDGE('',*,*,#10025,.T.);
#10025 = EDGE_CURVE('',#10026,#10026,#10028,.T.);
#10026 = VERTEX_POINT('',#10027);
#10027 = CARTESIAN_POINT('',(90.96,-74.5,0.));
#10028 = CIRCLE('',#10029,2.);
#10029 = AXIS2_PLACEMENT_3D('',#10030,#10031,#10032);
#10030 = CARTESIAN_POINT('',(90.96,-72.5,0.));
#10031 = DIRECTION('',(-0.,0.,-1.));
#10032 = DIRECTION('',(-0.,-1.,0.));
#10033 = FACE_BOUND('',#10034,.F.);
#10034 = EDGE_LOOP('',(#10035));
#10035 = ORIENTED_EDGE('',*,*,#10036,.T.);
#10036 = EDGE_CURVE('',#10037,#10037,#10039,.T.);
#10037 = VERTEX_POINT('',#10038);
#10038 = CARTESIAN_POINT('',(96.04,-73.35,0.));
#10039 = CIRCLE('',#10040,0.85);
#10040 = AXIS2_PLACEMENT_3D('',#10041,#10042,#10043);
#10041 = CARTESIAN_POINT('',(96.04,-72.5,0.));
#10042 = DIRECTION('',(-0.,0.,-1.));
#10043 = DIRECTION('',(1.671865260612E-14,-1.,-0.));
#10044 = FACE_BOUND('',#10045,.F.);
#10045 = EDGE_LOOP('',(#10046));
#10046 = ORIENTED_EDGE('',*,*,#10047,.T.);
#10047 = EDGE_CURVE('',#10048,#10048,#10050,.T.);
#10048 = VERTEX_POINT('',#10049);
#10049 = CARTESIAN_POINT('',(100.595,-81.21,0.));
#10050 = CIRCLE('',#10051,0.4);
#10051 = AXIS2_PLACEMENT_3D('',#10052,#10053,#10054);
#10052 = CARTESIAN_POINT('',(100.595,-80.81,0.));
#10053 = DIRECTION('',(-0.,0.,-1.));
#10054 = DIRECTION('',(-0.,-1.,0.));
#10055 = FACE_BOUND('',#10056,.F.);
#10056 = EDGE_LOOP('',(#10057));
#10057 = ORIENTED_EDGE('',*,*,#10058,.T.);
#10058 = EDGE_CURVE('',#10059,#10059,#10061,.T.);
#10059 = VERTEX_POINT('',#10060);
#10060 = CARTESIAN_POINT('',(100.595,-73.59,0.));
#10061 = CIRCLE('',#10062,0.4);
#10062 = AXIS2_PLACEMENT_3D('',#10063,#10064,#10065);
#10063 = CARTESIAN_POINT('',(100.595,-73.19,0.));
#10064 = DIRECTION('',(-0.,0.,-1.));
#10065 = DIRECTION('',(-0.,-1.,0.));
#10066 = FACE_BOUND('',#10067,.F.);
#10067 = EDGE_LOOP('',(#10068));
#10068 = ORIENTED_EDGE('',*,*,#10069,.T.);
#10069 = EDGE_CURVE('',#10070,#10070,#10072,.T.);
#10070 = VERTEX_POINT('',#10071);
#10071 = CARTESIAN_POINT('',(105.015,-73.35,0.));
#10072 = CIRCLE('',#10073,0.85);
#10073 = AXIS2_PLACEMENT_3D('',#10074,#10075,#10076);
#10074 = CARTESIAN_POINT('',(105.015,-72.5,0.));
#10075 = DIRECTION('',(-0.,0.,-1.));
#10076 = DIRECTION('',(-0.,-1.,0.));
#10077 = FACE_BOUND('',#10078,.F.);
#10078 = EDGE_LOOP('',(#10079,#10090,#10099,#10107,#10115,#10124,#10133,
    #10142,#10150,#10158,#10167,#10176,#10185,#10193,#10201,#10210,
    #10219,#10228,#10236,#10244));
#10079 = ORIENTED_EDGE('',*,*,#10080,.F.);
#10080 = EDGE_CURVE('',#10081,#10083,#10085,.T.);
#10081 = VERTEX_POINT('',#10082);
#10082 = CARTESIAN_POINT('',(112.338934,-95.143345,0.));
#10083 = VERTEX_POINT('',#10084);
#10084 = CARTESIAN_POINT('',(111.651655,-94.456066,0.));
#10085 = CIRCLE('',#10086,0.499999603944);
#10086 = AXIS2_PLACEMENT_3D('',#10087,#10088,#10089);
#10087 = CARTESIAN_POINT('',(111.91215788946,-94.88284211054,0.));
#10088 = DIRECTION('',(0.,0.,1.));
#10089 = DIRECTION('',(0.853552897188,-0.521006191616,0.));
#10090 = ORIENTED_EDGE('',*,*,#10091,.F.);
#10091 = EDGE_CURVE('',#10092,#10081,#10094,.T.);
#10092 = VERTEX_POINT('',#10093);
#10093 = CARTESIAN_POINT('',(112.295,-95.299647,0.));
#10094 = CIRCLE('',#10095,0.299998582341);
#10095 = AXIS2_PLACEMENT_3D('',#10096,#10097,#10098);
#10096 = CARTESIAN_POINT('',(112.59499858234,-95.29964624464,0.));
#10097 = DIRECTION('',(0.,0.,-1.));
#10098 = DIRECTION('',(-0.999999999997,-2.517861388613E-06,-0.));
#10099 = ORIENTED_EDGE('',*,*,#10100,.F.);
#10100 = EDGE_CURVE('',#10101,#10092,#10103,.T.);
#10101 = VERTEX_POINT('',#10102);
#10102 = CARTESIAN_POINT('',(112.295,-96.,0.));
#10103 = LINE('',#10104,#10105);
#10104 = CARTESIAN_POINT('',(112.295,-96.,0.));
#10105 = VECTOR('',#10106,1.);
#10106 = DIRECTION('',(0.,1.,0.));
#10107 = ORIENTED_EDGE('',*,*,#10108,.F.);
#10108 = EDGE_CURVE('',#10109,#10101,#10111,.T.);
#10109 = VERTEX_POINT('',#10110);
#10110 = CARTESIAN_POINT('',(112.295,-96.700353,0.));
#10111 = LINE('',#10112,#10113);
#10112 = CARTESIAN_POINT('',(112.295,-96.700353,0.));
#10113 = VECTOR('',#10114,1.);
#10114 = DIRECTION('',(0.,1.,0.));
#10115 = ORIENTED_EDGE('',*,*,#10116,.F.);
#10116 = EDGE_CURVE('',#10117,#10109,#10119,.T.);
#10117 = VERTEX_POINT('',#10118);
#10118 = CARTESIAN_POINT('',(112.338934,-96.856655,0.));
#10119 = CIRCLE('',#10120,0.299998582341);
#10120 = AXIS2_PLACEMENT_3D('',#10121,#10122,#10123);
#10121 = CARTESIAN_POINT('',(112.59499858234,-96.70035375535,0.));
#10122 = DIRECTION('',(0.,0.,-1.));
#10123 = DIRECTION('',(-0.853552641289,-0.521006610849,-0.));
#10124 = ORIENTED_EDGE('',*,*,#10125,.F.);
#10125 = EDGE_CURVE('',#10126,#10117,#10128,.T.);
#10126 = VERTEX_POINT('',#10127);
#10127 = CARTESIAN_POINT('',(111.651655,-97.543934,0.));
#10128 = CIRCLE('',#10129,0.499999603944);
#10129 = AXIS2_PLACEMENT_3D('',#10130,#10131,#10132);
#10130 = CARTESIAN_POINT('',(111.91215788946,-97.11715788946,0.));
#10131 = DIRECTION('',(0.,0.,1.));
#10132 = DIRECTION('',(-0.521006191616,-0.853552897188,0.));
#10133 = ORIENTED_EDGE('',*,*,#10134,.F.);
#10134 = EDGE_CURVE('',#10135,#10126,#10137,.T.);
#10135 = VERTEX_POINT('',#10136);
#10136 = CARTESIAN_POINT('',(111.495353,-97.5,0.));
#10137 = CIRCLE('',#10138,0.299998582341);
#10138 = AXIS2_PLACEMENT_3D('',#10139,#10140,#10141);
#10139 = CARTESIAN_POINT('',(111.49535375535,-97.79999858234,0.));
#10140 = DIRECTION('',(0.,0.,-1.));
#10141 = DIRECTION('',(-2.517861483353E-06,0.999999999997,0.));
#10142 = ORIENTED_EDGE('',*,*,#10143,.F.);
#10143 = EDGE_CURVE('',#10144,#10135,#10146,.T.);
#10144 = VERTEX_POINT('',#10145);
#10145 = CARTESIAN_POINT('',(110.595,-97.5,0.));
#10146 = LINE('',#10147,#10148);
#10147 = CARTESIAN_POINT('',(110.595,-97.5,0.));
#10148 = VECTOR('',#10149,1.);
#10149 = DIRECTION('',(1.,0.,0.));
#10150 = ORIENTED_EDGE('',*,*,#10151,.F.);
#10151 = EDGE_CURVE('',#10152,#10144,#10154,.T.);
#10152 = VERTEX_POINT('',#10153);
#10153 = CARTESIAN_POINT('',(109.694647,-97.5,0.));
#10154 = LINE('',#10155,#10156);
#10155 = CARTESIAN_POINT('',(109.694647,-97.5,0.));
#10156 = VECTOR('',#10157,1.);
#10157 = DIRECTION('',(1.,0.,0.));
#10158 = ORIENTED_EDGE('',*,*,#10159,.F.);
#10159 = EDGE_CURVE('',#10160,#10152,#10162,.T.);
#10160 = VERTEX_POINT('',#10161);
#10161 = CARTESIAN_POINT('',(109.538345,-97.543934,0.));
#10162 = CIRCLE('',#10163,0.299998582341);
#10163 = AXIS2_PLACEMENT_3D('',#10164,#10165,#10166);
#10164 = CARTESIAN_POINT('',(109.69464624464,-97.79999858234,0.));
#10165 = DIRECTION('',(0.,0.,-1.));
#10166 = DIRECTION('',(-0.52100661085,0.853552641289,0.));
#10167 = ORIENTED_EDGE('',*,*,#10168,.F.);
#10168 = EDGE_CURVE('',#10169,#10160,#10171,.T.);
#10169 = VERTEX_POINT('',#10170);
#10170 = CARTESIAN_POINT('',(108.851066,-96.856655,0.));
#10171 = CIRCLE('',#10172,0.499999603944);
#10172 = AXIS2_PLACEMENT_3D('',#10173,#10174,#10175);
#10173 = CARTESIAN_POINT('',(109.27784211054,-97.11715788946,0.));
#10174 = DIRECTION('',(0.,0.,1.));
#10175 = DIRECTION('',(-0.853552897188,0.521006191616,0.));
#10176 = ORIENTED_EDGE('',*,*,#10177,.F.);
#10177 = EDGE_CURVE('',#10178,#10169,#10180,.T.);
#10178 = VERTEX_POINT('',#10179);
#10179 = CARTESIAN_POINT('',(108.895,-96.700353,0.));
#10180 = CIRCLE('',#10181,0.299998582341);
#10181 = AXIS2_PLACEMENT_3D('',#10182,#10183,#10184);
#10182 = CARTESIAN_POINT('',(108.59500141766,-96.70035375535,0.));
#10183 = DIRECTION('',(0.,0.,-1.));
#10184 = DIRECTION('',(0.999999999997,2.517861388613E-06,0.));
#10185 = ORIENTED_EDGE('',*,*,#10186,.F.);
#10186 = EDGE_CURVE('',#10187,#10178,#10189,.T.);
#10187 = VERTEX_POINT('',#10188);
#10188 = CARTESIAN_POINT('',(108.895,-96.,0.));
#10189 = LINE('',#10190,#10191);
#10190 = CARTESIAN_POINT('',(108.895,-96.,0.));
#10191 = VECTOR('',#10192,1.);
#10192 = DIRECTION('',(0.,-1.,0.));
#10193 = ORIENTED_EDGE('',*,*,#10194,.F.);
#10194 = EDGE_CURVE('',#10195,#10187,#10197,.T.);
#10195 = VERTEX_POINT('',#10196);
#10196 = CARTESIAN_POINT('',(108.895,-95.299647,0.));
#10197 = LINE('',#10198,#10199);
#10198 = CARTESIAN_POINT('',(108.895,-95.299647,0.));
#10199 = VECTOR('',#10200,1.);
#10200 = DIRECTION('',(0.,-1.,0.));
#10201 = ORIENTED_EDGE('',*,*,#10202,.F.);
#10202 = EDGE_CURVE('',#10203,#10195,#10205,.T.);
#10203 = VERTEX_POINT('',#10204);
#10204 = CARTESIAN_POINT('',(108.851066,-95.143345,0.));
#10205 = CIRCLE('',#10206,0.299998582341);
#10206 = AXIS2_PLACEMENT_3D('',#10207,#10208,#10209);
#10207 = CARTESIAN_POINT('',(108.59500141766,-95.29964624464,0.));
#10208 = DIRECTION('',(0.,0.,-1.));
#10209 = DIRECTION('',(0.853552641289,0.521006610849,0.));
#10210 = ORIENTED_EDGE('',*,*,#10211,.F.);
#10211 = EDGE_CURVE('',#10212,#10203,#10214,.T.);
#10212 = VERTEX_POINT('',#10213);
#10213 = CARTESIAN_POINT('',(109.538345,-94.456066,0.));
#10214 = CIRCLE('',#10215,0.499999603944);
#10215 = AXIS2_PLACEMENT_3D('',#10216,#10217,#10218);
#10216 = CARTESIAN_POINT('',(109.27784211054,-94.88284211054,0.));
#10217 = DIRECTION('',(0.,0.,1.));
#10218 = DIRECTION('',(0.521006191616,0.853552897188,-0.));
#10219 = ORIENTED_EDGE('',*,*,#10220,.F.);
#10220 = EDGE_CURVE('',#10221,#10212,#10223,.T.);
#10221 = VERTEX_POINT('',#10222);
#10222 = CARTESIAN_POINT('',(109.694647,-94.5,0.));
#10223 = CIRCLE('',#10224,0.299998582341);
#10224 = AXIS2_PLACEMENT_3D('',#10225,#10226,#10227);
#10225 = CARTESIAN_POINT('',(109.69464624464,-94.20000141766,0.));
#10226 = DIRECTION('',(0.,0.,-1.));
#10227 = DIRECTION('',(2.517861530723E-06,-0.999999999997,0.));
#10228 = ORIENTED_EDGE('',*,*,#10229,.F.);
#10229 = EDGE_CURVE('',#10230,#10221,#10232,.T.);
#10230 = VERTEX_POINT('',#10231);
#10231 = CARTESIAN_POINT('',(110.595,-94.5,0.));
#10232 = LINE('',#10233,#10234);
#10233 = CARTESIAN_POINT('',(110.595,-94.5,0.));
#10234 = VECTOR('',#10235,1.);
#10235 = DIRECTION('',(-1.,0.,0.));
#10236 = ORIENTED_EDGE('',*,*,#10237,.F.);
#10237 = EDGE_CURVE('',#10238,#10230,#10240,.T.);
#10238 = VERTEX_POINT('',#10239);
#10239 = CARTESIAN_POINT('',(111.495353,-94.5,0.));
#10240 = LINE('',#10241,#10242);
#10241 = CARTESIAN_POINT('',(111.495353,-94.5,0.));
#10242 = VECTOR('',#10243,1.);
#10243 = DIRECTION('',(-1.,0.,0.));
#10244 = ORIENTED_EDGE('',*,*,#10245,.F.);
#10245 = EDGE_CURVE('',#10083,#10238,#10246,.T.);
#10246 = CIRCLE('',#10247,0.299998582341);
#10247 = AXIS2_PLACEMENT_3D('',#10248,#10249,#10250);
#10248 = CARTESIAN_POINT('',(111.49535375535,-94.20000141766,0.));
#10249 = DIRECTION('',(0.,0.,-1.));
#10250 = DIRECTION('',(0.52100661085,-0.853552641289,0.));
#10251 = FACE_BOUND('',#10252,.F.);
#10252 = EDGE_LOOP('',(#10253));
#10253 = ORIENTED_EDGE('',*,*,#10254,.T.);
#10254 = EDGE_CURVE('',#10255,#10255,#10257,.T.);
#10255 = VERTEX_POINT('',#10256);
#10256 = CARTESIAN_POINT('',(119.595,-100.21,0.));
#10257 = CIRCLE('',#10258,0.4);
#10258 = AXIS2_PLACEMENT_3D('',#10259,#10260,#10261);
#10259 = CARTESIAN_POINT('',(119.595,-99.81,0.));
#10260 = DIRECTION('',(-0.,0.,-1.));
#10261 = DIRECTION('',(-0.,-1.,0.));
#10262 = FACE_BOUND('',#10263,.F.);
#10263 = EDGE_LOOP('',(#10264,#10275,#10284,#10292,#10300,#10309,#10318,
    #10327,#10335,#10343,#10352,#10361,#10370,#10378,#10386,#10395,
    #10404,#10413,#10421,#10429));
#10264 = ORIENTED_EDGE('',*,*,#10265,.F.);
#10265 = EDGE_CURVE('',#10266,#10268,#10270,.T.);
#10266 = VERTEX_POINT('',#10267);
#10267 = CARTESIAN_POINT('',(130.838934,-95.143345,0.));
#10268 = VERTEX_POINT('',#10269);
#10269 = CARTESIAN_POINT('',(130.151655,-94.456066,0.));
#10270 = CIRCLE('',#10271,0.499999603944);
#10271 = AXIS2_PLACEMENT_3D('',#10272,#10273,#10274);
#10272 = CARTESIAN_POINT('',(130.41215788946,-94.88284211054,0.));
#10273 = DIRECTION('',(0.,0.,1.));
#10274 = DIRECTION('',(0.853552897188,-0.521006191616,0.));
#10275 = ORIENTED_EDGE('',*,*,#10276,.F.);
#10276 = EDGE_CURVE('',#10277,#10266,#10279,.T.);
#10277 = VERTEX_POINT('',#10278);
#10278 = CARTESIAN_POINT('',(130.795,-95.299647,0.));
#10279 = CIRCLE('',#10280,0.299998582342);
#10280 = AXIS2_PLACEMENT_3D('',#10281,#10282,#10283);
#10281 = CARTESIAN_POINT('',(131.09499858234,-95.29964624464,0.));
#10282 = DIRECTION('',(0.,0.,-1.));
#10283 = DIRECTION('',(-0.999999999997,-2.517860772802E-06,-0.));
#10284 = ORIENTED_EDGE('',*,*,#10285,.F.);
#10285 = EDGE_CURVE('',#10286,#10277,#10288,.T.);
#10286 = VERTEX_POINT('',#10287);
#10287 = CARTESIAN_POINT('',(130.795,-96.,0.));
#10288 = LINE('',#10289,#10290);
#10289 = CARTESIAN_POINT('',(130.795,-96.,0.));
#10290 = VECTOR('',#10291,1.);
#10291 = DIRECTION('',(0.,1.,0.));
#10292 = ORIENTED_EDGE('',*,*,#10293,.F.);
#10293 = EDGE_CURVE('',#10294,#10286,#10296,.T.);
#10294 = VERTEX_POINT('',#10295);
#10295 = CARTESIAN_POINT('',(130.795,-96.700353,0.));
#10296 = LINE('',#10297,#10298);
#10297 = CARTESIAN_POINT('',(130.795,-96.700353,0.));
#10298 = VECTOR('',#10299,1.);
#10299 = DIRECTION('',(0.,1.,0.));
#10300 = ORIENTED_EDGE('',*,*,#10301,.F.);
#10301 = EDGE_CURVE('',#10302,#10294,#10304,.T.);
#10302 = VERTEX_POINT('',#10303);
#10303 = CARTESIAN_POINT('',(130.838934,-96.856655,0.));
#10304 = CIRCLE('',#10305,0.299998582342);
#10305 = AXIS2_PLACEMENT_3D('',#10306,#10307,#10308);
#10306 = CARTESIAN_POINT('',(131.09499858234,-96.70035375535,0.));
#10307 = DIRECTION('',(0.,0.,-1.));
#10308 = DIRECTION('',(-0.853552641289,-0.521006610849,-0.));
#10309 = ORIENTED_EDGE('',*,*,#10310,.F.);
#10310 = EDGE_CURVE('',#10311,#10302,#10313,.T.);
#10311 = VERTEX_POINT('',#10312);
#10312 = CARTESIAN_POINT('',(130.151655,-97.543934,0.));
#10313 = CIRCLE('',#10314,0.499999603944);
#10314 = AXIS2_PLACEMENT_3D('',#10315,#10316,#10317);
#10315 = CARTESIAN_POINT('',(130.41215788946,-97.11715788946,0.));
#10316 = DIRECTION('',(0.,0.,1.));
#10317 = DIRECTION('',(-0.521006191616,-0.853552897188,0.));
#10318 = ORIENTED_EDGE('',*,*,#10319,.F.);
#10319 = EDGE_CURVE('',#10320,#10311,#10322,.T.);
#10320 = VERTEX_POINT('',#10321);
#10321 = CARTESIAN_POINT('',(129.995353,-97.5,0.));
#10322 = CIRCLE('',#10323,0.299998582341);
#10323 = AXIS2_PLACEMENT_3D('',#10324,#10325,#10326);
#10324 = CARTESIAN_POINT('',(129.99535375535,-97.79999858234,0.));
#10325 = DIRECTION('',(0.,0.,-1.));
#10326 = DIRECTION('',(-2.517861293872E-06,0.999999999997,0.));
#10327 = ORIENTED_EDGE('',*,*,#10328,.F.);
#10328 = EDGE_CURVE('',#10329,#10320,#10331,.T.);
#10329 = VERTEX_POINT('',#10330);
#10330 = CARTESIAN_POINT('',(129.095,-97.5,0.));
#10331 = LINE('',#10332,#10333);
#10332 = CARTESIAN_POINT('',(129.095,-97.5,0.));
#10333 = VECTOR('',#10334,1.);
#10334 = DIRECTION('',(1.,0.,0.));
#10335 = ORIENTED_EDGE('',*,*,#10336,.F.);
#10336 = EDGE_CURVE('',#10337,#10329,#10339,.T.);
#10337 = VERTEX_POINT('',#10338);
#10338 = CARTESIAN_POINT('',(128.194647,-97.5,0.));
#10339 = LINE('',#10340,#10341);
#10340 = CARTESIAN_POINT('',(128.194647,-97.5,0.));
#10341 = VECTOR('',#10342,1.);
#10342 = DIRECTION('',(1.,0.,0.));
#10343 = ORIENTED_EDGE('',*,*,#10344,.F.);
#10344 = EDGE_CURVE('',#10345,#10337,#10347,.T.);
#10345 = VERTEX_POINT('',#10346);
#10346 = CARTESIAN_POINT('',(128.038345,-97.543934,0.));
#10347 = CIRCLE('',#10348,0.299998582341);
#10348 = AXIS2_PLACEMENT_3D('',#10349,#10350,#10351);
#10349 = CARTESIAN_POINT('',(128.19464624464,-97.79999858234,0.));
#10350 = DIRECTION('',(0.,0.,-1.));
#10351 = DIRECTION('',(-0.521006610849,0.853552641289,0.));
#10352 = ORIENTED_EDGE('',*,*,#10353,.F.);
#10353 = EDGE_CURVE('',#10354,#10345,#10356,.T.);
#10354 = VERTEX_POINT('',#10355);
#10355 = CARTESIAN_POINT('',(127.351066,-96.856655,0.));
#10356 = CIRCLE('',#10357,0.499999603944);
#10357 = AXIS2_PLACEMENT_3D('',#10358,#10359,#10360);
#10358 = CARTESIAN_POINT('',(127.77784211054,-97.11715788946,0.));
#10359 = DIRECTION('',(0.,0.,1.));
#10360 = DIRECTION('',(-0.853552897188,0.521006191616,0.));
#10361 = ORIENTED_EDGE('',*,*,#10362,.F.);
#10362 = EDGE_CURVE('',#10363,#10354,#10365,.T.);
#10363 = VERTEX_POINT('',#10364);
#10364 = CARTESIAN_POINT('',(127.395,-96.700353,0.));
#10365 = CIRCLE('',#10366,0.299998582341);
#10366 = AXIS2_PLACEMENT_3D('',#10367,#10368,#10369);
#10367 = CARTESIAN_POINT('',(127.09500141766,-96.70035375535,0.));
#10368 = DIRECTION('',(0.,0.,-1.));
#10369 = DIRECTION('',(0.999999999997,2.517861388613E-06,0.));
#10370 = ORIENTED_EDGE('',*,*,#10371,.F.);
#10371 = EDGE_CURVE('',#10372,#10363,#10374,.T.);
#10372 = VERTEX_POINT('',#10373);
#10373 = CARTESIAN_POINT('',(127.395,-96.,0.));
#10374 = LINE('',#10375,#10376);
#10375 = CARTESIAN_POINT('',(127.395,-96.,0.));
#10376 = VECTOR('',#10377,1.);
#10377 = DIRECTION('',(0.,-1.,0.));
#10378 = ORIENTED_EDGE('',*,*,#10379,.F.);
#10379 = EDGE_CURVE('',#10380,#10372,#10382,.T.);
#10380 = VERTEX_POINT('',#10381);
#10381 = CARTESIAN_POINT('',(127.395,-95.299647,0.));
#10382 = LINE('',#10383,#10384);
#10383 = CARTESIAN_POINT('',(127.395,-95.299647,0.));
#10384 = VECTOR('',#10385,1.);
#10385 = DIRECTION('',(0.,-1.,0.));
#10386 = ORIENTED_EDGE('',*,*,#10387,.F.);
#10387 = EDGE_CURVE('',#10388,#10380,#10390,.T.);
#10388 = VERTEX_POINT('',#10389);
#10389 = CARTESIAN_POINT('',(127.351066,-95.143345,0.));
#10390 = CIRCLE('',#10391,0.299998582341);
#10391 = AXIS2_PLACEMENT_3D('',#10392,#10393,#10394);
#10392 = CARTESIAN_POINT('',(127.09500141766,-95.29964624464,0.));
#10393 = DIRECTION('',(0.,0.,-1.));
#10394 = DIRECTION('',(0.853552641289,0.521006610849,0.));
#10395 = ORIENTED_EDGE('',*,*,#10396,.F.);
#10396 = EDGE_CURVE('',#10397,#10388,#10399,.T.);
#10397 = VERTEX_POINT('',#10398);
#10398 = CARTESIAN_POINT('',(128.038345,-94.456066,0.));
#10399 = CIRCLE('',#10400,0.499999603944);
#10400 = AXIS2_PLACEMENT_3D('',#10401,#10402,#10403);
#10401 = CARTESIAN_POINT('',(127.77784211054,-94.88284211054,0.));
#10402 = DIRECTION('',(0.,0.,1.));
#10403 = DIRECTION('',(0.521006191616,0.853552897188,-0.));
#10404 = ORIENTED_EDGE('',*,*,#10405,.F.);
#10405 = EDGE_CURVE('',#10406,#10397,#10408,.T.);
#10406 = VERTEX_POINT('',#10407);
#10407 = CARTESIAN_POINT('',(128.194647,-94.5,0.));
#10408 = CIRCLE('',#10409,0.299998582341);
#10409 = AXIS2_PLACEMENT_3D('',#10410,#10411,#10412);
#10410 = CARTESIAN_POINT('',(128.19464624464,-94.20000141766,0.));
#10411 = DIRECTION('',(0.,0.,-1.));
#10412 = DIRECTION('',(2.517861293872E-06,-0.999999999997,0.));
#10413 = ORIENTED_EDGE('',*,*,#10414,.F.);
#10414 = EDGE_CURVE('',#10415,#10406,#10417,.T.);
#10415 = VERTEX_POINT('',#10416);
#10416 = CARTESIAN_POINT('',(129.095,-94.5,0.));
#10417 = LINE('',#10418,#10419);
#10418 = CARTESIAN_POINT('',(129.095,-94.5,0.));
#10419 = VECTOR('',#10420,1.);
#10420 = DIRECTION('',(-1.,0.,0.));
#10421 = ORIENTED_EDGE('',*,*,#10422,.F.);
#10422 = EDGE_CURVE('',#10423,#10415,#10425,.T.);
#10423 = VERTEX_POINT('',#10424);
#10424 = CARTESIAN_POINT('',(129.995353,-94.5,0.));
#10425 = LINE('',#10426,#10427);
#10426 = CARTESIAN_POINT('',(129.995353,-94.5,0.));
#10427 = VECTOR('',#10428,1.);
#10428 = DIRECTION('',(-1.,0.,0.));
#10429 = ORIENTED_EDGE('',*,*,#10430,.F.);
#10430 = EDGE_CURVE('',#10268,#10423,#10431,.T.);
#10431 = CIRCLE('',#10432,0.299998582341);
#10432 = AXIS2_PLACEMENT_3D('',#10433,#10434,#10435);
#10433 = CARTESIAN_POINT('',(129.99535375535,-94.20000141766,0.));
#10434 = DIRECTION('',(0.,0.,-1.));
#10435 = DIRECTION('',(0.521006610849,-0.853552641289,0.));
#10436 = FACE_BOUND('',#10437,.F.);
#10437 = EDGE_LOOP('',(#10438));
#10438 = ORIENTED_EDGE('',*,*,#10439,.T.);
#10439 = EDGE_CURVE('',#10440,#10440,#10442,.T.);
#10440 = VERTEX_POINT('',#10441);
#10441 = CARTESIAN_POINT('',(155.,-118.75,0.));
#10442 = CIRCLE('',#10443,1.25);
#10443 = AXIS2_PLACEMENT_3D('',#10444,#10445,#10446);
#10444 = CARTESIAN_POINT('',(155.,-117.5,0.));
#10445 = DIRECTION('',(-0.,0.,-1.));
#10446 = DIRECTION('',(-0.,-1.,0.));
#10447 = FACE_BOUND('',#10448,.F.);
#10448 = EDGE_LOOP('',(#10449));
#10449 = ORIENTED_EDGE('',*,*,#10450,.T.);
#10450 = EDGE_CURVE('',#10451,#10451,#10453,.T.);
#10451 = VERTEX_POINT('',#10452);
#10452 = CARTESIAN_POINT('',(138.,-100.21,0.));
#10453 = CIRCLE('',#10454,0.4);
#10454 = AXIS2_PLACEMENT_3D('',#10455,#10456,#10457);
#10455 = CARTESIAN_POINT('',(138.,-99.81,0.));
#10456 = DIRECTION('',(-0.,0.,-1.));
#10457 = DIRECTION('',(-0.,-1.,0.));
#10458 = FACE_BOUND('',#10459,.F.);
#10459 = EDGE_LOOP('',(#10460));
#10460 = ORIENTED_EDGE('',*,*,#10461,.T.);
#10461 = EDGE_CURVE('',#10462,#10462,#10464,.T.);
#10462 = VERTEX_POINT('',#10463);
#10463 = CARTESIAN_POINT('',(110.175,-93.5,0.));
#10464 = CIRCLE('',#10465,2.);
#10465 = AXIS2_PLACEMENT_3D('',#10466,#10467,#10468);
#10466 = CARTESIAN_POINT('',(110.175,-91.5,0.));
#10467 = DIRECTION('',(-0.,0.,-1.));
#10468 = DIRECTION('',(-0.,-1.,0.));
#10469 = FACE_BOUND('',#10470,.F.);
#10470 = EDGE_LOOP('',(#10471));
#10471 = ORIENTED_EDGE('',*,*,#10472,.T.);
#10472 = EDGE_CURVE('',#10473,#10473,#10475,.T.);
#10473 = VERTEX_POINT('',#10474);
#10474 = CARTESIAN_POINT('',(115.255,-92.35,0.));
#10475 = CIRCLE('',#10476,0.85);
#10476 = AXIS2_PLACEMENT_3D('',#10477,#10478,#10479);
#10477 = CARTESIAN_POINT('',(115.255,-91.5,0.));
#10478 = DIRECTION('',(-0.,0.,-1.));
#10479 = DIRECTION('',(-0.,-1.,0.));
#10480 = FACE_BOUND('',#10481,.F.);
#10481 = EDGE_LOOP('',(#10482));
#10482 = ORIENTED_EDGE('',*,*,#10483,.T.);
#10483 = EDGE_CURVE('',#10484,#10484,#10486,.T.);
#10484 = VERTEX_POINT('',#10485);
#10485 = CARTESIAN_POINT('',(119.595,-92.59,0.));
#10486 = CIRCLE('',#10487,0.4);
#10487 = AXIS2_PLACEMENT_3D('',#10488,#10489,#10490);
#10488 = CARTESIAN_POINT('',(119.595,-92.19,0.));
#10489 = DIRECTION('',(-0.,0.,-1.));
#10490 = DIRECTION('',(-0.,-1.,0.));
#10491 = FACE_BOUND('',#10492,.F.);
#10492 = EDGE_LOOP('',(#10493));
#10493 = ORIENTED_EDGE('',*,*,#10494,.T.);
#10494 = EDGE_CURVE('',#10495,#10495,#10497,.T.);
#10495 = VERTEX_POINT('',#10496);
#10496 = CARTESIAN_POINT('',(112.715,-87.17,0.));
#10497 = CIRCLE('',#10498,0.75);
#10498 = AXIS2_PLACEMENT_3D('',#10499,#10500,#10501);
#10499 = CARTESIAN_POINT('',(112.715,-86.42,0.));
#10500 = DIRECTION('',(-0.,0.,-1.));
#10501 = DIRECTION('',(-0.,-1.,0.));
#10502 = FACE_BOUND('',#10503,.F.);
#10503 = EDGE_LOOP('',(#10504));
#10504 = ORIENTED_EDGE('',*,*,#10505,.T.);
#10505 = EDGE_CURVE('',#10506,#10506,#10508,.T.);
#10506 = VERTEX_POINT('',#10507);
#10507 = CARTESIAN_POINT('',(124.015,-92.35,0.));
#10508 = CIRCLE('',#10509,0.85);
#10509 = AXIS2_PLACEMENT_3D('',#10510,#10511,#10512);
#10510 = CARTESIAN_POINT('',(124.015,-91.5,0.));
#10511 = DIRECTION('',(-0.,0.,-1.));
#10512 = DIRECTION('',(-0.,-1.,0.));
#10513 = FACE_BOUND('',#10514,.F.);
#10514 = EDGE_LOOP('',(#10515));
#10515 = ORIENTED_EDGE('',*,*,#10516,.T.);
#10516 = EDGE_CURVE('',#10517,#10517,#10519,.T.);
#10517 = VERTEX_POINT('',#10518);
#10518 = CARTESIAN_POINT('',(129.095,-93.5,0.));
#10519 = CIRCLE('',#10520,2.);
#10520 = AXIS2_PLACEMENT_3D('',#10521,#10522,#10523);
#10521 = CARTESIAN_POINT('',(129.095,-91.5,0.));
#10522 = DIRECTION('',(-0.,0.,-1.));
#10523 = DIRECTION('',(-0.,-1.,0.));
#10524 = FACE_BOUND('',#10525,.F.);
#10525 = EDGE_LOOP('',(#10526));
#10526 = ORIENTED_EDGE('',*,*,#10527,.T.);
#10527 = EDGE_CURVE('',#10528,#10528,#10530,.T.);
#10528 = VERTEX_POINT('',#10529);
#10529 = CARTESIAN_POINT('',(125.285,-89.71,0.));
#10530 = CIRCLE('',#10531,0.75);
#10531 = AXIS2_PLACEMENT_3D('',#10532,#10533,#10534);
#10532 = CARTESIAN_POINT('',(125.285,-88.96,0.));
#10533 = DIRECTION('',(-0.,0.,-1.));
#10534 = DIRECTION('',(-0.,-1.,0.));
#10535 = FACE_BOUND('',#10536,.F.);
#10536 = EDGE_LOOP('',(#10537));
#10537 = ORIENTED_EDGE('',*,*,#10538,.T.);
#10538 = EDGE_CURVE('',#10539,#10539,#10541,.T.);
#10539 = VERTEX_POINT('',#10540);
#10540 = CARTESIAN_POINT('',(131.635,-87.17,0.));
#10541 = CIRCLE('',#10542,0.75);
#10542 = AXIS2_PLACEMENT_3D('',#10543,#10544,#10545);
#10543 = CARTESIAN_POINT('',(131.635,-86.42,0.));
#10544 = DIRECTION('',(-0.,0.,-1.));
#10545 = DIRECTION('',(-0.,-1.,0.));
#10546 = FACE_BOUND('',#10547,.F.);
#10547 = EDGE_LOOP('',(#10548));
#10548 = ORIENTED_EDGE('',*,*,#10549,.T.);
#10549 = EDGE_CURVE('',#10550,#10550,#10552,.T.);
#10550 = VERTEX_POINT('',#10551);
#10551 = CARTESIAN_POINT('',(119.595,-81.21,0.));
#10552 = CIRCLE('',#10553,0.4);
#10553 = AXIS2_PLACEMENT_3D('',#10554,#10555,#10556);
#10554 = CARTESIAN_POINT('',(119.595,-80.81,0.));
#10555 = DIRECTION('',(-0.,0.,-1.));
#10556 = DIRECTION('',(-0.,-1.,0.));
#10557 = FACE_BOUND('',#10558,.F.);
#10558 = EDGE_LOOP('',(#10559,#10570,#10579,#10587,#10595,#10604,#10613,
    #10622,#10630,#10638,#10647,#10656,#10665,#10673,#10681,#10690,
    #10699,#10708,#10716,#10724));
#10559 = ORIENTED_EDGE('',*,*,#10560,.F.);
#10560 = EDGE_CURVE('',#10561,#10563,#10565,.T.);
#10561 = VERTEX_POINT('',#10562);
#10562 = CARTESIAN_POINT('',(112.243934,-76.143345,0.));
#10563 = VERTEX_POINT('',#10564);
#10564 = CARTESIAN_POINT('',(111.556655,-75.456066,0.));
#10565 = CIRCLE('',#10566,0.499999603944);
#10566 = AXIS2_PLACEMENT_3D('',#10567,#10568,#10569);
#10567 = CARTESIAN_POINT('',(111.81715788946,-75.88284211054,0.));
#10568 = DIRECTION('',(0.,0.,1.));
#10569 = DIRECTION('',(0.853552897188,-0.521006191616,0.));
#10570 = ORIENTED_EDGE('',*,*,#10571,.F.);
#10571 = EDGE_CURVE('',#10572,#10561,#10574,.T.);
#10572 = VERTEX_POINT('',#10573);
#10573 = CARTESIAN_POINT('',(112.2,-76.299647,0.));
#10574 = CIRCLE('',#10575,0.299998582341);
#10575 = AXIS2_PLACEMENT_3D('',#10576,#10577,#10578);
#10576 = CARTESIAN_POINT('',(112.49999858234,-76.29964624464,0.));
#10577 = DIRECTION('',(0.,0.,-1.));
#10578 = DIRECTION('',(-0.999999999997,-2.517861388613E-06,-0.));
#10579 = ORIENTED_EDGE('',*,*,#10580,.F.);
#10580 = EDGE_CURVE('',#10581,#10572,#10583,.T.);
#10581 = VERTEX_POINT('',#10582);
#10582 = CARTESIAN_POINT('',(112.2,-77.,0.));
#10583 = LINE('',#10584,#10585);
#10584 = CARTESIAN_POINT('',(112.2,-77.,0.));
#10585 = VECTOR('',#10586,1.);
#10586 = DIRECTION('',(0.,1.,0.));
#10587 = ORIENTED_EDGE('',*,*,#10588,.F.);
#10588 = EDGE_CURVE('',#10589,#10581,#10591,.T.);
#10589 = VERTEX_POINT('',#10590);
#10590 = CARTESIAN_POINT('',(112.2,-77.700353,0.));
#10591 = LINE('',#10592,#10593);
#10592 = CARTESIAN_POINT('',(112.2,-77.700353,0.));
#10593 = VECTOR('',#10594,1.);
#10594 = DIRECTION('',(0.,1.,0.));
#10595 = ORIENTED_EDGE('',*,*,#10596,.F.);
#10596 = EDGE_CURVE('',#10597,#10589,#10599,.T.);
#10597 = VERTEX_POINT('',#10598);
#10598 = CARTESIAN_POINT('',(112.243934,-77.856655,0.));
#10599 = CIRCLE('',#10600,0.299998582341);
#10600 = AXIS2_PLACEMENT_3D('',#10601,#10602,#10603);
#10601 = CARTESIAN_POINT('',(112.49999858234,-77.70035375535,0.));
#10602 = DIRECTION('',(0.,0.,-1.));
#10603 = DIRECTION('',(-0.853552641289,-0.521006610849,-0.));
#10604 = ORIENTED_EDGE('',*,*,#10605,.F.);
#10605 = EDGE_CURVE('',#10606,#10597,#10608,.T.);
#10606 = VERTEX_POINT('',#10607);
#10607 = CARTESIAN_POINT('',(111.556655,-78.543934,0.));
#10608 = CIRCLE('',#10609,0.499999603944);
#10609 = AXIS2_PLACEMENT_3D('',#10610,#10611,#10612);
#10610 = CARTESIAN_POINT('',(111.81715788946,-78.11715788946,0.));
#10611 = DIRECTION('',(0.,0.,1.));
#10612 = DIRECTION('',(-0.521006191616,-0.853552897188,0.));
#10613 = ORIENTED_EDGE('',*,*,#10614,.F.);
#10614 = EDGE_CURVE('',#10615,#10606,#10617,.T.);
#10615 = VERTEX_POINT('',#10616);
#10616 = CARTESIAN_POINT('',(111.400353,-78.5,0.));
#10617 = CIRCLE('',#10618,0.299998582341);
#10618 = AXIS2_PLACEMENT_3D('',#10619,#10620,#10621);
#10619 = CARTESIAN_POINT('',(111.40035375535,-78.79999858234,0.));
#10620 = DIRECTION('',(0.,0.,-1.));
#10621 = DIRECTION('',(-2.517861483353E-06,0.999999999997,0.));
#10622 = ORIENTED_EDGE('',*,*,#10623,.F.);
#10623 = EDGE_CURVE('',#10624,#10615,#10626,.T.);
#10624 = VERTEX_POINT('',#10625);
#10625 = CARTESIAN_POINT('',(110.5,-78.5,0.));
#10626 = LINE('',#10627,#10628);
#10627 = CARTESIAN_POINT('',(110.5,-78.5,0.));
#10628 = VECTOR('',#10629,1.);
#10629 = DIRECTION('',(1.,0.,0.));
#10630 = ORIENTED_EDGE('',*,*,#10631,.F.);
#10631 = EDGE_CURVE('',#10632,#10624,#10634,.T.);
#10632 = VERTEX_POINT('',#10633);
#10633 = CARTESIAN_POINT('',(109.599647,-78.5,0.));
#10634 = LINE('',#10635,#10636);
#10635 = CARTESIAN_POINT('',(109.599647,-78.5,0.));
#10636 = VECTOR('',#10637,1.);
#10637 = DIRECTION('',(1.,0.,0.));
#10638 = ORIENTED_EDGE('',*,*,#10639,.F.);
#10639 = EDGE_CURVE('',#10640,#10632,#10642,.T.);
#10640 = VERTEX_POINT('',#10641);
#10641 = CARTESIAN_POINT('',(109.443345,-78.543934,0.));
#10642 = CIRCLE('',#10643,0.299998582341);
#10643 = AXIS2_PLACEMENT_3D('',#10644,#10645,#10646);
#10644 = CARTESIAN_POINT('',(109.59964624464,-78.79999858234,0.));
#10645 = DIRECTION('',(0.,0.,-1.));
#10646 = DIRECTION('',(-0.52100661085,0.853552641289,0.));
#10647 = ORIENTED_EDGE('',*,*,#10648,.F.);
#10648 = EDGE_CURVE('',#10649,#10640,#10651,.T.);
#10649 = VERTEX_POINT('',#10650);
#10650 = CARTESIAN_POINT('',(108.756066,-77.856655,0.));
#10651 = CIRCLE('',#10652,0.499999603944);
#10652 = AXIS2_PLACEMENT_3D('',#10653,#10654,#10655);
#10653 = CARTESIAN_POINT('',(109.18284211054,-78.11715788946,0.));
#10654 = DIRECTION('',(0.,0.,1.));
#10655 = DIRECTION('',(-0.853552897188,0.521006191616,0.));
#10656 = ORIENTED_EDGE('',*,*,#10657,.F.);
#10657 = EDGE_CURVE('',#10658,#10649,#10660,.T.);
#10658 = VERTEX_POINT('',#10659);
#10659 = CARTESIAN_POINT('',(108.8,-77.700353,0.));
#10660 = CIRCLE('',#10661,0.299998582341);
#10661 = AXIS2_PLACEMENT_3D('',#10662,#10663,#10664);
#10662 = CARTESIAN_POINT('',(108.50000141766,-77.70035375535,0.));
#10663 = DIRECTION('',(0.,0.,-1.));
#10664 = DIRECTION('',(0.999999999997,2.517861388613E-06,0.));
#10665 = ORIENTED_EDGE('',*,*,#10666,.F.);
#10666 = EDGE_CURVE('',#10667,#10658,#10669,.T.);
#10667 = VERTEX_POINT('',#10668);
#10668 = CARTESIAN_POINT('',(108.8,-77.,0.));
#10669 = LINE('',#10670,#10671);
#10670 = CARTESIAN_POINT('',(108.8,-77.,0.));
#10671 = VECTOR('',#10672,1.);
#10672 = DIRECTION('',(0.,-1.,0.));
#10673 = ORIENTED_EDGE('',*,*,#10674,.F.);
#10674 = EDGE_CURVE('',#10675,#10667,#10677,.T.);
#10675 = VERTEX_POINT('',#10676);
#10676 = CARTESIAN_POINT('',(108.8,-76.299647,0.));
#10677 = LINE('',#10678,#10679);
#10678 = CARTESIAN_POINT('',(108.8,-76.299647,0.));
#10679 = VECTOR('',#10680,1.);
#10680 = DIRECTION('',(0.,-1.,0.));
#10681 = ORIENTED_EDGE('',*,*,#10682,.F.);
#10682 = EDGE_CURVE('',#10683,#10675,#10685,.T.);
#10683 = VERTEX_POINT('',#10684);
#10684 = CARTESIAN_POINT('',(108.756066,-76.143345,0.));
#10685 = CIRCLE('',#10686,0.299998582341);
#10686 = AXIS2_PLACEMENT_3D('',#10687,#10688,#10689);
#10687 = CARTESIAN_POINT('',(108.50000141766,-76.29964624464,0.));
#10688 = DIRECTION('',(0.,0.,-1.));
#10689 = DIRECTION('',(0.853552641289,0.521006610849,0.));
#10690 = ORIENTED_EDGE('',*,*,#10691,.F.);
#10691 = EDGE_CURVE('',#10692,#10683,#10694,.T.);
#10692 = VERTEX_POINT('',#10693);
#10693 = CARTESIAN_POINT('',(109.443345,-75.456066,0.));
#10694 = CIRCLE('',#10695,0.499999603944);
#10695 = AXIS2_PLACEMENT_3D('',#10696,#10697,#10698);
#10696 = CARTESIAN_POINT('',(109.18284211054,-75.88284211054,0.));
#10697 = DIRECTION('',(0.,0.,1.));
#10698 = DIRECTION('',(0.521006191616,0.853552897188,-0.));
#10699 = ORIENTED_EDGE('',*,*,#10700,.F.);
#10700 = EDGE_CURVE('',#10701,#10692,#10703,.T.);
#10701 = VERTEX_POINT('',#10702);
#10702 = CARTESIAN_POINT('',(109.599647,-75.5,0.));
#10703 = CIRCLE('',#10704,0.299998582341);
#10704 = AXIS2_PLACEMENT_3D('',#10705,#10706,#10707);
#10705 = CARTESIAN_POINT('',(109.59964624464,-75.20000141766,0.));
#10706 = DIRECTION('',(0.,0.,-1.));
#10707 = DIRECTION('',(2.517861483353E-06,-0.999999999997,0.));
#10708 = ORIENTED_EDGE('',*,*,#10709,.F.);
#10709 = EDGE_CURVE('',#10710,#10701,#10712,.T.);
#10710 = VERTEX_POINT('',#10711);
#10711 = CARTESIAN_POINT('',(110.5,-75.5,0.));
#10712 = LINE('',#10713,#10714);
#10713 = CARTESIAN_POINT('',(110.5,-75.5,0.));
#10714 = VECTOR('',#10715,1.);
#10715 = DIRECTION('',(-1.,0.,0.));
#10716 = ORIENTED_EDGE('',*,*,#10717,.F.);
#10717 = EDGE_CURVE('',#10718,#10710,#10720,.T.);
#10718 = VERTEX_POINT('',#10719);
#10719 = CARTESIAN_POINT('',(111.400353,-75.5,0.));
#10720 = LINE('',#10721,#10722);
#10721 = CARTESIAN_POINT('',(111.400353,-75.5,0.));
#10722 = VECTOR('',#10723,1.);
#10723 = DIRECTION('',(-1.,0.,0.));
#10724 = ORIENTED_EDGE('',*,*,#10725,.F.);
#10725 = EDGE_CURVE('',#10563,#10718,#10726,.T.);
#10726 = CIRCLE('',#10727,0.299998582341);
#10727 = AXIS2_PLACEMENT_3D('',#10728,#10729,#10730);
#10728 = CARTESIAN_POINT('',(111.40035375535,-75.20000141766,0.));
#10729 = DIRECTION('',(0.,0.,-1.));
#10730 = DIRECTION('',(0.52100661085,-0.853552641289,0.));
#10731 = FACE_BOUND('',#10732,.F.);
#10732 = EDGE_LOOP('',(#10733));
#10733 = ORIENTED_EDGE('',*,*,#10734,.T.);
#10734 = EDGE_CURVE('',#10735,#10735,#10737,.T.);
#10735 = VERTEX_POINT('',#10736);
#10736 = CARTESIAN_POINT('',(110.095,-74.5,0.));
#10737 = CIRCLE('',#10738,2.);
#10738 = AXIS2_PLACEMENT_3D('',#10739,#10740,#10741);
#10739 = CARTESIAN_POINT('',(110.095,-72.5,0.));
#10740 = DIRECTION('',(-0.,0.,-1.));
#10741 = DIRECTION('',(-0.,-1.,0.));
#10742 = FACE_BOUND('',#10743,.F.);
#10743 = EDGE_LOOP('',(#10744));
#10744 = ORIENTED_EDGE('',*,*,#10745,.T.);
#10745 = EDGE_CURVE('',#10746,#10746,#10748,.T.);
#10746 = VERTEX_POINT('',#10747);
#10747 = CARTESIAN_POINT('',(115.175,-73.35,0.));
#10748 = CIRCLE('',#10749,0.85);
#10749 = AXIS2_PLACEMENT_3D('',#10750,#10751,#10752);
#10750 = CARTESIAN_POINT('',(115.175,-72.5,0.));
#10751 = DIRECTION('',(-0.,0.,-1.));
#10752 = DIRECTION('',(-1.671865260612E-14,-1.,0.));
#10753 = FACE_BOUND('',#10754,.F.);
#10754 = EDGE_LOOP('',(#10755));
#10755 = ORIENTED_EDGE('',*,*,#10756,.T.);
#10756 = EDGE_CURVE('',#10757,#10757,#10759,.T.);
#10757 = VERTEX_POINT('',#10758);
#10758 = CARTESIAN_POINT('',(119.595,-73.59,0.));
#10759 = CIRCLE('',#10760,0.4);
#10760 = AXIS2_PLACEMENT_3D('',#10761,#10762,#10763);
#10761 = CARTESIAN_POINT('',(119.595,-73.19,0.));
#10762 = DIRECTION('',(-0.,0.,-1.));
#10763 = DIRECTION('',(-0.,-1.,0.));
#10764 = FACE_BOUND('',#10765,.F.);
#10765 = EDGE_LOOP('',(#10766));
#10766 = ORIENTED_EDGE('',*,*,#10767,.T.);
#10767 = EDGE_CURVE('',#10768,#10768,#10770,.T.);
#10768 = VERTEX_POINT('',#10769);
#10769 = CARTESIAN_POINT('',(123.935,-73.35,0.));
#10770 = CIRCLE('',#10771,0.85);
#10771 = AXIS2_PLACEMENT_3D('',#10772,#10773,#10774);
#10772 = CARTESIAN_POINT('',(123.935,-72.5,0.));
#10773 = DIRECTION('',(-0.,0.,-1.));
#10774 = DIRECTION('',(-0.,-1.,0.));
#10775 = FACE_BOUND('',#10776,.F.);
#10776 = EDGE_LOOP('',(#10777,#10788,#10797,#10805,#10813,#10822,#10831,
    #10840,#10848,#10856,#10865,#10874,#10883,#10891,#10899,#10908,
    #10917,#10926,#10934,#10942));
#10777 = ORIENTED_EDGE('',*,*,#10778,.F.);
#10778 = EDGE_CURVE('',#10779,#10781,#10783,.T.);
#10779 = VERTEX_POINT('',#10780);
#10780 = CARTESIAN_POINT('',(130.838934,-76.143345,0.));
#10781 = VERTEX_POINT('',#10782);
#10782 = CARTESIAN_POINT('',(130.151655,-75.456066,0.));
#10783 = CIRCLE('',#10784,0.499999603944);
#10784 = AXIS2_PLACEMENT_3D('',#10785,#10786,#10787);
#10785 = CARTESIAN_POINT('',(130.41215788946,-75.88284211054,0.));
#10786 = DIRECTION('',(0.,0.,1.));
#10787 = DIRECTION('',(0.853552897188,-0.521006191616,0.));
#10788 = ORIENTED_EDGE('',*,*,#10789,.F.);
#10789 = EDGE_CURVE('',#10790,#10779,#10792,.T.);
#10790 = VERTEX_POINT('',#10791);
#10791 = CARTESIAN_POINT('',(130.795,-76.299647,0.));
#10792 = CIRCLE('',#10793,0.299998582342);
#10793 = AXIS2_PLACEMENT_3D('',#10794,#10795,#10796);
#10794 = CARTESIAN_POINT('',(131.09499858234,-76.29964624464,0.));
#10795 = DIRECTION('',(0.,0.,-1.));
#10796 = DIRECTION('',(-0.999999999997,-2.517860772802E-06,-0.));
#10797 = ORIENTED_EDGE('',*,*,#10798,.F.);
#10798 = EDGE_CURVE('',#10799,#10790,#10801,.T.);
#10799 = VERTEX_POINT('',#10800);
#10800 = CARTESIAN_POINT('',(130.795,-77.,0.));
#10801 = LINE('',#10802,#10803);
#10802 = CARTESIAN_POINT('',(130.795,-77.,0.));
#10803 = VECTOR('',#10804,1.);
#10804 = DIRECTION('',(0.,1.,0.));
#10805 = ORIENTED_EDGE('',*,*,#10806,.F.);
#10806 = EDGE_CURVE('',#10807,#10799,#10809,.T.);
#10807 = VERTEX_POINT('',#10808);
#10808 = CARTESIAN_POINT('',(130.795,-77.700353,0.));
#10809 = LINE('',#10810,#10811);
#10810 = CARTESIAN_POINT('',(130.795,-77.700353,0.));
#10811 = VECTOR('',#10812,1.);
#10812 = DIRECTION('',(0.,1.,0.));
#10813 = ORIENTED_EDGE('',*,*,#10814,.F.);
#10814 = EDGE_CURVE('',#10815,#10807,#10817,.T.);
#10815 = VERTEX_POINT('',#10816);
#10816 = CARTESIAN_POINT('',(130.838934,-77.856655,0.));
#10817 = CIRCLE('',#10818,0.299998582342);
#10818 = AXIS2_PLACEMENT_3D('',#10819,#10820,#10821);
#10819 = CARTESIAN_POINT('',(131.09499858234,-77.70035375535,0.));
#10820 = DIRECTION('',(0.,0.,-1.));
#10821 = DIRECTION('',(-0.853552641289,-0.521006610849,-0.));
#10822 = ORIENTED_EDGE('',*,*,#10823,.F.);
#10823 = EDGE_CURVE('',#10824,#10815,#10826,.T.);
#10824 = VERTEX_POINT('',#10825);
#10825 = CARTESIAN_POINT('',(130.151655,-78.543934,0.));
#10826 = CIRCLE('',#10827,0.499999603944);
#10827 = AXIS2_PLACEMENT_3D('',#10828,#10829,#10830);
#10828 = CARTESIAN_POINT('',(130.41215788946,-78.11715788946,0.));
#10829 = DIRECTION('',(0.,0.,1.));
#10830 = DIRECTION('',(-0.521006191616,-0.853552897188,0.));
#10831 = ORIENTED_EDGE('',*,*,#10832,.F.);
#10832 = EDGE_CURVE('',#10833,#10824,#10835,.T.);
#10833 = VERTEX_POINT('',#10834);
#10834 = CARTESIAN_POINT('',(129.995353,-78.5,0.));
#10835 = CIRCLE('',#10836,0.299998582341);
#10836 = AXIS2_PLACEMENT_3D('',#10837,#10838,#10839);
#10837 = CARTESIAN_POINT('',(129.99535375535,-78.79999858234,0.));
#10838 = DIRECTION('',(0.,0.,-1.));
#10839 = DIRECTION('',(-2.517861293872E-06,0.999999999997,0.));
#10840 = ORIENTED_EDGE('',*,*,#10841,.F.);
#10841 = EDGE_CURVE('',#10842,#10833,#10844,.T.);
#10842 = VERTEX_POINT('',#10843);
#10843 = CARTESIAN_POINT('',(129.095,-78.5,0.));
#10844 = LINE('',#10845,#10846);
#10845 = CARTESIAN_POINT('',(129.095,-78.5,0.));
#10846 = VECTOR('',#10847,1.);
#10847 = DIRECTION('',(1.,0.,0.));
#10848 = ORIENTED_EDGE('',*,*,#10849,.F.);
#10849 = EDGE_CURVE('',#10850,#10842,#10852,.T.);
#10850 = VERTEX_POINT('',#10851);
#10851 = CARTESIAN_POINT('',(128.194647,-78.5,0.));
#10852 = LINE('',#10853,#10854);
#10853 = CARTESIAN_POINT('',(128.194647,-78.5,0.));
#10854 = VECTOR('',#10855,1.);
#10855 = DIRECTION('',(1.,0.,0.));
#10856 = ORIENTED_EDGE('',*,*,#10857,.F.);
#10857 = EDGE_CURVE('',#10858,#10850,#10860,.T.);
#10858 = VERTEX_POINT('',#10859);
#10859 = CARTESIAN_POINT('',(128.038345,-78.543934,0.));
#10860 = CIRCLE('',#10861,0.299998582341);
#10861 = AXIS2_PLACEMENT_3D('',#10862,#10863,#10864);
#10862 = CARTESIAN_POINT('',(128.19464624464,-78.79999858234,0.));
#10863 = DIRECTION('',(0.,0.,-1.));
#10864 = DIRECTION('',(-0.521006610849,0.853552641289,0.));
#10865 = ORIENTED_EDGE('',*,*,#10866,.F.);
#10866 = EDGE_CURVE('',#10867,#10858,#10869,.T.);
#10867 = VERTEX_POINT('',#10868);
#10868 = CARTESIAN_POINT('',(127.351066,-77.856655,0.));
#10869 = CIRCLE('',#10870,0.499999603944);
#10870 = AXIS2_PLACEMENT_3D('',#10871,#10872,#10873);
#10871 = CARTESIAN_POINT('',(127.77784211054,-78.11715788946,0.));
#10872 = DIRECTION('',(0.,0.,1.));
#10873 = DIRECTION('',(-0.853552897188,0.521006191616,0.));
#10874 = ORIENTED_EDGE('',*,*,#10875,.F.);
#10875 = EDGE_CURVE('',#10876,#10867,#10878,.T.);
#10876 = VERTEX_POINT('',#10877);
#10877 = CARTESIAN_POINT('',(127.395,-77.700353,0.));
#10878 = CIRCLE('',#10879,0.299998582341);
#10879 = AXIS2_PLACEMENT_3D('',#10880,#10881,#10882);
#10880 = CARTESIAN_POINT('',(127.09500141766,-77.70035375535,0.));
#10881 = DIRECTION('',(0.,0.,-1.));
#10882 = DIRECTION('',(0.999999999997,2.517861388613E-06,0.));
#10883 = ORIENTED_EDGE('',*,*,#10884,.F.);
#10884 = EDGE_CURVE('',#10885,#10876,#10887,.T.);
#10885 = VERTEX_POINT('',#10886);
#10886 = CARTESIAN_POINT('',(127.395,-77.,0.));
#10887 = LINE('',#10888,#10889);
#10888 = CARTESIAN_POINT('',(127.395,-77.,0.));
#10889 = VECTOR('',#10890,1.);
#10890 = DIRECTION('',(0.,-1.,0.));
#10891 = ORIENTED_EDGE('',*,*,#10892,.F.);
#10892 = EDGE_CURVE('',#10893,#10885,#10895,.T.);
#10893 = VERTEX_POINT('',#10894);
#10894 = CARTESIAN_POINT('',(127.395,-76.299647,0.));
#10895 = LINE('',#10896,#10897);
#10896 = CARTESIAN_POINT('',(127.395,-76.299647,0.));
#10897 = VECTOR('',#10898,1.);
#10898 = DIRECTION('',(0.,-1.,0.));
#10899 = ORIENTED_EDGE('',*,*,#10900,.F.);
#10900 = EDGE_CURVE('',#10901,#10893,#10903,.T.);
#10901 = VERTEX_POINT('',#10902);
#10902 = CARTESIAN_POINT('',(127.351066,-76.143345,0.));
#10903 = CIRCLE('',#10904,0.299998582341);
#10904 = AXIS2_PLACEMENT_3D('',#10905,#10906,#10907);
#10905 = CARTESIAN_POINT('',(127.09500141766,-76.29964624464,0.));
#10906 = DIRECTION('',(0.,0.,-1.));
#10907 = DIRECTION('',(0.853552641289,0.521006610849,0.));
#10908 = ORIENTED_EDGE('',*,*,#10909,.F.);
#10909 = EDGE_CURVE('',#10910,#10901,#10912,.T.);
#10910 = VERTEX_POINT('',#10911);
#10911 = CARTESIAN_POINT('',(128.038345,-75.456066,0.));
#10912 = CIRCLE('',#10913,0.499999603944);
#10913 = AXIS2_PLACEMENT_3D('',#10914,#10915,#10916);
#10914 = CARTESIAN_POINT('',(127.77784211054,-75.88284211054,0.));
#10915 = DIRECTION('',(0.,0.,1.));
#10916 = DIRECTION('',(0.521006191616,0.853552897188,-0.));
#10917 = ORIENTED_EDGE('',*,*,#10918,.F.);
#10918 = EDGE_CURVE('',#10919,#10910,#10921,.T.);
#10919 = VERTEX_POINT('',#10920);
#10920 = CARTESIAN_POINT('',(128.194647,-75.5,0.));
#10921 = CIRCLE('',#10922,0.299998582341);
#10922 = AXIS2_PLACEMENT_3D('',#10923,#10924,#10925);
#10923 = CARTESIAN_POINT('',(128.19464624464,-75.20000141766,0.));
#10924 = DIRECTION('',(0.,0.,-1.));
#10925 = DIRECTION('',(2.517861293872E-06,-0.999999999997,0.));
#10926 = ORIENTED_EDGE('',*,*,#10927,.F.);
#10927 = EDGE_CURVE('',#10928,#10919,#10930,.T.);
#10928 = VERTEX_POINT('',#10929);
#10929 = CARTESIAN_POINT('',(129.095,-75.5,0.));
#10930 = LINE('',#10931,#10932);
#10931 = CARTESIAN_POINT('',(129.095,-75.5,0.));
#10932 = VECTOR('',#10933,1.);
#10933 = DIRECTION('',(-1.,0.,0.));
#10934 = ORIENTED_EDGE('',*,*,#10935,.F.);
#10935 = EDGE_CURVE('',#10936,#10928,#10938,.T.);
#10936 = VERTEX_POINT('',#10937);
#10937 = CARTESIAN_POINT('',(129.995353,-75.5,0.));
#10938 = LINE('',#10939,#10940);
#10939 = CARTESIAN_POINT('',(129.995353,-75.5,0.));
#10940 = VECTOR('',#10941,1.);
#10941 = DIRECTION('',(-1.,0.,0.));
#10942 = ORIENTED_EDGE('',*,*,#10943,.F.);
#10943 = EDGE_CURVE('',#10781,#10936,#10944,.T.);
#10944 = CIRCLE('',#10945,0.299998582341);
#10945 = AXIS2_PLACEMENT_3D('',#10946,#10947,#10948);
#10946 = CARTESIAN_POINT('',(129.99535375535,-75.20000141766,0.));
#10947 = DIRECTION('',(0.,0.,-1.));
#10948 = DIRECTION('',(0.521006610849,-0.853552641289,0.));
#10949 = FACE_BOUND('',#10950,.F.);
#10950 = EDGE_LOOP('',(#10951));
#10951 = ORIENTED_EDGE('',*,*,#10952,.T.);
#10952 = EDGE_CURVE('',#10953,#10953,#10955,.T.);
#10953 = VERTEX_POINT('',#10954);
#10954 = CARTESIAN_POINT('',(129.015,-74.5,0.));
#10955 = CIRCLE('',#10956,2.);
#10956 = AXIS2_PLACEMENT_3D('',#10957,#10958,#10959);
#10957 = CARTESIAN_POINT('',(129.015,-72.5,0.));
#10958 = DIRECTION('',(-0.,0.,-1.));
#10959 = DIRECTION('',(-0.,-1.,0.));
#10960 = FACE_BOUND('',#10961,.F.);
#10961 = EDGE_LOOP('',(#10962));
#10962 = ORIENTED_EDGE('',*,*,#10963,.T.);
#10963 = EDGE_CURVE('',#10964,#10964,#10966,.T.);
#10964 = VERTEX_POINT('',#10965);
#10965 = CARTESIAN_POINT('',(134.175,-92.35,0.));
#10966 = CIRCLE('',#10967,0.85);
#10967 = AXIS2_PLACEMENT_3D('',#10968,#10969,#10970);
#10968 = CARTESIAN_POINT('',(134.175,-91.5,0.));
#10969 = DIRECTION('',(-0.,0.,-1.));
#10970 = DIRECTION('',(-0.,-1.,0.));
#10971 = FACE_BOUND('',#10972,.F.);
#10972 = EDGE_LOOP('',(#10973));
#10973 = ORIENTED_EDGE('',*,*,#10974,.T.);
#10974 = EDGE_CURVE('',#10975,#10975,#10977,.T.);
#10975 = VERTEX_POINT('',#10976);
#10976 = CARTESIAN_POINT('',(138.,-92.59,0.));
#10977 = CIRCLE('',#10978,0.4);
#10978 = AXIS2_PLACEMENT_3D('',#10979,#10980,#10981);
#10979 = CARTESIAN_POINT('',(138.,-92.19,0.));
#10980 = DIRECTION('',(-0.,0.,-1.));
#10981 = DIRECTION('',(-0.,-1.,0.));
#10982 = FACE_BOUND('',#10983,.F.);
#10983 = EDGE_LOOP('',(#10984));
#10984 = ORIENTED_EDGE('',*,*,#10985,.T.);
#10985 = EDGE_CURVE('',#10986,#10986,#10988,.T.);
#10986 = VERTEX_POINT('',#10987);
#10987 = CARTESIAN_POINT('',(138.,-81.21,0.));
#10988 = CIRCLE('',#10989,0.4);
#10989 = AXIS2_PLACEMENT_3D('',#10990,#10991,#10992);
#10990 = CARTESIAN_POINT('',(138.,-80.81,0.));
#10991 = DIRECTION('',(-0.,0.,-1.));
#10992 = DIRECTION('',(-0.,-1.,0.));
#10993 = FACE_BOUND('',#10994,.F.);
#10994 = EDGE_LOOP('',(#10995));
#10995 = ORIENTED_EDGE('',*,*,#10996,.T.);
#10996 = EDGE_CURVE('',#10997,#10997,#10999,.T.);
#10997 = VERTEX_POINT('',#10998);
#10998 = CARTESIAN_POINT('',(134.095,-73.35,0.));
#10999 = CIRCLE('',#11000,0.85);
#11000 = AXIS2_PLACEMENT_3D('',#11001,#11002,#11003);
#11001 = CARTESIAN_POINT('',(134.095,-72.5,0.));
#11002 = DIRECTION('',(-0.,0.,-1.));
#11003 = DIRECTION('',(-0.,-1.,0.));
#11004 = FACE_BOUND('',#11005,.F.);
#11005 = EDGE_LOOP('',(#11006));
#11006 = ORIENTED_EDGE('',*,*,#11007,.T.);
#11007 = EDGE_CURVE('',#11008,#11008,#11010,.T.);
#11008 = VERTEX_POINT('',#11009);
#11009 = CARTESIAN_POINT('',(138.,-73.59,0.));
#11010 = CIRCLE('',#11011,0.4);
#11011 = AXIS2_PLACEMENT_3D('',#11012,#11013,#11014);
#11012 = CARTESIAN_POINT('',(138.,-73.19,0.));
#11013 = DIRECTION('',(-0.,0.,-1.));
#11014 = DIRECTION('',(-0.,-1.,0.));
#11015 = FACE_BOUND('',#11016,.F.);
#11016 = EDGE_LOOP('',(#11017));
#11017 = ORIENTED_EDGE('',*,*,#11018,.T.);
#11018 = EDGE_CURVE('',#11019,#11019,#11021,.T.);
#11019 = VERTEX_POINT('',#11020);
#11020 = CARTESIAN_POINT('',(85.825,-54.39,0.));
#11021 = CIRCLE('',#11022,0.85);
#11022 = AXIS2_PLACEMENT_3D('',#11023,#11024,#11025);
#11023 = CARTESIAN_POINT('',(85.825,-53.54,0.));
#11024 = DIRECTION('',(-0.,0.,-1.));
#11025 = DIRECTION('',(1.671865260612E-14,-1.,-0.));
#11026 = FACE_BOUND('',#11027,.F.);
#11027 = EDGE_LOOP('',(#11028));
#11028 = ORIENTED_EDGE('',*,*,#11029,.T.);
#11029 = EDGE_CURVE('',#11030,#11030,#11032,.T.);
#11030 = VERTEX_POINT('',#11031);
#11031 = CARTESIAN_POINT('',(87.15,-70.71,0.));
#11032 = CIRCLE('',#11033,0.75);
#11033 = AXIS2_PLACEMENT_3D('',#11034,#11035,#11036);
#11034 = CARTESIAN_POINT('',(87.15,-69.96,0.));
#11035 = DIRECTION('',(-0.,0.,-1.));
#11036 = DIRECTION('',(-0.,-1.,0.));
#11037 = FACE_BOUND('',#11038,.F.);
#11038 = EDGE_LOOP('',(#11039));
#11039 = ORIENTED_EDGE('',*,*,#11040,.T.);
#11040 = EDGE_CURVE('',#11041,#11041,#11043,.T.);
#11041 = VERTEX_POINT('',#11042);
#11042 = CARTESIAN_POINT('',(93.5,-68.17,0.));
#11043 = CIRCLE('',#11044,0.75);
#11044 = AXIS2_PLACEMENT_3D('',#11045,#11046,#11047);
#11045 = CARTESIAN_POINT('',(93.5,-67.42,0.));
#11046 = DIRECTION('',(-0.,0.,-1.));
#11047 = DIRECTION('',(-0.,-1.,0.));
#11048 = FACE_BOUND('',#11049,.F.);
#11049 = EDGE_LOOP('',(#11050));
#11050 = ORIENTED_EDGE('',*,*,#11051,.T.);
#11051 = EDGE_CURVE('',#11052,#11052,#11054,.T.);
#11052 = VERTEX_POINT('',#11053);
#11053 = CARTESIAN_POINT('',(106.285,-70.71,0.));
#11054 = CIRCLE('',#11055,0.75);
#11055 = AXIS2_PLACEMENT_3D('',#11056,#11057,#11058);
#11056 = CARTESIAN_POINT('',(106.285,-69.96,0.));
#11057 = DIRECTION('',(-0.,0.,-1.));
#11058 = DIRECTION('',(-0.,-1.,0.));
#11059 = FACE_BOUND('',#11060,.F.);
#11060 = EDGE_LOOP('',(#11061));
#11061 = ORIENTED_EDGE('',*,*,#11062,.T.);
#11062 = EDGE_CURVE('',#11063,#11063,#11065,.T.);
#11063 = VERTEX_POINT('',#11064);
#11064 = CARTESIAN_POINT('',(100.5,-62.21,0.));
#11065 = CIRCLE('',#11066,0.4);
#11066 = AXIS2_PLACEMENT_3D('',#11067,#11068,#11069);
#11067 = CARTESIAN_POINT('',(100.5,-61.81,0.));
#11068 = DIRECTION('',(-0.,0.,-1.));
#11069 = DIRECTION('',(-0.,-1.,0.));
#11070 = FACE_BOUND('',#11071,.F.);
#11071 = EDGE_LOOP('',(#11072,#11083,#11092,#11100,#11108,#11117,#11126,
    #11135,#11143,#11151,#11160,#11169,#11178,#11186,#11194,#11203,
    #11212,#11221,#11229,#11237));
#11072 = ORIENTED_EDGE('',*,*,#11073,.F.);
#11073 = EDGE_CURVE('',#11074,#11076,#11078,.T.);
#11074 = VERTEX_POINT('',#11075);
#11075 = CARTESIAN_POINT('',(92.838934,-57.143345,0.));
#11076 = VERTEX_POINT('',#11077);
#11077 = CARTESIAN_POINT('',(92.151655,-56.456066,0.));
#11078 = CIRCLE('',#11079,0.499999603944);
#11079 = AXIS2_PLACEMENT_3D('',#11080,#11081,#11082);
#11080 = CARTESIAN_POINT('',(92.41215788946,-56.88284211054,0.));
#11081 = DIRECTION('',(0.,0.,1.));
#11082 = DIRECTION('',(0.853552897188,-0.521006191616,0.));
#11083 = ORIENTED_EDGE('',*,*,#11084,.F.);
#11084 = EDGE_CURVE('',#11085,#11074,#11087,.T.);
#11085 = VERTEX_POINT('',#11086);
#11086 = CARTESIAN_POINT('',(92.795,-57.299647,0.));
#11087 = CIRCLE('',#11088,0.299998582341);
#11088 = AXIS2_PLACEMENT_3D('',#11089,#11090,#11091);
#11089 = CARTESIAN_POINT('',(93.09499858234,-57.29964624464,0.));
#11090 = DIRECTION('',(0.,0.,-1.));
#11091 = DIRECTION('',(-0.999999999997,-2.517861435983E-06,-0.));
#11092 = ORIENTED_EDGE('',*,*,#11093,.F.);
#11093 = EDGE_CURVE('',#11094,#11085,#11096,.T.);
#11094 = VERTEX_POINT('',#11095);
#11095 = CARTESIAN_POINT('',(92.795,-58.,0.));
#11096 = LINE('',#11097,#11098);
#11097 = CARTESIAN_POINT('',(92.795,-58.,0.));
#11098 = VECTOR('',#11099,1.);
#11099 = DIRECTION('',(0.,1.,0.));
#11100 = ORIENTED_EDGE('',*,*,#11101,.F.);
#11101 = EDGE_CURVE('',#11102,#11094,#11104,.T.);
#11102 = VERTEX_POINT('',#11103);
#11103 = CARTESIAN_POINT('',(92.795,-58.700353,0.));
#11104 = LINE('',#11105,#11106);
#11105 = CARTESIAN_POINT('',(92.795,-58.700353,0.));
#11106 = VECTOR('',#11107,1.);
#11107 = DIRECTION('',(0.,1.,0.));
#11108 = ORIENTED_EDGE('',*,*,#11109,.F.);
#11109 = EDGE_CURVE('',#11110,#11102,#11112,.T.);
#11110 = VERTEX_POINT('',#11111);
#11111 = CARTESIAN_POINT('',(92.838934,-58.856655,0.));
#11112 = CIRCLE('',#11113,0.299998582341);
#11113 = AXIS2_PLACEMENT_3D('',#11114,#11115,#11116);
#11114 = CARTESIAN_POINT('',(93.09499858234,-58.70035375535,0.));
#11115 = DIRECTION('',(0.,0.,-1.));
#11116 = DIRECTION('',(-0.853552641289,-0.52100661085,-0.));
#11117 = ORIENTED_EDGE('',*,*,#11118,.F.);
#11118 = EDGE_CURVE('',#11119,#11110,#11121,.T.);
#11119 = VERTEX_POINT('',#11120);
#11120 = CARTESIAN_POINT('',(92.151655,-59.543934,0.));
#11121 = CIRCLE('',#11122,0.499999603944);
#11122 = AXIS2_PLACEMENT_3D('',#11123,#11124,#11125);
#11123 = CARTESIAN_POINT('',(92.41215788946,-59.11715788946,0.));
#11124 = DIRECTION('',(0.,0.,1.));
#11125 = DIRECTION('',(-0.521006191616,-0.853552897188,0.));
#11126 = ORIENTED_EDGE('',*,*,#11127,.F.);
#11127 = EDGE_CURVE('',#11128,#11119,#11130,.T.);
#11128 = VERTEX_POINT('',#11129);
#11129 = CARTESIAN_POINT('',(91.995353,-59.5,0.));
#11130 = CIRCLE('',#11131,0.299998582341);
#11131 = AXIS2_PLACEMENT_3D('',#11132,#11133,#11134);
#11132 = CARTESIAN_POINT('',(91.995353755355,-59.79999858234,0.));
#11133 = DIRECTION('',(0.,0.,-1.));
#11134 = DIRECTION('',(-2.517861341243E-06,0.999999999997,0.));
#11135 = ORIENTED_EDGE('',*,*,#11136,.F.);
#11136 = EDGE_CURVE('',#11137,#11128,#11139,.T.);
#11137 = VERTEX_POINT('',#11138);
#11138 = CARTESIAN_POINT('',(91.095,-59.5,0.));
#11139 = LINE('',#11140,#11141);
#11140 = CARTESIAN_POINT('',(91.095,-59.5,0.));
#11141 = VECTOR('',#11142,1.);
#11142 = DIRECTION('',(1.,0.,0.));
#11143 = ORIENTED_EDGE('',*,*,#11144,.F.);
#11144 = EDGE_CURVE('',#11145,#11137,#11147,.T.);
#11145 = VERTEX_POINT('',#11146);
#11146 = CARTESIAN_POINT('',(90.194647,-59.5,0.));
#11147 = LINE('',#11148,#11149);
#11148 = CARTESIAN_POINT('',(90.194647,-59.5,0.));
#11149 = VECTOR('',#11150,1.);
#11150 = DIRECTION('',(1.,0.,0.));
#11151 = ORIENTED_EDGE('',*,*,#11152,.F.);
#11152 = EDGE_CURVE('',#11153,#11145,#11155,.T.);
#11153 = VERTEX_POINT('',#11154);
#11154 = CARTESIAN_POINT('',(90.038345,-59.543934,0.));
#11155 = CIRCLE('',#11156,0.299998582341);
#11156 = AXIS2_PLACEMENT_3D('',#11157,#11158,#11159);
#11157 = CARTESIAN_POINT('',(90.194646244645,-59.79999858234,0.));
#11158 = DIRECTION('',(0.,0.,-1.));
#11159 = DIRECTION('',(-0.52100661085,0.853552641289,0.));
#11160 = ORIENTED_EDGE('',*,*,#11161,.F.);
#11161 = EDGE_CURVE('',#11162,#11153,#11164,.T.);
#11162 = VERTEX_POINT('',#11163);
#11163 = CARTESIAN_POINT('',(89.351066,-58.856655,0.));
#11164 = CIRCLE('',#11165,0.499999603944);
#11165 = AXIS2_PLACEMENT_3D('',#11166,#11167,#11168);
#11166 = CARTESIAN_POINT('',(89.77784211054,-59.11715788946,0.));
#11167 = DIRECTION('',(0.,0.,1.));
#11168 = DIRECTION('',(-0.853552897188,0.521006191616,0.));
#11169 = ORIENTED_EDGE('',*,*,#11170,.F.);
#11170 = EDGE_CURVE('',#11171,#11162,#11173,.T.);
#11171 = VERTEX_POINT('',#11172);
#11172 = CARTESIAN_POINT('',(89.395,-58.700353,0.));
#11173 = CIRCLE('',#11174,0.299998582341);
#11174 = AXIS2_PLACEMENT_3D('',#11175,#11176,#11177);
#11175 = CARTESIAN_POINT('',(89.09500141766,-58.70035375535,0.));
#11176 = DIRECTION('',(0.,0.,-1.));
#11177 = DIRECTION('',(0.999999999997,2.517861435983E-06,0.));
#11178 = ORIENTED_EDGE('',*,*,#11179,.F.);
#11179 = EDGE_CURVE('',#11180,#11171,#11182,.T.);
#11180 = VERTEX_POINT('',#11181);
#11181 = CARTESIAN_POINT('',(89.395,-58.,0.));
#11182 = LINE('',#11183,#11184);
#11183 = CARTESIAN_POINT('',(89.395,-58.,0.));
#11184 = VECTOR('',#11185,1.);
#11185 = DIRECTION('',(0.,-1.,0.));
#11186 = ORIENTED_EDGE('',*,*,#11187,.F.);
#11187 = EDGE_CURVE('',#11188,#11180,#11190,.T.);
#11188 = VERTEX_POINT('',#11189);
#11189 = CARTESIAN_POINT('',(89.395,-57.299647,0.));
#11190 = LINE('',#11191,#11192);
#11191 = CARTESIAN_POINT('',(89.395,-57.299647,0.));
#11192 = VECTOR('',#11193,1.);
#11193 = DIRECTION('',(0.,-1.,0.));
#11194 = ORIENTED_EDGE('',*,*,#11195,.F.);
#11195 = EDGE_CURVE('',#11196,#11188,#11198,.T.);
#11196 = VERTEX_POINT('',#11197);
#11197 = CARTESIAN_POINT('',(89.351066,-57.143345,0.));
#11198 = CIRCLE('',#11199,0.299998582341);
#11199 = AXIS2_PLACEMENT_3D('',#11200,#11201,#11202);
#11200 = CARTESIAN_POINT('',(89.09500141766,-57.29964624464,0.));
#11201 = DIRECTION('',(0.,0.,-1.));
#11202 = DIRECTION('',(0.853552641289,0.52100661085,0.));
#11203 = ORIENTED_EDGE('',*,*,#11204,.F.);
#11204 = EDGE_CURVE('',#11205,#11196,#11207,.T.);
#11205 = VERTEX_POINT('',#11206);
#11206 = CARTESIAN_POINT('',(90.038345,-56.456066,0.));
#11207 = CIRCLE('',#11208,0.499999603944);
#11208 = AXIS2_PLACEMENT_3D('',#11209,#11210,#11211);
#11209 = CARTESIAN_POINT('',(89.77784211054,-56.88284211054,0.));
#11210 = DIRECTION('',(0.,0.,1.));
#11211 = DIRECTION('',(0.521006191616,0.853552897188,-0.));
#11212 = ORIENTED_EDGE('',*,*,#11213,.F.);
#11213 = EDGE_CURVE('',#11214,#11205,#11216,.T.);
#11214 = VERTEX_POINT('',#11215);
#11215 = CARTESIAN_POINT('',(90.194647,-56.5,0.));
#11216 = CIRCLE('',#11217,0.299998582341);
#11217 = AXIS2_PLACEMENT_3D('',#11218,#11219,#11220);
#11218 = CARTESIAN_POINT('',(90.194646244645,-56.20000141766,0.));
#11219 = DIRECTION('',(0.,0.,-1.));
#11220 = DIRECTION('',(2.517861388613E-06,-0.999999999997,0.));
#11221 = ORIENTED_EDGE('',*,*,#11222,.F.);
#11222 = EDGE_CURVE('',#11223,#11214,#11225,.T.);
#11223 = VERTEX_POINT('',#11224);
#11224 = CARTESIAN_POINT('',(91.095,-56.5,0.));
#11225 = LINE('',#11226,#11227);
#11226 = CARTESIAN_POINT('',(91.095,-56.5,0.));
#11227 = VECTOR('',#11228,1.);
#11228 = DIRECTION('',(-1.,0.,0.));
#11229 = ORIENTED_EDGE('',*,*,#11230,.F.);
#11230 = EDGE_CURVE('',#11231,#11223,#11233,.T.);
#11231 = VERTEX_POINT('',#11232);
#11232 = CARTESIAN_POINT('',(91.995353,-56.5,0.));
#11233 = LINE('',#11234,#11235);
#11234 = CARTESIAN_POINT('',(91.995353,-56.5,0.));
#11235 = VECTOR('',#11236,1.);
#11236 = DIRECTION('',(-1.,0.,0.));
#11237 = ORIENTED_EDGE('',*,*,#11238,.F.);
#11238 = EDGE_CURVE('',#11076,#11231,#11239,.T.);
#11239 = CIRCLE('',#11240,0.299998582341);
#11240 = AXIS2_PLACEMENT_3D('',#11241,#11242,#11243);
#11241 = CARTESIAN_POINT('',(91.995353755355,-56.20000141766,0.));
#11242 = DIRECTION('',(0.,0.,-1.));
#11243 = DIRECTION('',(0.52100661085,-0.853552641289,0.));
#11244 = FACE_BOUND('',#11245,.F.);
#11245 = EDGE_LOOP('',(#11246));
#11246 = ORIENTED_EDGE('',*,*,#11247,.T.);
#11247 = EDGE_CURVE('',#11248,#11248,#11250,.T.);
#11248 = VERTEX_POINT('',#11249);
#11249 = CARTESIAN_POINT('',(90.905,-55.54,0.));
#11250 = CIRCLE('',#11251,2.);
#11251 = AXIS2_PLACEMENT_3D('',#11252,#11253,#11254);
#11252 = CARTESIAN_POINT('',(90.905,-53.54,0.));
#11253 = DIRECTION('',(-0.,0.,-1.));
#11254 = DIRECTION('',(-0.,-1.,0.));
#11255 = FACE_BOUND('',#11256,.F.);
#11256 = EDGE_LOOP('',(#11257));
#11257 = ORIENTED_EDGE('',*,*,#11258,.T.);
#11258 = EDGE_CURVE('',#11259,#11259,#11261,.T.);
#11259 = VERTEX_POINT('',#11260);
#11260 = CARTESIAN_POINT('',(87.095,-51.75,0.));
#11261 = CIRCLE('',#11262,0.75);
#11262 = AXIS2_PLACEMENT_3D('',#11263,#11264,#11265);
#11263 = CARTESIAN_POINT('',(87.095,-51.,0.));
#11264 = DIRECTION('',(-0.,0.,-1.));
#11265 = DIRECTION('',(-0.,-1.,0.));
#11266 = FACE_BOUND('',#11267,.F.);
#11267 = EDGE_LOOP('',(#11268));
#11268 = ORIENTED_EDGE('',*,*,#11269,.T.);
#11269 = EDGE_CURVE('',#11270,#11270,#11272,.T.);
#11270 = VERTEX_POINT('',#11271);
#11271 = CARTESIAN_POINT('',(95.985,-54.39,0.));
#11272 = CIRCLE('',#11273,0.85);
#11273 = AXIS2_PLACEMENT_3D('',#11274,#11275,#11276);
#11274 = CARTESIAN_POINT('',(95.985,-53.54,0.));
#11275 = DIRECTION('',(-0.,0.,-1.));
#11276 = DIRECTION('',(-0.,-1.,0.));
#11277 = FACE_BOUND('',#11278,.F.);
#11278 = EDGE_LOOP('',(#11279));
#11279 = ORIENTED_EDGE('',*,*,#11280,.T.);
#11280 = EDGE_CURVE('',#11281,#11281,#11283,.T.);
#11281 = VERTEX_POINT('',#11282);
#11282 = CARTESIAN_POINT('',(93.445,-49.21,0.));
#11283 = CIRCLE('',#11284,0.75);
#11284 = AXIS2_PLACEMENT_3D('',#11285,#11286,#11287);
#11285 = CARTESIAN_POINT('',(93.445,-48.46,0.));
#11286 = DIRECTION('',(-0.,0.,-1.));
#11287 = DIRECTION('',(-0.,-1.,0.));
#11288 = FACE_BOUND('',#11289,.F.);
#11289 = EDGE_LOOP('',(#11290));
#11290 = ORIENTED_EDGE('',*,*,#11291,.T.);
#11291 = EDGE_CURVE('',#11292,#11292,#11294,.T.);
#11292 = VERTEX_POINT('',#11293);
#11293 = CARTESIAN_POINT('',(100.5,-54.59,0.));
#11294 = CIRCLE('',#11295,0.4);
#11295 = AXIS2_PLACEMENT_3D('',#11296,#11297,#11298);
#11296 = CARTESIAN_POINT('',(100.5,-54.19,0.));
#11297 = DIRECTION('',(-0.,0.,-1.));
#11298 = DIRECTION('',(-0.,-1.,0.));
#11299 = FACE_BOUND('',#11300,.F.);
#11300 = EDGE_LOOP('',(#11301));
#11301 = ORIENTED_EDGE('',*,*,#11302,.T.);
#11302 = EDGE_CURVE('',#11303,#11303,#11305,.T.);
#11303 = VERTEX_POINT('',#11304);
#11304 = CARTESIAN_POINT('',(105.015,-54.39,0.));
#11305 = CIRCLE('',#11306,0.85);
#11306 = AXIS2_PLACEMENT_3D('',#11307,#11308,#11309);
#11307 = CARTESIAN_POINT('',(105.015,-53.54,0.));
#11308 = DIRECTION('',(-0.,0.,-1.));
#11309 = DIRECTION('',(-0.,-1.,0.));
#11310 = FACE_BOUND('',#11311,.F.);
#11311 = EDGE_LOOP('',(#11312));
#11312 = ORIENTED_EDGE('',*,*,#11313,.T.);
#11313 = EDGE_CURVE('',#11314,#11314,#11316,.T.);
#11314 = VERTEX_POINT('',#11315);
#11315 = CARTESIAN_POINT('',(106.285,-51.75,0.));
#11316 = CIRCLE('',#11317,0.75);
#11317 = AXIS2_PLACEMENT_3D('',#11318,#11319,#11320);
#11318 = CARTESIAN_POINT('',(106.285,-51.,0.));
#11319 = DIRECTION('',(-0.,0.,-1.));
#11320 = DIRECTION('',(-0.,-1.,0.));
#11321 = FACE_BOUND('',#11322,.F.);
#11322 = EDGE_LOOP('',(#11323,#11334,#11342,#11351));
#11323 = ORIENTED_EDGE('',*,*,#11324,.T.);
#11324 = EDGE_CURVE('',#11325,#11327,#11329,.T.);
#11325 = VERTEX_POINT('',#11326);
#11326 = CARTESIAN_POINT('',(80.15,-37.45,0.));
#11327 = VERTEX_POINT('',#11328);
#11328 = CARTESIAN_POINT('',(80.15,-38.95,0.));
#11329 = CIRCLE('',#11330,0.75);
#11330 = AXIS2_PLACEMENT_3D('',#11331,#11332,#11333);
#11331 = CARTESIAN_POINT('',(80.15,-38.2,0.));
#11332 = DIRECTION('',(-0.,0.,-1.));
#11333 = DIRECTION('',(-0.,-1.,0.));
#11334 = ORIENTED_EDGE('',*,*,#11335,.T.);
#11335 = EDGE_CURVE('',#11327,#11336,#11338,.T.);
#11336 = VERTEX_POINT('',#11337);
#11337 = CARTESIAN_POINT('',(78.85,-38.95,0.));
#11338 = LINE('',#11339,#11340);
#11339 = CARTESIAN_POINT('',(39.425,-38.95,0.));
#11340 = VECTOR('',#11341,1.);
#11341 = DIRECTION('',(-1.,0.,0.));
#11342 = ORIENTED_EDGE('',*,*,#11343,.T.);
#11343 = EDGE_CURVE('',#11336,#11344,#11346,.T.);
#11344 = VERTEX_POINT('',#11345);
#11345 = CARTESIAN_POINT('',(78.85,-37.45,0.));
#11346 = CIRCLE('',#11347,0.75);
#11347 = AXIS2_PLACEMENT_3D('',#11348,#11349,#11350);
#11348 = CARTESIAN_POINT('',(78.85,-38.2,0.));
#11349 = DIRECTION('',(-0.,0.,-1.));
#11350 = DIRECTION('',(0.,1.,0.));
#11351 = ORIENTED_EDGE('',*,*,#11352,.T.);
#11352 = EDGE_CURVE('',#11344,#11325,#11353,.T.);
#11353 = LINE('',#11354,#11355);
#11354 = CARTESIAN_POINT('',(40.075,-37.45,0.));
#11355 = VECTOR('',#11356,1.);
#11356 = DIRECTION('',(1.,0.,-0.));
#11357 = FACE_BOUND('',#11358,.F.);
#11358 = EDGE_LOOP('',(#11359));
#11359 = ORIENTED_EDGE('',*,*,#11360,.T.);
#11360 = EDGE_CURVE('',#11361,#11361,#11363,.T.);
#11361 = VERTEX_POINT('',#11362);
#11362 = CARTESIAN_POINT('',(72.,-35.6,0.));
#11363 = CIRCLE('',#11364,0.5);
#11364 = AXIS2_PLACEMENT_3D('',#11365,#11366,#11367);
#11365 = CARTESIAN_POINT('',(72.,-35.1,0.));
#11366 = DIRECTION('',(-0.,0.,-1.));
#11367 = DIRECTION('',(-0.,-1.,0.));
#11368 = FACE_BOUND('',#11369,.F.);
#11369 = EDGE_LOOP('',(#11370));
#11370 = ORIENTED_EDGE('',*,*,#11371,.T.);
#11371 = EDGE_CURVE('',#11372,#11372,#11374,.T.);
#11372 = VERTEX_POINT('',#11373);
#11373 = CARTESIAN_POINT('',(72.,-33.1,0.));
#11374 = CIRCLE('',#11375,0.5);
#11375 = AXIS2_PLACEMENT_3D('',#11376,#11377,#11378);
#11376 = CARTESIAN_POINT('',(72.,-32.6,0.));
#11377 = DIRECTION('',(-0.,0.,-1.));
#11378 = DIRECTION('',(-0.,-1.,0.));
#11379 = FACE_BOUND('',#11380,.F.);
#11380 = EDGE_LOOP('',(#11381));
#11381 = ORIENTED_EDGE('',*,*,#11382,.T.);
#11382 = EDGE_CURVE('',#11383,#11383,#11385,.T.);
#11383 = VERTEX_POINT('',#11384);
#11384 = CARTESIAN_POINT('',(65.,-28.75,0.));
#11385 = CIRCLE('',#11386,1.25);
#11386 = AXIS2_PLACEMENT_3D('',#11387,#11388,#11389);
#11387 = CARTESIAN_POINT('',(65.,-27.5,0.));
#11388 = DIRECTION('',(-0.,0.,-1.));
#11389 = DIRECTION('',(-0.,-1.,0.));
#11390 = FACE_BOUND('',#11391,.F.);
#11391 = EDGE_LOOP('',(#11392));
#11392 = ORIENTED_EDGE('',*,*,#11393,.T.);
#11393 = EDGE_CURVE('',#11394,#11394,#11396,.T.);
#11394 = VERTEX_POINT('',#11395);
#11395 = CARTESIAN_POINT('',(72.,-30.6,0.));
#11396 = CIRCLE('',#11397,0.5);
#11397 = AXIS2_PLACEMENT_3D('',#11398,#11399,#11400);
#11398 = CARTESIAN_POINT('',(72.,-30.1,0.));
#11399 = DIRECTION('',(-0.,0.,-1.));
#11400 = DIRECTION('',(-0.,-1.,0.));
#11401 = FACE_BOUND('',#11402,.F.);
#11402 = EDGE_LOOP('',(#11403));
#11403 = ORIENTED_EDGE('',*,*,#11404,.T.);
#11404 = EDGE_CURVE('',#11405,#11405,#11407,.T.);
#11405 = VERTEX_POINT('',#11406);
#11406 = CARTESIAN_POINT('',(86.5,-35.6,0.));
#11407 = CIRCLE('',#11408,0.5);
#11408 = AXIS2_PLACEMENT_3D('',#11409,#11410,#11411);
#11409 = CARTESIAN_POINT('',(86.5,-35.1,0.));
#11410 = DIRECTION('',(-0.,0.,-1.));
#11411 = DIRECTION('',(-0.,-1.,0.));
#11412 = FACE_BOUND('',#11413,.F.);
#11413 = EDGE_LOOP('',(#11414,#11425,#11433,#11442));
#11414 = ORIENTED_EDGE('',*,*,#11415,.T.);
#11415 = EDGE_CURVE('',#11416,#11418,#11420,.T.);
#11416 = VERTEX_POINT('',#11417);
#11417 = CARTESIAN_POINT('',(80.15,-26.25,0.));
#11418 = VERTEX_POINT('',#11419);
#11419 = CARTESIAN_POINT('',(80.15,-27.75,0.));
#11420 = CIRCLE('',#11421,0.75);
#11421 = AXIS2_PLACEMENT_3D('',#11422,#11423,#11424);
#11422 = CARTESIAN_POINT('',(80.15,-27.,0.));
#11423 = DIRECTION('',(-0.,0.,-1.));
#11424 = DIRECTION('',(-0.,-1.,0.));
#11425 = ORIENTED_EDGE('',*,*,#11426,.T.);
#11426 = EDGE_CURVE('',#11418,#11427,#11429,.T.);
#11427 = VERTEX_POINT('',#11428);
#11428 = CARTESIAN_POINT('',(78.85,-27.75,0.));
#11429 = LINE('',#11430,#11431);
#11430 = CARTESIAN_POINT('',(39.425,-27.75,0.));
#11431 = VECTOR('',#11432,1.);
#11432 = DIRECTION('',(-1.,0.,0.));
#11433 = ORIENTED_EDGE('',*,*,#11434,.T.);
#11434 = EDGE_CURVE('',#11427,#11435,#11437,.T.);
#11435 = VERTEX_POINT('',#11436);
#11436 = CARTESIAN_POINT('',(78.85,-26.25,0.));
#11437 = CIRCLE('',#11438,0.75);
#11438 = AXIS2_PLACEMENT_3D('',#11439,#11440,#11441);
#11439 = CARTESIAN_POINT('',(78.85,-27.,0.));
#11440 = DIRECTION('',(-0.,0.,-1.));
#11441 = DIRECTION('',(0.,1.,0.));
#11442 = ORIENTED_EDGE('',*,*,#11443,.T.);
#11443 = EDGE_CURVE('',#11435,#11416,#11444,.T.);
#11444 = LINE('',#11445,#11446);
#11445 = CARTESIAN_POINT('',(40.075,-26.25,0.));
#11446 = VECTOR('',#11447,1.);
#11447 = DIRECTION('',(1.,0.,-0.));
#11448 = FACE_BOUND('',#11449,.F.);
#11449 = EDGE_LOOP('',(#11450));
#11450 = ORIENTED_EDGE('',*,*,#11451,.T.);
#11451 = EDGE_CURVE('',#11452,#11452,#11454,.T.);
#11452 = VERTEX_POINT('',#11453);
#11453 = CARTESIAN_POINT('',(86.5,-30.6,0.));
#11454 = CIRCLE('',#11455,0.5);
#11455 = AXIS2_PLACEMENT_3D('',#11456,#11457,#11458);
#11456 = CARTESIAN_POINT('',(86.5,-30.1,0.));
#11457 = DIRECTION('',(-0.,0.,-1.));
#11458 = DIRECTION('',(-0.,-1.,0.));
#11459 = FACE_BOUND('',#11460,.F.);
#11460 = EDGE_LOOP('',(#11461));
#11461 = ORIENTED_EDGE('',*,*,#11462,.T.);
#11462 = EDGE_CURVE('',#11463,#11463,#11465,.T.);
#11463 = VERTEX_POINT('',#11464);
#11464 = CARTESIAN_POINT('',(91.875,-41.12,0.));
#11465 = CIRCLE('',#11466,0.5);
#11466 = AXIS2_PLACEMENT_3D('',#11467,#11468,#11469);
#11467 = CARTESIAN_POINT('',(91.875,-40.62,0.));
#11468 = DIRECTION('',(-0.,0.,-1.));
#11469 = DIRECTION('',(-0.,-1.,0.));
#11470 = FACE_BOUND('',#11471,.F.);
#11471 = EDGE_LOOP('',(#11472));
#11472 = ORIENTED_EDGE('',*,*,#11473,.T.);
#11473 = EDGE_CURVE('',#11474,#11474,#11476,.T.);
#11474 = VERTEX_POINT('',#11475);
#11475 = CARTESIAN_POINT('',(91.875,-38.58,0.));
#11476 = CIRCLE('',#11477,0.5);
#11477 = AXIS2_PLACEMENT_3D('',#11478,#11479,#11480);
#11478 = CARTESIAN_POINT('',(91.875,-38.08,0.));
#11479 = DIRECTION('',(-0.,0.,-1.));
#11480 = DIRECTION('',(-0.,-1.,0.));
#11481 = FACE_BOUND('',#11482,.F.);
#11482 = EDGE_LOOP('',(#11483));
#11483 = ORIENTED_EDGE('',*,*,#11484,.T.);
#11484 = EDGE_CURVE('',#11485,#11485,#11487,.T.);
#11485 = VERTEX_POINT('',#11486);
#11486 = CARTESIAN_POINT('',(107.125,-41.12,0.));
#11487 = CIRCLE('',#11488,0.5);
#11488 = AXIS2_PLACEMENT_3D('',#11489,#11490,#11491);
#11489 = CARTESIAN_POINT('',(107.125,-40.62,0.));
#11490 = DIRECTION('',(-0.,0.,-1.));
#11491 = DIRECTION('',(-0.,-1.,0.));
#11492 = FACE_BOUND('',#11493,.F.);
#11493 = EDGE_LOOP('',(#11494));
#11494 = ORIENTED_EDGE('',*,*,#11495,.T.);
#11495 = EDGE_CURVE('',#11496,#11496,#11498,.T.);
#11496 = VERTEX_POINT('',#11497);
#11497 = CARTESIAN_POINT('',(107.125,-38.58,0.));
#11498 = CIRCLE('',#11499,0.5);
#11499 = AXIS2_PLACEMENT_3D('',#11500,#11501,#11502);
#11500 = CARTESIAN_POINT('',(107.125,-38.08,0.));
#11501 = DIRECTION('',(-0.,0.,-1.));
#11502 = DIRECTION('',(-0.,-1.,0.));
#11503 = FACE_BOUND('',#11504,.F.);
#11504 = EDGE_LOOP('',(#11505));
#11505 = ORIENTED_EDGE('',*,*,#11506,.T.);
#11506 = EDGE_CURVE('',#11507,#11507,#11509,.T.);
#11507 = VERTEX_POINT('',#11508);
#11508 = CARTESIAN_POINT('',(91.875,-36.04,0.));
#11509 = CIRCLE('',#11510,0.5);
#11510 = AXIS2_PLACEMENT_3D('',#11511,#11512,#11513);
#11511 = CARTESIAN_POINT('',(91.875,-35.54,0.));
#11512 = DIRECTION('',(-0.,0.,-1.));
#11513 = DIRECTION('',(-0.,-1.,0.));
#11514 = FACE_BOUND('',#11515,.F.);
#11515 = EDGE_LOOP('',(#11516));
#11516 = ORIENTED_EDGE('',*,*,#11517,.T.);
#11517 = EDGE_CURVE('',#11518,#11518,#11520,.T.);
#11518 = VERTEX_POINT('',#11519);
#11519 = CARTESIAN_POINT('',(91.875,-33.5,0.));
#11520 = CIRCLE('',#11521,0.5);
#11521 = AXIS2_PLACEMENT_3D('',#11522,#11523,#11524);
#11522 = CARTESIAN_POINT('',(91.875,-33.,0.));
#11523 = DIRECTION('',(-0.,0.,-1.));
#11524 = DIRECTION('',(-0.,-1.,0.));
#11525 = FACE_BOUND('',#11526,.F.);
#11526 = EDGE_LOOP('',(#11527));
#11527 = ORIENTED_EDGE('',*,*,#11528,.T.);
#11528 = EDGE_CURVE('',#11529,#11529,#11531,.T.);
#11529 = VERTEX_POINT('',#11530);
#11530 = CARTESIAN_POINT('',(91.875,-30.96,0.));
#11531 = CIRCLE('',#11532,0.5);
#11532 = AXIS2_PLACEMENT_3D('',#11533,#11534,#11535);
#11533 = CARTESIAN_POINT('',(91.875,-30.46,0.));
#11534 = DIRECTION('',(-0.,0.,-1.));
#11535 = DIRECTION('',(-0.,-1.,0.));
#11536 = FACE_BOUND('',#11537,.F.);
#11537 = EDGE_LOOP('',(#11538));
#11538 = ORIENTED_EDGE('',*,*,#11539,.T.);
#11539 = EDGE_CURVE('',#11540,#11540,#11542,.T.);
#11540 = VERTEX_POINT('',#11541);
#11541 = CARTESIAN_POINT('',(91.875,-28.42,0.));
#11542 = CIRCLE('',#11543,0.5);
#11543 = AXIS2_PLACEMENT_3D('',#11544,#11545,#11546);
#11544 = CARTESIAN_POINT('',(91.875,-27.92,0.));
#11545 = DIRECTION('',(-0.,0.,-1.));
#11546 = DIRECTION('',(-0.,-1.,0.));
#11547 = FACE_BOUND('',#11548,.F.);
#11548 = EDGE_LOOP('',(#11549));
#11549 = ORIENTED_EDGE('',*,*,#11550,.T.);
#11550 = EDGE_CURVE('',#11551,#11551,#11553,.T.);
#11551 = VERTEX_POINT('',#11552);
#11552 = CARTESIAN_POINT('',(91.875,-25.88,0.));
#11553 = CIRCLE('',#11554,0.5);
#11554 = AXIS2_PLACEMENT_3D('',#11555,#11556,#11557);
#11555 = CARTESIAN_POINT('',(91.875,-25.38,0.));
#11556 = DIRECTION('',(-0.,0.,-1.));
#11557 = DIRECTION('',(-0.,-1.,0.));
#11558 = FACE_BOUND('',#11559,.F.);
#11559 = EDGE_LOOP('',(#11560));
#11560 = ORIENTED_EDGE('',*,*,#11561,.T.);
#11561 = EDGE_CURVE('',#11562,#11562,#11564,.T.);
#11562 = VERTEX_POINT('',#11563);
#11563 = CARTESIAN_POINT('',(107.125,-36.04,0.));
#11564 = CIRCLE('',#11565,0.5);
#11565 = AXIS2_PLACEMENT_3D('',#11566,#11567,#11568);
#11566 = CARTESIAN_POINT('',(107.125,-35.54,0.));
#11567 = DIRECTION('',(-0.,0.,-1.));
#11568 = DIRECTION('',(-0.,-1.,0.));
#11569 = FACE_BOUND('',#11570,.F.);
#11570 = EDGE_LOOP('',(#11571));
#11571 = ORIENTED_EDGE('',*,*,#11572,.T.);
#11572 = EDGE_CURVE('',#11573,#11573,#11575,.T.);
#11573 = VERTEX_POINT('',#11574);
#11574 = CARTESIAN_POINT('',(107.125,-33.5,0.));
#11575 = CIRCLE('',#11576,0.5);
#11576 = AXIS2_PLACEMENT_3D('',#11577,#11578,#11579);
#11577 = CARTESIAN_POINT('',(107.125,-33.,0.));
#11578 = DIRECTION('',(-0.,0.,-1.));
#11579 = DIRECTION('',(-0.,-1.,0.));
#11580 = FACE_BOUND('',#11581,.F.);
#11581 = EDGE_LOOP('',(#11582));
#11582 = ORIENTED_EDGE('',*,*,#11583,.T.);
#11583 = EDGE_CURVE('',#11584,#11584,#11586,.T.);
#11584 = VERTEX_POINT('',#11585);
#11585 = CARTESIAN_POINT('',(107.125,-30.96,0.));
#11586 = CIRCLE('',#11587,0.5);
#11587 = AXIS2_PLACEMENT_3D('',#11588,#11589,#11590);
#11588 = CARTESIAN_POINT('',(107.125,-30.46,0.));
#11589 = DIRECTION('',(-0.,0.,-1.));
#11590 = DIRECTION('',(-0.,-1.,0.));
#11591 = FACE_BOUND('',#11592,.F.);
#11592 = EDGE_LOOP('',(#11593));
#11593 = ORIENTED_EDGE('',*,*,#11594,.T.);
#11594 = EDGE_CURVE('',#11595,#11595,#11597,.T.);
#11595 = VERTEX_POINT('',#11596);
#11596 = CARTESIAN_POINT('',(107.125,-28.42,0.));
#11597 = CIRCLE('',#11598,0.5);
#11598 = AXIS2_PLACEMENT_3D('',#11599,#11600,#11601);
#11599 = CARTESIAN_POINT('',(107.125,-27.92,0.));
#11600 = DIRECTION('',(-0.,0.,-1.));
#11601 = DIRECTION('',(-0.,-1.,0.));
#11602 = FACE_BOUND('',#11603,.F.);
#11603 = EDGE_LOOP('',(#11604));
#11604 = ORIENTED_EDGE('',*,*,#11605,.T.);
#11605 = EDGE_CURVE('',#11606,#11606,#11608,.T.);
#11606 = VERTEX_POINT('',#11607);
#11607 = CARTESIAN_POINT('',(107.125,-25.88,0.));
#11608 = CIRCLE('',#11609,0.5);
#11609 = AXIS2_PLACEMENT_3D('',#11610,#11611,#11612);
#11610 = CARTESIAN_POINT('',(107.125,-25.38,0.));
#11611 = DIRECTION('',(-0.,0.,-1.));
#11612 = DIRECTION('',(-0.,-1.,0.));
#11613 = FACE_BOUND('',#11614,.F.);
#11614 = EDGE_LOOP('',(#11615));
#11615 = ORIENTED_EDGE('',*,*,#11616,.T.);
#11616 = EDGE_CURVE('',#11617,#11617,#11619,.T.);
#11617 = VERTEX_POINT('',#11618);
#11618 = CARTESIAN_POINT('',(112.635,-68.17,0.));
#11619 = CIRCLE('',#11620,0.75);
#11620 = AXIS2_PLACEMENT_3D('',#11621,#11622,#11623);
#11621 = CARTESIAN_POINT('',(112.635,-67.42,0.));
#11622 = DIRECTION('',(-0.,0.,-1.));
#11623 = DIRECTION('',(-0.,-1.,0.));
#11624 = FACE_BOUND('',#11625,.F.);
#11625 = EDGE_LOOP('',(#11626));
#11626 = ORIENTED_EDGE('',*,*,#11627,.T.);
#11627 = EDGE_CURVE('',#11628,#11628,#11630,.T.);
#11628 = VERTEX_POINT('',#11629);
#11629 = CARTESIAN_POINT('',(119.5,-62.21,0.));
#11630 = CIRCLE('',#11631,0.4);
#11631 = AXIS2_PLACEMENT_3D('',#11632,#11633,#11634);
#11632 = CARTESIAN_POINT('',(119.5,-61.81,0.));
#11633 = DIRECTION('',(-0.,0.,-1.));
#11634 = DIRECTION('',(-0.,-1.,0.));
#11635 = FACE_BOUND('',#11636,.F.);
#11636 = EDGE_LOOP('',(#11637));
#11637 = ORIENTED_EDGE('',*,*,#11638,.T.);
#11638 = EDGE_CURVE('',#11639,#11639,#11641,.T.);
#11639 = VERTEX_POINT('',#11640);
#11640 = CARTESIAN_POINT('',(125.205,-70.71,0.));
#11641 = CIRCLE('',#11642,0.75);
#11642 = AXIS2_PLACEMENT_3D('',#11643,#11644,#11645);
#11643 = CARTESIAN_POINT('',(125.205,-69.96,0.));
#11644 = DIRECTION('',(-0.,0.,-1.));
#11645 = DIRECTION('',(-0.,-1.,0.));
#11646 = FACE_BOUND('',#11647,.F.);
#11647 = EDGE_LOOP('',(#11648));
#11648 = ORIENTED_EDGE('',*,*,#11649,.T.);
#11649 = EDGE_CURVE('',#11650,#11650,#11652,.T.);
#11650 = VERTEX_POINT('',#11651);
#11651 = CARTESIAN_POINT('',(131.555,-68.17,0.));
#11652 = CIRCLE('',#11653,0.75);
#11653 = AXIS2_PLACEMENT_3D('',#11654,#11655,#11656);
#11654 = CARTESIAN_POINT('',(131.555,-67.42,0.));
#11655 = DIRECTION('',(-0.,0.,-1.));
#11656 = DIRECTION('',(-0.,-1.,0.));
#11657 = FACE_BOUND('',#11658,.F.);
#11658 = EDGE_LOOP('',(#11659,#11670,#11679,#11687,#11695,#11704,#11713,
    #11722,#11730,#11738,#11747,#11756,#11765,#11773,#11781,#11790,
    #11799,#11808,#11816,#11824));
#11659 = ORIENTED_EDGE('',*,*,#11660,.F.);
#11660 = EDGE_CURVE('',#11661,#11663,#11665,.T.);
#11661 = VERTEX_POINT('',#11662);
#11662 = CARTESIAN_POINT('',(111.838934,-57.143345,0.));
#11663 = VERTEX_POINT('',#11664);
#11664 = CARTESIAN_POINT('',(111.151655,-56.456066,0.));
#11665 = CIRCLE('',#11666,0.499999603944);
#11666 = AXIS2_PLACEMENT_3D('',#11667,#11668,#11669);
#11667 = CARTESIAN_POINT('',(111.41215788946,-56.88284211054,0.));
#11668 = DIRECTION('',(0.,0.,1.));
#11669 = DIRECTION('',(0.853552897188,-0.521006191616,0.));
#11670 = ORIENTED_EDGE('',*,*,#11671,.F.);
#11671 = EDGE_CURVE('',#11672,#11661,#11674,.T.);
#11672 = VERTEX_POINT('',#11673);
#11673 = CARTESIAN_POINT('',(111.795,-57.299647,0.));
#11674 = CIRCLE('',#11675,0.299998582341);
#11675 = AXIS2_PLACEMENT_3D('',#11676,#11677,#11678);
#11676 = CARTESIAN_POINT('',(112.09499858234,-57.29964624464,0.));
#11677 = DIRECTION('',(0.,0.,-1.));
#11678 = DIRECTION('',(-0.999999999997,-2.517861435983E-06,-0.));
#11679 = ORIENTED_EDGE('',*,*,#11680,.F.);
#11680 = EDGE_CURVE('',#11681,#11672,#11683,.T.);
#11681 = VERTEX_POINT('',#11682);
#11682 = CARTESIAN_POINT('',(111.795,-58.,0.));
#11683 = LINE('',#11684,#11685);
#11684 = CARTESIAN_POINT('',(111.795,-58.,0.));
#11685 = VECTOR('',#11686,1.);
#11686 = DIRECTION('',(0.,1.,0.));
#11687 = ORIENTED_EDGE('',*,*,#11688,.F.);
#11688 = EDGE_CURVE('',#11689,#11681,#11691,.T.);
#11689 = VERTEX_POINT('',#11690);
#11690 = CARTESIAN_POINT('',(111.795,-58.700353,0.));
#11691 = LINE('',#11692,#11693);
#11692 = CARTESIAN_POINT('',(111.795,-58.700353,0.));
#11693 = VECTOR('',#11694,1.);
#11694 = DIRECTION('',(0.,1.,0.));
#11695 = ORIENTED_EDGE('',*,*,#11696,.F.);
#11696 = EDGE_CURVE('',#11697,#11689,#11699,.T.);
#11697 = VERTEX_POINT('',#11698);
#11698 = CARTESIAN_POINT('',(111.838934,-58.856655,0.));
#11699 = CIRCLE('',#11700,0.299998582341);
#11700 = AXIS2_PLACEMENT_3D('',#11701,#11702,#11703);
#11701 = CARTESIAN_POINT('',(112.09499858234,-58.70035375535,0.));
#11702 = DIRECTION('',(0.,0.,-1.));
#11703 = DIRECTION('',(-0.853552641289,-0.52100661085,-0.));
#11704 = ORIENTED_EDGE('',*,*,#11705,.F.);
#11705 = EDGE_CURVE('',#11706,#11697,#11708,.T.);
#11706 = VERTEX_POINT('',#11707);
#11707 = CARTESIAN_POINT('',(111.151655,-59.543934,0.));
#11708 = CIRCLE('',#11709,0.499999603944);
#11709 = AXIS2_PLACEMENT_3D('',#11710,#11711,#11712);
#11710 = CARTESIAN_POINT('',(111.41215788946,-59.11715788946,0.));
#11711 = DIRECTION('',(0.,0.,1.));
#11712 = DIRECTION('',(-0.521006191616,-0.853552897188,0.));
#11713 = ORIENTED_EDGE('',*,*,#11714,.F.);
#11714 = EDGE_CURVE('',#11715,#11706,#11717,.T.);
#11715 = VERTEX_POINT('',#11716);
#11716 = CARTESIAN_POINT('',(110.995353,-59.5,0.));
#11717 = CIRCLE('',#11718,0.299998582341);
#11718 = AXIS2_PLACEMENT_3D('',#11719,#11720,#11721);
#11719 = CARTESIAN_POINT('',(110.99535375535,-59.79999858234,0.));
#11720 = DIRECTION('',(0.,0.,-1.));
#11721 = DIRECTION('',(-2.517861341243E-06,0.999999999997,0.));
#11722 = ORIENTED_EDGE('',*,*,#11723,.F.);
#11723 = EDGE_CURVE('',#11724,#11715,#11726,.T.);
#11724 = VERTEX_POINT('',#11725);
#11725 = CARTESIAN_POINT('',(110.095,-59.5,0.));
#11726 = LINE('',#11727,#11728);
#11727 = CARTESIAN_POINT('',(110.095,-59.5,0.));
#11728 = VECTOR('',#11729,1.);
#11729 = DIRECTION('',(1.,0.,0.));
#11730 = ORIENTED_EDGE('',*,*,#11731,.F.);
#11731 = EDGE_CURVE('',#11732,#11724,#11734,.T.);
#11732 = VERTEX_POINT('',#11733);
#11733 = CARTESIAN_POINT('',(109.194647,-59.5,0.));
#11734 = LINE('',#11735,#11736);
#11735 = CARTESIAN_POINT('',(109.194647,-59.5,0.));
#11736 = VECTOR('',#11737,1.);
#11737 = DIRECTION('',(1.,0.,0.));
#11738 = ORIENTED_EDGE('',*,*,#11739,.F.);
#11739 = EDGE_CURVE('',#11740,#11732,#11742,.T.);
#11740 = VERTEX_POINT('',#11741);
#11741 = CARTESIAN_POINT('',(109.038345,-59.543934,0.));
#11742 = CIRCLE('',#11743,0.299998582341);
#11743 = AXIS2_PLACEMENT_3D('',#11744,#11745,#11746);
#11744 = CARTESIAN_POINT('',(109.19464624464,-59.79999858234,0.));
#11745 = DIRECTION('',(0.,0.,-1.));
#11746 = DIRECTION('',(-0.52100661085,0.853552641289,0.));
#11747 = ORIENTED_EDGE('',*,*,#11748,.F.);
#11748 = EDGE_CURVE('',#11749,#11740,#11751,.T.);
#11749 = VERTEX_POINT('',#11750);
#11750 = CARTESIAN_POINT('',(108.351066,-58.856655,0.));
#11751 = CIRCLE('',#11752,0.499999603944);
#11752 = AXIS2_PLACEMENT_3D('',#11753,#11754,#11755);
#11753 = CARTESIAN_POINT('',(108.77784211054,-59.11715788946,0.));
#11754 = DIRECTION('',(0.,0.,1.));
#11755 = DIRECTION('',(-0.853552897188,0.521006191616,0.));
#11756 = ORIENTED_EDGE('',*,*,#11757,.F.);
#11757 = EDGE_CURVE('',#11758,#11749,#11760,.T.);
#11758 = VERTEX_POINT('',#11759);
#11759 = CARTESIAN_POINT('',(108.395,-58.700353,0.));
#11760 = CIRCLE('',#11761,0.299998582341);
#11761 = AXIS2_PLACEMENT_3D('',#11762,#11763,#11764);
#11762 = CARTESIAN_POINT('',(108.09500141766,-58.70035375535,0.));
#11763 = DIRECTION('',(0.,0.,-1.));
#11764 = DIRECTION('',(0.999999999997,2.517861435983E-06,0.));
#11765 = ORIENTED_EDGE('',*,*,#11766,.F.);
#11766 = EDGE_CURVE('',#11767,#11758,#11769,.T.);
#11767 = VERTEX_POINT('',#11768);
#11768 = CARTESIAN_POINT('',(108.395,-58.,0.));
#11769 = LINE('',#11770,#11771);
#11770 = CARTESIAN_POINT('',(108.395,-58.,0.));
#11771 = VECTOR('',#11772,1.);
#11772 = DIRECTION('',(0.,-1.,0.));
#11773 = ORIENTED_EDGE('',*,*,#11774,.F.);
#11774 = EDGE_CURVE('',#11775,#11767,#11777,.T.);
#11775 = VERTEX_POINT('',#11776);
#11776 = CARTESIAN_POINT('',(108.395,-57.299647,0.));
#11777 = LINE('',#11778,#11779);
#11778 = CARTESIAN_POINT('',(108.395,-57.299647,0.));
#11779 = VECTOR('',#11780,1.);
#11780 = DIRECTION('',(0.,-1.,0.));
#11781 = ORIENTED_EDGE('',*,*,#11782,.F.);
#11782 = EDGE_CURVE('',#11783,#11775,#11785,.T.);
#11783 = VERTEX_POINT('',#11784);
#11784 = CARTESIAN_POINT('',(108.351066,-57.143345,0.));
#11785 = CIRCLE('',#11786,0.299998582341);
#11786 = AXIS2_PLACEMENT_3D('',#11787,#11788,#11789);
#11787 = CARTESIAN_POINT('',(108.09500141766,-57.29964624464,0.));
#11788 = DIRECTION('',(0.,0.,-1.));
#11789 = DIRECTION('',(0.853552641289,0.52100661085,0.));
#11790 = ORIENTED_EDGE('',*,*,#11791,.F.);
#11791 = EDGE_CURVE('',#11792,#11783,#11794,.T.);
#11792 = VERTEX_POINT('',#11793);
#11793 = CARTESIAN_POINT('',(109.038345,-56.456066,0.));
#11794 = CIRCLE('',#11795,0.499999603944);
#11795 = AXIS2_PLACEMENT_3D('',#11796,#11797,#11798);
#11796 = CARTESIAN_POINT('',(108.77784211054,-56.88284211054,0.));
#11797 = DIRECTION('',(0.,0.,1.));
#11798 = DIRECTION('',(0.521006191616,0.853552897188,-0.));
#11799 = ORIENTED_EDGE('',*,*,#11800,.F.);
#11800 = EDGE_CURVE('',#11801,#11792,#11803,.T.);
#11801 = VERTEX_POINT('',#11802);
#11802 = CARTESIAN_POINT('',(109.194647,-56.5,0.));
#11803 = CIRCLE('',#11804,0.299998582341);
#11804 = AXIS2_PLACEMENT_3D('',#11805,#11806,#11807);
#11805 = CARTESIAN_POINT('',(109.19464624464,-56.20000141766,0.));
#11806 = DIRECTION('',(0.,0.,-1.));
#11807 = DIRECTION('',(2.517861388613E-06,-0.999999999997,0.));
#11808 = ORIENTED_EDGE('',*,*,#11809,.F.);
#11809 = EDGE_CURVE('',#11810,#11801,#11812,.T.);
#11810 = VERTEX_POINT('',#11811);
#11811 = CARTESIAN_POINT('',(110.095,-56.5,0.));
#11812 = LINE('',#11813,#11814);
#11813 = CARTESIAN_POINT('',(110.095,-56.5,0.));
#11814 = VECTOR('',#11815,1.);
#11815 = DIRECTION('',(-1.,0.,0.));
#11816 = ORIENTED_EDGE('',*,*,#11817,.F.);
#11817 = EDGE_CURVE('',#11818,#11810,#11820,.T.);
#11818 = VERTEX_POINT('',#11819);
#11819 = CARTESIAN_POINT('',(110.995353,-56.5,0.));
#11820 = LINE('',#11821,#11822);
#11821 = CARTESIAN_POINT('',(110.995353,-56.5,0.));
#11822 = VECTOR('',#11823,1.);
#11823 = DIRECTION('',(-1.,0.,0.));
#11824 = ORIENTED_EDGE('',*,*,#11825,.F.);
#11825 = EDGE_CURVE('',#11663,#11818,#11826,.T.);
#11826 = CIRCLE('',#11827,0.299998582341);
#11827 = AXIS2_PLACEMENT_3D('',#11828,#11829,#11830);
#11828 = CARTESIAN_POINT('',(110.99535375535,-56.20000141766,0.));
#11829 = DIRECTION('',(0.,0.,-1.));
#11830 = DIRECTION('',(0.52100661085,-0.853552641289,0.));
#11831 = FACE_BOUND('',#11832,.F.);
#11832 = EDGE_LOOP('',(#11833));
#11833 = ORIENTED_EDGE('',*,*,#11834,.T.);
#11834 = EDGE_CURVE('',#11835,#11835,#11837,.T.);
#11835 = VERTEX_POINT('',#11836);
#11836 = CARTESIAN_POINT('',(110.095,-55.54,0.));
#11837 = CIRCLE('',#11838,2.);
#11838 = AXIS2_PLACEMENT_3D('',#11839,#11840,#11841);
#11839 = CARTESIAN_POINT('',(110.095,-53.54,0.));
#11840 = DIRECTION('',(-0.,0.,-1.));
#11841 = DIRECTION('',(-0.,-1.,0.));
#11842 = FACE_BOUND('',#11843,.F.);
#11843 = EDGE_LOOP('',(#11844));
#11844 = ORIENTED_EDGE('',*,*,#11845,.T.);
#11845 = EDGE_CURVE('',#11846,#11846,#11848,.T.);
#11846 = VERTEX_POINT('',#11847);
#11847 = CARTESIAN_POINT('',(115.175,-54.39,0.));
#11848 = CIRCLE('',#11849,0.85);
#11849 = AXIS2_PLACEMENT_3D('',#11850,#11851,#11852);
#11850 = CARTESIAN_POINT('',(115.175,-53.54,0.));
#11851 = DIRECTION('',(-0.,0.,-1.));
#11852 = DIRECTION('',(-1.671865260612E-14,-1.,0.));
#11853 = FACE_BOUND('',#11854,.F.);
#11854 = EDGE_LOOP('',(#11855));
#11855 = ORIENTED_EDGE('',*,*,#11856,.T.);
#11856 = EDGE_CURVE('',#11857,#11857,#11859,.T.);
#11857 = VERTEX_POINT('',#11858);
#11858 = CARTESIAN_POINT('',(112.635,-49.21,0.));
#11859 = CIRCLE('',#11860,0.75);
#11860 = AXIS2_PLACEMENT_3D('',#11861,#11862,#11863);
#11861 = CARTESIAN_POINT('',(112.635,-48.46,0.));
#11862 = DIRECTION('',(-0.,0.,-1.));
#11863 = DIRECTION('',(-0.,-1.,0.));
#11864 = FACE_BOUND('',#11865,.F.);
#11865 = EDGE_LOOP('',(#11866));
#11866 = ORIENTED_EDGE('',*,*,#11867,.T.);
#11867 = EDGE_CURVE('',#11868,#11868,#11870,.T.);
#11868 = VERTEX_POINT('',#11869);
#11869 = CARTESIAN_POINT('',(119.5,-54.59,0.));
#11870 = CIRCLE('',#11871,0.4);
#11871 = AXIS2_PLACEMENT_3D('',#11872,#11873,#11874);
#11872 = CARTESIAN_POINT('',(119.5,-54.19,0.));
#11873 = DIRECTION('',(-0.,0.,-1.));
#11874 = DIRECTION('',(-0.,-1.,0.));
#11875 = FACE_BOUND('',#11876,.F.);
#11876 = EDGE_LOOP('',(#11877,#11888,#11897,#11905,#11913,#11922,#11931,
    #11940,#11948,#11956,#11965,#11974,#11983,#11991,#11999,#12008,
    #12017,#12026,#12034,#12042));
#11877 = ORIENTED_EDGE('',*,*,#11878,.F.);
#11878 = EDGE_CURVE('',#11879,#11881,#11883,.T.);
#11879 = VERTEX_POINT('',#11880);
#11880 = CARTESIAN_POINT('',(130.838934,-57.143345,0.));
#11881 = VERTEX_POINT('',#11882);
#11882 = CARTESIAN_POINT('',(130.151655,-56.456066,0.));
#11883 = CIRCLE('',#11884,0.499999603944);
#11884 = AXIS2_PLACEMENT_3D('',#11885,#11886,#11887);
#11885 = CARTESIAN_POINT('',(130.41215788946,-56.88284211054,0.));
#11886 = DIRECTION('',(0.,0.,1.));
#11887 = DIRECTION('',(0.853552897188,-0.521006191616,0.));
#11888 = ORIENTED_EDGE('',*,*,#11889,.F.);
#11889 = EDGE_CURVE('',#11890,#11879,#11892,.T.);
#11890 = VERTEX_POINT('',#11891);
#11891 = CARTESIAN_POINT('',(130.795,-57.299647,0.));
#11892 = CIRCLE('',#11893,0.299998582342);
#11893 = AXIS2_PLACEMENT_3D('',#11894,#11895,#11896);
#11894 = CARTESIAN_POINT('',(131.09499858234,-57.29964624464,0.));
#11895 = DIRECTION('',(0.,0.,-1.));
#11896 = DIRECTION('',(-0.999999999997,-2.517860843856E-06,-0.));
#11897 = ORIENTED_EDGE('',*,*,#11898,.F.);
#11898 = EDGE_CURVE('',#11899,#11890,#11901,.T.);
#11899 = VERTEX_POINT('',#11900);
#11900 = CARTESIAN_POINT('',(130.795,-58.,0.));
#11901 = LINE('',#11902,#11903);
#11902 = CARTESIAN_POINT('',(130.795,-58.,0.));
#11903 = VECTOR('',#11904,1.);
#11904 = DIRECTION('',(0.,1.,0.));
#11905 = ORIENTED_EDGE('',*,*,#11906,.F.);
#11906 = EDGE_CURVE('',#11907,#11899,#11909,.T.);
#11907 = VERTEX_POINT('',#11908);
#11908 = CARTESIAN_POINT('',(130.795,-58.700353,0.));
#11909 = LINE('',#11910,#11911);
#11910 = CARTESIAN_POINT('',(130.795,-58.700353,0.));
#11911 = VECTOR('',#11912,1.);
#11912 = DIRECTION('',(0.,1.,0.));
#11913 = ORIENTED_EDGE('',*,*,#11914,.F.);
#11914 = EDGE_CURVE('',#11915,#11907,#11917,.T.);
#11915 = VERTEX_POINT('',#11916);
#11916 = CARTESIAN_POINT('',(130.838934,-58.856655,0.));
#11917 = CIRCLE('',#11918,0.299998582342);
#11918 = AXIS2_PLACEMENT_3D('',#11919,#11920,#11921);
#11919 = CARTESIAN_POINT('',(131.09499858234,-58.70035375535,0.));
#11920 = DIRECTION('',(0.,0.,-1.));
#11921 = DIRECTION('',(-0.853552641289,-0.521006610849,-0.));
#11922 = ORIENTED_EDGE('',*,*,#11923,.F.);
#11923 = EDGE_CURVE('',#11924,#11915,#11926,.T.);
#11924 = VERTEX_POINT('',#11925);
#11925 = CARTESIAN_POINT('',(130.151655,-59.543934,0.));
#11926 = CIRCLE('',#11927,0.499999603944);
#11927 = AXIS2_PLACEMENT_3D('',#11928,#11929,#11930);
#11928 = CARTESIAN_POINT('',(130.41215788946,-59.11715788946,0.));
#11929 = DIRECTION('',(0.,0.,1.));
#11930 = DIRECTION('',(-0.521006191616,-0.853552897188,0.));
#11931 = ORIENTED_EDGE('',*,*,#11932,.F.);
#11932 = EDGE_CURVE('',#11933,#11924,#11935,.T.);
#11933 = VERTEX_POINT('',#11934);
#11934 = CARTESIAN_POINT('',(129.995353,-59.5,0.));
#11935 = CIRCLE('',#11936,0.299998582341);
#11936 = AXIS2_PLACEMENT_3D('',#11937,#11938,#11939);
#11937 = CARTESIAN_POINT('',(129.99535375535,-59.79999858234,0.));
#11938 = DIRECTION('',(0.,0.,-1.));
#11939 = DIRECTION('',(-2.517861104393E-06,0.999999999997,0.));
#11940 = ORIENTED_EDGE('',*,*,#11941,.F.);
#11941 = EDGE_CURVE('',#11942,#11933,#11944,.T.);
#11942 = VERTEX_POINT('',#11943);
#11943 = CARTESIAN_POINT('',(129.095,-59.5,0.));
#11944 = LINE('',#11945,#11946);
#11945 = CARTESIAN_POINT('',(129.095,-59.5,0.));
#11946 = VECTOR('',#11947,1.);
#11947 = DIRECTION('',(1.,0.,0.));
#11948 = ORIENTED_EDGE('',*,*,#11949,.F.);
#11949 = EDGE_CURVE('',#11950,#11942,#11952,.T.);
#11950 = VERTEX_POINT('',#11951);
#11951 = CARTESIAN_POINT('',(128.194647,-59.5,0.));
#11952 = LINE('',#11953,#11954);
#11953 = CARTESIAN_POINT('',(128.194647,-59.5,0.));
#11954 = VECTOR('',#11955,1.);
#11955 = DIRECTION('',(1.,0.,0.));
#11956 = ORIENTED_EDGE('',*,*,#11957,.F.);
#11957 = EDGE_CURVE('',#11958,#11950,#11960,.T.);
#11958 = VERTEX_POINT('',#11959);
#11959 = CARTESIAN_POINT('',(128.038345,-59.543934,0.));
#11960 = CIRCLE('',#11961,0.299998582341);
#11961 = AXIS2_PLACEMENT_3D('',#11962,#11963,#11964);
#11962 = CARTESIAN_POINT('',(128.19464624464,-59.79999858234,0.));
#11963 = DIRECTION('',(0.,0.,-1.));
#11964 = DIRECTION('',(-0.521006610849,0.853552641289,0.));
#11965 = ORIENTED_EDGE('',*,*,#11966,.F.);
#11966 = EDGE_CURVE('',#11967,#11958,#11969,.T.);
#11967 = VERTEX_POINT('',#11968);
#11968 = CARTESIAN_POINT('',(127.351066,-58.856655,0.));
#11969 = CIRCLE('',#11970,0.499999603944);
#11970 = AXIS2_PLACEMENT_3D('',#11971,#11972,#11973);
#11971 = CARTESIAN_POINT('',(127.77784211054,-59.11715788946,0.));
#11972 = DIRECTION('',(0.,0.,1.));
#11973 = DIRECTION('',(-0.853552897188,0.521006191616,0.));
#11974 = ORIENTED_EDGE('',*,*,#11975,.F.);
#11975 = EDGE_CURVE('',#11976,#11967,#11978,.T.);
#11976 = VERTEX_POINT('',#11977);
#11977 = CARTESIAN_POINT('',(127.395,-58.700353,0.));
#11978 = CIRCLE('',#11979,0.299998582341);
#11979 = AXIS2_PLACEMENT_3D('',#11980,#11981,#11982);
#11980 = CARTESIAN_POINT('',(127.09500141766,-58.70035375535,0.));
#11981 = DIRECTION('',(0.,0.,-1.));
#11982 = DIRECTION('',(0.999999999997,2.517861435983E-06,0.));
#11983 = ORIENTED_EDGE('',*,*,#11984,.F.);
#11984 = EDGE_CURVE('',#11985,#11976,#11987,.T.);
#11985 = VERTEX_POINT('',#11986);
#11986 = CARTESIAN_POINT('',(127.395,-58.,0.));
#11987 = LINE('',#11988,#11989);
#11988 = CARTESIAN_POINT('',(127.395,-58.,0.));
#11989 = VECTOR('',#11990,1.);
#11990 = DIRECTION('',(0.,-1.,0.));
#11991 = ORIENTED_EDGE('',*,*,#11992,.F.);
#11992 = EDGE_CURVE('',#11993,#11985,#11995,.T.);
#11993 = VERTEX_POINT('',#11994);
#11994 = CARTESIAN_POINT('',(127.395,-57.299647,0.));
#11995 = LINE('',#11996,#11997);
#11996 = CARTESIAN_POINT('',(127.395,-57.299647,0.));
#11997 = VECTOR('',#11998,1.);
#11998 = DIRECTION('',(0.,-1.,0.));
#11999 = ORIENTED_EDGE('',*,*,#12000,.F.);
#12000 = EDGE_CURVE('',#12001,#11993,#12003,.T.);
#12001 = VERTEX_POINT('',#12002);
#12002 = CARTESIAN_POINT('',(127.351066,-57.143345,0.));
#12003 = CIRCLE('',#12004,0.299998582341);
#12004 = AXIS2_PLACEMENT_3D('',#12005,#12006,#12007);
#12005 = CARTESIAN_POINT('',(127.09500141766,-57.29964624464,0.));
#12006 = DIRECTION('',(0.,0.,-1.));
#12007 = DIRECTION('',(0.853552641289,0.52100661085,0.));
#12008 = ORIENTED_EDGE('',*,*,#12009,.F.);
#12009 = EDGE_CURVE('',#12010,#12001,#12012,.T.);
#12010 = VERTEX_POINT('',#12011);
#12011 = CARTESIAN_POINT('',(128.038345,-56.456066,0.));
#12012 = CIRCLE('',#12013,0.499999603944);
#12013 = AXIS2_PLACEMENT_3D('',#12014,#12015,#12016);
#12014 = CARTESIAN_POINT('',(127.77784211054,-56.88284211054,0.));
#12015 = DIRECTION('',(0.,0.,1.));
#12016 = DIRECTION('',(0.521006191616,0.853552897188,-0.));
#12017 = ORIENTED_EDGE('',*,*,#12018,.F.);
#12018 = EDGE_CURVE('',#12019,#12010,#12021,.T.);
#12019 = VERTEX_POINT('',#12020);
#12020 = CARTESIAN_POINT('',(128.194647,-56.5,0.));
#12021 = CIRCLE('',#12022,0.299998582341);
#12022 = AXIS2_PLACEMENT_3D('',#12023,#12024,#12025);
#12023 = CARTESIAN_POINT('',(128.19464624464,-56.20000141766,0.));
#12024 = DIRECTION('',(0.,0.,-1.));
#12025 = DIRECTION('',(2.517861104393E-06,-0.999999999997,0.));
#12026 = ORIENTED_EDGE('',*,*,#12027,.F.);
#12027 = EDGE_CURVE('',#12028,#12019,#12030,.T.);
#12028 = VERTEX_POINT('',#12029);
#12029 = CARTESIAN_POINT('',(129.095,-56.5,0.));
#12030 = LINE('',#12031,#12032);
#12031 = CARTESIAN_POINT('',(129.095,-56.5,0.));
#12032 = VECTOR('',#12033,1.);
#12033 = DIRECTION('',(-1.,0.,0.));
#12034 = ORIENTED_EDGE('',*,*,#12035,.F.);
#12035 = EDGE_CURVE('',#12036,#12028,#12038,.T.);
#12036 = VERTEX_POINT('',#12037);
#12037 = CARTESIAN_POINT('',(129.995353,-56.5,0.));
#12038 = LINE('',#12039,#12040);
#12039 = CARTESIAN_POINT('',(129.995353,-56.5,0.));
#12040 = VECTOR('',#12041,1.);
#12041 = DIRECTION('',(-1.,0.,0.));
#12042 = ORIENTED_EDGE('',*,*,#12043,.F.);
#12043 = EDGE_CURVE('',#11881,#12036,#12044,.T.);
#12044 = CIRCLE('',#12045,0.299998582341);
#12045 = AXIS2_PLACEMENT_3D('',#12046,#12047,#12048);
#12046 = CARTESIAN_POINT('',(129.99535375535,-56.20000141766,0.));
#12047 = DIRECTION('',(0.,0.,-1.));
#12048 = DIRECTION('',(0.521006610849,-0.853552641289,0.));
#12049 = FACE_BOUND('',#12050,.F.);
#12050 = EDGE_LOOP('',(#12051));
#12051 = ORIENTED_EDGE('',*,*,#12052,.T.);
#12052 = EDGE_CURVE('',#12053,#12053,#12055,.T.);
#12053 = VERTEX_POINT('',#12054);
#12054 = CARTESIAN_POINT('',(124.015,-54.39,0.));
#12055 = CIRCLE('',#12056,0.85);
#12056 = AXIS2_PLACEMENT_3D('',#12057,#12058,#12059);
#12057 = CARTESIAN_POINT('',(124.015,-53.54,0.));
#12058 = DIRECTION('',(-0.,0.,-1.));
#12059 = DIRECTION('',(-0.,-1.,0.));
#12060 = FACE_BOUND('',#12061,.F.);
#12061 = EDGE_LOOP('',(#12062));
#12062 = ORIENTED_EDGE('',*,*,#12063,.T.);
#12063 = EDGE_CURVE('',#12064,#12064,#12066,.T.);
#12064 = VERTEX_POINT('',#12065);
#12065 = CARTESIAN_POINT('',(125.285,-51.75,0.));
#12066 = CIRCLE('',#12067,0.75);
#12067 = AXIS2_PLACEMENT_3D('',#12068,#12069,#12070);
#12068 = CARTESIAN_POINT('',(125.285,-51.,0.));
#12069 = DIRECTION('',(-0.,0.,-1.));
#12070 = DIRECTION('',(-0.,-1.,0.));
#12071 = FACE_BOUND('',#12072,.F.);
#12072 = EDGE_LOOP('',(#12073));
#12073 = ORIENTED_EDGE('',*,*,#12074,.T.);
#12074 = EDGE_CURVE('',#12075,#12075,#12077,.T.);
#12075 = VERTEX_POINT('',#12076);
#12076 = CARTESIAN_POINT('',(129.095,-55.54,0.));
#12077 = CIRCLE('',#12078,2.);
#12078 = AXIS2_PLACEMENT_3D('',#12079,#12080,#12081);
#12079 = CARTESIAN_POINT('',(129.095,-53.54,0.));
#12080 = DIRECTION('',(-0.,0.,-1.));
#12081 = DIRECTION('',(-0.,-1.,0.));
#12082 = FACE_BOUND('',#12083,.F.);
#12083 = EDGE_LOOP('',(#12084));
#12084 = ORIENTED_EDGE('',*,*,#12085,.T.);
#12085 = EDGE_CURVE('',#12086,#12086,#12088,.T.);
#12086 = VERTEX_POINT('',#12087);
#12087 = CARTESIAN_POINT('',(131.635,-49.21,0.));
#12088 = CIRCLE('',#12089,0.75);
#12089 = AXIS2_PLACEMENT_3D('',#12090,#12091,#12092);
#12090 = CARTESIAN_POINT('',(131.635,-48.46,0.));
#12091 = DIRECTION('',(-0.,0.,-1.));
#12092 = DIRECTION('',(-0.,-1.,0.));
#12093 = FACE_BOUND('',#12094,.F.);
#12094 = EDGE_LOOP('',(#12095));
#12095 = ORIENTED_EDGE('',*,*,#12096,.T.);
#12096 = EDGE_CURVE('',#12097,#12097,#12099,.T.);
#12097 = VERTEX_POINT('',#12098);
#12098 = CARTESIAN_POINT('',(138.,-62.21,0.));
#12099 = CIRCLE('',#12100,0.4);
#12100 = AXIS2_PLACEMENT_3D('',#12101,#12102,#12103);
#12101 = CARTESIAN_POINT('',(138.,-61.81,0.));
#12102 = DIRECTION('',(-0.,0.,-1.));
#12103 = DIRECTION('',(-0.,-1.,0.));
#12104 = FACE_BOUND('',#12105,.F.);
#12105 = EDGE_LOOP('',(#12106));
#12106 = ORIENTED_EDGE('',*,*,#12107,.T.);
#12107 = EDGE_CURVE('',#12108,#12108,#12110,.T.);
#12108 = VERTEX_POINT('',#12109);
#12109 = CARTESIAN_POINT('',(134.175,-54.39,0.));
#12110 = CIRCLE('',#12111,0.85);
#12111 = AXIS2_PLACEMENT_3D('',#12112,#12113,#12114);
#12112 = CARTESIAN_POINT('',(134.175,-53.54,0.));
#12113 = DIRECTION('',(-0.,0.,-1.));
#12114 = DIRECTION('',(-0.,-1.,0.));
#12115 = FACE_BOUND('',#12116,.F.);
#12116 = EDGE_LOOP('',(#12117));
#12117 = ORIENTED_EDGE('',*,*,#12118,.T.);
#12118 = EDGE_CURVE('',#12119,#12119,#12121,.T.);
#12119 = VERTEX_POINT('',#12120);
#12120 = CARTESIAN_POINT('',(138.,-54.59,0.));
#12121 = CIRCLE('',#12122,0.4);
#12122 = AXIS2_PLACEMENT_3D('',#12123,#12124,#12125);
#12123 = CARTESIAN_POINT('',(138.,-54.19,0.));
#12124 = DIRECTION('',(-0.,0.,-1.));
#12125 = DIRECTION('',(-0.,-1.,0.));
#12126 = FACE_BOUND('',#12127,.F.);
#12127 = EDGE_LOOP('',(#12128));
#12128 = ORIENTED_EDGE('',*,*,#12129,.T.);
#12129 = EDGE_CURVE('',#12130,#12130,#12132,.T.);
#12130 = VERTEX_POINT('',#12131);
#12131 = CARTESIAN_POINT('',(112.5,-36.81,0.));
#12132 = CIRCLE('',#12133,0.5);
#12133 = AXIS2_PLACEMENT_3D('',#12134,#12135,#12136);
#12134 = CARTESIAN_POINT('',(112.5,-36.31,0.));
#12135 = DIRECTION('',(-0.,0.,-1.));
#12136 = DIRECTION('',(-0.,-1.,0.));
#12137 = FACE_BOUND('',#12138,.F.);
#12138 = EDGE_LOOP('',(#12139));
#12139 = ORIENTED_EDGE('',*,*,#12140,.T.);
#12140 = EDGE_CURVE('',#12141,#12141,#12143,.T.);
#12141 = VERTEX_POINT('',#12142);
#12142 = CARTESIAN_POINT('',(112.5,-34.27,0.));
#12143 = CIRCLE('',#12144,0.5);
#12144 = AXIS2_PLACEMENT_3D('',#12145,#12146,#12147);
#12145 = CARTESIAN_POINT('',(112.5,-33.77,0.));
#12146 = DIRECTION('',(-0.,0.,-1.));
#12147 = DIRECTION('',(-0.,-1.,0.));
#12148 = FACE_BOUND('',#12149,.F.);
#12149 = EDGE_LOOP('',(#12150));
#12150 = ORIENTED_EDGE('',*,*,#12151,.T.);
#12151 = EDGE_CURVE('',#12152,#12152,#12154,.T.);
#12152 = VERTEX_POINT('',#12153);
#12153 = CARTESIAN_POINT('',(112.5,-31.73,0.));
#12154 = CIRCLE('',#12155,0.5);
#12155 = AXIS2_PLACEMENT_3D('',#12156,#12157,#12158);
#12156 = CARTESIAN_POINT('',(112.5,-31.23,0.));
#12157 = DIRECTION('',(-0.,0.,-1.));
#12158 = DIRECTION('',(-0.,-1.,0.));
#12159 = FACE_BOUND('',#12160,.F.);
#12160 = EDGE_LOOP('',(#12161));
#12161 = ORIENTED_EDGE('',*,*,#12162,.T.);
#12162 = EDGE_CURVE('',#12163,#12163,#12165,.T.);
#12163 = VERTEX_POINT('',#12164);
#12164 = CARTESIAN_POINT('',(112.5,-29.19,0.));
#12165 = CIRCLE('',#12166,0.5);
#12166 = AXIS2_PLACEMENT_3D('',#12167,#12168,#12169);
#12167 = CARTESIAN_POINT('',(112.5,-28.69,0.));
#12168 = DIRECTION('',(-0.,0.,-1.));
#12169 = DIRECTION('',(-0.,-1.,0.));
#12170 = FACE_BOUND('',#12171,.F.);
#12171 = EDGE_LOOP('',(#12172));
#12172 = ORIENTED_EDGE('',*,*,#12173,.T.);
#12173 = EDGE_CURVE('',#12174,#12174,#12176,.T.);
#12174 = VERTEX_POINT('',#12175);
#12175 = CARTESIAN_POINT('',(155.,-28.75,0.));
#12176 = CIRCLE('',#12177,1.25);
#12177 = AXIS2_PLACEMENT_3D('',#12178,#12179,#12180);
#12178 = CARTESIAN_POINT('',(155.,-27.5,0.));
#12179 = DIRECTION('',(-0.,0.,-1.));
#12180 = DIRECTION('',(-0.,-1.,0.));
#12181 = PLANE('',#12182);
#12182 = AXIS2_PLACEMENT_3D('',#12183,#12184,#12185);
#12183 = CARTESIAN_POINT('',(0.,0.,0.));
#12184 = DIRECTION('',(0.,0.,1.));
#12185 = DIRECTION('',(1.,0.,-0.));
#12186 = ADVANCED_FACE('',(#12187,#12198,#12209,#12383,#12394,#12405,
    #12416,#12427,#12438,#12449,#12460,#12471,#12482,#12493,#12667,
    #12678,#12689,#12700,#12711,#12722,#12896,#12907,#13081,#13092,
    #13103,#13114,#13125,#13136,#13147,#13158,#13169,#13180,#13191,
    #13202,#13376,#13387,#13398,#13409,#13420,#13594,#13605,#13616,
    #13627,#13638,#13649,#13660,#13671,#13682,#13693,#13704,#13715,
    #13889,#13900,#13911,#13922,#13933,#13944,#13955,#13966,#14002,
    #14013,#14024,#14035,#14046,#14057,#14093,#14104,#14115,#14126,
    #14137,#14148,#14159,#14170,#14181,#14192,#14203,#14214,#14225,
    #14236,#14247,#14258,#14269,#14280,#14291,#14302,#14476,#14487,
    #14498,#14509,#14520,#14694,#14705,#14716,#14727,#14738,#14749,
    #14760,#14771,#14782,#14793,#14804,#14815),#14826,.T.);
#12187 = FACE_BOUND('',#12188,.T.);
#12188 = EDGE_LOOP('',(#12189,#12190,#12191,#12197));
#12189 = ORIENTED_EDGE('',*,*,#9453,.F.);
#12190 = ORIENTED_EDGE('',*,*,#9493,.F.);
#12191 = ORIENTED_EDGE('',*,*,#12192,.F.);
#12192 = EDGE_CURVE('',#9516,#9486,#12193,.T.);
#12193 = LINE('',#12194,#12195);
#12194 = CARTESIAN_POINT('',(60.,-22.5,1.51));
#12195 = VECTOR('',#12196,1.);
#12196 = DIRECTION('',(1.,0.,0.));
#12197 = ORIENTED_EDGE('',*,*,#9515,.F.);
#12198 = FACE_BOUND('',#12199,.T.);
#12199 = EDGE_LOOP('',(#12200));
#12200 = ORIENTED_EDGE('',*,*,#12201,.T.);
#12201 = EDGE_CURVE('',#12202,#12202,#12204,.T.);
#12202 = VERTEX_POINT('',#12203);
#12203 = CARTESIAN_POINT('',(65.,-118.75,1.51));
#12204 = CIRCLE('',#12205,1.25);
#12205 = AXIS2_PLACEMENT_3D('',#12206,#12207,#12208);
#12206 = CARTESIAN_POINT('',(65.,-117.5,1.51));
#12207 = DIRECTION('',(-0.,0.,-1.));
#12208 = DIRECTION('',(-0.,-1.,0.));
#12209 = FACE_BOUND('',#12210,.T.);
#12210 = EDGE_LOOP('',(#12211,#12222,#12231,#12239,#12247,#12256,#12265,
    #12274,#12282,#12290,#12299,#12308,#12317,#12325,#12333,#12342,
    #12351,#12360,#12368,#12376));
#12211 = ORIENTED_EDGE('',*,*,#12212,.F.);
#12212 = EDGE_CURVE('',#12213,#12215,#12217,.T.);
#12213 = VERTEX_POINT('',#12214);
#12214 = CARTESIAN_POINT('',(92.743934,-95.143345,1.51));
#12215 = VERTEX_POINT('',#12216);
#12216 = CARTESIAN_POINT('',(92.056655,-94.456066,1.51));
#12217 = CIRCLE('',#12218,0.499999603944);
#12218 = AXIS2_PLACEMENT_3D('',#12219,#12220,#12221);
#12219 = CARTESIAN_POINT('',(92.31715788946,-94.88284211054,1.51));
#12220 = DIRECTION('',(0.,0.,1.));
#12221 = DIRECTION('',(0.853552897188,-0.521006191616,0.));
#12222 = ORIENTED_EDGE('',*,*,#12223,.F.);
#12223 = EDGE_CURVE('',#12224,#12213,#12226,.T.);
#12224 = VERTEX_POINT('',#12225);
#12225 = CARTESIAN_POINT('',(92.7,-95.299647,1.51));
#12226 = CIRCLE('',#12227,0.299998582341);
#12227 = AXIS2_PLACEMENT_3D('',#12228,#12229,#12230);
#12228 = CARTESIAN_POINT('',(92.99999858234,-95.29964624464,1.51));
#12229 = DIRECTION('',(0.,0.,-1.));
#12230 = DIRECTION('',(-0.999999999997,-2.517861388613E-06,-0.));
#12231 = ORIENTED_EDGE('',*,*,#12232,.F.);
#12232 = EDGE_CURVE('',#12233,#12224,#12235,.T.);
#12233 = VERTEX_POINT('',#12234);
#12234 = CARTESIAN_POINT('',(92.7,-96.,1.51));
#12235 = LINE('',#12236,#12237);
#12236 = CARTESIAN_POINT('',(92.7,-96.,1.51));
#12237 = VECTOR('',#12238,1.);
#12238 = DIRECTION('',(0.,1.,0.));
#12239 = ORIENTED_EDGE('',*,*,#12240,.F.);
#12240 = EDGE_CURVE('',#12241,#12233,#12243,.T.);
#12241 = VERTEX_POINT('',#12242);
#12242 = CARTESIAN_POINT('',(92.7,-96.700353,1.51));
#12243 = LINE('',#12244,#12245);
#12244 = CARTESIAN_POINT('',(92.7,-96.700353,1.51));
#12245 = VECTOR('',#12246,1.);
#12246 = DIRECTION('',(0.,1.,0.));
#12247 = ORIENTED_EDGE('',*,*,#12248,.F.);
#12248 = EDGE_CURVE('',#12249,#12241,#12251,.T.);
#12249 = VERTEX_POINT('',#12250);
#12250 = CARTESIAN_POINT('',(92.743934,-96.856655,1.51));
#12251 = CIRCLE('',#12252,0.299998582341);
#12252 = AXIS2_PLACEMENT_3D('',#12253,#12254,#12255);
#12253 = CARTESIAN_POINT('',(92.99999858234,-96.70035375535,1.51));
#12254 = DIRECTION('',(0.,0.,-1.));
#12255 = DIRECTION('',(-0.853552641289,-0.521006610849,-0.));
#12256 = ORIENTED_EDGE('',*,*,#12257,.F.);
#12257 = EDGE_CURVE('',#12258,#12249,#12260,.T.);
#12258 = VERTEX_POINT('',#12259);
#12259 = CARTESIAN_POINT('',(92.056655,-97.543934,1.51));
#12260 = CIRCLE('',#12261,0.499999603944);
#12261 = AXIS2_PLACEMENT_3D('',#12262,#12263,#12264);
#12262 = CARTESIAN_POINT('',(92.31715788946,-97.11715788946,1.51));
#12263 = DIRECTION('',(0.,0.,1.));
#12264 = DIRECTION('',(-0.521006191616,-0.853552897188,0.));
#12265 = ORIENTED_EDGE('',*,*,#12266,.F.);
#12266 = EDGE_CURVE('',#12267,#12258,#12269,.T.);
#12267 = VERTEX_POINT('',#12268);
#12268 = CARTESIAN_POINT('',(91.900353,-97.5,1.51));
#12269 = CIRCLE('',#12270,0.299998582341);
#12270 = AXIS2_PLACEMENT_3D('',#12271,#12272,#12273);
#12271 = CARTESIAN_POINT('',(91.900353755355,-97.79999858234,1.51));
#12272 = DIRECTION('',(0.,0.,-1.));
#12273 = DIRECTION('',(-2.517861483353E-06,0.999999999997,0.));
#12274 = ORIENTED_EDGE('',*,*,#12275,.F.);
#12275 = EDGE_CURVE('',#12276,#12267,#12278,.T.);
#12276 = VERTEX_POINT('',#12277);
#12277 = CARTESIAN_POINT('',(91.,-97.5,1.51));
#12278 = LINE('',#12279,#12280);
#12279 = CARTESIAN_POINT('',(91.,-97.5,1.51));
#12280 = VECTOR('',#12281,1.);
#12281 = DIRECTION('',(1.,0.,0.));
#12282 = ORIENTED_EDGE('',*,*,#12283,.F.);
#12283 = EDGE_CURVE('',#12284,#12276,#12286,.T.);
#12284 = VERTEX_POINT('',#12285);
#12285 = CARTESIAN_POINT('',(90.099647,-97.5,1.51));
#12286 = LINE('',#12287,#12288);
#12287 = CARTESIAN_POINT('',(90.099647,-97.5,1.51));
#12288 = VECTOR('',#12289,1.);
#12289 = DIRECTION('',(1.,0.,0.));
#12290 = ORIENTED_EDGE('',*,*,#12291,.F.);
#12291 = EDGE_CURVE('',#12292,#12284,#12294,.T.);
#12292 = VERTEX_POINT('',#12293);
#12293 = CARTESIAN_POINT('',(89.943345,-97.543934,1.51));
#12294 = CIRCLE('',#12295,0.299998582341);
#12295 = AXIS2_PLACEMENT_3D('',#12296,#12297,#12298);
#12296 = CARTESIAN_POINT('',(90.099646244645,-97.79999858234,1.51));
#12297 = DIRECTION('',(0.,0.,-1.));
#12298 = DIRECTION('',(-0.52100661085,0.853552641289,0.));
#12299 = ORIENTED_EDGE('',*,*,#12300,.F.);
#12300 = EDGE_CURVE('',#12301,#12292,#12303,.T.);
#12301 = VERTEX_POINT('',#12302);
#12302 = CARTESIAN_POINT('',(89.256066,-96.856655,1.51));
#12303 = CIRCLE('',#12304,0.499999603944);
#12304 = AXIS2_PLACEMENT_3D('',#12305,#12306,#12307);
#12305 = CARTESIAN_POINT('',(89.68284211054,-97.11715788946,1.51));
#12306 = DIRECTION('',(0.,0.,1.));
#12307 = DIRECTION('',(-0.853552897188,0.521006191616,0.));
#12308 = ORIENTED_EDGE('',*,*,#12309,.F.);
#12309 = EDGE_CURVE('',#12310,#12301,#12312,.T.);
#12310 = VERTEX_POINT('',#12311);
#12311 = CARTESIAN_POINT('',(89.3,-96.700353,1.51));
#12312 = CIRCLE('',#12313,0.299998582341);
#12313 = AXIS2_PLACEMENT_3D('',#12314,#12315,#12316);
#12314 = CARTESIAN_POINT('',(89.00000141766,-96.70035375535,1.51));
#12315 = DIRECTION('',(0.,0.,-1.));
#12316 = DIRECTION('',(0.999999999997,2.517861388613E-06,0.));
#12317 = ORIENTED_EDGE('',*,*,#12318,.F.);
#12318 = EDGE_CURVE('',#12319,#12310,#12321,.T.);
#12319 = VERTEX_POINT('',#12320);
#12320 = CARTESIAN_POINT('',(89.3,-96.,1.51));
#12321 = LINE('',#12322,#12323);
#12322 = CARTESIAN_POINT('',(89.3,-96.,1.51));
#12323 = VECTOR('',#12324,1.);
#12324 = DIRECTION('',(0.,-1.,0.));
#12325 = ORIENTED_EDGE('',*,*,#12326,.F.);
#12326 = EDGE_CURVE('',#12327,#12319,#12329,.T.);
#12327 = VERTEX_POINT('',#12328);
#12328 = CARTESIAN_POINT('',(89.3,-95.299647,1.51));
#12329 = LINE('',#12330,#12331);
#12330 = CARTESIAN_POINT('',(89.3,-95.299647,1.51));
#12331 = VECTOR('',#12332,1.);
#12332 = DIRECTION('',(0.,-1.,0.));
#12333 = ORIENTED_EDGE('',*,*,#12334,.F.);
#12334 = EDGE_CURVE('',#12335,#12327,#12337,.T.);
#12335 = VERTEX_POINT('',#12336);
#12336 = CARTESIAN_POINT('',(89.256066,-95.143345,1.51));
#12337 = CIRCLE('',#12338,0.299998582341);
#12338 = AXIS2_PLACEMENT_3D('',#12339,#12340,#12341);
#12339 = CARTESIAN_POINT('',(89.00000141766,-95.29964624464,1.51));
#12340 = DIRECTION('',(0.,0.,-1.));
#12341 = DIRECTION('',(0.853552641289,0.521006610849,0.));
#12342 = ORIENTED_EDGE('',*,*,#12343,.F.);
#12343 = EDGE_CURVE('',#12344,#12335,#12346,.T.);
#12344 = VERTEX_POINT('',#12345);
#12345 = CARTESIAN_POINT('',(89.943345,-94.456066,1.51));
#12346 = CIRCLE('',#12347,0.499999603944);
#12347 = AXIS2_PLACEMENT_3D('',#12348,#12349,#12350);
#12348 = CARTESIAN_POINT('',(89.68284211054,-94.88284211054,1.51));
#12349 = DIRECTION('',(0.,0.,1.));
#12350 = DIRECTION('',(0.521006191616,0.853552897188,-0.));
#12351 = ORIENTED_EDGE('',*,*,#12352,.F.);
#12352 = EDGE_CURVE('',#12353,#12344,#12355,.T.);
#12353 = VERTEX_POINT('',#12354);
#12354 = CARTESIAN_POINT('',(90.099647,-94.5,1.51));
#12355 = CIRCLE('',#12356,0.299998582341);
#12356 = AXIS2_PLACEMENT_3D('',#12357,#12358,#12359);
#12357 = CARTESIAN_POINT('',(90.099646244645,-94.20000141766,1.51));
#12358 = DIRECTION('',(0.,0.,-1.));
#12359 = DIRECTION('',(2.517861483353E-06,-0.999999999997,0.));
#12360 = ORIENTED_EDGE('',*,*,#12361,.F.);
#12361 = EDGE_CURVE('',#12362,#12353,#12364,.T.);
#12362 = VERTEX_POINT('',#12363);
#12363 = CARTESIAN_POINT('',(91.,-94.5,1.51));
#12364 = LINE('',#12365,#12366);
#12365 = CARTESIAN_POINT('',(91.,-94.5,1.51));
#12366 = VECTOR('',#12367,1.);
#12367 = DIRECTION('',(-1.,0.,0.));
#12368 = ORIENTED_EDGE('',*,*,#12369,.F.);
#12369 = EDGE_CURVE('',#12370,#12362,#12372,.T.);
#12370 = VERTEX_POINT('',#12371);
#12371 = CARTESIAN_POINT('',(91.900353,-94.5,1.51));
#12372 = LINE('',#12373,#12374);
#12373 = CARTESIAN_POINT('',(91.900353,-94.5,1.51));
#12374 = VECTOR('',#12375,1.);
#12375 = DIRECTION('',(-1.,0.,0.));
#12376 = ORIENTED_EDGE('',*,*,#12377,.F.);
#12377 = EDGE_CURVE('',#12215,#12370,#12378,.T.);
#12378 = CIRCLE('',#12379,0.299998582341);
#12379 = AXIS2_PLACEMENT_3D('',#12380,#12381,#12382);
#12380 = CARTESIAN_POINT('',(91.900353755355,-94.20000141766,1.51));
#12381 = DIRECTION('',(0.,0.,-1.));
#12382 = DIRECTION('',(0.52100661085,-0.853552641289,0.));
#12383 = FACE_BOUND('',#12384,.T.);
#12384 = EDGE_LOOP('',(#12385));
#12385 = ORIENTED_EDGE('',*,*,#12386,.T.);
#12386 = EDGE_CURVE('',#12387,#12387,#12389,.T.);
#12387 = VERTEX_POINT('',#12388);
#12388 = CARTESIAN_POINT('',(100.595,-100.21,1.51));
#12389 = CIRCLE('',#12390,0.4);
#12390 = AXIS2_PLACEMENT_3D('',#12391,#12392,#12393);
#12391 = CARTESIAN_POINT('',(100.595,-99.81,1.51));
#12392 = DIRECTION('',(-0.,0.,-1.));
#12393 = DIRECTION('',(-0.,-1.,0.));
#12394 = FACE_BOUND('',#12395,.T.);
#12395 = EDGE_LOOP('',(#12396));
#12396 = ORIENTED_EDGE('',*,*,#12397,.T.);
#12397 = EDGE_CURVE('',#12398,#12398,#12400,.T.);
#12398 = VERTEX_POINT('',#12399);
#12399 = CARTESIAN_POINT('',(86.015,-92.35,1.51));
#12400 = CIRCLE('',#12401,0.85);
#12401 = AXIS2_PLACEMENT_3D('',#12402,#12403,#12404);
#12402 = CARTESIAN_POINT('',(86.015,-91.5,1.51));
#12403 = DIRECTION('',(-0.,0.,-1.));
#12404 = DIRECTION('',(-0.,-1.,0.));
#12405 = FACE_BOUND('',#12406,.T.);
#12406 = EDGE_LOOP('',(#12407));
#12407 = ORIENTED_EDGE('',*,*,#12408,.T.);
#12408 = EDGE_CURVE('',#12409,#12409,#12411,.T.);
#12409 = VERTEX_POINT('',#12410);
#12410 = CARTESIAN_POINT('',(85.88,-73.35,1.51));
#12411 = CIRCLE('',#12412,0.85);
#12412 = AXIS2_PLACEMENT_3D('',#12413,#12414,#12415);
#12413 = CARTESIAN_POINT('',(85.88,-72.5,1.51));
#12414 = DIRECTION('',(-0.,0.,-1.));
#12415 = DIRECTION('',(-0.,-1.,0.));
#12416 = FACE_BOUND('',#12417,.T.);
#12417 = EDGE_LOOP('',(#12418));
#12418 = ORIENTED_EDGE('',*,*,#12419,.T.);
#12419 = EDGE_CURVE('',#12420,#12420,#12422,.T.);
#12420 = VERTEX_POINT('',#12421);
#12421 = CARTESIAN_POINT('',(91.095,-93.5,1.51));
#12422 = CIRCLE('',#12423,2.);
#12423 = AXIS2_PLACEMENT_3D('',#12424,#12425,#12426);
#12424 = CARTESIAN_POINT('',(91.095,-91.5,1.51));
#12425 = DIRECTION('',(-0.,0.,-1.));
#12426 = DIRECTION('',(-0.,-1.,0.));
#12427 = FACE_BOUND('',#12428,.T.);
#12428 = EDGE_LOOP('',(#12429));
#12429 = ORIENTED_EDGE('',*,*,#12430,.T.);
#12430 = EDGE_CURVE('',#12431,#12431,#12433,.T.);
#12431 = VERTEX_POINT('',#12432);
#12432 = CARTESIAN_POINT('',(96.175,-92.35,1.51));
#12433 = CIRCLE('',#12434,0.85);
#12434 = AXIS2_PLACEMENT_3D('',#12435,#12436,#12437);
#12435 = CARTESIAN_POINT('',(96.175,-91.5,1.51));
#12436 = DIRECTION('',(-0.,0.,-1.));
#12437 = DIRECTION('',(-1.671865260612E-14,-1.,0.));
#12438 = FACE_BOUND('',#12439,.T.);
#12439 = EDGE_LOOP('',(#12440));
#12440 = ORIENTED_EDGE('',*,*,#12441,.T.);
#12441 = EDGE_CURVE('',#12442,#12442,#12444,.T.);
#12442 = VERTEX_POINT('',#12443);
#12443 = CARTESIAN_POINT('',(87.285,-89.71,1.51));
#12444 = CIRCLE('',#12445,0.75);
#12445 = AXIS2_PLACEMENT_3D('',#12446,#12447,#12448);
#12446 = CARTESIAN_POINT('',(87.285,-88.96,1.51));
#12447 = DIRECTION('',(-0.,0.,-1.));
#12448 = DIRECTION('',(-0.,-1.,0.));
#12449 = FACE_BOUND('',#12450,.T.);
#12450 = EDGE_LOOP('',(#12451));
#12451 = ORIENTED_EDGE('',*,*,#12452,.T.);
#12452 = EDGE_CURVE('',#12453,#12453,#12455,.T.);
#12453 = VERTEX_POINT('',#12454);
#12454 = CARTESIAN_POINT('',(93.635,-87.17,1.51));
#12455 = CIRCLE('',#12456,0.75);
#12456 = AXIS2_PLACEMENT_3D('',#12457,#12458,#12459);
#12457 = CARTESIAN_POINT('',(93.635,-86.42,1.51));
#12458 = DIRECTION('',(-0.,0.,-1.));
#12459 = DIRECTION('',(-0.,-1.,0.));
#12460 = FACE_BOUND('',#12461,.T.);
#12461 = EDGE_LOOP('',(#12462));
#12462 = ORIENTED_EDGE('',*,*,#12463,.T.);
#12463 = EDGE_CURVE('',#12464,#12464,#12466,.T.);
#12464 = VERTEX_POINT('',#12465);
#12465 = CARTESIAN_POINT('',(100.595,-92.59,1.51));
#12466 = CIRCLE('',#12467,0.4);
#12467 = AXIS2_PLACEMENT_3D('',#12468,#12469,#12470);
#12468 = CARTESIAN_POINT('',(100.595,-92.19,1.51));
#12469 = DIRECTION('',(-0.,0.,-1.));
#12470 = DIRECTION('',(-0.,-1.,0.));
#12471 = FACE_BOUND('',#12472,.T.);
#12472 = EDGE_LOOP('',(#12473));
#12473 = ORIENTED_EDGE('',*,*,#12474,.T.);
#12474 = EDGE_CURVE('',#12475,#12475,#12477,.T.);
#12475 = VERTEX_POINT('',#12476);
#12476 = CARTESIAN_POINT('',(105.095,-92.35,1.51));
#12477 = CIRCLE('',#12478,0.85);
#12478 = AXIS2_PLACEMENT_3D('',#12479,#12480,#12481);
#12479 = CARTESIAN_POINT('',(105.095,-91.5,1.51));
#12480 = DIRECTION('',(-0.,0.,-1.));
#12481 = DIRECTION('',(-0.,-1.,0.));
#12482 = FACE_BOUND('',#12483,.T.);
#12483 = EDGE_LOOP('',(#12484));
#12484 = ORIENTED_EDGE('',*,*,#12485,.T.);
#12485 = EDGE_CURVE('',#12486,#12486,#12488,.T.);
#12486 = VERTEX_POINT('',#12487);
#12487 = CARTESIAN_POINT('',(106.365,-89.71,1.51));
#12488 = CIRCLE('',#12489,0.75);
#12489 = AXIS2_PLACEMENT_3D('',#12490,#12491,#12492);
#12490 = CARTESIAN_POINT('',(106.365,-88.96,1.51));
#12491 = DIRECTION('',(-0.,0.,-1.));
#12492 = DIRECTION('',(-0.,-1.,0.));
#12493 = FACE_BOUND('',#12494,.T.);
#12494 = EDGE_LOOP('',(#12495,#12506,#12515,#12523,#12531,#12540,#12549,
    #12558,#12566,#12574,#12583,#12592,#12601,#12609,#12617,#12626,
    #12635,#12644,#12652,#12660));
#12495 = ORIENTED_EDGE('',*,*,#12496,.F.);
#12496 = EDGE_CURVE('',#12497,#12499,#12501,.T.);
#12497 = VERTEX_POINT('',#12498);
#12498 = CARTESIAN_POINT('',(92.743934,-76.143345,1.51));
#12499 = VERTEX_POINT('',#12500);
#12500 = CARTESIAN_POINT('',(92.056655,-75.456066,1.51));
#12501 = CIRCLE('',#12502,0.499999603944);
#12502 = AXIS2_PLACEMENT_3D('',#12503,#12504,#12505);
#12503 = CARTESIAN_POINT('',(92.31715788946,-75.88284211054,1.51));
#12504 = DIRECTION('',(0.,0.,1.));
#12505 = DIRECTION('',(0.853552897188,-0.521006191616,0.));
#12506 = ORIENTED_EDGE('',*,*,#12507,.F.);
#12507 = EDGE_CURVE('',#12508,#12497,#12510,.T.);
#12508 = VERTEX_POINT('',#12509);
#12509 = CARTESIAN_POINT('',(92.7,-76.299647,1.51));
#12510 = CIRCLE('',#12511,0.299998582341);
#12511 = AXIS2_PLACEMENT_3D('',#12512,#12513,#12514);
#12512 = CARTESIAN_POINT('',(92.99999858234,-76.29964624464,1.51));
#12513 = DIRECTION('',(0.,0.,-1.));
#12514 = DIRECTION('',(-0.999999999997,-2.517861388613E-06,-0.));
#12515 = ORIENTED_EDGE('',*,*,#12516,.F.);
#12516 = EDGE_CURVE('',#12517,#12508,#12519,.T.);
#12517 = VERTEX_POINT('',#12518);
#12518 = CARTESIAN_POINT('',(92.7,-77.,1.51));
#12519 = LINE('',#12520,#12521);
#12520 = CARTESIAN_POINT('',(92.7,-77.,1.51));
#12521 = VECTOR('',#12522,1.);
#12522 = DIRECTION('',(0.,1.,0.));
#12523 = ORIENTED_EDGE('',*,*,#12524,.F.);
#12524 = EDGE_CURVE('',#12525,#12517,#12527,.T.);
#12525 = VERTEX_POINT('',#12526);
#12526 = CARTESIAN_POINT('',(92.7,-77.700353,1.51));
#12527 = LINE('',#12528,#12529);
#12528 = CARTESIAN_POINT('',(92.7,-77.700353,1.51));
#12529 = VECTOR('',#12530,1.);
#12530 = DIRECTION('',(0.,1.,0.));
#12531 = ORIENTED_EDGE('',*,*,#12532,.F.);
#12532 = EDGE_CURVE('',#12533,#12525,#12535,.T.);
#12533 = VERTEX_POINT('',#12534);
#12534 = CARTESIAN_POINT('',(92.743934,-77.856655,1.51));
#12535 = CIRCLE('',#12536,0.299998582341);
#12536 = AXIS2_PLACEMENT_3D('',#12537,#12538,#12539);
#12537 = CARTESIAN_POINT('',(92.99999858234,-77.70035375535,1.51));
#12538 = DIRECTION('',(0.,0.,-1.));
#12539 = DIRECTION('',(-0.853552641289,-0.521006610849,-0.));
#12540 = ORIENTED_EDGE('',*,*,#12541,.F.);
#12541 = EDGE_CURVE('',#12542,#12533,#12544,.T.);
#12542 = VERTEX_POINT('',#12543);
#12543 = CARTESIAN_POINT('',(92.056655,-78.543934,1.51));
#12544 = CIRCLE('',#12545,0.499999603944);
#12545 = AXIS2_PLACEMENT_3D('',#12546,#12547,#12548);
#12546 = CARTESIAN_POINT('',(92.31715788946,-78.11715788946,1.51));
#12547 = DIRECTION('',(0.,0.,1.));
#12548 = DIRECTION('',(-0.521006191616,-0.853552897188,0.));
#12549 = ORIENTED_EDGE('',*,*,#12550,.F.);
#12550 = EDGE_CURVE('',#12551,#12542,#12553,.T.);
#12551 = VERTEX_POINT('',#12552);
#12552 = CARTESIAN_POINT('',(91.900353,-78.5,1.51));
#12553 = CIRCLE('',#12554,0.299998582341);
#12554 = AXIS2_PLACEMENT_3D('',#12555,#12556,#12557);
#12555 = CARTESIAN_POINT('',(91.900353755355,-78.79999858234,1.51));
#12556 = DIRECTION('',(0.,0.,-1.));
#12557 = DIRECTION('',(-2.517861483353E-06,0.999999999997,0.));
#12558 = ORIENTED_EDGE('',*,*,#12559,.F.);
#12559 = EDGE_CURVE('',#12560,#12551,#12562,.T.);
#12560 = VERTEX_POINT('',#12561);
#12561 = CARTESIAN_POINT('',(91.,-78.5,1.51));
#12562 = LINE('',#12563,#12564);
#12563 = CARTESIAN_POINT('',(91.,-78.5,1.51));
#12564 = VECTOR('',#12565,1.);
#12565 = DIRECTION('',(1.,0.,0.));
#12566 = ORIENTED_EDGE('',*,*,#12567,.F.);
#12567 = EDGE_CURVE('',#12568,#12560,#12570,.T.);
#12568 = VERTEX_POINT('',#12569);
#12569 = CARTESIAN_POINT('',(90.099647,-78.5,1.51));
#12570 = LINE('',#12571,#12572);
#12571 = CARTESIAN_POINT('',(90.099647,-78.5,1.51));
#12572 = VECTOR('',#12573,1.);
#12573 = DIRECTION('',(1.,0.,0.));
#12574 = ORIENTED_EDGE('',*,*,#12575,.F.);
#12575 = EDGE_CURVE('',#12576,#12568,#12578,.T.);
#12576 = VERTEX_POINT('',#12577);
#12577 = CARTESIAN_POINT('',(89.943345,-78.543934,1.51));
#12578 = CIRCLE('',#12579,0.299998582341);
#12579 = AXIS2_PLACEMENT_3D('',#12580,#12581,#12582);
#12580 = CARTESIAN_POINT('',(90.099646244645,-78.79999858234,1.51));
#12581 = DIRECTION('',(0.,0.,-1.));
#12582 = DIRECTION('',(-0.52100661085,0.853552641289,0.));
#12583 = ORIENTED_EDGE('',*,*,#12584,.F.);
#12584 = EDGE_CURVE('',#12585,#12576,#12587,.T.);
#12585 = VERTEX_POINT('',#12586);
#12586 = CARTESIAN_POINT('',(89.256066,-77.856655,1.51));
#12587 = CIRCLE('',#12588,0.499999603944);
#12588 = AXIS2_PLACEMENT_3D('',#12589,#12590,#12591);
#12589 = CARTESIAN_POINT('',(89.68284211054,-78.11715788946,1.51));
#12590 = DIRECTION('',(0.,0.,1.));
#12591 = DIRECTION('',(-0.853552897188,0.521006191616,0.));
#12592 = ORIENTED_EDGE('',*,*,#12593,.F.);
#12593 = EDGE_CURVE('',#12594,#12585,#12596,.T.);
#12594 = VERTEX_POINT('',#12595);
#12595 = CARTESIAN_POINT('',(89.3,-77.700353,1.51));
#12596 = CIRCLE('',#12597,0.299998582341);
#12597 = AXIS2_PLACEMENT_3D('',#12598,#12599,#12600);
#12598 = CARTESIAN_POINT('',(89.00000141766,-77.70035375535,1.51));
#12599 = DIRECTION('',(0.,0.,-1.));
#12600 = DIRECTION('',(0.999999999997,2.517861388613E-06,0.));
#12601 = ORIENTED_EDGE('',*,*,#12602,.F.);
#12602 = EDGE_CURVE('',#12603,#12594,#12605,.T.);
#12603 = VERTEX_POINT('',#12604);
#12604 = CARTESIAN_POINT('',(89.3,-77.,1.51));
#12605 = LINE('',#12606,#12607);
#12606 = CARTESIAN_POINT('',(89.3,-77.,1.51));
#12607 = VECTOR('',#12608,1.);
#12608 = DIRECTION('',(0.,-1.,0.));
#12609 = ORIENTED_EDGE('',*,*,#12610,.F.);
#12610 = EDGE_CURVE('',#12611,#12603,#12613,.T.);
#12611 = VERTEX_POINT('',#12612);
#12612 = CARTESIAN_POINT('',(89.3,-76.299647,1.51));
#12613 = LINE('',#12614,#12615);
#12614 = CARTESIAN_POINT('',(89.3,-76.299647,1.51));
#12615 = VECTOR('',#12616,1.);
#12616 = DIRECTION('',(0.,-1.,0.));
#12617 = ORIENTED_EDGE('',*,*,#12618,.F.);
#12618 = EDGE_CURVE('',#12619,#12611,#12621,.T.);
#12619 = VERTEX_POINT('',#12620);
#12620 = CARTESIAN_POINT('',(89.256066,-76.143345,1.51));
#12621 = CIRCLE('',#12622,0.299998582341);
#12622 = AXIS2_PLACEMENT_3D('',#12623,#12624,#12625);
#12623 = CARTESIAN_POINT('',(89.00000141766,-76.29964624464,1.51));
#12624 = DIRECTION('',(0.,0.,-1.));
#12625 = DIRECTION('',(0.853552641289,0.521006610849,0.));
#12626 = ORIENTED_EDGE('',*,*,#12627,.F.);
#12627 = EDGE_CURVE('',#12628,#12619,#12630,.T.);
#12628 = VERTEX_POINT('',#12629);
#12629 = CARTESIAN_POINT('',(89.943345,-75.456066,1.51));
#12630 = CIRCLE('',#12631,0.499999603944);
#12631 = AXIS2_PLACEMENT_3D('',#12632,#12633,#12634);
#12632 = CARTESIAN_POINT('',(89.68284211054,-75.88284211054,1.51));
#12633 = DIRECTION('',(0.,0.,1.));
#12634 = DIRECTION('',(0.521006191616,0.853552897188,-0.));
#12635 = ORIENTED_EDGE('',*,*,#12636,.F.);
#12636 = EDGE_CURVE('',#12637,#12628,#12639,.T.);
#12637 = VERTEX_POINT('',#12638);
#12638 = CARTESIAN_POINT('',(90.099647,-75.5,1.51));
#12639 = CIRCLE('',#12640,0.299998582341);
#12640 = AXIS2_PLACEMENT_3D('',#12641,#12642,#12643);
#12641 = CARTESIAN_POINT('',(90.099646244645,-75.20000141766,1.51));
#12642 = DIRECTION('',(0.,0.,-1.));
#12643 = DIRECTION('',(2.517861483353E-06,-0.999999999997,0.));
#12644 = ORIENTED_EDGE('',*,*,#12645,.F.);
#12645 = EDGE_CURVE('',#12646,#12637,#12648,.T.);
#12646 = VERTEX_POINT('',#12647);
#12647 = CARTESIAN_POINT('',(91.,-75.5,1.51));
#12648 = LINE('',#12649,#12650);
#12649 = CARTESIAN_POINT('',(91.,-75.5,1.51));
#12650 = VECTOR('',#12651,1.);
#12651 = DIRECTION('',(-1.,0.,0.));
#12652 = ORIENTED_EDGE('',*,*,#12653,.F.);
#12653 = EDGE_CURVE('',#12654,#12646,#12656,.T.);
#12654 = VERTEX_POINT('',#12655);
#12655 = CARTESIAN_POINT('',(91.900353,-75.5,1.51));
#12656 = LINE('',#12657,#12658);
#12657 = CARTESIAN_POINT('',(91.900353,-75.5,1.51));
#12658 = VECTOR('',#12659,1.);
#12659 = DIRECTION('',(-1.,0.,0.));
#12660 = ORIENTED_EDGE('',*,*,#12661,.F.);
#12661 = EDGE_CURVE('',#12499,#12654,#12662,.T.);
#12662 = CIRCLE('',#12663,0.299998582341);
#12663 = AXIS2_PLACEMENT_3D('',#12664,#12665,#12666);
#12664 = CARTESIAN_POINT('',(91.900353755355,-75.20000141766,1.51));
#12665 = DIRECTION('',(0.,0.,-1.));
#12666 = DIRECTION('',(0.52100661085,-0.853552641289,0.));
#12667 = FACE_BOUND('',#12668,.T.);
#12668 = EDGE_LOOP('',(#12669));
#12669 = ORIENTED_EDGE('',*,*,#12670,.T.);
#12670 = EDGE_CURVE('',#12671,#12671,#12673,.T.);
#12671 = VERTEX_POINT('',#12672);
#12672 = CARTESIAN_POINT('',(90.96,-74.5,1.51));
#12673 = CIRCLE('',#12674,2.);
#12674 = AXIS2_PLACEMENT_3D('',#12675,#12676,#12677);
#12675 = CARTESIAN_POINT('',(90.96,-72.5,1.51));
#12676 = DIRECTION('',(-0.,0.,-1.));
#12677 = DIRECTION('',(-0.,-1.,0.));
#12678 = FACE_BOUND('',#12679,.T.);
#12679 = EDGE_LOOP('',(#12680));
#12680 = ORIENTED_EDGE('',*,*,#12681,.T.);
#12681 = EDGE_CURVE('',#12682,#12682,#12684,.T.);
#12682 = VERTEX_POINT('',#12683);
#12683 = CARTESIAN_POINT('',(96.04,-73.35,1.51));
#12684 = CIRCLE('',#12685,0.85);
#12685 = AXIS2_PLACEMENT_3D('',#12686,#12687,#12688);
#12686 = CARTESIAN_POINT('',(96.04,-72.5,1.51));
#12687 = DIRECTION('',(-0.,0.,-1.));
#12688 = DIRECTION('',(1.671865260612E-14,-1.,-0.));
#12689 = FACE_BOUND('',#12690,.T.);
#12690 = EDGE_LOOP('',(#12691));
#12691 = ORIENTED_EDGE('',*,*,#12692,.T.);
#12692 = EDGE_CURVE('',#12693,#12693,#12695,.T.);
#12693 = VERTEX_POINT('',#12694);
#12694 = CARTESIAN_POINT('',(100.595,-81.21,1.51));
#12695 = CIRCLE('',#12696,0.4);
#12696 = AXIS2_PLACEMENT_3D('',#12697,#12698,#12699);
#12697 = CARTESIAN_POINT('',(100.595,-80.81,1.51));
#12698 = DIRECTION('',(-0.,0.,-1.));
#12699 = DIRECTION('',(-0.,-1.,0.));
#12700 = FACE_BOUND('',#12701,.T.);
#12701 = EDGE_LOOP('',(#12702));
#12702 = ORIENTED_EDGE('',*,*,#12703,.T.);
#12703 = EDGE_CURVE('',#12704,#12704,#12706,.T.);
#12704 = VERTEX_POINT('',#12705);
#12705 = CARTESIAN_POINT('',(100.595,-73.59,1.51));
#12706 = CIRCLE('',#12707,0.4);
#12707 = AXIS2_PLACEMENT_3D('',#12708,#12709,#12710);
#12708 = CARTESIAN_POINT('',(100.595,-73.19,1.51));
#12709 = DIRECTION('',(-0.,0.,-1.));
#12710 = DIRECTION('',(-0.,-1.,0.));
#12711 = FACE_BOUND('',#12712,.T.);
#12712 = EDGE_LOOP('',(#12713));
#12713 = ORIENTED_EDGE('',*,*,#12714,.T.);
#12714 = EDGE_CURVE('',#12715,#12715,#12717,.T.);
#12715 = VERTEX_POINT('',#12716);
#12716 = CARTESIAN_POINT('',(105.015,-73.35,1.51));
#12717 = CIRCLE('',#12718,0.85);
#12718 = AXIS2_PLACEMENT_3D('',#12719,#12720,#12721);
#12719 = CARTESIAN_POINT('',(105.015,-72.5,1.51));
#12720 = DIRECTION('',(-0.,0.,-1.));
#12721 = DIRECTION('',(-0.,-1.,0.));
#12722 = FACE_BOUND('',#12723,.T.);
#12723 = EDGE_LOOP('',(#12724,#12735,#12744,#12752,#12760,#12769,#12778,
    #12787,#12795,#12803,#12812,#12821,#12830,#12838,#12846,#12855,
    #12864,#12873,#12881,#12889));
#12724 = ORIENTED_EDGE('',*,*,#12725,.F.);
#12725 = EDGE_CURVE('',#12726,#12728,#12730,.T.);
#12726 = VERTEX_POINT('',#12727);
#12727 = CARTESIAN_POINT('',(112.338934,-95.143345,1.51));
#12728 = VERTEX_POINT('',#12729);
#12729 = CARTESIAN_POINT('',(111.651655,-94.456066,1.51));
#12730 = CIRCLE('',#12731,0.499999603944);
#12731 = AXIS2_PLACEMENT_3D('',#12732,#12733,#12734);
#12732 = CARTESIAN_POINT('',(111.91215788946,-94.88284211054,1.51));
#12733 = DIRECTION('',(0.,0.,1.));
#12734 = DIRECTION('',(0.853552897188,-0.521006191616,0.));
#12735 = ORIENTED_EDGE('',*,*,#12736,.F.);
#12736 = EDGE_CURVE('',#12737,#12726,#12739,.T.);
#12737 = VERTEX_POINT('',#12738);
#12738 = CARTESIAN_POINT('',(112.295,-95.299647,1.51));
#12739 = CIRCLE('',#12740,0.299998582341);
#12740 = AXIS2_PLACEMENT_3D('',#12741,#12742,#12743);
#12741 = CARTESIAN_POINT('',(112.59499858234,-95.29964624464,1.51));
#12742 = DIRECTION('',(0.,0.,-1.));
#12743 = DIRECTION('',(-0.999999999997,-2.517861388613E-06,-0.));
#12744 = ORIENTED_EDGE('',*,*,#12745,.F.);
#12745 = EDGE_CURVE('',#12746,#12737,#12748,.T.);
#12746 = VERTEX_POINT('',#12747);
#12747 = CARTESIAN_POINT('',(112.295,-96.,1.51));
#12748 = LINE('',#12749,#12750);
#12749 = CARTESIAN_POINT('',(112.295,-96.,1.51));
#12750 = VECTOR('',#12751,1.);
#12751 = DIRECTION('',(0.,1.,0.));
#12752 = ORIENTED_EDGE('',*,*,#12753,.F.);
#12753 = EDGE_CURVE('',#12754,#12746,#12756,.T.);
#12754 = VERTEX_POINT('',#12755);
#12755 = CARTESIAN_POINT('',(112.295,-96.700353,1.51));
#12756 = LINE('',#12757,#12758);
#12757 = CARTESIAN_POINT('',(112.295,-96.700353,1.51));
#12758 = VECTOR('',#12759,1.);
#12759 = DIRECTION('',(0.,1.,0.));
#12760 = ORIENTED_EDGE('',*,*,#12761,.F.);
#12761 = EDGE_CURVE('',#12762,#12754,#12764,.T.);
#12762 = VERTEX_POINT('',#12763);
#12763 = CARTESIAN_POINT('',(112.338934,-96.856655,1.51));
#12764 = CIRCLE('',#12765,0.299998582341);
#12765 = AXIS2_PLACEMENT_3D('',#12766,#12767,#12768);
#12766 = CARTESIAN_POINT('',(112.59499858234,-96.70035375535,1.51));
#12767 = DIRECTION('',(0.,0.,-1.));
#12768 = DIRECTION('',(-0.853552641289,-0.521006610849,-0.));
#12769 = ORIENTED_EDGE('',*,*,#12770,.F.);
#12770 = EDGE_CURVE('',#12771,#12762,#12773,.T.);
#12771 = VERTEX_POINT('',#12772);
#12772 = CARTESIAN_POINT('',(111.651655,-97.543934,1.51));
#12773 = CIRCLE('',#12774,0.499999603944);
#12774 = AXIS2_PLACEMENT_3D('',#12775,#12776,#12777);
#12775 = CARTESIAN_POINT('',(111.91215788946,-97.11715788946,1.51));
#12776 = DIRECTION('',(0.,0.,1.));
#12777 = DIRECTION('',(-0.521006191616,-0.853552897188,0.));
#12778 = ORIENTED_EDGE('',*,*,#12779,.F.);
#12779 = EDGE_CURVE('',#12780,#12771,#12782,.T.);
#12780 = VERTEX_POINT('',#12781);
#12781 = CARTESIAN_POINT('',(111.495353,-97.5,1.51));
#12782 = CIRCLE('',#12783,0.299998582341);
#12783 = AXIS2_PLACEMENT_3D('',#12784,#12785,#12786);
#12784 = CARTESIAN_POINT('',(111.49535375535,-97.79999858234,1.51));
#12785 = DIRECTION('',(0.,0.,-1.));
#12786 = DIRECTION('',(-2.517861483353E-06,0.999999999997,0.));
#12787 = ORIENTED_EDGE('',*,*,#12788,.F.);
#12788 = EDGE_CURVE('',#12789,#12780,#12791,.T.);
#12789 = VERTEX_POINT('',#12790);
#12790 = CARTESIAN_POINT('',(110.595,-97.5,1.51));
#12791 = LINE('',#12792,#12793);
#12792 = CARTESIAN_POINT('',(110.595,-97.5,1.51));
#12793 = VECTOR('',#12794,1.);
#12794 = DIRECTION('',(1.,0.,0.));
#12795 = ORIENTED_EDGE('',*,*,#12796,.F.);
#12796 = EDGE_CURVE('',#12797,#12789,#12799,.T.);
#12797 = VERTEX_POINT('',#12798);
#12798 = CARTESIAN_POINT('',(109.694647,-97.5,1.51));
#12799 = LINE('',#12800,#12801);
#12800 = CARTESIAN_POINT('',(109.694647,-97.5,1.51));
#12801 = VECTOR('',#12802,1.);
#12802 = DIRECTION('',(1.,0.,0.));
#12803 = ORIENTED_EDGE('',*,*,#12804,.F.);
#12804 = EDGE_CURVE('',#12805,#12797,#12807,.T.);
#12805 = VERTEX_POINT('',#12806);
#12806 = CARTESIAN_POINT('',(109.538345,-97.543934,1.51));
#12807 = CIRCLE('',#12808,0.299998582341);
#12808 = AXIS2_PLACEMENT_3D('',#12809,#12810,#12811);
#12809 = CARTESIAN_POINT('',(109.69464624464,-97.79999858234,1.51));
#12810 = DIRECTION('',(0.,0.,-1.));
#12811 = DIRECTION('',(-0.52100661085,0.853552641289,0.));
#12812 = ORIENTED_EDGE('',*,*,#12813,.F.);
#12813 = EDGE_CURVE('',#12814,#12805,#12816,.T.);
#12814 = VERTEX_POINT('',#12815);
#12815 = CARTESIAN_POINT('',(108.851066,-96.856655,1.51));
#12816 = CIRCLE('',#12817,0.499999603944);
#12817 = AXIS2_PLACEMENT_3D('',#12818,#12819,#12820);
#12818 = CARTESIAN_POINT('',(109.27784211054,-97.11715788946,1.51));
#12819 = DIRECTION('',(0.,0.,1.));
#12820 = DIRECTION('',(-0.853552897188,0.521006191616,0.));
#12821 = ORIENTED_EDGE('',*,*,#12822,.F.);
#12822 = EDGE_CURVE('',#12823,#12814,#12825,.T.);
#12823 = VERTEX_POINT('',#12824);
#12824 = CARTESIAN_POINT('',(108.895,-96.700353,1.51));
#12825 = CIRCLE('',#12826,0.299998582341);
#12826 = AXIS2_PLACEMENT_3D('',#12827,#12828,#12829);
#12827 = CARTESIAN_POINT('',(108.59500141766,-96.70035375535,1.51));
#12828 = DIRECTION('',(0.,0.,-1.));
#12829 = DIRECTION('',(0.999999999997,2.517861388613E-06,0.));
#12830 = ORIENTED_EDGE('',*,*,#12831,.F.);
#12831 = EDGE_CURVE('',#12832,#12823,#12834,.T.);
#12832 = VERTEX_POINT('',#12833);
#12833 = CARTESIAN_POINT('',(108.895,-96.,1.51));
#12834 = LINE('',#12835,#12836);
#12835 = CARTESIAN_POINT('',(108.895,-96.,1.51));
#12836 = VECTOR('',#12837,1.);
#12837 = DIRECTION('',(0.,-1.,0.));
#12838 = ORIENTED_EDGE('',*,*,#12839,.F.);
#12839 = EDGE_CURVE('',#12840,#12832,#12842,.T.);
#12840 = VERTEX_POINT('',#12841);
#12841 = CARTESIAN_POINT('',(108.895,-95.299647,1.51));
#12842 = LINE('',#12843,#12844);
#12843 = CARTESIAN_POINT('',(108.895,-95.299647,1.51));
#12844 = VECTOR('',#12845,1.);
#12845 = DIRECTION('',(0.,-1.,0.));
#12846 = ORIENTED_EDGE('',*,*,#12847,.F.);
#12847 = EDGE_CURVE('',#12848,#12840,#12850,.T.);
#12848 = VERTEX_POINT('',#12849);
#12849 = CARTESIAN_POINT('',(108.851066,-95.143345,1.51));
#12850 = CIRCLE('',#12851,0.299998582341);
#12851 = AXIS2_PLACEMENT_3D('',#12852,#12853,#12854);
#12852 = CARTESIAN_POINT('',(108.59500141766,-95.29964624464,1.51));
#12853 = DIRECTION('',(0.,0.,-1.));
#12854 = DIRECTION('',(0.853552641289,0.521006610849,0.));
#12855 = ORIENTED_EDGE('',*,*,#12856,.F.);
#12856 = EDGE_CURVE('',#12857,#12848,#12859,.T.);
#12857 = VERTEX_POINT('',#12858);
#12858 = CARTESIAN_POINT('',(109.538345,-94.456066,1.51));
#12859 = CIRCLE('',#12860,0.499999603944);
#12860 = AXIS2_PLACEMENT_3D('',#12861,#12862,#12863);
#12861 = CARTESIAN_POINT('',(109.27784211054,-94.88284211054,1.51));
#12862 = DIRECTION('',(0.,0.,1.));
#12863 = DIRECTION('',(0.521006191616,0.853552897188,-0.));
#12864 = ORIENTED_EDGE('',*,*,#12865,.F.);
#12865 = EDGE_CURVE('',#12866,#12857,#12868,.T.);
#12866 = VERTEX_POINT('',#12867);
#12867 = CARTESIAN_POINT('',(109.694647,-94.5,1.51));
#12868 = CIRCLE('',#12869,0.299998582341);
#12869 = AXIS2_PLACEMENT_3D('',#12870,#12871,#12872);
#12870 = CARTESIAN_POINT('',(109.69464624464,-94.20000141766,1.51));
#12871 = DIRECTION('',(0.,0.,-1.));
#12872 = DIRECTION('',(2.517861530723E-06,-0.999999999997,0.));
#12873 = ORIENTED_EDGE('',*,*,#12874,.F.);
#12874 = EDGE_CURVE('',#12875,#12866,#12877,.T.);
#12875 = VERTEX_POINT('',#12876);
#12876 = CARTESIAN_POINT('',(110.595,-94.5,1.51));
#12877 = LINE('',#12878,#12879);
#12878 = CARTESIAN_POINT('',(110.595,-94.5,1.51));
#12879 = VECTOR('',#12880,1.);
#12880 = DIRECTION('',(-1.,0.,0.));
#12881 = ORIENTED_EDGE('',*,*,#12882,.F.);
#12882 = EDGE_CURVE('',#12883,#12875,#12885,.T.);
#12883 = VERTEX_POINT('',#12884);
#12884 = CARTESIAN_POINT('',(111.495353,-94.5,1.51));
#12885 = LINE('',#12886,#12887);
#12886 = CARTESIAN_POINT('',(111.495353,-94.5,1.51));
#12887 = VECTOR('',#12888,1.);
#12888 = DIRECTION('',(-1.,0.,0.));
#12889 = ORIENTED_EDGE('',*,*,#12890,.F.);
#12890 = EDGE_CURVE('',#12728,#12883,#12891,.T.);
#12891 = CIRCLE('',#12892,0.299998582341);
#12892 = AXIS2_PLACEMENT_3D('',#12893,#12894,#12895);
#12893 = CARTESIAN_POINT('',(111.49535375535,-94.20000141766,1.51));
#12894 = DIRECTION('',(0.,0.,-1.));
#12895 = DIRECTION('',(0.52100661085,-0.853552641289,0.));
#12896 = FACE_BOUND('',#12897,.T.);
#12897 = EDGE_LOOP('',(#12898));
#12898 = ORIENTED_EDGE('',*,*,#12899,.T.);
#12899 = EDGE_CURVE('',#12900,#12900,#12902,.T.);
#12900 = VERTEX_POINT('',#12901);
#12901 = CARTESIAN_POINT('',(119.595,-100.21,1.51));
#12902 = CIRCLE('',#12903,0.4);
#12903 = AXIS2_PLACEMENT_3D('',#12904,#12905,#12906);
#12904 = CARTESIAN_POINT('',(119.595,-99.81,1.51));
#12905 = DIRECTION('',(-0.,0.,-1.));
#12906 = DIRECTION('',(-0.,-1.,0.));
#12907 = FACE_BOUND('',#12908,.T.);
#12908 = EDGE_LOOP('',(#12909,#12920,#12929,#12937,#12945,#12954,#12963,
    #12972,#12980,#12988,#12997,#13006,#13015,#13023,#13031,#13040,
    #13049,#13058,#13066,#13074));
#12909 = ORIENTED_EDGE('',*,*,#12910,.F.);
#12910 = EDGE_CURVE('',#12911,#12913,#12915,.T.);
#12911 = VERTEX_POINT('',#12912);
#12912 = CARTESIAN_POINT('',(130.838934,-95.143345,1.51));
#12913 = VERTEX_POINT('',#12914);
#12914 = CARTESIAN_POINT('',(130.151655,-94.456066,1.51));
#12915 = CIRCLE('',#12916,0.499999603944);
#12916 = AXIS2_PLACEMENT_3D('',#12917,#12918,#12919);
#12917 = CARTESIAN_POINT('',(130.41215788946,-94.88284211054,1.51));
#12918 = DIRECTION('',(0.,0.,1.));
#12919 = DIRECTION('',(0.853552897188,-0.521006191616,0.));
#12920 = ORIENTED_EDGE('',*,*,#12921,.F.);
#12921 = EDGE_CURVE('',#12922,#12911,#12924,.T.);
#12922 = VERTEX_POINT('',#12923);
#12923 = CARTESIAN_POINT('',(130.795,-95.299647,1.51));
#12924 = CIRCLE('',#12925,0.299998582342);
#12925 = AXIS2_PLACEMENT_3D('',#12926,#12927,#12928);
#12926 = CARTESIAN_POINT('',(131.09499858234,-95.29964624464,1.51));
#12927 = DIRECTION('',(0.,0.,-1.));
#12928 = DIRECTION('',(-0.999999999997,-2.517860772802E-06,-0.));
#12929 = ORIENTED_EDGE('',*,*,#12930,.F.);
#12930 = EDGE_CURVE('',#12931,#12922,#12933,.T.);
#12931 = VERTEX_POINT('',#12932);
#12932 = CARTESIAN_POINT('',(130.795,-96.,1.51));
#12933 = LINE('',#12934,#12935);
#12934 = CARTESIAN_POINT('',(130.795,-96.,1.51));
#12935 = VECTOR('',#12936,1.);
#12936 = DIRECTION('',(0.,1.,0.));
#12937 = ORIENTED_EDGE('',*,*,#12938,.F.);
#12938 = EDGE_CURVE('',#12939,#12931,#12941,.T.);
#12939 = VERTEX_POINT('',#12940);
#12940 = CARTESIAN_POINT('',(130.795,-96.700353,1.51));
#12941 = LINE('',#12942,#12943);
#12942 = CARTESIAN_POINT('',(130.795,-96.700353,1.51));
#12943 = VECTOR('',#12944,1.);
#12944 = DIRECTION('',(0.,1.,0.));
#12945 = ORIENTED_EDGE('',*,*,#12946,.F.);
#12946 = EDGE_CURVE('',#12947,#12939,#12949,.T.);
#12947 = VERTEX_POINT('',#12948);
#12948 = CARTESIAN_POINT('',(130.838934,-96.856655,1.51));
#12949 = CIRCLE('',#12950,0.299998582342);
#12950 = AXIS2_PLACEMENT_3D('',#12951,#12952,#12953);
#12951 = CARTESIAN_POINT('',(131.09499858234,-96.70035375535,1.51));
#12952 = DIRECTION('',(0.,0.,-1.));
#12953 = DIRECTION('',(-0.853552641289,-0.521006610849,-0.));
#12954 = ORIENTED_EDGE('',*,*,#12955,.F.);
#12955 = EDGE_CURVE('',#12956,#12947,#12958,.T.);
#12956 = VERTEX_POINT('',#12957);
#12957 = CARTESIAN_POINT('',(130.151655,-97.543934,1.51));
#12958 = CIRCLE('',#12959,0.499999603944);
#12959 = AXIS2_PLACEMENT_3D('',#12960,#12961,#12962);
#12960 = CARTESIAN_POINT('',(130.41215788946,-97.11715788946,1.51));
#12961 = DIRECTION('',(0.,0.,1.));
#12962 = DIRECTION('',(-0.521006191616,-0.853552897188,0.));
#12963 = ORIENTED_EDGE('',*,*,#12964,.F.);
#12964 = EDGE_CURVE('',#12965,#12956,#12967,.T.);
#12965 = VERTEX_POINT('',#12966);
#12966 = CARTESIAN_POINT('',(129.995353,-97.5,1.51));
#12967 = CIRCLE('',#12968,0.299998582341);
#12968 = AXIS2_PLACEMENT_3D('',#12969,#12970,#12971);
#12969 = CARTESIAN_POINT('',(129.99535375535,-97.79999858234,1.51));
#12970 = DIRECTION('',(0.,0.,-1.));
#12971 = DIRECTION('',(-2.517861293872E-06,0.999999999997,0.));
#12972 = ORIENTED_EDGE('',*,*,#12973,.F.);
#12973 = EDGE_CURVE('',#12974,#12965,#12976,.T.);
#12974 = VERTEX_POINT('',#12975);
#12975 = CARTESIAN_POINT('',(129.095,-97.5,1.51));
#12976 = LINE('',#12977,#12978);
#12977 = CARTESIAN_POINT('',(129.095,-97.5,1.51));
#12978 = VECTOR('',#12979,1.);
#12979 = DIRECTION('',(1.,0.,0.));
#12980 = ORIENTED_EDGE('',*,*,#12981,.F.);
#12981 = EDGE_CURVE('',#12982,#12974,#12984,.T.);
#12982 = VERTEX_POINT('',#12983);
#12983 = CARTESIAN_POINT('',(128.194647,-97.5,1.51));
#12984 = LINE('',#12985,#12986);
#12985 = CARTESIAN_POINT('',(128.194647,-97.5,1.51));
#12986 = VECTOR('',#12987,1.);
#12987 = DIRECTION('',(1.,0.,0.));
#12988 = ORIENTED_EDGE('',*,*,#12989,.F.);
#12989 = EDGE_CURVE('',#12990,#12982,#12992,.T.);
#12990 = VERTEX_POINT('',#12991);
#12991 = CARTESIAN_POINT('',(128.038345,-97.543934,1.51));
#12992 = CIRCLE('',#12993,0.299998582341);
#12993 = AXIS2_PLACEMENT_3D('',#12994,#12995,#12996);
#12994 = CARTESIAN_POINT('',(128.19464624464,-97.79999858234,1.51));
#12995 = DIRECTION('',(0.,0.,-1.));
#12996 = DIRECTION('',(-0.521006610849,0.853552641289,0.));
#12997 = ORIENTED_EDGE('',*,*,#12998,.F.);
#12998 = EDGE_CURVE('',#12999,#12990,#13001,.T.);
#12999 = VERTEX_POINT('',#13000);
#13000 = CARTESIAN_POINT('',(127.351066,-96.856655,1.51));
#13001 = CIRCLE('',#13002,0.499999603944);
#13002 = AXIS2_PLACEMENT_3D('',#13003,#13004,#13005);
#13003 = CARTESIAN_POINT('',(127.77784211054,-97.11715788946,1.51));
#13004 = DIRECTION('',(0.,0.,1.));
#13005 = DIRECTION('',(-0.853552897188,0.521006191616,0.));
#13006 = ORIENTED_EDGE('',*,*,#13007,.F.);
#13007 = EDGE_CURVE('',#13008,#12999,#13010,.T.);
#13008 = VERTEX_POINT('',#13009);
#13009 = CARTESIAN_POINT('',(127.395,-96.700353,1.51));
#13010 = CIRCLE('',#13011,0.299998582341);
#13011 = AXIS2_PLACEMENT_3D('',#13012,#13013,#13014);
#13012 = CARTESIAN_POINT('',(127.09500141766,-96.70035375535,1.51));
#13013 = DIRECTION('',(0.,0.,-1.));
#13014 = DIRECTION('',(0.999999999997,2.517861388613E-06,0.));
#13015 = ORIENTED_EDGE('',*,*,#13016,.F.);
#13016 = EDGE_CURVE('',#13017,#13008,#13019,.T.);
#13017 = VERTEX_POINT('',#13018);
#13018 = CARTESIAN_POINT('',(127.395,-96.,1.51));
#13019 = LINE('',#13020,#13021);
#13020 = CARTESIAN_POINT('',(127.395,-96.,1.51));
#13021 = VECTOR('',#13022,1.);
#13022 = DIRECTION('',(0.,-1.,0.));
#13023 = ORIENTED_EDGE('',*,*,#13024,.F.);
#13024 = EDGE_CURVE('',#13025,#13017,#13027,.T.);
#13025 = VERTEX_POINT('',#13026);
#13026 = CARTESIAN_POINT('',(127.395,-95.299647,1.51));
#13027 = LINE('',#13028,#13029);
#13028 = CARTESIAN_POINT('',(127.395,-95.299647,1.51));
#13029 = VECTOR('',#13030,1.);
#13030 = DIRECTION('',(0.,-1.,0.));
#13031 = ORIENTED_EDGE('',*,*,#13032,.F.);
#13032 = EDGE_CURVE('',#13033,#13025,#13035,.T.);
#13033 = VERTEX_POINT('',#13034);
#13034 = CARTESIAN_POINT('',(127.351066,-95.143345,1.51));
#13035 = CIRCLE('',#13036,0.299998582341);
#13036 = AXIS2_PLACEMENT_3D('',#13037,#13038,#13039);
#13037 = CARTESIAN_POINT('',(127.09500141766,-95.29964624464,1.51));
#13038 = DIRECTION('',(0.,0.,-1.));
#13039 = DIRECTION('',(0.853552641289,0.521006610849,0.));
#13040 = ORIENTED_EDGE('',*,*,#13041,.F.);
#13041 = EDGE_CURVE('',#13042,#13033,#13044,.T.);
#13042 = VERTEX_POINT('',#13043);
#13043 = CARTESIAN_POINT('',(128.038345,-94.456066,1.51));
#13044 = CIRCLE('',#13045,0.499999603944);
#13045 = AXIS2_PLACEMENT_3D('',#13046,#13047,#13048);
#13046 = CARTESIAN_POINT('',(127.77784211054,-94.88284211054,1.51));
#13047 = DIRECTION('',(0.,0.,1.));
#13048 = DIRECTION('',(0.521006191616,0.853552897188,-0.));
#13049 = ORIENTED_EDGE('',*,*,#13050,.F.);
#13050 = EDGE_CURVE('',#13051,#13042,#13053,.T.);
#13051 = VERTEX_POINT('',#13052);
#13052 = CARTESIAN_POINT('',(128.194647,-94.5,1.51));
#13053 = CIRCLE('',#13054,0.299998582341);
#13054 = AXIS2_PLACEMENT_3D('',#13055,#13056,#13057);
#13055 = CARTESIAN_POINT('',(128.19464624464,-94.20000141766,1.51));
#13056 = DIRECTION('',(0.,0.,-1.));
#13057 = DIRECTION('',(2.517861293872E-06,-0.999999999997,0.));
#13058 = ORIENTED_EDGE('',*,*,#13059,.F.);
#13059 = EDGE_CURVE('',#13060,#13051,#13062,.T.);
#13060 = VERTEX_POINT('',#13061);
#13061 = CARTESIAN_POINT('',(129.095,-94.5,1.51));
#13062 = LINE('',#13063,#13064);
#13063 = CARTESIAN_POINT('',(129.095,-94.5,1.51));
#13064 = VECTOR('',#13065,1.);
#13065 = DIRECTION('',(-1.,0.,0.));
#13066 = ORIENTED_EDGE('',*,*,#13067,.F.);
#13067 = EDGE_CURVE('',#13068,#13060,#13070,.T.);
#13068 = VERTEX_POINT('',#13069);
#13069 = CARTESIAN_POINT('',(129.995353,-94.5,1.51));
#13070 = LINE('',#13071,#13072);
#13071 = CARTESIAN_POINT('',(129.995353,-94.5,1.51));
#13072 = VECTOR('',#13073,1.);
#13073 = DIRECTION('',(-1.,0.,0.));
#13074 = ORIENTED_EDGE('',*,*,#13075,.F.);
#13075 = EDGE_CURVE('',#12913,#13068,#13076,.T.);
#13076 = CIRCLE('',#13077,0.299998582341);
#13077 = AXIS2_PLACEMENT_3D('',#13078,#13079,#13080);
#13078 = CARTESIAN_POINT('',(129.99535375535,-94.20000141766,1.51));
#13079 = DIRECTION('',(0.,0.,-1.));
#13080 = DIRECTION('',(0.521006610849,-0.853552641289,0.));
#13081 = FACE_BOUND('',#13082,.T.);
#13082 = EDGE_LOOP('',(#13083));
#13083 = ORIENTED_EDGE('',*,*,#13084,.T.);
#13084 = EDGE_CURVE('',#13085,#13085,#13087,.T.);
#13085 = VERTEX_POINT('',#13086);
#13086 = CARTESIAN_POINT('',(155.,-118.75,1.51));
#13087 = CIRCLE('',#13088,1.25);
#13088 = AXIS2_PLACEMENT_3D('',#13089,#13090,#13091);
#13089 = CARTESIAN_POINT('',(155.,-117.5,1.51));
#13090 = DIRECTION('',(-0.,0.,-1.));
#13091 = DIRECTION('',(-0.,-1.,0.));
#13092 = FACE_BOUND('',#13093,.T.);
#13093 = EDGE_LOOP('',(#13094));
#13094 = ORIENTED_EDGE('',*,*,#13095,.T.);
#13095 = EDGE_CURVE('',#13096,#13096,#13098,.T.);
#13096 = VERTEX_POINT('',#13097);
#13097 = CARTESIAN_POINT('',(138.,-100.21,1.51));
#13098 = CIRCLE('',#13099,0.4);
#13099 = AXIS2_PLACEMENT_3D('',#13100,#13101,#13102);
#13100 = CARTESIAN_POINT('',(138.,-99.81,1.51));
#13101 = DIRECTION('',(-0.,0.,-1.));
#13102 = DIRECTION('',(-0.,-1.,0.));
#13103 = FACE_BOUND('',#13104,.T.);
#13104 = EDGE_LOOP('',(#13105));
#13105 = ORIENTED_EDGE('',*,*,#13106,.T.);
#13106 = EDGE_CURVE('',#13107,#13107,#13109,.T.);
#13107 = VERTEX_POINT('',#13108);
#13108 = CARTESIAN_POINT('',(110.175,-93.5,1.51));
#13109 = CIRCLE('',#13110,2.);
#13110 = AXIS2_PLACEMENT_3D('',#13111,#13112,#13113);
#13111 = CARTESIAN_POINT('',(110.175,-91.5,1.51));
#13112 = DIRECTION('',(-0.,0.,-1.));
#13113 = DIRECTION('',(-0.,-1.,0.));
#13114 = FACE_BOUND('',#13115,.T.);
#13115 = EDGE_LOOP('',(#13116));
#13116 = ORIENTED_EDGE('',*,*,#13117,.T.);
#13117 = EDGE_CURVE('',#13118,#13118,#13120,.T.);
#13118 = VERTEX_POINT('',#13119);
#13119 = CARTESIAN_POINT('',(115.255,-92.35,1.51));
#13120 = CIRCLE('',#13121,0.85);
#13121 = AXIS2_PLACEMENT_3D('',#13122,#13123,#13124);
#13122 = CARTESIAN_POINT('',(115.255,-91.5,1.51));
#13123 = DIRECTION('',(-0.,0.,-1.));
#13124 = DIRECTION('',(-0.,-1.,0.));
#13125 = FACE_BOUND('',#13126,.T.);
#13126 = EDGE_LOOP('',(#13127));
#13127 = ORIENTED_EDGE('',*,*,#13128,.T.);
#13128 = EDGE_CURVE('',#13129,#13129,#13131,.T.);
#13129 = VERTEX_POINT('',#13130);
#13130 = CARTESIAN_POINT('',(119.595,-92.59,1.51));
#13131 = CIRCLE('',#13132,0.4);
#13132 = AXIS2_PLACEMENT_3D('',#13133,#13134,#13135);
#13133 = CARTESIAN_POINT('',(119.595,-92.19,1.51));
#13134 = DIRECTION('',(-0.,0.,-1.));
#13135 = DIRECTION('',(-0.,-1.,0.));
#13136 = FACE_BOUND('',#13137,.T.);
#13137 = EDGE_LOOP('',(#13138));
#13138 = ORIENTED_EDGE('',*,*,#13139,.T.);
#13139 = EDGE_CURVE('',#13140,#13140,#13142,.T.);
#13140 = VERTEX_POINT('',#13141);
#13141 = CARTESIAN_POINT('',(112.715,-87.17,1.51));
#13142 = CIRCLE('',#13143,0.75);
#13143 = AXIS2_PLACEMENT_3D('',#13144,#13145,#13146);
#13144 = CARTESIAN_POINT('',(112.715,-86.42,1.51));
#13145 = DIRECTION('',(-0.,0.,-1.));
#13146 = DIRECTION('',(-0.,-1.,0.));
#13147 = FACE_BOUND('',#13148,.T.);
#13148 = EDGE_LOOP('',(#13149));
#13149 = ORIENTED_EDGE('',*,*,#13150,.T.);
#13150 = EDGE_CURVE('',#13151,#13151,#13153,.T.);
#13151 = VERTEX_POINT('',#13152);
#13152 = CARTESIAN_POINT('',(124.015,-92.35,1.51));
#13153 = CIRCLE('',#13154,0.85);
#13154 = AXIS2_PLACEMENT_3D('',#13155,#13156,#13157);
#13155 = CARTESIAN_POINT('',(124.015,-91.5,1.51));
#13156 = DIRECTION('',(-0.,0.,-1.));
#13157 = DIRECTION('',(-0.,-1.,0.));
#13158 = FACE_BOUND('',#13159,.T.);
#13159 = EDGE_LOOP('',(#13160));
#13160 = ORIENTED_EDGE('',*,*,#13161,.T.);
#13161 = EDGE_CURVE('',#13162,#13162,#13164,.T.);
#13162 = VERTEX_POINT('',#13163);
#13163 = CARTESIAN_POINT('',(129.095,-93.5,1.51));
#13164 = CIRCLE('',#13165,2.);
#13165 = AXIS2_PLACEMENT_3D('',#13166,#13167,#13168);
#13166 = CARTESIAN_POINT('',(129.095,-91.5,1.51));
#13167 = DIRECTION('',(-0.,0.,-1.));
#13168 = DIRECTION('',(-0.,-1.,0.));
#13169 = FACE_BOUND('',#13170,.T.);
#13170 = EDGE_LOOP('',(#13171));
#13171 = ORIENTED_EDGE('',*,*,#13172,.T.);
#13172 = EDGE_CURVE('',#13173,#13173,#13175,.T.);
#13173 = VERTEX_POINT('',#13174);
#13174 = CARTESIAN_POINT('',(125.285,-89.71,1.51));
#13175 = CIRCLE('',#13176,0.75);
#13176 = AXIS2_PLACEMENT_3D('',#13177,#13178,#13179);
#13177 = CARTESIAN_POINT('',(125.285,-88.96,1.51));
#13178 = DIRECTION('',(-0.,0.,-1.));
#13179 = DIRECTION('',(-0.,-1.,0.));
#13180 = FACE_BOUND('',#13181,.T.);
#13181 = EDGE_LOOP('',(#13182));
#13182 = ORIENTED_EDGE('',*,*,#13183,.T.);
#13183 = EDGE_CURVE('',#13184,#13184,#13186,.T.);
#13184 = VERTEX_POINT('',#13185);
#13185 = CARTESIAN_POINT('',(131.635,-87.17,1.51));
#13186 = CIRCLE('',#13187,0.75);
#13187 = AXIS2_PLACEMENT_3D('',#13188,#13189,#13190);
#13188 = CARTESIAN_POINT('',(131.635,-86.42,1.51));
#13189 = DIRECTION('',(-0.,0.,-1.));
#13190 = DIRECTION('',(-0.,-1.,0.));
#13191 = FACE_BOUND('',#13192,.T.);
#13192 = EDGE_LOOP('',(#13193));
#13193 = ORIENTED_EDGE('',*,*,#13194,.T.);
#13194 = EDGE_CURVE('',#13195,#13195,#13197,.T.);
#13195 = VERTEX_POINT('',#13196);
#13196 = CARTESIAN_POINT('',(119.595,-81.21,1.51));
#13197 = CIRCLE('',#13198,0.4);
#13198 = AXIS2_PLACEMENT_3D('',#13199,#13200,#13201);
#13199 = CARTESIAN_POINT('',(119.595,-80.81,1.51));
#13200 = DIRECTION('',(-0.,0.,-1.));
#13201 = DIRECTION('',(-0.,-1.,0.));
#13202 = FACE_BOUND('',#13203,.T.);
#13203 = EDGE_LOOP('',(#13204,#13215,#13224,#13232,#13240,#13249,#13258,
    #13267,#13275,#13283,#13292,#13301,#13310,#13318,#13326,#13335,
    #13344,#13353,#13361,#13369));
#13204 = ORIENTED_EDGE('',*,*,#13205,.F.);
#13205 = EDGE_CURVE('',#13206,#13208,#13210,.T.);
#13206 = VERTEX_POINT('',#13207);
#13207 = CARTESIAN_POINT('',(112.243934,-76.143345,1.51));
#13208 = VERTEX_POINT('',#13209);
#13209 = CARTESIAN_POINT('',(111.556655,-75.456066,1.51));
#13210 = CIRCLE('',#13211,0.499999603944);
#13211 = AXIS2_PLACEMENT_3D('',#13212,#13213,#13214);
#13212 = CARTESIAN_POINT('',(111.81715788946,-75.88284211054,1.51));
#13213 = DIRECTION('',(0.,0.,1.));
#13214 = DIRECTION('',(0.853552897188,-0.521006191616,0.));
#13215 = ORIENTED_EDGE('',*,*,#13216,.F.);
#13216 = EDGE_CURVE('',#13217,#13206,#13219,.T.);
#13217 = VERTEX_POINT('',#13218);
#13218 = CARTESIAN_POINT('',(112.2,-76.299647,1.51));
#13219 = CIRCLE('',#13220,0.299998582341);
#13220 = AXIS2_PLACEMENT_3D('',#13221,#13222,#13223);
#13221 = CARTESIAN_POINT('',(112.49999858234,-76.29964624464,1.51));
#13222 = DIRECTION('',(0.,0.,-1.));
#13223 = DIRECTION('',(-0.999999999997,-2.517861388613E-06,-0.));
#13224 = ORIENTED_EDGE('',*,*,#13225,.F.);
#13225 = EDGE_CURVE('',#13226,#13217,#13228,.T.);
#13226 = VERTEX_POINT('',#13227);
#13227 = CARTESIAN_POINT('',(112.2,-77.,1.51));
#13228 = LINE('',#13229,#13230);
#13229 = CARTESIAN_POINT('',(112.2,-77.,1.51));
#13230 = VECTOR('',#13231,1.);
#13231 = DIRECTION('',(0.,1.,0.));
#13232 = ORIENTED_EDGE('',*,*,#13233,.F.);
#13233 = EDGE_CURVE('',#13234,#13226,#13236,.T.);
#13234 = VERTEX_POINT('',#13235);
#13235 = CARTESIAN_POINT('',(112.2,-77.700353,1.51));
#13236 = LINE('',#13237,#13238);
#13237 = CARTESIAN_POINT('',(112.2,-77.700353,1.51));
#13238 = VECTOR('',#13239,1.);
#13239 = DIRECTION('',(0.,1.,0.));
#13240 = ORIENTED_EDGE('',*,*,#13241,.F.);
#13241 = EDGE_CURVE('',#13242,#13234,#13244,.T.);
#13242 = VERTEX_POINT('',#13243);
#13243 = CARTESIAN_POINT('',(112.243934,-77.856655,1.51));
#13244 = CIRCLE('',#13245,0.299998582341);
#13245 = AXIS2_PLACEMENT_3D('',#13246,#13247,#13248);
#13246 = CARTESIAN_POINT('',(112.49999858234,-77.70035375535,1.51));
#13247 = DIRECTION('',(0.,0.,-1.));
#13248 = DIRECTION('',(-0.853552641289,-0.521006610849,-0.));
#13249 = ORIENTED_EDGE('',*,*,#13250,.F.);
#13250 = EDGE_CURVE('',#13251,#13242,#13253,.T.);
#13251 = VERTEX_POINT('',#13252);
#13252 = CARTESIAN_POINT('',(111.556655,-78.543934,1.51));
#13253 = CIRCLE('',#13254,0.499999603944);
#13254 = AXIS2_PLACEMENT_3D('',#13255,#13256,#13257);
#13255 = CARTESIAN_POINT('',(111.81715788946,-78.11715788946,1.51));
#13256 = DIRECTION('',(0.,0.,1.));
#13257 = DIRECTION('',(-0.521006191616,-0.853552897188,0.));
#13258 = ORIENTED_EDGE('',*,*,#13259,.F.);
#13259 = EDGE_CURVE('',#13260,#13251,#13262,.T.);
#13260 = VERTEX_POINT('',#13261);
#13261 = CARTESIAN_POINT('',(111.400353,-78.5,1.51));
#13262 = CIRCLE('',#13263,0.299998582341);
#13263 = AXIS2_PLACEMENT_3D('',#13264,#13265,#13266);
#13264 = CARTESIAN_POINT('',(111.40035375535,-78.79999858234,1.51));
#13265 = DIRECTION('',(0.,0.,-1.));
#13266 = DIRECTION('',(-2.517861483353E-06,0.999999999997,0.));
#13267 = ORIENTED_EDGE('',*,*,#13268,.F.);
#13268 = EDGE_CURVE('',#13269,#13260,#13271,.T.);
#13269 = VERTEX_POINT('',#13270);
#13270 = CARTESIAN_POINT('',(110.5,-78.5,1.51));
#13271 = LINE('',#13272,#13273);
#13272 = CARTESIAN_POINT('',(110.5,-78.5,1.51));
#13273 = VECTOR('',#13274,1.);
#13274 = DIRECTION('',(1.,0.,0.));
#13275 = ORIENTED_EDGE('',*,*,#13276,.F.);
#13276 = EDGE_CURVE('',#13277,#13269,#13279,.T.);
#13277 = VERTEX_POINT('',#13278);
#13278 = CARTESIAN_POINT('',(109.599647,-78.5,1.51));
#13279 = LINE('',#13280,#13281);
#13280 = CARTESIAN_POINT('',(109.599647,-78.5,1.51));
#13281 = VECTOR('',#13282,1.);
#13282 = DIRECTION('',(1.,0.,0.));
#13283 = ORIENTED_EDGE('',*,*,#13284,.F.);
#13284 = EDGE_CURVE('',#13285,#13277,#13287,.T.);
#13285 = VERTEX_POINT('',#13286);
#13286 = CARTESIAN_POINT('',(109.443345,-78.543934,1.51));
#13287 = CIRCLE('',#13288,0.299998582341);
#13288 = AXIS2_PLACEMENT_3D('',#13289,#13290,#13291);
#13289 = CARTESIAN_POINT('',(109.59964624464,-78.79999858234,1.51));
#13290 = DIRECTION('',(0.,0.,-1.));
#13291 = DIRECTION('',(-0.52100661085,0.853552641289,0.));
#13292 = ORIENTED_EDGE('',*,*,#13293,.F.);
#13293 = EDGE_CURVE('',#13294,#13285,#13296,.T.);
#13294 = VERTEX_POINT('',#13295);
#13295 = CARTESIAN_POINT('',(108.756066,-77.856655,1.51));
#13296 = CIRCLE('',#13297,0.499999603944);
#13297 = AXIS2_PLACEMENT_3D('',#13298,#13299,#13300);
#13298 = CARTESIAN_POINT('',(109.18284211054,-78.11715788946,1.51));
#13299 = DIRECTION('',(0.,0.,1.));
#13300 = DIRECTION('',(-0.853552897188,0.521006191616,0.));
#13301 = ORIENTED_EDGE('',*,*,#13302,.F.);
#13302 = EDGE_CURVE('',#13303,#13294,#13305,.T.);
#13303 = VERTEX_POINT('',#13304);
#13304 = CARTESIAN_POINT('',(108.8,-77.700353,1.51));
#13305 = CIRCLE('',#13306,0.299998582341);
#13306 = AXIS2_PLACEMENT_3D('',#13307,#13308,#13309);
#13307 = CARTESIAN_POINT('',(108.50000141766,-77.70035375535,1.51));
#13308 = DIRECTION('',(0.,0.,-1.));
#13309 = DIRECTION('',(0.999999999997,2.517861388613E-06,0.));
#13310 = ORIENTED_EDGE('',*,*,#13311,.F.);
#13311 = EDGE_CURVE('',#13312,#13303,#13314,.T.);
#13312 = VERTEX_POINT('',#13313);
#13313 = CARTESIAN_POINT('',(108.8,-77.,1.51));
#13314 = LINE('',#13315,#13316);
#13315 = CARTESIAN_POINT('',(108.8,-77.,1.51));
#13316 = VECTOR('',#13317,1.);
#13317 = DIRECTION('',(0.,-1.,0.));
#13318 = ORIENTED_EDGE('',*,*,#13319,.F.);
#13319 = EDGE_CURVE('',#13320,#13312,#13322,.T.);
#13320 = VERTEX_POINT('',#13321);
#13321 = CARTESIAN_POINT('',(108.8,-76.299647,1.51));
#13322 = LINE('',#13323,#13324);
#13323 = CARTESIAN_POINT('',(108.8,-76.299647,1.51));
#13324 = VECTOR('',#13325,1.);
#13325 = DIRECTION('',(0.,-1.,0.));
#13326 = ORIENTED_EDGE('',*,*,#13327,.F.);
#13327 = EDGE_CURVE('',#13328,#13320,#13330,.T.);
#13328 = VERTEX_POINT('',#13329);
#13329 = CARTESIAN_POINT('',(108.756066,-76.143345,1.51));
#13330 = CIRCLE('',#13331,0.299998582341);
#13331 = AXIS2_PLACEMENT_3D('',#13332,#13333,#13334);
#13332 = CARTESIAN_POINT('',(108.50000141766,-76.29964624464,1.51));
#13333 = DIRECTION('',(0.,0.,-1.));
#13334 = DIRECTION('',(0.853552641289,0.521006610849,0.));
#13335 = ORIENTED_EDGE('',*,*,#13336,.F.);
#13336 = EDGE_CURVE('',#13337,#13328,#13339,.T.);
#13337 = VERTEX_POINT('',#13338);
#13338 = CARTESIAN_POINT('',(109.443345,-75.456066,1.51));
#13339 = CIRCLE('',#13340,0.499999603944);
#13340 = AXIS2_PLACEMENT_3D('',#13341,#13342,#13343);
#13341 = CARTESIAN_POINT('',(109.18284211054,-75.88284211054,1.51));
#13342 = DIRECTION('',(0.,0.,1.));
#13343 = DIRECTION('',(0.521006191616,0.853552897188,-0.));
#13344 = ORIENTED_EDGE('',*,*,#13345,.F.);
#13345 = EDGE_CURVE('',#13346,#13337,#13348,.T.);
#13346 = VERTEX_POINT('',#13347);
#13347 = CARTESIAN_POINT('',(109.599647,-75.5,1.51));
#13348 = CIRCLE('',#13349,0.299998582341);
#13349 = AXIS2_PLACEMENT_3D('',#13350,#13351,#13352);
#13350 = CARTESIAN_POINT('',(109.59964624464,-75.20000141766,1.51));
#13351 = DIRECTION('',(0.,0.,-1.));
#13352 = DIRECTION('',(2.517861483353E-06,-0.999999999997,0.));
#13353 = ORIENTED_EDGE('',*,*,#13354,.F.);
#13354 = EDGE_CURVE('',#13355,#13346,#13357,.T.);
#13355 = VERTEX_POINT('',#13356);
#13356 = CARTESIAN_POINT('',(110.5,-75.5,1.51));
#13357 = LINE('',#13358,#13359);
#13358 = CARTESIAN_POINT('',(110.5,-75.5,1.51));
#13359 = VECTOR('',#13360,1.);
#13360 = DIRECTION('',(-1.,0.,0.));
#13361 = ORIENTED_EDGE('',*,*,#13362,.F.);
#13362 = EDGE_CURVE('',#13363,#13355,#13365,.T.);
#13363 = VERTEX_POINT('',#13364);
#13364 = CARTESIAN_POINT('',(111.400353,-75.5,1.51));
#13365 = LINE('',#13366,#13367);
#13366 = CARTESIAN_POINT('',(111.400353,-75.5,1.51));
#13367 = VECTOR('',#13368,1.);
#13368 = DIRECTION('',(-1.,0.,0.));
#13369 = ORIENTED_EDGE('',*,*,#13370,.F.);
#13370 = EDGE_CURVE('',#13208,#13363,#13371,.T.);
#13371 = CIRCLE('',#13372,0.299998582341);
#13372 = AXIS2_PLACEMENT_3D('',#13373,#13374,#13375);
#13373 = CARTESIAN_POINT('',(111.40035375535,-75.20000141766,1.51));
#13374 = DIRECTION('',(0.,0.,-1.));
#13375 = DIRECTION('',(0.52100661085,-0.853552641289,0.));
#13376 = FACE_BOUND('',#13377,.T.);
#13377 = EDGE_LOOP('',(#13378));
#13378 = ORIENTED_EDGE('',*,*,#13379,.T.);
#13379 = EDGE_CURVE('',#13380,#13380,#13382,.T.);
#13380 = VERTEX_POINT('',#13381);
#13381 = CARTESIAN_POINT('',(110.095,-74.5,1.51));
#13382 = CIRCLE('',#13383,2.);
#13383 = AXIS2_PLACEMENT_3D('',#13384,#13385,#13386);
#13384 = CARTESIAN_POINT('',(110.095,-72.5,1.51));
#13385 = DIRECTION('',(-0.,0.,-1.));
#13386 = DIRECTION('',(-0.,-1.,0.));
#13387 = FACE_BOUND('',#13388,.T.);
#13388 = EDGE_LOOP('',(#13389));
#13389 = ORIENTED_EDGE('',*,*,#13390,.T.);
#13390 = EDGE_CURVE('',#13391,#13391,#13393,.T.);
#13391 = VERTEX_POINT('',#13392);
#13392 = CARTESIAN_POINT('',(115.175,-73.35,1.51));
#13393 = CIRCLE('',#13394,0.85);
#13394 = AXIS2_PLACEMENT_3D('',#13395,#13396,#13397);
#13395 = CARTESIAN_POINT('',(115.175,-72.5,1.51));
#13396 = DIRECTION('',(-0.,0.,-1.));
#13397 = DIRECTION('',(-1.671865260612E-14,-1.,0.));
#13398 = FACE_BOUND('',#13399,.T.);
#13399 = EDGE_LOOP('',(#13400));
#13400 = ORIENTED_EDGE('',*,*,#13401,.T.);
#13401 = EDGE_CURVE('',#13402,#13402,#13404,.T.);
#13402 = VERTEX_POINT('',#13403);
#13403 = CARTESIAN_POINT('',(119.595,-73.59,1.51));
#13404 = CIRCLE('',#13405,0.4);
#13405 = AXIS2_PLACEMENT_3D('',#13406,#13407,#13408);
#13406 = CARTESIAN_POINT('',(119.595,-73.19,1.51));
#13407 = DIRECTION('',(-0.,0.,-1.));
#13408 = DIRECTION('',(-0.,-1.,0.));
#13409 = FACE_BOUND('',#13410,.T.);
#13410 = EDGE_LOOP('',(#13411));
#13411 = ORIENTED_EDGE('',*,*,#13412,.T.);
#13412 = EDGE_CURVE('',#13413,#13413,#13415,.T.);
#13413 = VERTEX_POINT('',#13414);
#13414 = CARTESIAN_POINT('',(123.935,-73.35,1.51));
#13415 = CIRCLE('',#13416,0.85);
#13416 = AXIS2_PLACEMENT_3D('',#13417,#13418,#13419);
#13417 = CARTESIAN_POINT('',(123.935,-72.5,1.51));
#13418 = DIRECTION('',(-0.,0.,-1.));
#13419 = DIRECTION('',(-0.,-1.,0.));
#13420 = FACE_BOUND('',#13421,.T.);
#13421 = EDGE_LOOP('',(#13422,#13433,#13442,#13450,#13458,#13467,#13476,
    #13485,#13493,#13501,#13510,#13519,#13528,#13536,#13544,#13553,
    #13562,#13571,#13579,#13587));
#13422 = ORIENTED_EDGE('',*,*,#13423,.F.);
#13423 = EDGE_CURVE('',#13424,#13426,#13428,.T.);
#13424 = VERTEX_POINT('',#13425);
#13425 = CARTESIAN_POINT('',(130.838934,-76.143345,1.51));
#13426 = VERTEX_POINT('',#13427);
#13427 = CARTESIAN_POINT('',(130.151655,-75.456066,1.51));
#13428 = CIRCLE('',#13429,0.499999603944);
#13429 = AXIS2_PLACEMENT_3D('',#13430,#13431,#13432);
#13430 = CARTESIAN_POINT('',(130.41215788946,-75.88284211054,1.51));
#13431 = DIRECTION('',(0.,0.,1.));
#13432 = DIRECTION('',(0.853552897188,-0.521006191616,0.));
#13433 = ORIENTED_EDGE('',*,*,#13434,.F.);
#13434 = EDGE_CURVE('',#13435,#13424,#13437,.T.);
#13435 = VERTEX_POINT('',#13436);
#13436 = CARTESIAN_POINT('',(130.795,-76.299647,1.51));
#13437 = CIRCLE('',#13438,0.299998582342);
#13438 = AXIS2_PLACEMENT_3D('',#13439,#13440,#13441);
#13439 = CARTESIAN_POINT('',(131.09499858234,-76.29964624464,1.51));
#13440 = DIRECTION('',(0.,0.,-1.));
#13441 = DIRECTION('',(-0.999999999997,-2.517860772802E-06,-0.));
#13442 = ORIENTED_EDGE('',*,*,#13443,.F.);
#13443 = EDGE_CURVE('',#13444,#13435,#13446,.T.);
#13444 = VERTEX_POINT('',#13445);
#13445 = CARTESIAN_POINT('',(130.795,-77.,1.51));
#13446 = LINE('',#13447,#13448);
#13447 = CARTESIAN_POINT('',(130.795,-77.,1.51));
#13448 = VECTOR('',#13449,1.);
#13449 = DIRECTION('',(0.,1.,0.));
#13450 = ORIENTED_EDGE('',*,*,#13451,.F.);
#13451 = EDGE_CURVE('',#13452,#13444,#13454,.T.);
#13452 = VERTEX_POINT('',#13453);
#13453 = CARTESIAN_POINT('',(130.795,-77.700353,1.51));
#13454 = LINE('',#13455,#13456);
#13455 = CARTESIAN_POINT('',(130.795,-77.700353,1.51));
#13456 = VECTOR('',#13457,1.);
#13457 = DIRECTION('',(0.,1.,0.));
#13458 = ORIENTED_EDGE('',*,*,#13459,.F.);
#13459 = EDGE_CURVE('',#13460,#13452,#13462,.T.);
#13460 = VERTEX_POINT('',#13461);
#13461 = CARTESIAN_POINT('',(130.838934,-77.856655,1.51));
#13462 = CIRCLE('',#13463,0.299998582342);
#13463 = AXIS2_PLACEMENT_3D('',#13464,#13465,#13466);
#13464 = CARTESIAN_POINT('',(131.09499858234,-77.70035375535,1.51));
#13465 = DIRECTION('',(0.,0.,-1.));
#13466 = DIRECTION('',(-0.853552641289,-0.521006610849,-0.));
#13467 = ORIENTED_EDGE('',*,*,#13468,.F.);
#13468 = EDGE_CURVE('',#13469,#13460,#13471,.T.);
#13469 = VERTEX_POINT('',#13470);
#13470 = CARTESIAN_POINT('',(130.151655,-78.543934,1.51));
#13471 = CIRCLE('',#13472,0.499999603944);
#13472 = AXIS2_PLACEMENT_3D('',#13473,#13474,#13475);
#13473 = CARTESIAN_POINT('',(130.41215788946,-78.11715788946,1.51));
#13474 = DIRECTION('',(0.,0.,1.));
#13475 = DIRECTION('',(-0.521006191616,-0.853552897188,0.));
#13476 = ORIENTED_EDGE('',*,*,#13477,.F.);
#13477 = EDGE_CURVE('',#13478,#13469,#13480,.T.);
#13478 = VERTEX_POINT('',#13479);
#13479 = CARTESIAN_POINT('',(129.995353,-78.5,1.51));
#13480 = CIRCLE('',#13481,0.299998582341);
#13481 = AXIS2_PLACEMENT_3D('',#13482,#13483,#13484);
#13482 = CARTESIAN_POINT('',(129.99535375535,-78.79999858234,1.51));
#13483 = DIRECTION('',(0.,0.,-1.));
#13484 = DIRECTION('',(-2.517861293872E-06,0.999999999997,0.));
#13485 = ORIENTED_EDGE('',*,*,#13486,.F.);
#13486 = EDGE_CURVE('',#13487,#13478,#13489,.T.);
#13487 = VERTEX_POINT('',#13488);
#13488 = CARTESIAN_POINT('',(129.095,-78.5,1.51));
#13489 = LINE('',#13490,#13491);
#13490 = CARTESIAN_POINT('',(129.095,-78.5,1.51));
#13491 = VECTOR('',#13492,1.);
#13492 = DIRECTION('',(1.,0.,0.));
#13493 = ORIENTED_EDGE('',*,*,#13494,.F.);
#13494 = EDGE_CURVE('',#13495,#13487,#13497,.T.);
#13495 = VERTEX_POINT('',#13496);
#13496 = CARTESIAN_POINT('',(128.194647,-78.5,1.51));
#13497 = LINE('',#13498,#13499);
#13498 = CARTESIAN_POINT('',(128.194647,-78.5,1.51));
#13499 = VECTOR('',#13500,1.);
#13500 = DIRECTION('',(1.,0.,0.));
#13501 = ORIENTED_EDGE('',*,*,#13502,.F.);
#13502 = EDGE_CURVE('',#13503,#13495,#13505,.T.);
#13503 = VERTEX_POINT('',#13504);
#13504 = CARTESIAN_POINT('',(128.038345,-78.543934,1.51));
#13505 = CIRCLE('',#13506,0.299998582341);
#13506 = AXIS2_PLACEMENT_3D('',#13507,#13508,#13509);
#13507 = CARTESIAN_POINT('',(128.19464624464,-78.79999858234,1.51));
#13508 = DIRECTION('',(0.,0.,-1.));
#13509 = DIRECTION('',(-0.521006610849,0.853552641289,0.));
#13510 = ORIENTED_EDGE('',*,*,#13511,.F.);
#13511 = EDGE_CURVE('',#13512,#13503,#13514,.T.);
#13512 = VERTEX_POINT('',#13513);
#13513 = CARTESIAN_POINT('',(127.351066,-77.856655,1.51));
#13514 = CIRCLE('',#13515,0.499999603944);
#13515 = AXIS2_PLACEMENT_3D('',#13516,#13517,#13518);
#13516 = CARTESIAN_POINT('',(127.77784211054,-78.11715788946,1.51));
#13517 = DIRECTION('',(0.,0.,1.));
#13518 = DIRECTION('',(-0.853552897188,0.521006191616,0.));
#13519 = ORIENTED_EDGE('',*,*,#13520,.F.);
#13520 = EDGE_CURVE('',#13521,#13512,#13523,.T.);
#13521 = VERTEX_POINT('',#13522);
#13522 = CARTESIAN_POINT('',(127.395,-77.700353,1.51));
#13523 = CIRCLE('',#13524,0.299998582341);
#13524 = AXIS2_PLACEMENT_3D('',#13525,#13526,#13527);
#13525 = CARTESIAN_POINT('',(127.09500141766,-77.70035375535,1.51));
#13526 = DIRECTION('',(0.,0.,-1.));
#13527 = DIRECTION('',(0.999999999997,2.517861388613E-06,0.));
#13528 = ORIENTED_EDGE('',*,*,#13529,.F.);
#13529 = EDGE_CURVE('',#13530,#13521,#13532,.T.);
#13530 = VERTEX_POINT('',#13531);
#13531 = CARTESIAN_POINT('',(127.395,-77.,1.51));
#13532 = LINE('',#13533,#13534);
#13533 = CARTESIAN_POINT('',(127.395,-77.,1.51));
#13534 = VECTOR('',#13535,1.);
#13535 = DIRECTION('',(0.,-1.,0.));
#13536 = ORIENTED_EDGE('',*,*,#13537,.F.);
#13537 = EDGE_CURVE('',#13538,#13530,#13540,.T.);
#13538 = VERTEX_POINT('',#13539);
#13539 = CARTESIAN_POINT('',(127.395,-76.299647,1.51));
#13540 = LINE('',#13541,#13542);
#13541 = CARTESIAN_POINT('',(127.395,-76.299647,1.51));
#13542 = VECTOR('',#13543,1.);
#13543 = DIRECTION('',(0.,-1.,0.));
#13544 = ORIENTED_EDGE('',*,*,#13545,.F.);
#13545 = EDGE_CURVE('',#13546,#13538,#13548,.T.);
#13546 = VERTEX_POINT('',#13547);
#13547 = CARTESIAN_POINT('',(127.351066,-76.143345,1.51));
#13548 = CIRCLE('',#13549,0.299998582341);
#13549 = AXIS2_PLACEMENT_3D('',#13550,#13551,#13552);
#13550 = CARTESIAN_POINT('',(127.09500141766,-76.29964624464,1.51));
#13551 = DIRECTION('',(0.,0.,-1.));
#13552 = DIRECTION('',(0.853552641289,0.521006610849,0.));
#13553 = ORIENTED_EDGE('',*,*,#13554,.F.);
#13554 = EDGE_CURVE('',#13555,#13546,#13557,.T.);
#13555 = VERTEX_POINT('',#13556);
#13556 = CARTESIAN_POINT('',(128.038345,-75.456066,1.51));
#13557 = CIRCLE('',#13558,0.499999603944);
#13558 = AXIS2_PLACEMENT_3D('',#13559,#13560,#13561);
#13559 = CARTESIAN_POINT('',(127.77784211054,-75.88284211054,1.51));
#13560 = DIRECTION('',(0.,0.,1.));
#13561 = DIRECTION('',(0.521006191616,0.853552897188,-0.));
#13562 = ORIENTED_EDGE('',*,*,#13563,.F.);
#13563 = EDGE_CURVE('',#13564,#13555,#13566,.T.);
#13564 = VERTEX_POINT('',#13565);
#13565 = CARTESIAN_POINT('',(128.194647,-75.5,1.51));
#13566 = CIRCLE('',#13567,0.299998582341);
#13567 = AXIS2_PLACEMENT_3D('',#13568,#13569,#13570);
#13568 = CARTESIAN_POINT('',(128.19464624464,-75.20000141766,1.51));
#13569 = DIRECTION('',(0.,0.,-1.));
#13570 = DIRECTION('',(2.517861293872E-06,-0.999999999997,0.));
#13571 = ORIENTED_EDGE('',*,*,#13572,.F.);
#13572 = EDGE_CURVE('',#13573,#13564,#13575,.T.);
#13573 = VERTEX_POINT('',#13574);
#13574 = CARTESIAN_POINT('',(129.095,-75.5,1.51));
#13575 = LINE('',#13576,#13577);
#13576 = CARTESIAN_POINT('',(129.095,-75.5,1.51));
#13577 = VECTOR('',#13578,1.);
#13578 = DIRECTION('',(-1.,0.,0.));
#13579 = ORIENTED_EDGE('',*,*,#13580,.F.);
#13580 = EDGE_CURVE('',#13581,#13573,#13583,.T.);
#13581 = VERTEX_POINT('',#13582);
#13582 = CARTESIAN_POINT('',(129.995353,-75.5,1.51));
#13583 = LINE('',#13584,#13585);
#13584 = CARTESIAN_POINT('',(129.995353,-75.5,1.51));
#13585 = VECTOR('',#13586,1.);
#13586 = DIRECTION('',(-1.,0.,0.));
#13587 = ORIENTED_EDGE('',*,*,#13588,.F.);
#13588 = EDGE_CURVE('',#13426,#13581,#13589,.T.);
#13589 = CIRCLE('',#13590,0.299998582341);
#13590 = AXIS2_PLACEMENT_3D('',#13591,#13592,#13593);
#13591 = CARTESIAN_POINT('',(129.99535375535,-75.20000141766,1.51));
#13592 = DIRECTION('',(0.,0.,-1.));
#13593 = DIRECTION('',(0.521006610849,-0.853552641289,0.));
#13594 = FACE_BOUND('',#13595,.T.);
#13595 = EDGE_LOOP('',(#13596));
#13596 = ORIENTED_EDGE('',*,*,#13597,.T.);
#13597 = EDGE_CURVE('',#13598,#13598,#13600,.T.);
#13598 = VERTEX_POINT('',#13599);
#13599 = CARTESIAN_POINT('',(129.015,-74.5,1.51));
#13600 = CIRCLE('',#13601,2.);
#13601 = AXIS2_PLACEMENT_3D('',#13602,#13603,#13604);
#13602 = CARTESIAN_POINT('',(129.015,-72.5,1.51));
#13603 = DIRECTION('',(-0.,0.,-1.));
#13604 = DIRECTION('',(-0.,-1.,0.));
#13605 = FACE_BOUND('',#13606,.T.);
#13606 = EDGE_LOOP('',(#13607));
#13607 = ORIENTED_EDGE('',*,*,#13608,.T.);
#13608 = EDGE_CURVE('',#13609,#13609,#13611,.T.);
#13609 = VERTEX_POINT('',#13610);
#13610 = CARTESIAN_POINT('',(134.175,-92.35,1.51));
#13611 = CIRCLE('',#13612,0.85);
#13612 = AXIS2_PLACEMENT_3D('',#13613,#13614,#13615);
#13613 = CARTESIAN_POINT('',(134.175,-91.5,1.51));
#13614 = DIRECTION('',(-0.,0.,-1.));
#13615 = DIRECTION('',(-0.,-1.,0.));
#13616 = FACE_BOUND('',#13617,.T.);
#13617 = EDGE_LOOP('',(#13618));
#13618 = ORIENTED_EDGE('',*,*,#13619,.T.);
#13619 = EDGE_CURVE('',#13620,#13620,#13622,.T.);
#13620 = VERTEX_POINT('',#13621);
#13621 = CARTESIAN_POINT('',(138.,-92.59,1.51));
#13622 = CIRCLE('',#13623,0.4);
#13623 = AXIS2_PLACEMENT_3D('',#13624,#13625,#13626);
#13624 = CARTESIAN_POINT('',(138.,-92.19,1.51));
#13625 = DIRECTION('',(-0.,0.,-1.));
#13626 = DIRECTION('',(-0.,-1.,0.));
#13627 = FACE_BOUND('',#13628,.T.);
#13628 = EDGE_LOOP('',(#13629));
#13629 = ORIENTED_EDGE('',*,*,#13630,.T.);
#13630 = EDGE_CURVE('',#13631,#13631,#13633,.T.);
#13631 = VERTEX_POINT('',#13632);
#13632 = CARTESIAN_POINT('',(138.,-81.21,1.51));
#13633 = CIRCLE('',#13634,0.4);
#13634 = AXIS2_PLACEMENT_3D('',#13635,#13636,#13637);
#13635 = CARTESIAN_POINT('',(138.,-80.81,1.51));
#13636 = DIRECTION('',(-0.,0.,-1.));
#13637 = DIRECTION('',(-0.,-1.,0.));
#13638 = FACE_BOUND('',#13639,.T.);
#13639 = EDGE_LOOP('',(#13640));
#13640 = ORIENTED_EDGE('',*,*,#13641,.T.);
#13641 = EDGE_CURVE('',#13642,#13642,#13644,.T.);
#13642 = VERTEX_POINT('',#13643);
#13643 = CARTESIAN_POINT('',(134.095,-73.35,1.51));
#13644 = CIRCLE('',#13645,0.85);
#13645 = AXIS2_PLACEMENT_3D('',#13646,#13647,#13648);
#13646 = CARTESIAN_POINT('',(134.095,-72.5,1.51));
#13647 = DIRECTION('',(-0.,0.,-1.));
#13648 = DIRECTION('',(-0.,-1.,0.));
#13649 = FACE_BOUND('',#13650,.T.);
#13650 = EDGE_LOOP('',(#13651));
#13651 = ORIENTED_EDGE('',*,*,#13652,.T.);
#13652 = EDGE_CURVE('',#13653,#13653,#13655,.T.);
#13653 = VERTEX_POINT('',#13654);
#13654 = CARTESIAN_POINT('',(138.,-73.59,1.51));
#13655 = CIRCLE('',#13656,0.4);
#13656 = AXIS2_PLACEMENT_3D('',#13657,#13658,#13659);
#13657 = CARTESIAN_POINT('',(138.,-73.19,1.51));
#13658 = DIRECTION('',(-0.,0.,-1.));
#13659 = DIRECTION('',(-0.,-1.,0.));
#13660 = FACE_BOUND('',#13661,.T.);
#13661 = EDGE_LOOP('',(#13662));
#13662 = ORIENTED_EDGE('',*,*,#13663,.T.);
#13663 = EDGE_CURVE('',#13664,#13664,#13666,.T.);
#13664 = VERTEX_POINT('',#13665);
#13665 = CARTESIAN_POINT('',(85.825,-54.39,1.51));
#13666 = CIRCLE('',#13667,0.85);
#13667 = AXIS2_PLACEMENT_3D('',#13668,#13669,#13670);
#13668 = CARTESIAN_POINT('',(85.825,-53.54,1.51));
#13669 = DIRECTION('',(-0.,0.,-1.));
#13670 = DIRECTION('',(1.671865260612E-14,-1.,-0.));
#13671 = FACE_BOUND('',#13672,.T.);
#13672 = EDGE_LOOP('',(#13673));
#13673 = ORIENTED_EDGE('',*,*,#13674,.T.);
#13674 = EDGE_CURVE('',#13675,#13675,#13677,.T.);
#13675 = VERTEX_POINT('',#13676);
#13676 = CARTESIAN_POINT('',(87.15,-70.71,1.51));
#13677 = CIRCLE('',#13678,0.75);
#13678 = AXIS2_PLACEMENT_3D('',#13679,#13680,#13681);
#13679 = CARTESIAN_POINT('',(87.15,-69.96,1.51));
#13680 = DIRECTION('',(-0.,0.,-1.));
#13681 = DIRECTION('',(-0.,-1.,0.));
#13682 = FACE_BOUND('',#13683,.T.);
#13683 = EDGE_LOOP('',(#13684));
#13684 = ORIENTED_EDGE('',*,*,#13685,.T.);
#13685 = EDGE_CURVE('',#13686,#13686,#13688,.T.);
#13686 = VERTEX_POINT('',#13687);
#13687 = CARTESIAN_POINT('',(93.5,-68.17,1.51));
#13688 = CIRCLE('',#13689,0.75);
#13689 = AXIS2_PLACEMENT_3D('',#13690,#13691,#13692);
#13690 = CARTESIAN_POINT('',(93.5,-67.42,1.51));
#13691 = DIRECTION('',(-0.,0.,-1.));
#13692 = DIRECTION('',(-0.,-1.,0.));
#13693 = FACE_BOUND('',#13694,.T.);
#13694 = EDGE_LOOP('',(#13695));
#13695 = ORIENTED_EDGE('',*,*,#13696,.T.);
#13696 = EDGE_CURVE('',#13697,#13697,#13699,.T.);
#13697 = VERTEX_POINT('',#13698);
#13698 = CARTESIAN_POINT('',(106.285,-70.71,1.51));
#13699 = CIRCLE('',#13700,0.75);
#13700 = AXIS2_PLACEMENT_3D('',#13701,#13702,#13703);
#13701 = CARTESIAN_POINT('',(106.285,-69.96,1.51));
#13702 = DIRECTION('',(-0.,0.,-1.));
#13703 = DIRECTION('',(-0.,-1.,0.));
#13704 = FACE_BOUND('',#13705,.T.);
#13705 = EDGE_LOOP('',(#13706));
#13706 = ORIENTED_EDGE('',*,*,#13707,.T.);
#13707 = EDGE_CURVE('',#13708,#13708,#13710,.T.);
#13708 = VERTEX_POINT('',#13709);
#13709 = CARTESIAN_POINT('',(100.5,-62.21,1.51));
#13710 = CIRCLE('',#13711,0.4);
#13711 = AXIS2_PLACEMENT_3D('',#13712,#13713,#13714);
#13712 = CARTESIAN_POINT('',(100.5,-61.81,1.51));
#13713 = DIRECTION('',(-0.,0.,-1.));
#13714 = DIRECTION('',(-0.,-1.,0.));
#13715 = FACE_BOUND('',#13716,.T.);
#13716 = EDGE_LOOP('',(#13717,#13728,#13737,#13745,#13753,#13762,#13771,
    #13780,#13788,#13796,#13805,#13814,#13823,#13831,#13839,#13848,
    #13857,#13866,#13874,#13882));
#13717 = ORIENTED_EDGE('',*,*,#13718,.F.);
#13718 = EDGE_CURVE('',#13719,#13721,#13723,.T.);
#13719 = VERTEX_POINT('',#13720);
#13720 = CARTESIAN_POINT('',(92.838934,-57.143345,1.51));
#13721 = VERTEX_POINT('',#13722);
#13722 = CARTESIAN_POINT('',(92.151655,-56.456066,1.51));
#13723 = CIRCLE('',#13724,0.499999603944);
#13724 = AXIS2_PLACEMENT_3D('',#13725,#13726,#13727);
#13725 = CARTESIAN_POINT('',(92.41215788946,-56.88284211054,1.51));
#13726 = DIRECTION('',(0.,0.,1.));
#13727 = DIRECTION('',(0.853552897188,-0.521006191616,0.));
#13728 = ORIENTED_EDGE('',*,*,#13729,.F.);
#13729 = EDGE_CURVE('',#13730,#13719,#13732,.T.);
#13730 = VERTEX_POINT('',#13731);
#13731 = CARTESIAN_POINT('',(92.795,-57.299647,1.51));
#13732 = CIRCLE('',#13733,0.299998582341);
#13733 = AXIS2_PLACEMENT_3D('',#13734,#13735,#13736);
#13734 = CARTESIAN_POINT('',(93.09499858234,-57.29964624464,1.51));
#13735 = DIRECTION('',(0.,0.,-1.));
#13736 = DIRECTION('',(-0.999999999997,-2.517861435983E-06,-0.));
#13737 = ORIENTED_EDGE('',*,*,#13738,.F.);
#13738 = EDGE_CURVE('',#13739,#13730,#13741,.T.);
#13739 = VERTEX_POINT('',#13740);
#13740 = CARTESIAN_POINT('',(92.795,-58.,1.51));
#13741 = LINE('',#13742,#13743);
#13742 = CARTESIAN_POINT('',(92.795,-58.,1.51));
#13743 = VECTOR('',#13744,1.);
#13744 = DIRECTION('',(0.,1.,0.));
#13745 = ORIENTED_EDGE('',*,*,#13746,.F.);
#13746 = EDGE_CURVE('',#13747,#13739,#13749,.T.);
#13747 = VERTEX_POINT('',#13748);
#13748 = CARTESIAN_POINT('',(92.795,-58.700353,1.51));
#13749 = LINE('',#13750,#13751);
#13750 = CARTESIAN_POINT('',(92.795,-58.700353,1.51));
#13751 = VECTOR('',#13752,1.);
#13752 = DIRECTION('',(0.,1.,0.));
#13753 = ORIENTED_EDGE('',*,*,#13754,.F.);
#13754 = EDGE_CURVE('',#13755,#13747,#13757,.T.);
#13755 = VERTEX_POINT('',#13756);
#13756 = CARTESIAN_POINT('',(92.838934,-58.856655,1.51));
#13757 = CIRCLE('',#13758,0.299998582341);
#13758 = AXIS2_PLACEMENT_3D('',#13759,#13760,#13761);
#13759 = CARTESIAN_POINT('',(93.09499858234,-58.70035375535,1.51));
#13760 = DIRECTION('',(0.,0.,-1.));
#13761 = DIRECTION('',(-0.853552641289,-0.52100661085,-0.));
#13762 = ORIENTED_EDGE('',*,*,#13763,.F.);
#13763 = EDGE_CURVE('',#13764,#13755,#13766,.T.);
#13764 = VERTEX_POINT('',#13765);
#13765 = CARTESIAN_POINT('',(92.151655,-59.543934,1.51));
#13766 = CIRCLE('',#13767,0.499999603944);
#13767 = AXIS2_PLACEMENT_3D('',#13768,#13769,#13770);
#13768 = CARTESIAN_POINT('',(92.41215788946,-59.11715788946,1.51));
#13769 = DIRECTION('',(0.,0.,1.));
#13770 = DIRECTION('',(-0.521006191616,-0.853552897188,0.));
#13771 = ORIENTED_EDGE('',*,*,#13772,.F.);
#13772 = EDGE_CURVE('',#13773,#13764,#13775,.T.);
#13773 = VERTEX_POINT('',#13774);
#13774 = CARTESIAN_POINT('',(91.995353,-59.5,1.51));
#13775 = CIRCLE('',#13776,0.299998582341);
#13776 = AXIS2_PLACEMENT_3D('',#13777,#13778,#13779);
#13777 = CARTESIAN_POINT('',(91.995353755355,-59.79999858234,1.51));
#13778 = DIRECTION('',(0.,0.,-1.));
#13779 = DIRECTION('',(-2.517861341243E-06,0.999999999997,0.));
#13780 = ORIENTED_EDGE('',*,*,#13781,.F.);
#13781 = EDGE_CURVE('',#13782,#13773,#13784,.T.);
#13782 = VERTEX_POINT('',#13783);
#13783 = CARTESIAN_POINT('',(91.095,-59.5,1.51));
#13784 = LINE('',#13785,#13786);
#13785 = CARTESIAN_POINT('',(91.095,-59.5,1.51));
#13786 = VECTOR('',#13787,1.);
#13787 = DIRECTION('',(1.,0.,0.));
#13788 = ORIENTED_EDGE('',*,*,#13789,.F.);
#13789 = EDGE_CURVE('',#13790,#13782,#13792,.T.);
#13790 = VERTEX_POINT('',#13791);
#13791 = CARTESIAN_POINT('',(90.194647,-59.5,1.51));
#13792 = LINE('',#13793,#13794);
#13793 = CARTESIAN_POINT('',(90.194647,-59.5,1.51));
#13794 = VECTOR('',#13795,1.);
#13795 = DIRECTION('',(1.,0.,0.));
#13796 = ORIENTED_EDGE('',*,*,#13797,.F.);
#13797 = EDGE_CURVE('',#13798,#13790,#13800,.T.);
#13798 = VERTEX_POINT('',#13799);
#13799 = CARTESIAN_POINT('',(90.038345,-59.543934,1.51));
#13800 = CIRCLE('',#13801,0.299998582341);
#13801 = AXIS2_PLACEMENT_3D('',#13802,#13803,#13804);
#13802 = CARTESIAN_POINT('',(90.194646244645,-59.79999858234,1.51));
#13803 = DIRECTION('',(0.,0.,-1.));
#13804 = DIRECTION('',(-0.52100661085,0.853552641289,0.));
#13805 = ORIENTED_EDGE('',*,*,#13806,.F.);
#13806 = EDGE_CURVE('',#13807,#13798,#13809,.T.);
#13807 = VERTEX_POINT('',#13808);
#13808 = CARTESIAN_POINT('',(89.351066,-58.856655,1.51));
#13809 = CIRCLE('',#13810,0.499999603944);
#13810 = AXIS2_PLACEMENT_3D('',#13811,#13812,#13813);
#13811 = CARTESIAN_POINT('',(89.77784211054,-59.11715788946,1.51));
#13812 = DIRECTION('',(0.,0.,1.));
#13813 = DIRECTION('',(-0.853552897188,0.521006191616,0.));
#13814 = ORIENTED_EDGE('',*,*,#13815,.F.);
#13815 = EDGE_CURVE('',#13816,#13807,#13818,.T.);
#13816 = VERTEX_POINT('',#13817);
#13817 = CARTESIAN_POINT('',(89.395,-58.700353,1.51));
#13818 = CIRCLE('',#13819,0.299998582341);
#13819 = AXIS2_PLACEMENT_3D('',#13820,#13821,#13822);
#13820 = CARTESIAN_POINT('',(89.09500141766,-58.70035375535,1.51));
#13821 = DIRECTION('',(0.,0.,-1.));
#13822 = DIRECTION('',(0.999999999997,2.517861435983E-06,0.));
#13823 = ORIENTED_EDGE('',*,*,#13824,.F.);
#13824 = EDGE_CURVE('',#13825,#13816,#13827,.T.);
#13825 = VERTEX_POINT('',#13826);
#13826 = CARTESIAN_POINT('',(89.395,-58.,1.51));
#13827 = LINE('',#13828,#13829);
#13828 = CARTESIAN_POINT('',(89.395,-58.,1.51));
#13829 = VECTOR('',#13830,1.);
#13830 = DIRECTION('',(0.,-1.,0.));
#13831 = ORIENTED_EDGE('',*,*,#13832,.F.);
#13832 = EDGE_CURVE('',#13833,#13825,#13835,.T.);
#13833 = VERTEX_POINT('',#13834);
#13834 = CARTESIAN_POINT('',(89.395,-57.299647,1.51));
#13835 = LINE('',#13836,#13837);
#13836 = CARTESIAN_POINT('',(89.395,-57.299647,1.51));
#13837 = VECTOR('',#13838,1.);
#13838 = DIRECTION('',(0.,-1.,0.));
#13839 = ORIENTED_EDGE('',*,*,#13840,.F.);
#13840 = EDGE_CURVE('',#13841,#13833,#13843,.T.);
#13841 = VERTEX_POINT('',#13842);
#13842 = CARTESIAN_POINT('',(89.351066,-57.143345,1.51));
#13843 = CIRCLE('',#13844,0.299998582341);
#13844 = AXIS2_PLACEMENT_3D('',#13845,#13846,#13847);
#13845 = CARTESIAN_POINT('',(89.09500141766,-57.29964624464,1.51));
#13846 = DIRECTION('',(0.,0.,-1.));
#13847 = DIRECTION('',(0.853552641289,0.52100661085,0.));
#13848 = ORIENTED_EDGE('',*,*,#13849,.F.);
#13849 = EDGE_CURVE('',#13850,#13841,#13852,.T.);
#13850 = VERTEX_POINT('',#13851);
#13851 = CARTESIAN_POINT('',(90.038345,-56.456066,1.51));
#13852 = CIRCLE('',#13853,0.499999603944);
#13853 = AXIS2_PLACEMENT_3D('',#13854,#13855,#13856);
#13854 = CARTESIAN_POINT('',(89.77784211054,-56.88284211054,1.51));
#13855 = DIRECTION('',(0.,0.,1.));
#13856 = DIRECTION('',(0.521006191616,0.853552897188,-0.));
#13857 = ORIENTED_EDGE('',*,*,#13858,.F.);
#13858 = EDGE_CURVE('',#13859,#13850,#13861,.T.);
#13859 = VERTEX_POINT('',#13860);
#13860 = CARTESIAN_POINT('',(90.194647,-56.5,1.51));
#13861 = CIRCLE('',#13862,0.299998582341);
#13862 = AXIS2_PLACEMENT_3D('',#13863,#13864,#13865);
#13863 = CARTESIAN_POINT('',(90.194646244645,-56.20000141766,1.51));
#13864 = DIRECTION('',(0.,0.,-1.));
#13865 = DIRECTION('',(2.517861388613E-06,-0.999999999997,0.));
#13866 = ORIENTED_EDGE('',*,*,#13867,.F.);
#13867 = EDGE_CURVE('',#13868,#13859,#13870,.T.);
#13868 = VERTEX_POINT('',#13869);
#13869 = CARTESIAN_POINT('',(91.095,-56.5,1.51));
#13870 = LINE('',#13871,#13872);
#13871 = CARTESIAN_POINT('',(91.095,-56.5,1.51));
#13872 = VECTOR('',#13873,1.);
#13873 = DIRECTION('',(-1.,0.,0.));
#13874 = ORIENTED_EDGE('',*,*,#13875,.F.);
#13875 = EDGE_CURVE('',#13876,#13868,#13878,.T.);
#13876 = VERTEX_POINT('',#13877);
#13877 = CARTESIAN_POINT('',(91.995353,-56.5,1.51));
#13878 = LINE('',#13879,#13880);
#13879 = CARTESIAN_POINT('',(91.995353,-56.5,1.51));
#13880 = VECTOR('',#13881,1.);
#13881 = DIRECTION('',(-1.,0.,0.));
#13882 = ORIENTED_EDGE('',*,*,#13883,.F.);
#13883 = EDGE_CURVE('',#13721,#13876,#13884,.T.);
#13884 = CIRCLE('',#13885,0.299998582341);
#13885 = AXIS2_PLACEMENT_3D('',#13886,#13887,#13888);
#13886 = CARTESIAN_POINT('',(91.995353755355,-56.20000141766,1.51));
#13887 = DIRECTION('',(0.,0.,-1.));
#13888 = DIRECTION('',(0.52100661085,-0.853552641289,0.));
#13889 = FACE_BOUND('',#13890,.T.);
#13890 = EDGE_LOOP('',(#13891));
#13891 = ORIENTED_EDGE('',*,*,#13892,.T.);
#13892 = EDGE_CURVE('',#13893,#13893,#13895,.T.);
#13893 = VERTEX_POINT('',#13894);
#13894 = CARTESIAN_POINT('',(90.905,-55.54,1.51));
#13895 = CIRCLE('',#13896,2.);
#13896 = AXIS2_PLACEMENT_3D('',#13897,#13898,#13899);
#13897 = CARTESIAN_POINT('',(90.905,-53.54,1.51));
#13898 = DIRECTION('',(-0.,0.,-1.));
#13899 = DIRECTION('',(-0.,-1.,0.));
#13900 = FACE_BOUND('',#13901,.T.);
#13901 = EDGE_LOOP('',(#13902));
#13902 = ORIENTED_EDGE('',*,*,#13903,.T.);
#13903 = EDGE_CURVE('',#13904,#13904,#13906,.T.);
#13904 = VERTEX_POINT('',#13905);
#13905 = CARTESIAN_POINT('',(87.095,-51.75,1.51));
#13906 = CIRCLE('',#13907,0.75);
#13907 = AXIS2_PLACEMENT_3D('',#13908,#13909,#13910);
#13908 = CARTESIAN_POINT('',(87.095,-51.,1.51));
#13909 = DIRECTION('',(-0.,0.,-1.));
#13910 = DIRECTION('',(-0.,-1.,0.));
#13911 = FACE_BOUND('',#13912,.T.);
#13912 = EDGE_LOOP('',(#13913));
#13913 = ORIENTED_EDGE('',*,*,#13914,.T.);
#13914 = EDGE_CURVE('',#13915,#13915,#13917,.T.);
#13915 = VERTEX_POINT('',#13916);
#13916 = CARTESIAN_POINT('',(95.985,-54.39,1.51));
#13917 = CIRCLE('',#13918,0.85);
#13918 = AXIS2_PLACEMENT_3D('',#13919,#13920,#13921);
#13919 = CARTESIAN_POINT('',(95.985,-53.54,1.51));
#13920 = DIRECTION('',(-0.,0.,-1.));
#13921 = DIRECTION('',(-0.,-1.,0.));
#13922 = FACE_BOUND('',#13923,.T.);
#13923 = EDGE_LOOP('',(#13924));
#13924 = ORIENTED_EDGE('',*,*,#13925,.T.);
#13925 = EDGE_CURVE('',#13926,#13926,#13928,.T.);
#13926 = VERTEX_POINT('',#13927);
#13927 = CARTESIAN_POINT('',(93.445,-49.21,1.51));
#13928 = CIRCLE('',#13929,0.75);
#13929 = AXIS2_PLACEMENT_3D('',#13930,#13931,#13932);
#13930 = CARTESIAN_POINT('',(93.445,-48.46,1.51));
#13931 = DIRECTION('',(-0.,0.,-1.));
#13932 = DIRECTION('',(-0.,-1.,0.));
#13933 = FACE_BOUND('',#13934,.T.);
#13934 = EDGE_LOOP('',(#13935));
#13935 = ORIENTED_EDGE('',*,*,#13936,.T.);
#13936 = EDGE_CURVE('',#13937,#13937,#13939,.T.);
#13937 = VERTEX_POINT('',#13938);
#13938 = CARTESIAN_POINT('',(100.5,-54.59,1.51));
#13939 = CIRCLE('',#13940,0.4);
#13940 = AXIS2_PLACEMENT_3D('',#13941,#13942,#13943);
#13941 = CARTESIAN_POINT('',(100.5,-54.19,1.51));
#13942 = DIRECTION('',(-0.,0.,-1.));
#13943 = DIRECTION('',(-0.,-1.,0.));
#13944 = FACE_BOUND('',#13945,.T.);
#13945 = EDGE_LOOP('',(#13946));
#13946 = ORIENTED_EDGE('',*,*,#13947,.T.);
#13947 = EDGE_CURVE('',#13948,#13948,#13950,.T.);
#13948 = VERTEX_POINT('',#13949);
#13949 = CARTESIAN_POINT('',(105.015,-54.39,1.51));
#13950 = CIRCLE('',#13951,0.85);
#13951 = AXIS2_PLACEMENT_3D('',#13952,#13953,#13954);
#13952 = CARTESIAN_POINT('',(105.015,-53.54,1.51));
#13953 = DIRECTION('',(-0.,0.,-1.));
#13954 = DIRECTION('',(-0.,-1.,0.));
#13955 = FACE_BOUND('',#13956,.T.);
#13956 = EDGE_LOOP('',(#13957));
#13957 = ORIENTED_EDGE('',*,*,#13958,.T.);
#13958 = EDGE_CURVE('',#13959,#13959,#13961,.T.);
#13959 = VERTEX_POINT('',#13960);
#13960 = CARTESIAN_POINT('',(106.285,-51.75,1.51));
#13961 = CIRCLE('',#13962,0.75);
#13962 = AXIS2_PLACEMENT_3D('',#13963,#13964,#13965);
#13963 = CARTESIAN_POINT('',(106.285,-51.,1.51));
#13964 = DIRECTION('',(-0.,0.,-1.));
#13965 = DIRECTION('',(-0.,-1.,0.));
#13966 = FACE_BOUND('',#13967,.T.);
#13967 = EDGE_LOOP('',(#13968,#13979,#13987,#13996));
#13968 = ORIENTED_EDGE('',*,*,#13969,.T.);
#13969 = EDGE_CURVE('',#13970,#13972,#13974,.T.);
#13970 = VERTEX_POINT('',#13971);
#13971 = CARTESIAN_POINT('',(80.15,-37.45,1.51));
#13972 = VERTEX_POINT('',#13973);
#13973 = CARTESIAN_POINT('',(80.15,-38.95,1.51));
#13974 = CIRCLE('',#13975,0.75);
#13975 = AXIS2_PLACEMENT_3D('',#13976,#13977,#13978);
#13976 = CARTESIAN_POINT('',(80.15,-38.2,1.51));
#13977 = DIRECTION('',(-0.,0.,-1.));
#13978 = DIRECTION('',(-0.,-1.,0.));
#13979 = ORIENTED_EDGE('',*,*,#13980,.T.);
#13980 = EDGE_CURVE('',#13972,#13981,#13983,.T.);
#13981 = VERTEX_POINT('',#13982);
#13982 = CARTESIAN_POINT('',(78.85,-38.95,1.51));
#13983 = LINE('',#13984,#13985);
#13984 = CARTESIAN_POINT('',(39.425,-38.95,1.51));
#13985 = VECTOR('',#13986,1.);
#13986 = DIRECTION('',(-1.,0.,0.));
#13987 = ORIENTED_EDGE('',*,*,#13988,.T.);
#13988 = EDGE_CURVE('',#13981,#13989,#13991,.T.);
#13989 = VERTEX_POINT('',#13990);
#13990 = CARTESIAN_POINT('',(78.85,-37.45,1.51));
#13991 = CIRCLE('',#13992,0.75);
#13992 = AXIS2_PLACEMENT_3D('',#13993,#13994,#13995);
#13993 = CARTESIAN_POINT('',(78.85,-38.2,1.51));
#13994 = DIRECTION('',(-0.,0.,-1.));
#13995 = DIRECTION('',(0.,1.,0.));
#13996 = ORIENTED_EDGE('',*,*,#13997,.T.);
#13997 = EDGE_CURVE('',#13989,#13970,#13998,.T.);
#13998 = LINE('',#13999,#14000);
#13999 = CARTESIAN_POINT('',(40.075,-37.45,1.51));
#14000 = VECTOR('',#14001,1.);
#14001 = DIRECTION('',(1.,0.,-0.));
#14002 = FACE_BOUND('',#14003,.T.);
#14003 = EDGE_LOOP('',(#14004));
#14004 = ORIENTED_EDGE('',*,*,#14005,.T.);
#14005 = EDGE_CURVE('',#14006,#14006,#14008,.T.);
#14006 = VERTEX_POINT('',#14007);
#14007 = CARTESIAN_POINT('',(72.,-35.6,1.51));
#14008 = CIRCLE('',#14009,0.5);
#14009 = AXIS2_PLACEMENT_3D('',#14010,#14011,#14012);
#14010 = CARTESIAN_POINT('',(72.,-35.1,1.51));
#14011 = DIRECTION('',(-0.,0.,-1.));
#14012 = DIRECTION('',(-0.,-1.,0.));
#14013 = FACE_BOUND('',#14014,.T.);
#14014 = EDGE_LOOP('',(#14015));
#14015 = ORIENTED_EDGE('',*,*,#14016,.T.);
#14016 = EDGE_CURVE('',#14017,#14017,#14019,.T.);
#14017 = VERTEX_POINT('',#14018);
#14018 = CARTESIAN_POINT('',(72.,-33.1,1.51));
#14019 = CIRCLE('',#14020,0.5);
#14020 = AXIS2_PLACEMENT_3D('',#14021,#14022,#14023);
#14021 = CARTESIAN_POINT('',(72.,-32.6,1.51));
#14022 = DIRECTION('',(-0.,0.,-1.));
#14023 = DIRECTION('',(-0.,-1.,0.));
#14024 = FACE_BOUND('',#14025,.T.);
#14025 = EDGE_LOOP('',(#14026));
#14026 = ORIENTED_EDGE('',*,*,#14027,.T.);
#14027 = EDGE_CURVE('',#14028,#14028,#14030,.T.);
#14028 = VERTEX_POINT('',#14029);
#14029 = CARTESIAN_POINT('',(65.,-28.75,1.51));
#14030 = CIRCLE('',#14031,1.25);
#14031 = AXIS2_PLACEMENT_3D('',#14032,#14033,#14034);
#14032 = CARTESIAN_POINT('',(65.,-27.5,1.51));
#14033 = DIRECTION('',(-0.,0.,-1.));
#14034 = DIRECTION('',(-0.,-1.,0.));
#14035 = FACE_BOUND('',#14036,.T.);
#14036 = EDGE_LOOP('',(#14037));
#14037 = ORIENTED_EDGE('',*,*,#14038,.T.);
#14038 = EDGE_CURVE('',#14039,#14039,#14041,.T.);
#14039 = VERTEX_POINT('',#14040);
#14040 = CARTESIAN_POINT('',(72.,-30.6,1.51));
#14041 = CIRCLE('',#14042,0.5);
#14042 = AXIS2_PLACEMENT_3D('',#14043,#14044,#14045);
#14043 = CARTESIAN_POINT('',(72.,-30.1,1.51));
#14044 = DIRECTION('',(-0.,0.,-1.));
#14045 = DIRECTION('',(-0.,-1.,0.));
#14046 = FACE_BOUND('',#14047,.T.);
#14047 = EDGE_LOOP('',(#14048));
#14048 = ORIENTED_EDGE('',*,*,#14049,.T.);
#14049 = EDGE_CURVE('',#14050,#14050,#14052,.T.);
#14050 = VERTEX_POINT('',#14051);
#14051 = CARTESIAN_POINT('',(86.5,-35.6,1.51));
#14052 = CIRCLE('',#14053,0.5);
#14053 = AXIS2_PLACEMENT_3D('',#14054,#14055,#14056);
#14054 = CARTESIAN_POINT('',(86.5,-35.1,1.51));
#14055 = DIRECTION('',(-0.,0.,-1.));
#14056 = DIRECTION('',(-0.,-1.,0.));
#14057 = FACE_BOUND('',#14058,.T.);
#14058 = EDGE_LOOP('',(#14059,#14070,#14078,#14087));
#14059 = ORIENTED_EDGE('',*,*,#14060,.T.);
#14060 = EDGE_CURVE('',#14061,#14063,#14065,.T.);
#14061 = VERTEX_POINT('',#14062);
#14062 = CARTESIAN_POINT('',(80.15,-26.25,1.51));
#14063 = VERTEX_POINT('',#14064);
#14064 = CARTESIAN_POINT('',(80.15,-27.75,1.51));
#14065 = CIRCLE('',#14066,0.75);
#14066 = AXIS2_PLACEMENT_3D('',#14067,#14068,#14069);
#14067 = CARTESIAN_POINT('',(80.15,-27.,1.51));
#14068 = DIRECTION('',(-0.,0.,-1.));
#14069 = DIRECTION('',(-0.,-1.,0.));
#14070 = ORIENTED_EDGE('',*,*,#14071,.T.);
#14071 = EDGE_CURVE('',#14063,#14072,#14074,.T.);
#14072 = VERTEX_POINT('',#14073);
#14073 = CARTESIAN_POINT('',(78.85,-27.75,1.51));
#14074 = LINE('',#14075,#14076);
#14075 = CARTESIAN_POINT('',(39.425,-27.75,1.51));
#14076 = VECTOR('',#14077,1.);
#14077 = DIRECTION('',(-1.,0.,0.));
#14078 = ORIENTED_EDGE('',*,*,#14079,.T.);
#14079 = EDGE_CURVE('',#14072,#14080,#14082,.T.);
#14080 = VERTEX_POINT('',#14081);
#14081 = CARTESIAN_POINT('',(78.85,-26.25,1.51));
#14082 = CIRCLE('',#14083,0.75);
#14083 = AXIS2_PLACEMENT_3D('',#14084,#14085,#14086);
#14084 = CARTESIAN_POINT('',(78.85,-27.,1.51));
#14085 = DIRECTION('',(-0.,0.,-1.));
#14086 = DIRECTION('',(0.,1.,0.));
#14087 = ORIENTED_EDGE('',*,*,#14088,.T.);
#14088 = EDGE_CURVE('',#14080,#14061,#14089,.T.);
#14089 = LINE('',#14090,#14091);
#14090 = CARTESIAN_POINT('',(40.075,-26.25,1.51));
#14091 = VECTOR('',#14092,1.);
#14092 = DIRECTION('',(1.,0.,-0.));
#14093 = FACE_BOUND('',#14094,.T.);
#14094 = EDGE_LOOP('',(#14095));
#14095 = ORIENTED_EDGE('',*,*,#14096,.T.);
#14096 = EDGE_CURVE('',#14097,#14097,#14099,.T.);
#14097 = VERTEX_POINT('',#14098);
#14098 = CARTESIAN_POINT('',(86.5,-30.6,1.51));
#14099 = CIRCLE('',#14100,0.5);
#14100 = AXIS2_PLACEMENT_3D('',#14101,#14102,#14103);
#14101 = CARTESIAN_POINT('',(86.5,-30.1,1.51));
#14102 = DIRECTION('',(-0.,0.,-1.));
#14103 = DIRECTION('',(-0.,-1.,0.));
#14104 = FACE_BOUND('',#14105,.T.);
#14105 = EDGE_LOOP('',(#14106));
#14106 = ORIENTED_EDGE('',*,*,#14107,.T.);
#14107 = EDGE_CURVE('',#14108,#14108,#14110,.T.);
#14108 = VERTEX_POINT('',#14109);
#14109 = CARTESIAN_POINT('',(91.875,-41.12,1.51));
#14110 = CIRCLE('',#14111,0.5);
#14111 = AXIS2_PLACEMENT_3D('',#14112,#14113,#14114);
#14112 = CARTESIAN_POINT('',(91.875,-40.62,1.51));
#14113 = DIRECTION('',(-0.,0.,-1.));
#14114 = DIRECTION('',(-0.,-1.,0.));
#14115 = FACE_BOUND('',#14116,.T.);
#14116 = EDGE_LOOP('',(#14117));
#14117 = ORIENTED_EDGE('',*,*,#14118,.T.);
#14118 = EDGE_CURVE('',#14119,#14119,#14121,.T.);
#14119 = VERTEX_POINT('',#14120);
#14120 = CARTESIAN_POINT('',(91.875,-38.58,1.51));
#14121 = CIRCLE('',#14122,0.5);
#14122 = AXIS2_PLACEMENT_3D('',#14123,#14124,#14125);
#14123 = CARTESIAN_POINT('',(91.875,-38.08,1.51));
#14124 = DIRECTION('',(-0.,0.,-1.));
#14125 = DIRECTION('',(-0.,-1.,0.));
#14126 = FACE_BOUND('',#14127,.T.);
#14127 = EDGE_LOOP('',(#14128));
#14128 = ORIENTED_EDGE('',*,*,#14129,.T.);
#14129 = EDGE_CURVE('',#14130,#14130,#14132,.T.);
#14130 = VERTEX_POINT('',#14131);
#14131 = CARTESIAN_POINT('',(107.125,-41.12,1.51));
#14132 = CIRCLE('',#14133,0.5);
#14133 = AXIS2_PLACEMENT_3D('',#14134,#14135,#14136);
#14134 = CARTESIAN_POINT('',(107.125,-40.62,1.51));
#14135 = DIRECTION('',(-0.,0.,-1.));
#14136 = DIRECTION('',(-0.,-1.,0.));
#14137 = FACE_BOUND('',#14138,.T.);
#14138 = EDGE_LOOP('',(#14139));
#14139 = ORIENTED_EDGE('',*,*,#14140,.T.);
#14140 = EDGE_CURVE('',#14141,#14141,#14143,.T.);
#14141 = VERTEX_POINT('',#14142);
#14142 = CARTESIAN_POINT('',(107.125,-38.58,1.51));
#14143 = CIRCLE('',#14144,0.5);
#14144 = AXIS2_PLACEMENT_3D('',#14145,#14146,#14147);
#14145 = CARTESIAN_POINT('',(107.125,-38.08,1.51));
#14146 = DIRECTION('',(-0.,0.,-1.));
#14147 = DIRECTION('',(-0.,-1.,0.));
#14148 = FACE_BOUND('',#14149,.T.);
#14149 = EDGE_LOOP('',(#14150));
#14150 = ORIENTED_EDGE('',*,*,#14151,.T.);
#14151 = EDGE_CURVE('',#14152,#14152,#14154,.T.);
#14152 = VERTEX_POINT('',#14153);
#14153 = CARTESIAN_POINT('',(91.875,-36.04,1.51));
#14154 = CIRCLE('',#14155,0.5);
#14155 = AXIS2_PLACEMENT_3D('',#14156,#14157,#14158);
#14156 = CARTESIAN_POINT('',(91.875,-35.54,1.51));
#14157 = DIRECTION('',(-0.,0.,-1.));
#14158 = DIRECTION('',(-0.,-1.,0.));
#14159 = FACE_BOUND('',#14160,.T.);
#14160 = EDGE_LOOP('',(#14161));
#14161 = ORIENTED_EDGE('',*,*,#14162,.T.);
#14162 = EDGE_CURVE('',#14163,#14163,#14165,.T.);
#14163 = VERTEX_POINT('',#14164);
#14164 = CARTESIAN_POINT('',(91.875,-33.5,1.51));
#14165 = CIRCLE('',#14166,0.5);
#14166 = AXIS2_PLACEMENT_3D('',#14167,#14168,#14169);
#14167 = CARTESIAN_POINT('',(91.875,-33.,1.51));
#14168 = DIRECTION('',(-0.,0.,-1.));
#14169 = DIRECTION('',(-0.,-1.,0.));
#14170 = FACE_BOUND('',#14171,.T.);
#14171 = EDGE_LOOP('',(#14172));
#14172 = ORIENTED_EDGE('',*,*,#14173,.T.);
#14173 = EDGE_CURVE('',#14174,#14174,#14176,.T.);
#14174 = VERTEX_POINT('',#14175);
#14175 = CARTESIAN_POINT('',(91.875,-30.96,1.51));
#14176 = CIRCLE('',#14177,0.5);
#14177 = AXIS2_PLACEMENT_3D('',#14178,#14179,#14180);
#14178 = CARTESIAN_POINT('',(91.875,-30.46,1.51));
#14179 = DIRECTION('',(-0.,0.,-1.));
#14180 = DIRECTION('',(-0.,-1.,0.));
#14181 = FACE_BOUND('',#14182,.T.);
#14182 = EDGE_LOOP('',(#14183));
#14183 = ORIENTED_EDGE('',*,*,#14184,.T.);
#14184 = EDGE_CURVE('',#14185,#14185,#14187,.T.);
#14185 = VERTEX_POINT('',#14186);
#14186 = CARTESIAN_POINT('',(91.875,-28.42,1.51));
#14187 = CIRCLE('',#14188,0.5);
#14188 = AXIS2_PLACEMENT_3D('',#14189,#14190,#14191);
#14189 = CARTESIAN_POINT('',(91.875,-27.92,1.51));
#14190 = DIRECTION('',(-0.,0.,-1.));
#14191 = DIRECTION('',(-0.,-1.,0.));
#14192 = FACE_BOUND('',#14193,.T.);
#14193 = EDGE_LOOP('',(#14194));
#14194 = ORIENTED_EDGE('',*,*,#14195,.T.);
#14195 = EDGE_CURVE('',#14196,#14196,#14198,.T.);
#14196 = VERTEX_POINT('',#14197);
#14197 = CARTESIAN_POINT('',(91.875,-25.88,1.51));
#14198 = CIRCLE('',#14199,0.5);
#14199 = AXIS2_PLACEMENT_3D('',#14200,#14201,#14202);
#14200 = CARTESIAN_POINT('',(91.875,-25.38,1.51));
#14201 = DIRECTION('',(-0.,0.,-1.));
#14202 = DIRECTION('',(-0.,-1.,0.));
#14203 = FACE_BOUND('',#14204,.T.);
#14204 = EDGE_LOOP('',(#14205));
#14205 = ORIENTED_EDGE('',*,*,#14206,.T.);
#14206 = EDGE_CURVE('',#14207,#14207,#14209,.T.);
#14207 = VERTEX_POINT('',#14208);
#14208 = CARTESIAN_POINT('',(107.125,-36.04,1.51));
#14209 = CIRCLE('',#14210,0.5);
#14210 = AXIS2_PLACEMENT_3D('',#14211,#14212,#14213);
#14211 = CARTESIAN_POINT('',(107.125,-35.54,1.51));
#14212 = DIRECTION('',(-0.,0.,-1.));
#14213 = DIRECTION('',(-0.,-1.,0.));
#14214 = FACE_BOUND('',#14215,.T.);
#14215 = EDGE_LOOP('',(#14216));
#14216 = ORIENTED_EDGE('',*,*,#14217,.T.);
#14217 = EDGE_CURVE('',#14218,#14218,#14220,.T.);
#14218 = VERTEX_POINT('',#14219);
#14219 = CARTESIAN_POINT('',(107.125,-33.5,1.51));
#14220 = CIRCLE('',#14221,0.5);
#14221 = AXIS2_PLACEMENT_3D('',#14222,#14223,#14224);
#14222 = CARTESIAN_POINT('',(107.125,-33.,1.51));
#14223 = DIRECTION('',(-0.,0.,-1.));
#14224 = DIRECTION('',(-0.,-1.,0.));
#14225 = FACE_BOUND('',#14226,.T.);
#14226 = EDGE_LOOP('',(#14227));
#14227 = ORIENTED_EDGE('',*,*,#14228,.T.);
#14228 = EDGE_CURVE('',#14229,#14229,#14231,.T.);
#14229 = VERTEX_POINT('',#14230);
#14230 = CARTESIAN_POINT('',(107.125,-30.96,1.51));
#14231 = CIRCLE('',#14232,0.5);
#14232 = AXIS2_PLACEMENT_3D('',#14233,#14234,#14235);
#14233 = CARTESIAN_POINT('',(107.125,-30.46,1.51));
#14234 = DIRECTION('',(-0.,0.,-1.));
#14235 = DIRECTION('',(-0.,-1.,0.));
#14236 = FACE_BOUND('',#14237,.T.);
#14237 = EDGE_LOOP('',(#14238));
#14238 = ORIENTED_EDGE('',*,*,#14239,.T.);
#14239 = EDGE_CURVE('',#14240,#14240,#14242,.T.);
#14240 = VERTEX_POINT('',#14241);
#14241 = CARTESIAN_POINT('',(107.125,-28.42,1.51));
#14242 = CIRCLE('',#14243,0.5);
#14243 = AXIS2_PLACEMENT_3D('',#14244,#14245,#14246);
#14244 = CARTESIAN_POINT('',(107.125,-27.92,1.51));
#14245 = DIRECTION('',(-0.,0.,-1.));
#14246 = DIRECTION('',(-0.,-1.,0.));
#14247 = FACE_BOUND('',#14248,.T.);
#14248 = EDGE_LOOP('',(#14249));
#14249 = ORIENTED_EDGE('',*,*,#14250,.T.);
#14250 = EDGE_CURVE('',#14251,#14251,#14253,.T.);
#14251 = VERTEX_POINT('',#14252);
#14252 = CARTESIAN_POINT('',(107.125,-25.88,1.51));
#14253 = CIRCLE('',#14254,0.5);
#14254 = AXIS2_PLACEMENT_3D('',#14255,#14256,#14257);
#14255 = CARTESIAN_POINT('',(107.125,-25.38,1.51));
#14256 = DIRECTION('',(-0.,0.,-1.));
#14257 = DIRECTION('',(-0.,-1.,0.));
#14258 = FACE_BOUND('',#14259,.T.);
#14259 = EDGE_LOOP('',(#14260));
#14260 = ORIENTED_EDGE('',*,*,#14261,.T.);
#14261 = EDGE_CURVE('',#14262,#14262,#14264,.T.);
#14262 = VERTEX_POINT('',#14263);
#14263 = CARTESIAN_POINT('',(112.635,-68.17,1.51));
#14264 = CIRCLE('',#14265,0.75);
#14265 = AXIS2_PLACEMENT_3D('',#14266,#14267,#14268);
#14266 = CARTESIAN_POINT('',(112.635,-67.42,1.51));
#14267 = DIRECTION('',(-0.,0.,-1.));
#14268 = DIRECTION('',(-0.,-1.,0.));
#14269 = FACE_BOUND('',#14270,.T.);
#14270 = EDGE_LOOP('',(#14271));
#14271 = ORIENTED_EDGE('',*,*,#14272,.T.);
#14272 = EDGE_CURVE('',#14273,#14273,#14275,.T.);
#14273 = VERTEX_POINT('',#14274);
#14274 = CARTESIAN_POINT('',(119.5,-62.21,1.51));
#14275 = CIRCLE('',#14276,0.4);
#14276 = AXIS2_PLACEMENT_3D('',#14277,#14278,#14279);
#14277 = CARTESIAN_POINT('',(119.5,-61.81,1.51));
#14278 = DIRECTION('',(-0.,0.,-1.));
#14279 = DIRECTION('',(-0.,-1.,0.));
#14280 = FACE_BOUND('',#14281,.T.);
#14281 = EDGE_LOOP('',(#14282));
#14282 = ORIENTED_EDGE('',*,*,#14283,.T.);
#14283 = EDGE_CURVE('',#14284,#14284,#14286,.T.);
#14284 = VERTEX_POINT('',#14285);
#14285 = CARTESIAN_POINT('',(125.205,-70.71,1.51));
#14286 = CIRCLE('',#14287,0.75);
#14287 = AXIS2_PLACEMENT_3D('',#14288,#14289,#14290);
#14288 = CARTESIAN_POINT('',(125.205,-69.96,1.51));
#14289 = DIRECTION('',(-0.,0.,-1.));
#14290 = DIRECTION('',(-0.,-1.,0.));
#14291 = FACE_BOUND('',#14292,.T.);
#14292 = EDGE_LOOP('',(#14293));
#14293 = ORIENTED_EDGE('',*,*,#14294,.T.);
#14294 = EDGE_CURVE('',#14295,#14295,#14297,.T.);
#14295 = VERTEX_POINT('',#14296);
#14296 = CARTESIAN_POINT('',(131.555,-68.17,1.51));
#14297 = CIRCLE('',#14298,0.75);
#14298 = AXIS2_PLACEMENT_3D('',#14299,#14300,#14301);
#14299 = CARTESIAN_POINT('',(131.555,-67.42,1.51));
#14300 = DIRECTION('',(-0.,0.,-1.));
#14301 = DIRECTION('',(-0.,-1.,0.));
#14302 = FACE_BOUND('',#14303,.T.);
#14303 = EDGE_LOOP('',(#14304,#14315,#14324,#14332,#14340,#14349,#14358,
    #14367,#14375,#14383,#14392,#14401,#14410,#14418,#14426,#14435,
    #14444,#14453,#14461,#14469));
#14304 = ORIENTED_EDGE('',*,*,#14305,.F.);
#14305 = EDGE_CURVE('',#14306,#14308,#14310,.T.);
#14306 = VERTEX_POINT('',#14307);
#14307 = CARTESIAN_POINT('',(111.838934,-57.143345,1.51));
#14308 = VERTEX_POINT('',#14309);
#14309 = CARTESIAN_POINT('',(111.151655,-56.456066,1.51));
#14310 = CIRCLE('',#14311,0.499999603944);
#14311 = AXIS2_PLACEMENT_3D('',#14312,#14313,#14314);
#14312 = CARTESIAN_POINT('',(111.41215788946,-56.88284211054,1.51));
#14313 = DIRECTION('',(0.,0.,1.));
#14314 = DIRECTION('',(0.853552897188,-0.521006191616,0.));
#14315 = ORIENTED_EDGE('',*,*,#14316,.F.);
#14316 = EDGE_CURVE('',#14317,#14306,#14319,.T.);
#14317 = VERTEX_POINT('',#14318);
#14318 = CARTESIAN_POINT('',(111.795,-57.299647,1.51));
#14319 = CIRCLE('',#14320,0.299998582341);
#14320 = AXIS2_PLACEMENT_3D('',#14321,#14322,#14323);
#14321 = CARTESIAN_POINT('',(112.09499858234,-57.29964624464,1.51));
#14322 = DIRECTION('',(0.,0.,-1.));
#14323 = DIRECTION('',(-0.999999999997,-2.517861435983E-06,-0.));
#14324 = ORIENTED_EDGE('',*,*,#14325,.F.);
#14325 = EDGE_CURVE('',#14326,#14317,#14328,.T.);
#14326 = VERTEX_POINT('',#14327);
#14327 = CARTESIAN_POINT('',(111.795,-58.,1.51));
#14328 = LINE('',#14329,#14330);
#14329 = CARTESIAN_POINT('',(111.795,-58.,1.51));
#14330 = VECTOR('',#14331,1.);
#14331 = DIRECTION('',(0.,1.,0.));
#14332 = ORIENTED_EDGE('',*,*,#14333,.F.);
#14333 = EDGE_CURVE('',#14334,#14326,#14336,.T.);
#14334 = VERTEX_POINT('',#14335);
#14335 = CARTESIAN_POINT('',(111.795,-58.700353,1.51));
#14336 = LINE('',#14337,#14338);
#14337 = CARTESIAN_POINT('',(111.795,-58.700353,1.51));
#14338 = VECTOR('',#14339,1.);
#14339 = DIRECTION('',(0.,1.,0.));
#14340 = ORIENTED_EDGE('',*,*,#14341,.F.);
#14341 = EDGE_CURVE('',#14342,#14334,#14344,.T.);
#14342 = VERTEX_POINT('',#14343);
#14343 = CARTESIAN_POINT('',(111.838934,-58.856655,1.51));
#14344 = CIRCLE('',#14345,0.299998582341);
#14345 = AXIS2_PLACEMENT_3D('',#14346,#14347,#14348);
#14346 = CARTESIAN_POINT('',(112.09499858234,-58.70035375535,1.51));
#14347 = DIRECTION('',(0.,0.,-1.));
#14348 = DIRECTION('',(-0.853552641289,-0.52100661085,-0.));
#14349 = ORIENTED_EDGE('',*,*,#14350,.F.);
#14350 = EDGE_CURVE('',#14351,#14342,#14353,.T.);
#14351 = VERTEX_POINT('',#14352);
#14352 = CARTESIAN_POINT('',(111.151655,-59.543934,1.51));
#14353 = CIRCLE('',#14354,0.499999603944);
#14354 = AXIS2_PLACEMENT_3D('',#14355,#14356,#14357);
#14355 = CARTESIAN_POINT('',(111.41215788946,-59.11715788946,1.51));
#14356 = DIRECTION('',(0.,0.,1.));
#14357 = DIRECTION('',(-0.521006191616,-0.853552897188,0.));
#14358 = ORIENTED_EDGE('',*,*,#14359,.F.);
#14359 = EDGE_CURVE('',#14360,#14351,#14362,.T.);
#14360 = VERTEX_POINT('',#14361);
#14361 = CARTESIAN_POINT('',(110.995353,-59.5,1.51));
#14362 = CIRCLE('',#14363,0.299998582341);
#14363 = AXIS2_PLACEMENT_3D('',#14364,#14365,#14366);
#14364 = CARTESIAN_POINT('',(110.99535375535,-59.79999858234,1.51));
#14365 = DIRECTION('',(0.,0.,-1.));
#14366 = DIRECTION('',(-2.517861341243E-06,0.999999999997,0.));
#14367 = ORIENTED_EDGE('',*,*,#14368,.F.);
#14368 = EDGE_CURVE('',#14369,#14360,#14371,.T.);
#14369 = VERTEX_POINT('',#14370);
#14370 = CARTESIAN_POINT('',(110.095,-59.5,1.51));
#14371 = LINE('',#14372,#14373);
#14372 = CARTESIAN_POINT('',(110.095,-59.5,1.51));
#14373 = VECTOR('',#14374,1.);
#14374 = DIRECTION('',(1.,0.,0.));
#14375 = ORIENTED_EDGE('',*,*,#14376,.F.);
#14376 = EDGE_CURVE('',#14377,#14369,#14379,.T.);
#14377 = VERTEX_POINT('',#14378);
#14378 = CARTESIAN_POINT('',(109.194647,-59.5,1.51));
#14379 = LINE('',#14380,#14381);
#14380 = CARTESIAN_POINT('',(109.194647,-59.5,1.51));
#14381 = VECTOR('',#14382,1.);
#14382 = DIRECTION('',(1.,0.,0.));
#14383 = ORIENTED_EDGE('',*,*,#14384,.F.);
#14384 = EDGE_CURVE('',#14385,#14377,#14387,.T.);
#14385 = VERTEX_POINT('',#14386);
#14386 = CARTESIAN_POINT('',(109.038345,-59.543934,1.51));
#14387 = CIRCLE('',#14388,0.299998582341);
#14388 = AXIS2_PLACEMENT_3D('',#14389,#14390,#14391);
#14389 = CARTESIAN_POINT('',(109.19464624464,-59.79999858234,1.51));
#14390 = DIRECTION('',(0.,0.,-1.));
#14391 = DIRECTION('',(-0.52100661085,0.853552641289,0.));
#14392 = ORIENTED_EDGE('',*,*,#14393,.F.);
#14393 = EDGE_CURVE('',#14394,#14385,#14396,.T.);
#14394 = VERTEX_POINT('',#14395);
#14395 = CARTESIAN_POINT('',(108.351066,-58.856655,1.51));
#14396 = CIRCLE('',#14397,0.499999603944);
#14397 = AXIS2_PLACEMENT_3D('',#14398,#14399,#14400);
#14398 = CARTESIAN_POINT('',(108.77784211054,-59.11715788946,1.51));
#14399 = DIRECTION('',(0.,0.,1.));
#14400 = DIRECTION('',(-0.853552897188,0.521006191616,0.));
#14401 = ORIENTED_EDGE('',*,*,#14402,.F.);
#14402 = EDGE_CURVE('',#14403,#14394,#14405,.T.);
#14403 = VERTEX_POINT('',#14404);
#14404 = CARTESIAN_POINT('',(108.395,-58.700353,1.51));
#14405 = CIRCLE('',#14406,0.299998582341);
#14406 = AXIS2_PLACEMENT_3D('',#14407,#14408,#14409);
#14407 = CARTESIAN_POINT('',(108.09500141766,-58.70035375535,1.51));
#14408 = DIRECTION('',(0.,0.,-1.));
#14409 = DIRECTION('',(0.999999999997,2.517861435983E-06,0.));
#14410 = ORIENTED_EDGE('',*,*,#14411,.F.);
#14411 = EDGE_CURVE('',#14412,#14403,#14414,.T.);
#14412 = VERTEX_POINT('',#14413);
#14413 = CARTESIAN_POINT('',(108.395,-58.,1.51));
#14414 = LINE('',#14415,#14416);
#14415 = CARTESIAN_POINT('',(108.395,-58.,1.51));
#14416 = VECTOR('',#14417,1.);
#14417 = DIRECTION('',(0.,-1.,0.));
#14418 = ORIENTED_EDGE('',*,*,#14419,.F.);
#14419 = EDGE_CURVE('',#14420,#14412,#14422,.T.);
#14420 = VERTEX_POINT('',#14421);
#14421 = CARTESIAN_POINT('',(108.395,-57.299647,1.51));
#14422 = LINE('',#14423,#14424);
#14423 = CARTESIAN_POINT('',(108.395,-57.299647,1.51));
#14424 = VECTOR('',#14425,1.);
#14425 = DIRECTION('',(0.,-1.,0.));
#14426 = ORIENTED_EDGE('',*,*,#14427,.F.);
#14427 = EDGE_CURVE('',#14428,#14420,#14430,.T.);
#14428 = VERTEX_POINT('',#14429);
#14429 = CARTESIAN_POINT('',(108.351066,-57.143345,1.51));
#14430 = CIRCLE('',#14431,0.299998582341);
#14431 = AXIS2_PLACEMENT_3D('',#14432,#14433,#14434);
#14432 = CARTESIAN_POINT('',(108.09500141766,-57.29964624464,1.51));
#14433 = DIRECTION('',(0.,0.,-1.));
#14434 = DIRECTION('',(0.853552641289,0.52100661085,0.));
#14435 = ORIENTED_EDGE('',*,*,#14436,.F.);
#14436 = EDGE_CURVE('',#14437,#14428,#14439,.T.);
#14437 = VERTEX_POINT('',#14438);
#14438 = CARTESIAN_POINT('',(109.038345,-56.456066,1.51));
#14439 = CIRCLE('',#14440,0.499999603944);
#14440 = AXIS2_PLACEMENT_3D('',#14441,#14442,#14443);
#14441 = CARTESIAN_POINT('',(108.77784211054,-56.88284211054,1.51));
#14442 = DIRECTION('',(0.,0.,1.));
#14443 = DIRECTION('',(0.521006191616,0.853552897188,-0.));
#14444 = ORIENTED_EDGE('',*,*,#14445,.F.);
#14445 = EDGE_CURVE('',#14446,#14437,#14448,.T.);
#14446 = VERTEX_POINT('',#14447);
#14447 = CARTESIAN_POINT('',(109.194647,-56.5,1.51));
#14448 = CIRCLE('',#14449,0.299998582341);
#14449 = AXIS2_PLACEMENT_3D('',#14450,#14451,#14452);
#14450 = CARTESIAN_POINT('',(109.19464624464,-56.20000141766,1.51));
#14451 = DIRECTION('',(0.,0.,-1.));
#14452 = DIRECTION('',(2.517861388613E-06,-0.999999999997,0.));
#14453 = ORIENTED_EDGE('',*,*,#14454,.F.);
#14454 = EDGE_CURVE('',#14455,#14446,#14457,.T.);
#14455 = VERTEX_POINT('',#14456);
#14456 = CARTESIAN_POINT('',(110.095,-56.5,1.51));
#14457 = LINE('',#14458,#14459);
#14458 = CARTESIAN_POINT('',(110.095,-56.5,1.51));
#14459 = VECTOR('',#14460,1.);
#14460 = DIRECTION('',(-1.,0.,0.));
#14461 = ORIENTED_EDGE('',*,*,#14462,.F.);
#14462 = EDGE_CURVE('',#14463,#14455,#14465,.T.);
#14463 = VERTEX_POINT('',#14464);
#14464 = CARTESIAN_POINT('',(110.995353,-56.5,1.51));
#14465 = LINE('',#14466,#14467);
#14466 = CARTESIAN_POINT('',(110.995353,-56.5,1.51));
#14467 = VECTOR('',#14468,1.);
#14468 = DIRECTION('',(-1.,0.,0.));
#14469 = ORIENTED_EDGE('',*,*,#14470,.F.);
#14470 = EDGE_CURVE('',#14308,#14463,#14471,.T.);
#14471 = CIRCLE('',#14472,0.299998582341);
#14472 = AXIS2_PLACEMENT_3D('',#14473,#14474,#14475);
#14473 = CARTESIAN_POINT('',(110.99535375535,-56.20000141766,1.51));
#14474 = DIRECTION('',(0.,0.,-1.));
#14475 = DIRECTION('',(0.52100661085,-0.853552641289,0.));
#14476 = FACE_BOUND('',#14477,.T.);
#14477 = EDGE_LOOP('',(#14478));
#14478 = ORIENTED_EDGE('',*,*,#14479,.T.);
#14479 = EDGE_CURVE('',#14480,#14480,#14482,.T.);
#14480 = VERTEX_POINT('',#14481);
#14481 = CARTESIAN_POINT('',(110.095,-55.54,1.51));
#14482 = CIRCLE('',#14483,2.);
#14483 = AXIS2_PLACEMENT_3D('',#14484,#14485,#14486);
#14484 = CARTESIAN_POINT('',(110.095,-53.54,1.51));
#14485 = DIRECTION('',(-0.,0.,-1.));
#14486 = DIRECTION('',(-0.,-1.,0.));
#14487 = FACE_BOUND('',#14488,.T.);
#14488 = EDGE_LOOP('',(#14489));
#14489 = ORIENTED_EDGE('',*,*,#14490,.T.);
#14490 = EDGE_CURVE('',#14491,#14491,#14493,.T.);
#14491 = VERTEX_POINT('',#14492);
#14492 = CARTESIAN_POINT('',(115.175,-54.39,1.51));
#14493 = CIRCLE('',#14494,0.85);
#14494 = AXIS2_PLACEMENT_3D('',#14495,#14496,#14497);
#14495 = CARTESIAN_POINT('',(115.175,-53.54,1.51));
#14496 = DIRECTION('',(-0.,0.,-1.));
#14497 = DIRECTION('',(-1.671865260612E-14,-1.,0.));
#14498 = FACE_BOUND('',#14499,.T.);
#14499 = EDGE_LOOP('',(#14500));
#14500 = ORIENTED_EDGE('',*,*,#14501,.T.);
#14501 = EDGE_CURVE('',#14502,#14502,#14504,.T.);
#14502 = VERTEX_POINT('',#14503);
#14503 = CARTESIAN_POINT('',(112.635,-49.21,1.51));
#14504 = CIRCLE('',#14505,0.75);
#14505 = AXIS2_PLACEMENT_3D('',#14506,#14507,#14508);
#14506 = CARTESIAN_POINT('',(112.635,-48.46,1.51));
#14507 = DIRECTION('',(-0.,0.,-1.));
#14508 = DIRECTION('',(-0.,-1.,0.));
#14509 = FACE_BOUND('',#14510,.T.);
#14510 = EDGE_LOOP('',(#14511));
#14511 = ORIENTED_EDGE('',*,*,#14512,.T.);
#14512 = EDGE_CURVE('',#14513,#14513,#14515,.T.);
#14513 = VERTEX_POINT('',#14514);
#14514 = CARTESIAN_POINT('',(119.5,-54.59,1.51));
#14515 = CIRCLE('',#14516,0.4);
#14516 = AXIS2_PLACEMENT_3D('',#14517,#14518,#14519);
#14517 = CARTESIAN_POINT('',(119.5,-54.19,1.51));
#14518 = DIRECTION('',(-0.,0.,-1.));
#14519 = DIRECTION('',(-0.,-1.,0.));
#14520 = FACE_BOUND('',#14521,.T.);
#14521 = EDGE_LOOP('',(#14522,#14533,#14542,#14550,#14558,#14567,#14576,
    #14585,#14593,#14601,#14610,#14619,#14628,#14636,#14644,#14653,
    #14662,#14671,#14679,#14687));
#14522 = ORIENTED_EDGE('',*,*,#14523,.F.);
#14523 = EDGE_CURVE('',#14524,#14526,#14528,.T.);
#14524 = VERTEX_POINT('',#14525);
#14525 = CARTESIAN_POINT('',(130.838934,-57.143345,1.51));
#14526 = VERTEX_POINT('',#14527);
#14527 = CARTESIAN_POINT('',(130.151655,-56.456066,1.51));
#14528 = CIRCLE('',#14529,0.499999603944);
#14529 = AXIS2_PLACEMENT_3D('',#14530,#14531,#14532);
#14530 = CARTESIAN_POINT('',(130.41215788946,-56.88284211054,1.51));
#14531 = DIRECTION('',(0.,0.,1.));
#14532 = DIRECTION('',(0.853552897188,-0.521006191616,0.));
#14533 = ORIENTED_EDGE('',*,*,#14534,.F.);
#14534 = EDGE_CURVE('',#14535,#14524,#14537,.T.);
#14535 = VERTEX_POINT('',#14536);
#14536 = CARTESIAN_POINT('',(130.795,-57.299647,1.51));
#14537 = CIRCLE('',#14538,0.299998582342);
#14538 = AXIS2_PLACEMENT_3D('',#14539,#14540,#14541);
#14539 = CARTESIAN_POINT('',(131.09499858234,-57.29964624464,1.51));
#14540 = DIRECTION('',(0.,0.,-1.));
#14541 = DIRECTION('',(-0.999999999997,-2.517860843856E-06,-0.));
#14542 = ORIENTED_EDGE('',*,*,#14543,.F.);
#14543 = EDGE_CURVE('',#14544,#14535,#14546,.T.);
#14544 = VERTEX_POINT('',#14545);
#14545 = CARTESIAN_POINT('',(130.795,-58.,1.51));
#14546 = LINE('',#14547,#14548);
#14547 = CARTESIAN_POINT('',(130.795,-58.,1.51));
#14548 = VECTOR('',#14549,1.);
#14549 = DIRECTION('',(0.,1.,0.));
#14550 = ORIENTED_EDGE('',*,*,#14551,.F.);
#14551 = EDGE_CURVE('',#14552,#14544,#14554,.T.);
#14552 = VERTEX_POINT('',#14553);
#14553 = CARTESIAN_POINT('',(130.795,-58.700353,1.51));
#14554 = LINE('',#14555,#14556);
#14555 = CARTESIAN_POINT('',(130.795,-58.700353,1.51));
#14556 = VECTOR('',#14557,1.);
#14557 = DIRECTION('',(0.,1.,0.));
#14558 = ORIENTED_EDGE('',*,*,#14559,.F.);
#14559 = EDGE_CURVE('',#14560,#14552,#14562,.T.);
#14560 = VERTEX_POINT('',#14561);
#14561 = CARTESIAN_POINT('',(130.838934,-58.856655,1.51));
#14562 = CIRCLE('',#14563,0.299998582342);
#14563 = AXIS2_PLACEMENT_3D('',#14564,#14565,#14566);
#14564 = CARTESIAN_POINT('',(131.09499858234,-58.70035375535,1.51));
#14565 = DIRECTION('',(0.,0.,-1.));
#14566 = DIRECTION('',(-0.853552641289,-0.521006610849,-0.));
#14567 = ORIENTED_EDGE('',*,*,#14568,.F.);
#14568 = EDGE_CURVE('',#14569,#14560,#14571,.T.);
#14569 = VERTEX_POINT('',#14570);
#14570 = CARTESIAN_POINT('',(130.151655,-59.543934,1.51));
#14571 = CIRCLE('',#14572,0.499999603944);
#14572 = AXIS2_PLACEMENT_3D('',#14573,#14574,#14575);
#14573 = CARTESIAN_POINT('',(130.41215788946,-59.11715788946,1.51));
#14574 = DIRECTION('',(0.,0.,1.));
#14575 = DIRECTION('',(-0.521006191616,-0.853552897188,0.));
#14576 = ORIENTED_EDGE('',*,*,#14577,.F.);
#14577 = EDGE_CURVE('',#14578,#14569,#14580,.T.);
#14578 = VERTEX_POINT('',#14579);
#14579 = CARTESIAN_POINT('',(129.995353,-59.5,1.51));
#14580 = CIRCLE('',#14581,0.299998582341);
#14581 = AXIS2_PLACEMENT_3D('',#14582,#14583,#14584);
#14582 = CARTESIAN_POINT('',(129.99535375535,-59.79999858234,1.51));
#14583 = DIRECTION('',(0.,0.,-1.));
#14584 = DIRECTION('',(-2.517861104393E-06,0.999999999997,0.));
#14585 = ORIENTED_EDGE('',*,*,#14586,.F.);
#14586 = EDGE_CURVE('',#14587,#14578,#14589,.T.);
#14587 = VERTEX_POINT('',#14588);
#14588 = CARTESIAN_POINT('',(129.095,-59.5,1.51));
#14589 = LINE('',#14590,#14591);
#14590 = CARTESIAN_POINT('',(129.095,-59.5,1.51));
#14591 = VECTOR('',#14592,1.);
#14592 = DIRECTION('',(1.,0.,0.));
#14593 = ORIENTED_EDGE('',*,*,#14594,.F.);
#14594 = EDGE_CURVE('',#14595,#14587,#14597,.T.);
#14595 = VERTEX_POINT('',#14596);
#14596 = CARTESIAN_POINT('',(128.194647,-59.5,1.51));
#14597 = LINE('',#14598,#14599);
#14598 = CARTESIAN_POINT('',(128.194647,-59.5,1.51));
#14599 = VECTOR('',#14600,1.);
#14600 = DIRECTION('',(1.,0.,0.));
#14601 = ORIENTED_EDGE('',*,*,#14602,.F.);
#14602 = EDGE_CURVE('',#14603,#14595,#14605,.T.);
#14603 = VERTEX_POINT('',#14604);
#14604 = CARTESIAN_POINT('',(128.038345,-59.543934,1.51));
#14605 = CIRCLE('',#14606,0.299998582341);
#14606 = AXIS2_PLACEMENT_3D('',#14607,#14608,#14609);
#14607 = CARTESIAN_POINT('',(128.19464624464,-59.79999858234,1.51));
#14608 = DIRECTION('',(0.,0.,-1.));
#14609 = DIRECTION('',(-0.521006610849,0.853552641289,0.));
#14610 = ORIENTED_EDGE('',*,*,#14611,.F.);
#14611 = EDGE_CURVE('',#14612,#14603,#14614,.T.);
#14612 = VERTEX_POINT('',#14613);
#14613 = CARTESIAN_POINT('',(127.351066,-58.856655,1.51));
#14614 = CIRCLE('',#14615,0.499999603944);
#14615 = AXIS2_PLACEMENT_3D('',#14616,#14617,#14618);
#14616 = CARTESIAN_POINT('',(127.77784211054,-59.11715788946,1.51));
#14617 = DIRECTION('',(0.,0.,1.));
#14618 = DIRECTION('',(-0.853552897188,0.521006191616,0.));
#14619 = ORIENTED_EDGE('',*,*,#14620,.F.);
#14620 = EDGE_CURVE('',#14621,#14612,#14623,.T.);
#14621 = VERTEX_POINT('',#14622);
#14622 = CARTESIAN_POINT('',(127.395,-58.700353,1.51));
#14623 = CIRCLE('',#14624,0.299998582341);
#14624 = AXIS2_PLACEMENT_3D('',#14625,#14626,#14627);
#14625 = CARTESIAN_POINT('',(127.09500141766,-58.70035375535,1.51));
#14626 = DIRECTION('',(0.,0.,-1.));
#14627 = DIRECTION('',(0.999999999997,2.517861435983E-06,0.));
#14628 = ORIENTED_EDGE('',*,*,#14629,.F.);
#14629 = EDGE_CURVE('',#14630,#14621,#14632,.T.);
#14630 = VERTEX_POINT('',#14631);
#14631 = CARTESIAN_POINT('',(127.395,-58.,1.51));
#14632 = LINE('',#14633,#14634);
#14633 = CARTESIAN_POINT('',(127.395,-58.,1.51));
#14634 = VECTOR('',#14635,1.);
#14635 = DIRECTION('',(0.,-1.,0.));
#14636 = ORIENTED_EDGE('',*,*,#14637,.F.);
#14637 = EDGE_CURVE('',#14638,#14630,#14640,.T.);
#14638 = VERTEX_POINT('',#14639);
#14639 = CARTESIAN_POINT('',(127.395,-57.299647,1.51));
#14640 = LINE('',#14641,#14642);
#14641 = CARTESIAN_POINT('',(127.395,-57.299647,1.51));
#14642 = VECTOR('',#14643,1.);
#14643 = DIRECTION('',(0.,-1.,0.));
#14644 = ORIENTED_EDGE('',*,*,#14645,.F.);
#14645 = EDGE_CURVE('',#14646,#14638,#14648,.T.);
#14646 = VERTEX_POINT('',#14647);
#14647 = CARTESIAN_POINT('',(127.351066,-57.143345,1.51));
#14648 = CIRCLE('',#14649,0.299998582341);
#14649 = AXIS2_PLACEMENT_3D('',#14650,#14651,#14652);
#14650 = CARTESIAN_POINT('',(127.09500141766,-57.29964624464,1.51));
#14651 = DIRECTION('',(0.,0.,-1.));
#14652 = DIRECTION('',(0.853552641289,0.52100661085,0.));
#14653 = ORIENTED_EDGE('',*,*,#14654,.F.);
#14654 = EDGE_CURVE('',#14655,#14646,#14657,.T.);
#14655 = VERTEX_POINT('',#14656);
#14656 = CARTESIAN_POINT('',(128.038345,-56.456066,1.51));
#14657 = CIRCLE('',#14658,0.499999603944);
#14658 = AXIS2_PLACEMENT_3D('',#14659,#14660,#14661);
#14659 = CARTESIAN_POINT('',(127.77784211054,-56.88284211054,1.51));
#14660 = DIRECTION('',(0.,0.,1.));
#14661 = DIRECTION('',(0.521006191616,0.853552897188,-0.));
#14662 = ORIENTED_EDGE('',*,*,#14663,.F.);
#14663 = EDGE_CURVE('',#14664,#14655,#14666,.T.);
#14664 = VERTEX_POINT('',#14665);
#14665 = CARTESIAN_POINT('',(128.194647,-56.5,1.51));
#14666 = CIRCLE('',#14667,0.299998582341);
#14667 = AXIS2_PLACEMENT_3D('',#14668,#14669,#14670);
#14668 = CARTESIAN_POINT('',(128.19464624464,-56.20000141766,1.51));
#14669 = DIRECTION('',(0.,0.,-1.));
#14670 = DIRECTION('',(2.517861104393E-06,-0.999999999997,0.));
#14671 = ORIENTED_EDGE('',*,*,#14672,.F.);
#14672 = EDGE_CURVE('',#14673,#14664,#14675,.T.);
#14673 = VERTEX_POINT('',#14674);
#14674 = CARTESIAN_POINT('',(129.095,-56.5,1.51));
#14675 = LINE('',#14676,#14677);
#14676 = CARTESIAN_POINT('',(129.095,-56.5,1.51));
#14677 = VECTOR('',#14678,1.);
#14678 = DIRECTION('',(-1.,0.,0.));
#14679 = ORIENTED_EDGE('',*,*,#14680,.F.);
#14680 = EDGE_CURVE('',#14681,#14673,#14683,.T.);
#14681 = VERTEX_POINT('',#14682);
#14682 = CARTESIAN_POINT('',(129.995353,-56.5,1.51));
#14683 = LINE('',#14684,#14685);
#14684 = CARTESIAN_POINT('',(129.995353,-56.5,1.51));
#14685 = VECTOR('',#14686,1.);
#14686 = DIRECTION('',(-1.,0.,0.));
#14687 = ORIENTED_EDGE('',*,*,#14688,.F.);
#14688 = EDGE_CURVE('',#14526,#14681,#14689,.T.);
#14689 = CIRCLE('',#14690,0.299998582341);
#14690 = AXIS2_PLACEMENT_3D('',#14691,#14692,#14693);
#14691 = CARTESIAN_POINT('',(129.99535375535,-56.20000141766,1.51));
#14692 = DIRECTION('',(0.,0.,-1.));
#14693 = DIRECTION('',(0.521006610849,-0.853552641289,0.));
#14694 = FACE_BOUND('',#14695,.T.);
#14695 = EDGE_LOOP('',(#14696));
#14696 = ORIENTED_EDGE('',*,*,#14697,.T.);
#14697 = EDGE_CURVE('',#14698,#14698,#14700,.T.);
#14698 = VERTEX_POINT('',#14699);
#14699 = CARTESIAN_POINT('',(124.015,-54.39,1.51));
#14700 = CIRCLE('',#14701,0.85);
#14701 = AXIS2_PLACEMENT_3D('',#14702,#14703,#14704);
#14702 = CARTESIAN_POINT('',(124.015,-53.54,1.51));
#14703 = DIRECTION('',(-0.,0.,-1.));
#14704 = DIRECTION('',(-0.,-1.,0.));
#14705 = FACE_BOUND('',#14706,.T.);
#14706 = EDGE_LOOP('',(#14707));
#14707 = ORIENTED_EDGE('',*,*,#14708,.T.);
#14708 = EDGE_CURVE('',#14709,#14709,#14711,.T.);
#14709 = VERTEX_POINT('',#14710);
#14710 = CARTESIAN_POINT('',(125.285,-51.75,1.51));
#14711 = CIRCLE('',#14712,0.75);
#14712 = AXIS2_PLACEMENT_3D('',#14713,#14714,#14715);
#14713 = CARTESIAN_POINT('',(125.285,-51.,1.51));
#14714 = DIRECTION('',(-0.,0.,-1.));
#14715 = DIRECTION('',(-0.,-1.,0.));
#14716 = FACE_BOUND('',#14717,.T.);
#14717 = EDGE_LOOP('',(#14718));
#14718 = ORIENTED_EDGE('',*,*,#14719,.T.);
#14719 = EDGE_CURVE('',#14720,#14720,#14722,.T.);
#14720 = VERTEX_POINT('',#14721);
#14721 = CARTESIAN_POINT('',(129.095,-55.54,1.51));
#14722 = CIRCLE('',#14723,2.);
#14723 = AXIS2_PLACEMENT_3D('',#14724,#14725,#14726);
#14724 = CARTESIAN_POINT('',(129.095,-53.54,1.51));
#14725 = DIRECTION('',(-0.,0.,-1.));
#14726 = DIRECTION('',(-0.,-1.,0.));
#14727 = FACE_BOUND('',#14728,.T.);
#14728 = EDGE_LOOP('',(#14729));
#14729 = ORIENTED_EDGE('',*,*,#14730,.T.);
#14730 = EDGE_CURVE('',#14731,#14731,#14733,.T.);
#14731 = VERTEX_POINT('',#14732);
#14732 = CARTESIAN_POINT('',(131.635,-49.21,1.51));
#14733 = CIRCLE('',#14734,0.75);
#14734 = AXIS2_PLACEMENT_3D('',#14735,#14736,#14737);
#14735 = CARTESIAN_POINT('',(131.635,-48.46,1.51));
#14736 = DIRECTION('',(-0.,0.,-1.));
#14737 = DIRECTION('',(-0.,-1.,0.));
#14738 = FACE_BOUND('',#14739,.T.);
#14739 = EDGE_LOOP('',(#14740));
#14740 = ORIENTED_EDGE('',*,*,#14741,.T.);
#14741 = EDGE_CURVE('',#14742,#14742,#14744,.T.);
#14742 = VERTEX_POINT('',#14743);
#14743 = CARTESIAN_POINT('',(138.,-62.21,1.51));
#14744 = CIRCLE('',#14745,0.4);
#14745 = AXIS2_PLACEMENT_3D('',#14746,#14747,#14748);
#14746 = CARTESIAN_POINT('',(138.,-61.81,1.51));
#14747 = DIRECTION('',(-0.,0.,-1.));
#14748 = DIRECTION('',(-0.,-1.,0.));
#14749 = FACE_BOUND('',#14750,.T.);
#14750 = EDGE_LOOP('',(#14751));
#14751 = ORIENTED_EDGE('',*,*,#14752,.T.);
#14752 = EDGE_CURVE('',#14753,#14753,#14755,.T.);
#14753 = VERTEX_POINT('',#14754);
#14754 = CARTESIAN_POINT('',(134.175,-54.39,1.51));
#14755 = CIRCLE('',#14756,0.85);
#14756 = AXIS2_PLACEMENT_3D('',#14757,#14758,#14759);
#14757 = CARTESIAN_POINT('',(134.175,-53.54,1.51));
#14758 = DIRECTION('',(-0.,0.,-1.));
#14759 = DIRECTION('',(-0.,-1.,0.));
#14760 = FACE_BOUND('',#14761,.T.);
#14761 = EDGE_LOOP('',(#14762));
#14762 = ORIENTED_EDGE('',*,*,#14763,.T.);
#14763 = EDGE_CURVE('',#14764,#14764,#14766,.T.);
#14764 = VERTEX_POINT('',#14765);
#14765 = CARTESIAN_POINT('',(138.,-54.59,1.51));
#14766 = CIRCLE('',#14767,0.4);
#14767 = AXIS2_PLACEMENT_3D('',#14768,#14769,#14770);
#14768 = CARTESIAN_POINT('',(138.,-54.19,1.51));
#14769 = DIRECTION('',(-0.,0.,-1.));
#14770 = DIRECTION('',(-0.,-1.,0.));
#14771 = FACE_BOUND('',#14772,.T.);
#14772 = EDGE_LOOP('',(#14773));
#14773 = ORIENTED_EDGE('',*,*,#14774,.T.);
#14774 = EDGE_CURVE('',#14775,#14775,#14777,.T.);
#14775 = VERTEX_POINT('',#14776);
#14776 = CARTESIAN_POINT('',(112.5,-36.81,1.51));
#14777 = CIRCLE('',#14778,0.5);
#14778 = AXIS2_PLACEMENT_3D('',#14779,#14780,#14781);
#14779 = CARTESIAN_POINT('',(112.5,-36.31,1.51));
#14780 = DIRECTION('',(-0.,0.,-1.));
#14781 = DIRECTION('',(-0.,-1.,0.));
#14782 = FACE_BOUND('',#14783,.T.);
#14783 = EDGE_LOOP('',(#14784));
#14784 = ORIENTED_EDGE('',*,*,#14785,.T.);
#14785 = EDGE_CURVE('',#14786,#14786,#14788,.T.);
#14786 = VERTEX_POINT('',#14787);
#14787 = CARTESIAN_POINT('',(112.5,-34.27,1.51));
#14788 = CIRCLE('',#14789,0.5);
#14789 = AXIS2_PLACEMENT_3D('',#14790,#14791,#14792);
#14790 = CARTESIAN_POINT('',(112.5,-33.77,1.51));
#14791 = DIRECTION('',(-0.,0.,-1.));
#14792 = DIRECTION('',(-0.,-1.,0.));
#14793 = FACE_BOUND('',#14794,.T.);
#14794 = EDGE_LOOP('',(#14795));
#14795 = ORIENTED_EDGE('',*,*,#14796,.T.);
#14796 = EDGE_CURVE('',#14797,#14797,#14799,.T.);
#14797 = VERTEX_POINT('',#14798);
#14798 = CARTESIAN_POINT('',(112.5,-31.73,1.51));
#14799 = CIRCLE('',#14800,0.5);
#14800 = AXIS2_PLACEMENT_3D('',#14801,#14802,#14803);
#14801 = CARTESIAN_POINT('',(112.5,-31.23,1.51));
#14802 = DIRECTION('',(-0.,0.,-1.));
#14803 = DIRECTION('',(-0.,-1.,0.));
#14804 = FACE_BOUND('',#14805,.T.);
#14805 = EDGE_LOOP('',(#14806));
#14806 = ORIENTED_EDGE('',*,*,#14807,.T.);
#14807 = EDGE_CURVE('',#14808,#14808,#14810,.T.);
#14808 = VERTEX_POINT('',#14809);
#14809 = CARTESIAN_POINT('',(112.5,-29.19,1.51));
#14810 = CIRCLE('',#14811,0.5);
#14811 = AXIS2_PLACEMENT_3D('',#14812,#14813,#14814);
#14812 = CARTESIAN_POINT('',(112.5,-28.69,1.51));
#14813 = DIRECTION('',(-0.,0.,-1.));
#14814 = DIRECTION('',(-0.,-1.,0.));
#14815 = FACE_BOUND('',#14816,.T.);
#14816 = EDGE_LOOP('',(#14817));
#14817 = ORIENTED_EDGE('',*,*,#14818,.T.);
#14818 = EDGE_CURVE('',#14819,#14819,#14821,.T.);
#14819 = VERTEX_POINT('',#14820);
#14820 = CARTESIAN_POINT('',(155.,-28.75,1.51));
#14821 = CIRCLE('',#14822,1.25);
#14822 = AXIS2_PLACEMENT_3D('',#14823,#14824,#14825);
#14823 = CARTESIAN_POINT('',(155.,-27.5,1.51));
#14824 = DIRECTION('',(-0.,0.,-1.));
#14825 = DIRECTION('',(-0.,-1.,0.));
#14826 = PLANE('',#14827);
#14827 = AXIS2_PLACEMENT_3D('',#14828,#14829,#14830);
#14828 = CARTESIAN_POINT('',(0.,0.,1.51));
#14829 = DIRECTION('',(0.,0.,1.));
#14830 = DIRECTION('',(1.,0.,-0.));
#14831 = ADVANCED_FACE('',(#14832),#14838,.T.);
#14832 = FACE_BOUND('',#14833,.T.);
#14833 = EDGE_LOOP('',(#14834,#14835,#14836,#14837));
#14834 = ORIENTED_EDGE('',*,*,#9523,.T.);
#14835 = ORIENTED_EDGE('',*,*,#12192,.T.);
#14836 = ORIENTED_EDGE('',*,*,#9483,.F.);
#14837 = ORIENTED_EDGE('',*,*,#9547,.F.);
#14838 = PLANE('',#14839);
#14839 = AXIS2_PLACEMENT_3D('',#14840,#14841,#14842);
#14840 = CARTESIAN_POINT('',(60.,-22.5,0.));
#14841 = DIRECTION('',(0.,1.,0.));
#14842 = DIRECTION('',(1.,0.,0.));
#14843 = ADVANCED_FACE('',(#14844),#14855,.F.);
#14844 = FACE_BOUND('',#14845,.F.);
#14845 = EDGE_LOOP('',(#14846,#14852,#14853,#14854));
#14846 = ORIENTED_EDGE('',*,*,#14847,.T.);
#14847 = EDGE_CURVE('',#9557,#12202,#14848,.T.);
#14848 = LINE('',#14849,#14850);
#14849 = CARTESIAN_POINT('',(65.,-118.75,-4.6E-02));
#14850 = VECTOR('',#14851,1.);
#14851 = DIRECTION('',(0.,0.,1.));
#14852 = ORIENTED_EDGE('',*,*,#12201,.T.);
#14853 = ORIENTED_EDGE('',*,*,#14847,.F.);
#14854 = ORIENTED_EDGE('',*,*,#9556,.F.);
#14855 = CYLINDRICAL_SURFACE('',#14856,1.25);
#14856 = AXIS2_PLACEMENT_3D('',#14857,#14858,#14859);
#14857 = CARTESIAN_POINT('',(65.,-117.5,-4.6E-02));
#14858 = DIRECTION('',(-0.,-0.,-1.));
#14859 = DIRECTION('',(-0.,-1.,0.));
#14860 = ADVANCED_FACE('',(#14861),#14877,.F.);
#14861 = FACE_BOUND('',#14862,.F.);
#14862 = EDGE_LOOP('',(#14863,#14864,#14870,#14871));
#14863 = ORIENTED_EDGE('',*,*,#9567,.T.);
#14864 = ORIENTED_EDGE('',*,*,#14865,.T.);
#14865 = EDGE_CURVE('',#9570,#12215,#14866,.T.);
#14866 = LINE('',#14867,#14868);
#14867 = CARTESIAN_POINT('',(92.056655,-94.456066,0.));
#14868 = VECTOR('',#14869,1.);
#14869 = DIRECTION('',(0.,0.,1.));
#14870 = ORIENTED_EDGE('',*,*,#12212,.F.);
#14871 = ORIENTED_EDGE('',*,*,#14872,.F.);
#14872 = EDGE_CURVE('',#9568,#12213,#14873,.T.);
#14873 = LINE('',#14874,#14875);
#14874 = CARTESIAN_POINT('',(92.743934,-95.143345,0.));
#14875 = VECTOR('',#14876,1.);
#14876 = DIRECTION('',(0.,0.,1.));
#14877 = CYLINDRICAL_SURFACE('',#14878,0.499999603944);
#14878 = AXIS2_PLACEMENT_3D('',#14879,#14880,#14881);
#14879 = CARTESIAN_POINT('',(92.31715788946,-94.88284211054,0.));
#14880 = DIRECTION('',(-0.,-0.,-1.));
#14881 = DIRECTION('',(0.853552897188,-0.521006191616,0.));
#14882 = ADVANCED_FACE('',(#14883),#14894,.T.);
#14883 = FACE_BOUND('',#14884,.T.);
#14884 = EDGE_LOOP('',(#14885,#14891,#14892,#14893));
#14885 = ORIENTED_EDGE('',*,*,#14886,.T.);
#14886 = EDGE_CURVE('',#9579,#12224,#14887,.T.);
#14887 = LINE('',#14888,#14889);
#14888 = CARTESIAN_POINT('',(92.7,-95.299647,0.));
#14889 = VECTOR('',#14890,1.);
#14890 = DIRECTION('',(0.,0.,1.));
#14891 = ORIENTED_EDGE('',*,*,#12223,.T.);
#14892 = ORIENTED_EDGE('',*,*,#14872,.F.);
#14893 = ORIENTED_EDGE('',*,*,#9578,.F.);
#14894 = CYLINDRICAL_SURFACE('',#14895,0.299998582341);
#14895 = AXIS2_PLACEMENT_3D('',#14896,#14897,#14898);
#14896 = CARTESIAN_POINT('',(92.99999858234,-95.29964624464,0.));
#14897 = DIRECTION('',(0.,0.,-1.));
#14898 = DIRECTION('',(-0.999999999997,-2.517861388613E-06,-0.));
#14899 = ADVANCED_FACE('',(#14900),#14911,.T.);
#14900 = FACE_BOUND('',#14901,.T.);
#14901 = EDGE_LOOP('',(#14902,#14903,#14904,#14910));
#14902 = ORIENTED_EDGE('',*,*,#14865,.T.);
#14903 = ORIENTED_EDGE('',*,*,#12377,.T.);
#14904 = ORIENTED_EDGE('',*,*,#14905,.F.);
#14905 = EDGE_CURVE('',#9725,#12370,#14906,.T.);
#14906 = LINE('',#14907,#14908);
#14907 = CARTESIAN_POINT('',(91.900353,-94.5,0.));
#14908 = VECTOR('',#14909,1.);
#14909 = DIRECTION('',(0.,0.,1.));
#14910 = ORIENTED_EDGE('',*,*,#9732,.F.);
#14911 = CYLINDRICAL_SURFACE('',#14912,0.299998582341);
#14912 = AXIS2_PLACEMENT_3D('',#14913,#14914,#14915);
#14913 = CARTESIAN_POINT('',(91.900353755355,-94.20000141766,0.));
#14914 = DIRECTION('',(0.,0.,-1.));
#14915 = DIRECTION('',(0.52100661085,-0.853552641289,0.));
#14916 = ADVANCED_FACE('',(#14917),#14928,.T.);
#14917 = FACE_BOUND('',#14918,.T.);
#14918 = EDGE_LOOP('',(#14919,#14925,#14926,#14927));
#14919 = ORIENTED_EDGE('',*,*,#14920,.T.);
#14920 = EDGE_CURVE('',#9588,#12233,#14921,.T.);
#14921 = LINE('',#14922,#14923);
#14922 = CARTESIAN_POINT('',(92.7,-96.,0.));
#14923 = VECTOR('',#14924,1.);
#14924 = DIRECTION('',(0.,0.,1.));
#14925 = ORIENTED_EDGE('',*,*,#12232,.T.);
#14926 = ORIENTED_EDGE('',*,*,#14886,.F.);
#14927 = ORIENTED_EDGE('',*,*,#9587,.F.);
#14928 = PLANE('',#14929);
#14929 = AXIS2_PLACEMENT_3D('',#14930,#14931,#14932);
#14930 = CARTESIAN_POINT('',(92.7,-96.,0.));
#14931 = DIRECTION('',(-1.,0.,0.));
#14932 = DIRECTION('',(0.,1.,0.));
#14933 = ADVANCED_FACE('',(#14934),#14945,.T.);
#14934 = FACE_BOUND('',#14935,.T.);
#14935 = EDGE_LOOP('',(#14936,#14937,#14938,#14944));
#14936 = ORIENTED_EDGE('',*,*,#14905,.T.);
#14937 = ORIENTED_EDGE('',*,*,#12369,.T.);
#14938 = ORIENTED_EDGE('',*,*,#14939,.F.);
#14939 = EDGE_CURVE('',#9717,#12362,#14940,.T.);
#14940 = LINE('',#14941,#14942);
#14941 = CARTESIAN_POINT('',(91.,-94.5,0.));
#14942 = VECTOR('',#14943,1.);
#14943 = DIRECTION('',(0.,0.,1.));
#14944 = ORIENTED_EDGE('',*,*,#9724,.F.);
#14945 = PLANE('',#14946);
#14946 = AXIS2_PLACEMENT_3D('',#14947,#14948,#14949);
#14947 = CARTESIAN_POINT('',(91.900353,-94.5,0.));
#14948 = DIRECTION('',(0.,-1.,0.));
#14949 = DIRECTION('',(-1.,0.,0.));
#14950 = ADVANCED_FACE('',(#14951),#14962,.T.);
#14951 = FACE_BOUND('',#14952,.T.);
#14952 = EDGE_LOOP('',(#14953,#14959,#14960,#14961));
#14953 = ORIENTED_EDGE('',*,*,#14954,.T.);
#14954 = EDGE_CURVE('',#9596,#12241,#14955,.T.);
#14955 = LINE('',#14956,#14957);
#14956 = CARTESIAN_POINT('',(92.7,-96.700353,0.));
#14957 = VECTOR('',#14958,1.);
#14958 = DIRECTION('',(0.,0.,1.));
#14959 = ORIENTED_EDGE('',*,*,#12240,.T.);
#14960 = ORIENTED_EDGE('',*,*,#14920,.F.);
#14961 = ORIENTED_EDGE('',*,*,#9595,.F.);
#14962 = PLANE('',#14963);
#14963 = AXIS2_PLACEMENT_3D('',#14964,#14965,#14966);
#14964 = CARTESIAN_POINT('',(92.7,-96.700353,0.));
#14965 = DIRECTION('',(-1.,0.,0.));
#14966 = DIRECTION('',(0.,1.,0.));
#14967 = ADVANCED_FACE('',(#14968),#14979,.T.);
#14968 = FACE_BOUND('',#14969,.T.);
#14969 = EDGE_LOOP('',(#14970,#14971,#14972,#14978));
#14970 = ORIENTED_EDGE('',*,*,#14939,.T.);
#14971 = ORIENTED_EDGE('',*,*,#12361,.T.);
#14972 = ORIENTED_EDGE('',*,*,#14973,.F.);
#14973 = EDGE_CURVE('',#9708,#12353,#14974,.T.);
#14974 = LINE('',#14975,#14976);
#14975 = CARTESIAN_POINT('',(90.099647,-94.5,0.));
#14976 = VECTOR('',#14977,1.);
#14977 = DIRECTION('',(0.,0.,1.));
#14978 = ORIENTED_EDGE('',*,*,#9716,.F.);
#14979 = PLANE('',#14980);
#14980 = AXIS2_PLACEMENT_3D('',#14981,#14982,#14983);
#14981 = CARTESIAN_POINT('',(91.,-94.5,0.));
#14982 = DIRECTION('',(0.,-1.,0.));
#14983 = DIRECTION('',(-1.,0.,0.));
#14984 = ADVANCED_FACE('',(#14985),#14996,.T.);
#14985 = FACE_BOUND('',#14986,.T.);
#14986 = EDGE_LOOP('',(#14987,#14993,#14994,#14995));
#14987 = ORIENTED_EDGE('',*,*,#14988,.T.);
#14988 = EDGE_CURVE('',#9604,#12249,#14989,.T.);
#14989 = LINE('',#14990,#14991);
#14990 = CARTESIAN_POINT('',(92.743934,-96.856655,0.));
#14991 = VECTOR('',#14992,1.);
#14992 = DIRECTION('',(0.,0.,1.));
#14993 = ORIENTED_EDGE('',*,*,#12248,.T.);
#14994 = ORIENTED_EDGE('',*,*,#14954,.F.);
#14995 = ORIENTED_EDGE('',*,*,#9603,.F.);
#14996 = CYLINDRICAL_SURFACE('',#14997,0.299998582341);
#14997 = AXIS2_PLACEMENT_3D('',#14998,#14999,#15000);
#14998 = CARTESIAN_POINT('',(92.99999858234,-96.70035375535,0.));
#14999 = DIRECTION('',(0.,0.,-1.));
#15000 = DIRECTION('',(-0.853552641289,-0.521006610849,-0.));
#15001 = ADVANCED_FACE('',(#15002),#15013,.T.);
#15002 = FACE_BOUND('',#15003,.T.);
#15003 = EDGE_LOOP('',(#15004,#15005,#15006,#15012));
#15004 = ORIENTED_EDGE('',*,*,#14973,.T.);
#15005 = ORIENTED_EDGE('',*,*,#12352,.T.);
#15006 = ORIENTED_EDGE('',*,*,#15007,.F.);
#15007 = EDGE_CURVE('',#9699,#12344,#15008,.T.);
#15008 = LINE('',#15009,#15010);
#15009 = CARTESIAN_POINT('',(89.943345,-94.456066,0.));
#15010 = VECTOR('',#15011,1.);
#15011 = DIRECTION('',(0.,0.,1.));
#15012 = ORIENTED_EDGE('',*,*,#9707,.F.);
#15013 = CYLINDRICAL_SURFACE('',#15014,0.299998582341);
#15014 = AXIS2_PLACEMENT_3D('',#15015,#15016,#15017);
#15015 = CARTESIAN_POINT('',(90.099646244645,-94.20000141766,0.));
#15016 = DIRECTION('',(0.,0.,-1.));
#15017 = DIRECTION('',(2.517861483353E-06,-0.999999999997,0.));
#15018 = ADVANCED_FACE('',(#15019),#15030,.F.);
#15019 = FACE_BOUND('',#15020,.F.);
#15020 = EDGE_LOOP('',(#15021,#15022,#15023,#15024));
#15021 = ORIENTED_EDGE('',*,*,#9612,.T.);
#15022 = ORIENTED_EDGE('',*,*,#14988,.T.);
#15023 = ORIENTED_EDGE('',*,*,#12257,.F.);
#15024 = ORIENTED_EDGE('',*,*,#15025,.F.);
#15025 = EDGE_CURVE('',#9613,#12258,#15026,.T.);
#15026 = LINE('',#15027,#15028);
#15027 = CARTESIAN_POINT('',(92.056655,-97.543934,0.));
#15028 = VECTOR('',#15029,1.);
#15029 = DIRECTION('',(0.,0.,1.));
#15030 = CYLINDRICAL_SURFACE('',#15031,0.499999603944);
#15031 = AXIS2_PLACEMENT_3D('',#15032,#15033,#15034);
#15032 = CARTESIAN_POINT('',(92.31715788946,-97.11715788946,0.));
#15033 = DIRECTION('',(-0.,-0.,-1.));
#15034 = DIRECTION('',(-0.521006191616,-0.853552897188,0.));
#15035 = ADVANCED_FACE('',(#15036),#15047,.F.);
#15036 = FACE_BOUND('',#15037,.F.);
#15037 = EDGE_LOOP('',(#15038,#15039,#15045,#15046));
#15038 = ORIENTED_EDGE('',*,*,#9698,.T.);
#15039 = ORIENTED_EDGE('',*,*,#15040,.T.);
#15040 = EDGE_CURVE('',#9690,#12335,#15041,.T.);
#15041 = LINE('',#15042,#15043);
#15042 = CARTESIAN_POINT('',(89.256066,-95.143345,0.));
#15043 = VECTOR('',#15044,1.);
#15044 = DIRECTION('',(0.,0.,1.));
#15045 = ORIENTED_EDGE('',*,*,#12343,.F.);
#15046 = ORIENTED_EDGE('',*,*,#15007,.F.);
#15047 = CYLINDRICAL_SURFACE('',#15048,0.499999603944);
#15048 = AXIS2_PLACEMENT_3D('',#15049,#15050,#15051);
#15049 = CARTESIAN_POINT('',(89.68284211054,-94.88284211054,0.));
#15050 = DIRECTION('',(-0.,-0.,-1.));
#15051 = DIRECTION('',(0.521006191616,0.853552897188,-0.));
#15052 = ADVANCED_FACE('',(#15053),#15064,.T.);
#15053 = FACE_BOUND('',#15054,.T.);
#15054 = EDGE_LOOP('',(#15055,#15061,#15062,#15063));
#15055 = ORIENTED_EDGE('',*,*,#15056,.T.);
#15056 = EDGE_CURVE('',#9622,#12267,#15057,.T.);
#15057 = LINE('',#15058,#15059);
#15058 = CARTESIAN_POINT('',(91.900353,-97.5,0.));
#15059 = VECTOR('',#15060,1.);
#15060 = DIRECTION('',(0.,0.,1.));
#15061 = ORIENTED_EDGE('',*,*,#12266,.T.);
#15062 = ORIENTED_EDGE('',*,*,#15025,.F.);
#15063 = ORIENTED_EDGE('',*,*,#9621,.F.);
#15064 = CYLINDRICAL_SURFACE('',#15065,0.299998582341);
#15065 = AXIS2_PLACEMENT_3D('',#15066,#15067,#15068);
#15066 = CARTESIAN_POINT('',(91.900353755355,-97.79999858234,0.));
#15067 = DIRECTION('',(0.,0.,-1.));
#15068 = DIRECTION('',(-2.517861483353E-06,0.999999999997,0.));
#15069 = ADVANCED_FACE('',(#15070),#15081,.T.);
#15070 = FACE_BOUND('',#15071,.T.);
#15071 = EDGE_LOOP('',(#15072,#15073,#15074,#15080));
#15072 = ORIENTED_EDGE('',*,*,#15040,.T.);
#15073 = ORIENTED_EDGE('',*,*,#12334,.T.);
#15074 = ORIENTED_EDGE('',*,*,#15075,.F.);
#15075 = EDGE_CURVE('',#9682,#12327,#15076,.T.);
#15076 = LINE('',#15077,#15078);
#15077 = CARTESIAN_POINT('',(89.3,-95.299647,0.));
#15078 = VECTOR('',#15079,1.);
#15079 = DIRECTION('',(0.,0.,1.));
#15080 = ORIENTED_EDGE('',*,*,#9689,.F.);
#15081 = CYLINDRICAL_SURFACE('',#15082,0.299998582341);
#15082 = AXIS2_PLACEMENT_3D('',#15083,#15084,#15085);
#15083 = CARTESIAN_POINT('',(89.00000141766,-95.29964624464,0.));
#15084 = DIRECTION('',(0.,0.,-1.));
#15085 = DIRECTION('',(0.853552641289,0.521006610849,0.));
#15086 = ADVANCED_FACE('',(#15087),#15098,.T.);
#15087 = FACE_BOUND('',#15088,.T.);
#15088 = EDGE_LOOP('',(#15089,#15095,#15096,#15097));
#15089 = ORIENTED_EDGE('',*,*,#15090,.T.);
#15090 = EDGE_CURVE('',#9631,#12276,#15091,.T.);
#15091 = LINE('',#15092,#15093);
#15092 = CARTESIAN_POINT('',(91.,-97.5,0.));
#15093 = VECTOR('',#15094,1.);
#15094 = DIRECTION('',(0.,0.,1.));
#15095 = ORIENTED_EDGE('',*,*,#12275,.T.);
#15096 = ORIENTED_EDGE('',*,*,#15056,.F.);
#15097 = ORIENTED_EDGE('',*,*,#9630,.F.);
#15098 = PLANE('',#15099);
#15099 = AXIS2_PLACEMENT_3D('',#15100,#15101,#15102);
#15100 = CARTESIAN_POINT('',(91.,-97.5,0.));
#15101 = DIRECTION('',(0.,1.,0.));
#15102 = DIRECTION('',(1.,0.,0.));
#15103 = ADVANCED_FACE('',(#15104),#15115,.T.);
#15104 = FACE_BOUND('',#15105,.T.);
#15105 = EDGE_LOOP('',(#15106,#15107,#15108,#15114));
#15106 = ORIENTED_EDGE('',*,*,#15075,.T.);
#15107 = ORIENTED_EDGE('',*,*,#12326,.T.);
#15108 = ORIENTED_EDGE('',*,*,#15109,.F.);
#15109 = EDGE_CURVE('',#9674,#12319,#15110,.T.);
#15110 = LINE('',#15111,#15112);
#15111 = CARTESIAN_POINT('',(89.3,-96.,0.));
#15112 = VECTOR('',#15113,1.);
#15113 = DIRECTION('',(0.,0.,1.));
#15114 = ORIENTED_EDGE('',*,*,#9681,.F.);
#15115 = PLANE('',#15116);
#15116 = AXIS2_PLACEMENT_3D('',#15117,#15118,#15119);
#15117 = CARTESIAN_POINT('',(89.3,-95.299647,0.));
#15118 = DIRECTION('',(1.,0.,-0.));
#15119 = DIRECTION('',(0.,-1.,0.));
#15120 = ADVANCED_FACE('',(#15121),#15132,.T.);
#15121 = FACE_BOUND('',#15122,.T.);
#15122 = EDGE_LOOP('',(#15123,#15129,#15130,#15131));
#15123 = ORIENTED_EDGE('',*,*,#15124,.T.);
#15124 = EDGE_CURVE('',#9639,#12284,#15125,.T.);
#15125 = LINE('',#15126,#15127);
#15126 = CARTESIAN_POINT('',(90.099647,-97.5,0.));
#15127 = VECTOR('',#15128,1.);
#15128 = DIRECTION('',(0.,0.,1.));
#15129 = ORIENTED_EDGE('',*,*,#12283,.T.);
#15130 = ORIENTED_EDGE('',*,*,#15090,.F.);
#15131 = ORIENTED_EDGE('',*,*,#9638,.F.);
#15132 = PLANE('',#15133);
#15133 = AXIS2_PLACEMENT_3D('',#15134,#15135,#15136);
#15134 = CARTESIAN_POINT('',(90.099647,-97.5,0.));
#15135 = DIRECTION('',(0.,1.,0.));
#15136 = DIRECTION('',(1.,0.,0.));
#15137 = ADVANCED_FACE('',(#15138),#15149,.T.);
#15138 = FACE_BOUND('',#15139,.T.);
#15139 = EDGE_LOOP('',(#15140,#15141,#15142,#15148));
#15140 = ORIENTED_EDGE('',*,*,#15109,.T.);
#15141 = ORIENTED_EDGE('',*,*,#12318,.T.);
#15142 = ORIENTED_EDGE('',*,*,#15143,.F.);
#15143 = EDGE_CURVE('',#9665,#12310,#15144,.T.);
#15144 = LINE('',#15145,#15146);
#15145 = CARTESIAN_POINT('',(89.3,-96.700353,0.));
#15146 = VECTOR('',#15147,1.);
#15147 = DIRECTION('',(0.,0.,1.));
#15148 = ORIENTED_EDGE('',*,*,#9673,.F.);
#15149 = PLANE('',#15150);
#15150 = AXIS2_PLACEMENT_3D('',#15151,#15152,#15153);
#15151 = CARTESIAN_POINT('',(89.3,-96.,0.));
#15152 = DIRECTION('',(1.,0.,-0.));
#15153 = DIRECTION('',(0.,-1.,0.));
#15154 = ADVANCED_FACE('',(#15155),#15166,.T.);
#15155 = FACE_BOUND('',#15156,.T.);
#15156 = EDGE_LOOP('',(#15157,#15163,#15164,#15165));
#15157 = ORIENTED_EDGE('',*,*,#15158,.T.);
#15158 = EDGE_CURVE('',#9647,#12292,#15159,.T.);
#15159 = LINE('',#15160,#15161);
#15160 = CARTESIAN_POINT('',(89.943345,-97.543934,0.));
#15161 = VECTOR('',#15162,1.);
#15162 = DIRECTION('',(0.,0.,1.));
#15163 = ORIENTED_EDGE('',*,*,#12291,.T.);
#15164 = ORIENTED_EDGE('',*,*,#15124,.F.);
#15165 = ORIENTED_EDGE('',*,*,#9646,.F.);
#15166 = CYLINDRICAL_SURFACE('',#15167,0.299998582341);
#15167 = AXIS2_PLACEMENT_3D('',#15168,#15169,#15170);
#15168 = CARTESIAN_POINT('',(90.099646244645,-97.79999858234,0.));
#15169 = DIRECTION('',(0.,0.,-1.));
#15170 = DIRECTION('',(-0.52100661085,0.853552641289,0.));
#15171 = ADVANCED_FACE('',(#15172),#15183,.T.);
#15172 = FACE_BOUND('',#15173,.T.);
#15173 = EDGE_LOOP('',(#15174,#15175,#15176,#15182));
#15174 = ORIENTED_EDGE('',*,*,#15143,.T.);
#15175 = ORIENTED_EDGE('',*,*,#12309,.T.);
#15176 = ORIENTED_EDGE('',*,*,#15177,.F.);
#15177 = EDGE_CURVE('',#9656,#12301,#15178,.T.);
#15178 = LINE('',#15179,#15180);
#15179 = CARTESIAN_POINT('',(89.256066,-96.856655,0.));
#15180 = VECTOR('',#15181,1.);
#15181 = DIRECTION('',(0.,0.,1.));
#15182 = ORIENTED_EDGE('',*,*,#9664,.F.);
#15183 = CYLINDRICAL_SURFACE('',#15184,0.299998582341);
#15184 = AXIS2_PLACEMENT_3D('',#15185,#15186,#15187);
#15185 = CARTESIAN_POINT('',(89.00000141766,-96.70035375535,0.));
#15186 = DIRECTION('',(0.,0.,-1.));
#15187 = DIRECTION('',(0.999999999997,2.517861388613E-06,0.));
#15188 = ADVANCED_FACE('',(#15189),#15195,.F.);
#15189 = FACE_BOUND('',#15190,.F.);
#15190 = EDGE_LOOP('',(#15191,#15192,#15193,#15194));
#15191 = ORIENTED_EDGE('',*,*,#9655,.T.);
#15192 = ORIENTED_EDGE('',*,*,#15158,.T.);
#15193 = ORIENTED_EDGE('',*,*,#12300,.F.);
#15194 = ORIENTED_EDGE('',*,*,#15177,.F.);
#15195 = CYLINDRICAL_SURFACE('',#15196,0.499999603944);
#15196 = AXIS2_PLACEMENT_3D('',#15197,#15198,#15199);
#15197 = CARTESIAN_POINT('',(89.68284211054,-97.11715788946,0.));
#15198 = DIRECTION('',(-0.,-0.,-1.));
#15199 = DIRECTION('',(-0.853552897188,0.521006191616,0.));
#15200 = ADVANCED_FACE('',(#15201),#15212,.F.);
#15201 = FACE_BOUND('',#15202,.F.);
#15202 = EDGE_LOOP('',(#15203,#15209,#15210,#15211));
#15203 = ORIENTED_EDGE('',*,*,#15204,.T.);
#15204 = EDGE_CURVE('',#9742,#12387,#15205,.T.);
#15205 = LINE('',#15206,#15207);
#15206 = CARTESIAN_POINT('',(100.595,-100.21,-4.6E-02));
#15207 = VECTOR('',#15208,1.);
#15208 = DIRECTION('',(0.,0.,1.));
#15209 = ORIENTED_EDGE('',*,*,#12386,.T.);
#15210 = ORIENTED_EDGE('',*,*,#15204,.F.);
#15211 = ORIENTED_EDGE('',*,*,#9741,.F.);
#15212 = CYLINDRICAL_SURFACE('',#15213,0.4);
#15213 = AXIS2_PLACEMENT_3D('',#15214,#15215,#15216);
#15214 = CARTESIAN_POINT('',(100.595,-99.81,-4.6E-02));
#15215 = DIRECTION('',(-0.,-0.,-1.));
#15216 = DIRECTION('',(-0.,-1.,0.));
#15217 = ADVANCED_FACE('',(#15218),#15229,.F.);
#15218 = FACE_BOUND('',#15219,.F.);
#15219 = EDGE_LOOP('',(#15220,#15226,#15227,#15228));
#15220 = ORIENTED_EDGE('',*,*,#15221,.T.);
#15221 = EDGE_CURVE('',#9753,#12398,#15222,.T.);
#15222 = LINE('',#15223,#15224);
#15223 = CARTESIAN_POINT('',(86.015,-92.35,-4.6E-02));
#15224 = VECTOR('',#15225,1.);
#15225 = DIRECTION('',(0.,0.,1.));
#15226 = ORIENTED_EDGE('',*,*,#12397,.T.);
#15227 = ORIENTED_EDGE('',*,*,#15221,.F.);
#15228 = ORIENTED_EDGE('',*,*,#9752,.F.);
#15229 = CYLINDRICAL_SURFACE('',#15230,0.85);
#15230 = AXIS2_PLACEMENT_3D('',#15231,#15232,#15233);
#15231 = CARTESIAN_POINT('',(86.015,-91.5,-4.6E-02));
#15232 = DIRECTION('',(-0.,-0.,-1.));
#15233 = DIRECTION('',(-0.,-1.,0.));
#15234 = ADVANCED_FACE('',(#15235),#15246,.F.);
#15235 = FACE_BOUND('',#15236,.F.);
#15236 = EDGE_LOOP('',(#15237,#15243,#15244,#15245));
#15237 = ORIENTED_EDGE('',*,*,#15238,.T.);
#15238 = EDGE_CURVE('',#9764,#12409,#15239,.T.);
#15239 = LINE('',#15240,#15241);
#15240 = CARTESIAN_POINT('',(85.88,-73.35,-4.6E-02));
#15241 = VECTOR('',#15242,1.);
#15242 = DIRECTION('',(0.,0.,1.));
#15243 = ORIENTED_EDGE('',*,*,#12408,.T.);
#15244 = ORIENTED_EDGE('',*,*,#15238,.F.);
#15245 = ORIENTED_EDGE('',*,*,#9763,.F.);
#15246 = CYLINDRICAL_SURFACE('',#15247,0.85);
#15247 = AXIS2_PLACEMENT_3D('',#15248,#15249,#15250);
#15248 = CARTESIAN_POINT('',(85.88,-72.5,-4.6E-02));
#15249 = DIRECTION('',(-0.,-0.,-1.));
#15250 = DIRECTION('',(-0.,-1.,0.));
#15251 = ADVANCED_FACE('',(#15252),#15263,.F.);
#15252 = FACE_BOUND('',#15253,.F.);
#15253 = EDGE_LOOP('',(#15254,#15260,#15261,#15262));
#15254 = ORIENTED_EDGE('',*,*,#15255,.T.);
#15255 = EDGE_CURVE('',#9775,#12420,#15256,.T.);
#15256 = LINE('',#15257,#15258);
#15257 = CARTESIAN_POINT('',(91.095,-93.5,-4.6E-02));
#15258 = VECTOR('',#15259,1.);
#15259 = DIRECTION('',(0.,0.,1.));
#15260 = ORIENTED_EDGE('',*,*,#12419,.T.);
#15261 = ORIENTED_EDGE('',*,*,#15255,.F.);
#15262 = ORIENTED_EDGE('',*,*,#9774,.F.);
#15263 = CYLINDRICAL_SURFACE('',#15264,2.);
#15264 = AXIS2_PLACEMENT_3D('',#15265,#15266,#15267);
#15265 = CARTESIAN_POINT('',(91.095,-91.5,-4.6E-02));
#15266 = DIRECTION('',(-0.,-0.,-1.));
#15267 = DIRECTION('',(-0.,-1.,0.));
#15268 = ADVANCED_FACE('',(#15269),#15280,.F.);
#15269 = FACE_BOUND('',#15270,.F.);
#15270 = EDGE_LOOP('',(#15271,#15277,#15278,#15279));
#15271 = ORIENTED_EDGE('',*,*,#15272,.T.);
#15272 = EDGE_CURVE('',#9786,#12431,#15273,.T.);
#15273 = LINE('',#15274,#15275);
#15274 = CARTESIAN_POINT('',(96.175,-92.35,-4.6E-02));
#15275 = VECTOR('',#15276,1.);
#15276 = DIRECTION('',(0.,0.,1.));
#15277 = ORIENTED_EDGE('',*,*,#12430,.T.);
#15278 = ORIENTED_EDGE('',*,*,#15272,.F.);
#15279 = ORIENTED_EDGE('',*,*,#9785,.F.);
#15280 = CYLINDRICAL_SURFACE('',#15281,0.85);
#15281 = AXIS2_PLACEMENT_3D('',#15282,#15283,#15284);
#15282 = CARTESIAN_POINT('',(96.175,-91.5,-4.6E-02));
#15283 = DIRECTION('',(-0.,-0.,-1.));
#15284 = DIRECTION('',(-1.671865260612E-14,-1.,0.));
#15285 = ADVANCED_FACE('',(#15286),#15297,.F.);
#15286 = FACE_BOUND('',#15287,.F.);
#15287 = EDGE_LOOP('',(#15288,#15294,#15295,#15296));
#15288 = ORIENTED_EDGE('',*,*,#15289,.T.);
#15289 = EDGE_CURVE('',#9797,#12442,#15290,.T.);
#15290 = LINE('',#15291,#15292);
#15291 = CARTESIAN_POINT('',(87.285,-89.71,-4.6E-02));
#15292 = VECTOR('',#15293,1.);
#15293 = DIRECTION('',(0.,0.,1.));
#15294 = ORIENTED_EDGE('',*,*,#12441,.T.);
#15295 = ORIENTED_EDGE('',*,*,#15289,.F.);
#15296 = ORIENTED_EDGE('',*,*,#9796,.F.);
#15297 = CYLINDRICAL_SURFACE('',#15298,0.75);
#15298 = AXIS2_PLACEMENT_3D('',#15299,#15300,#15301);
#15299 = CARTESIAN_POINT('',(87.285,-88.96,-4.6E-02));
#15300 = DIRECTION('',(-0.,-0.,-1.));
#15301 = DIRECTION('',(-0.,-1.,0.));
#15302 = ADVANCED_FACE('',(#15303),#15314,.F.);
#15303 = FACE_BOUND('',#15304,.F.);
#15304 = EDGE_LOOP('',(#15305,#15311,#15312,#15313));
#15305 = ORIENTED_EDGE('',*,*,#15306,.T.);
#15306 = EDGE_CURVE('',#9808,#12453,#15307,.T.);
#15307 = LINE('',#15308,#15309);
#15308 = CARTESIAN_POINT('',(93.635,-87.17,-4.6E-02));
#15309 = VECTOR('',#15310,1.);
#15310 = DIRECTION('',(0.,0.,1.));
#15311 = ORIENTED_EDGE('',*,*,#12452,.T.);
#15312 = ORIENTED_EDGE('',*,*,#15306,.F.);
#15313 = ORIENTED_EDGE('',*,*,#9807,.F.);
#15314 = CYLINDRICAL_SURFACE('',#15315,0.75);
#15315 = AXIS2_PLACEMENT_3D('',#15316,#15317,#15318);
#15316 = CARTESIAN_POINT('',(93.635,-86.42,-4.6E-02));
#15317 = DIRECTION('',(-0.,-0.,-1.));
#15318 = DIRECTION('',(-0.,-1.,0.));
#15319 = ADVANCED_FACE('',(#15320),#15331,.F.);
#15320 = FACE_BOUND('',#15321,.F.);
#15321 = EDGE_LOOP('',(#15322,#15328,#15329,#15330));
#15322 = ORIENTED_EDGE('',*,*,#15323,.T.);
#15323 = EDGE_CURVE('',#9819,#12464,#15324,.T.);
#15324 = LINE('',#15325,#15326);
#15325 = CARTESIAN_POINT('',(100.595,-92.59,-4.6E-02));
#15326 = VECTOR('',#15327,1.);
#15327 = DIRECTION('',(0.,0.,1.));
#15328 = ORIENTED_EDGE('',*,*,#12463,.T.);
#15329 = ORIENTED_EDGE('',*,*,#15323,.F.);
#15330 = ORIENTED_EDGE('',*,*,#9818,.F.);
#15331 = CYLINDRICAL_SURFACE('',#15332,0.4);
#15332 = AXIS2_PLACEMENT_3D('',#15333,#15334,#15335);
#15333 = CARTESIAN_POINT('',(100.595,-92.19,-4.6E-02));
#15334 = DIRECTION('',(-0.,-0.,-1.));
#15335 = DIRECTION('',(-0.,-1.,0.));
#15336 = ADVANCED_FACE('',(#15337),#15348,.F.);
#15337 = FACE_BOUND('',#15338,.F.);
#15338 = EDGE_LOOP('',(#15339,#15345,#15346,#15347));
#15339 = ORIENTED_EDGE('',*,*,#15340,.T.);
#15340 = EDGE_CURVE('',#9830,#12475,#15341,.T.);
#15341 = LINE('',#15342,#15343);
#15342 = CARTESIAN_POINT('',(105.095,-92.35,-4.6E-02));
#15343 = VECTOR('',#15344,1.);
#15344 = DIRECTION('',(0.,0.,1.));
#15345 = ORIENTED_EDGE('',*,*,#12474,.T.);
#15346 = ORIENTED_EDGE('',*,*,#15340,.F.);
#15347 = ORIENTED_EDGE('',*,*,#9829,.F.);
#15348 = CYLINDRICAL_SURFACE('',#15349,0.85);
#15349 = AXIS2_PLACEMENT_3D('',#15350,#15351,#15352);
#15350 = CARTESIAN_POINT('',(105.095,-91.5,-4.6E-02));
#15351 = DIRECTION('',(-0.,-0.,-1.));
#15352 = DIRECTION('',(-0.,-1.,0.));
#15353 = ADVANCED_FACE('',(#15354),#15365,.F.);
#15354 = FACE_BOUND('',#15355,.F.);
#15355 = EDGE_LOOP('',(#15356,#15362,#15363,#15364));
#15356 = ORIENTED_EDGE('',*,*,#15357,.T.);
#15357 = EDGE_CURVE('',#9841,#12486,#15358,.T.);
#15358 = LINE('',#15359,#15360);
#15359 = CARTESIAN_POINT('',(106.365,-89.71,-4.6E-02));
#15360 = VECTOR('',#15361,1.);
#15361 = DIRECTION('',(0.,0.,1.));
#15362 = ORIENTED_EDGE('',*,*,#12485,.T.);
#15363 = ORIENTED_EDGE('',*,*,#15357,.F.);
#15364 = ORIENTED_EDGE('',*,*,#9840,.F.);
#15365 = CYLINDRICAL_SURFACE('',#15366,0.75);
#15366 = AXIS2_PLACEMENT_3D('',#15367,#15368,#15369);
#15367 = CARTESIAN_POINT('',(106.365,-88.96,-4.6E-02));
#15368 = DIRECTION('',(-0.,-0.,-1.));
#15369 = DIRECTION('',(-0.,-1.,0.));
#15370 = ADVANCED_FACE('',(#15371),#15387,.F.);
#15371 = FACE_BOUND('',#15372,.F.);
#15372 = EDGE_LOOP('',(#15373,#15374,#15380,#15381));
#15373 = ORIENTED_EDGE('',*,*,#9851,.T.);
#15374 = ORIENTED_EDGE('',*,*,#15375,.T.);
#15375 = EDGE_CURVE('',#9854,#12499,#15376,.T.);
#15376 = LINE('',#15377,#15378);
#15377 = CARTESIAN_POINT('',(92.056655,-75.456066,0.));
#15378 = VECTOR('',#15379,1.);
#15379 = DIRECTION('',(0.,0.,1.));
#15380 = ORIENTED_EDGE('',*,*,#12496,.F.);
#15381 = ORIENTED_EDGE('',*,*,#15382,.F.);
#15382 = EDGE_CURVE('',#9852,#12497,#15383,.T.);
#15383 = LINE('',#15384,#15385);
#15384 = CARTESIAN_POINT('',(92.743934,-76.143345,0.));
#15385 = VECTOR('',#15386,1.);
#15386 = DIRECTION('',(0.,0.,1.));
#15387 = CYLINDRICAL_SURFACE('',#15388,0.499999603944);
#15388 = AXIS2_PLACEMENT_3D('',#15389,#15390,#15391);
#15389 = CARTESIAN_POINT('',(92.31715788946,-75.88284211054,0.));
#15390 = DIRECTION('',(-0.,-0.,-1.));
#15391 = DIRECTION('',(0.853552897188,-0.521006191616,0.));
#15392 = ADVANCED_FACE('',(#15393),#15404,.T.);
#15393 = FACE_BOUND('',#15394,.T.);
#15394 = EDGE_LOOP('',(#15395,#15401,#15402,#15403));
#15395 = ORIENTED_EDGE('',*,*,#15396,.T.);
#15396 = EDGE_CURVE('',#9863,#12508,#15397,.T.);
#15397 = LINE('',#15398,#15399);
#15398 = CARTESIAN_POINT('',(92.7,-76.299647,0.));
#15399 = VECTOR('',#15400,1.);
#15400 = DIRECTION('',(0.,0.,1.));
#15401 = ORIENTED_EDGE('',*,*,#12507,.T.);
#15402 = ORIENTED_EDGE('',*,*,#15382,.F.);
#15403 = ORIENTED_EDGE('',*,*,#9862,.F.);
#15404 = CYLINDRICAL_SURFACE('',#15405,0.299998582341);
#15405 = AXIS2_PLACEMENT_3D('',#15406,#15407,#15408);
#15406 = CARTESIAN_POINT('',(92.99999858234,-76.29964624464,0.));
#15407 = DIRECTION('',(0.,0.,-1.));
#15408 = DIRECTION('',(-0.999999999997,-2.517861388613E-06,-0.));
#15409 = ADVANCED_FACE('',(#15410),#15421,.T.);
#15410 = FACE_BOUND('',#15411,.T.);
#15411 = EDGE_LOOP('',(#15412,#15413,#15414,#15420));
#15412 = ORIENTED_EDGE('',*,*,#15375,.T.);
#15413 = ORIENTED_EDGE('',*,*,#12661,.T.);
#15414 = ORIENTED_EDGE('',*,*,#15415,.F.);
#15415 = EDGE_CURVE('',#10009,#12654,#15416,.T.);
#15416 = LINE('',#15417,#15418);
#15417 = CARTESIAN_POINT('',(91.900353,-75.5,0.));
#15418 = VECTOR('',#15419,1.);
#15419 = DIRECTION('',(0.,0.,1.));
#15420 = ORIENTED_EDGE('',*,*,#10016,.F.);
#15421 = CYLINDRICAL_SURFACE('',#15422,0.299998582341);
#15422 = AXIS2_PLACEMENT_3D('',#15423,#15424,#15425);
#15423 = CARTESIAN_POINT('',(91.900353755355,-75.20000141766,0.));
#15424 = DIRECTION('',(0.,0.,-1.));
#15425 = DIRECTION('',(0.52100661085,-0.853552641289,0.));
#15426 = ADVANCED_FACE('',(#15427),#15438,.T.);
#15427 = FACE_BOUND('',#15428,.T.);
#15428 = EDGE_LOOP('',(#15429,#15435,#15436,#15437));
#15429 = ORIENTED_EDGE('',*,*,#15430,.T.);
#15430 = EDGE_CURVE('',#9872,#12517,#15431,.T.);
#15431 = LINE('',#15432,#15433);
#15432 = CARTESIAN_POINT('',(92.7,-77.,0.));
#15433 = VECTOR('',#15434,1.);
#15434 = DIRECTION('',(0.,0.,1.));
#15435 = ORIENTED_EDGE('',*,*,#12516,.T.);
#15436 = ORIENTED_EDGE('',*,*,#15396,.F.);
#15437 = ORIENTED_EDGE('',*,*,#9871,.F.);
#15438 = PLANE('',#15439);
#15439 = AXIS2_PLACEMENT_3D('',#15440,#15441,#15442);
#15440 = CARTESIAN_POINT('',(92.7,-77.,0.));
#15441 = DIRECTION('',(-1.,0.,0.));
#15442 = DIRECTION('',(0.,1.,0.));
#15443 = ADVANCED_FACE('',(#15444),#15455,.T.);
#15444 = FACE_BOUND('',#15445,.T.);
#15445 = EDGE_LOOP('',(#15446,#15447,#15448,#15454));
#15446 = ORIENTED_EDGE('',*,*,#15415,.T.);
#15447 = ORIENTED_EDGE('',*,*,#12653,.T.);
#15448 = ORIENTED_EDGE('',*,*,#15449,.F.);
#15449 = EDGE_CURVE('',#10001,#12646,#15450,.T.);
#15450 = LINE('',#15451,#15452);
#15451 = CARTESIAN_POINT('',(91.,-75.5,0.));
#15452 = VECTOR('',#15453,1.);
#15453 = DIRECTION('',(0.,0.,1.));
#15454 = ORIENTED_EDGE('',*,*,#10008,.F.);
#15455 = PLANE('',#15456);
#15456 = AXIS2_PLACEMENT_3D('',#15457,#15458,#15459);
#15457 = CARTESIAN_POINT('',(91.900353,-75.5,0.));
#15458 = DIRECTION('',(0.,-1.,0.));
#15459 = DIRECTION('',(-1.,0.,0.));
#15460 = ADVANCED_FACE('',(#15461),#15472,.T.);
#15461 = FACE_BOUND('',#15462,.T.);
#15462 = EDGE_LOOP('',(#15463,#15469,#15470,#15471));
#15463 = ORIENTED_EDGE('',*,*,#15464,.T.);
#15464 = EDGE_CURVE('',#9880,#12525,#15465,.T.);
#15465 = LINE('',#15466,#15467);
#15466 = CARTESIAN_POINT('',(92.7,-77.700353,0.));
#15467 = VECTOR('',#15468,1.);
#15468 = DIRECTION('',(0.,0.,1.));
#15469 = ORIENTED_EDGE('',*,*,#12524,.T.);
#15470 = ORIENTED_EDGE('',*,*,#15430,.F.);
#15471 = ORIENTED_EDGE('',*,*,#9879,.F.);
#15472 = PLANE('',#15473);
#15473 = AXIS2_PLACEMENT_3D('',#15474,#15475,#15476);
#15474 = CARTESIAN_POINT('',(92.7,-77.700353,0.));
#15475 = DIRECTION('',(-1.,0.,0.));
#15476 = DIRECTION('',(0.,1.,0.));
#15477 = ADVANCED_FACE('',(#15478),#15489,.T.);
#15478 = FACE_BOUND('',#15479,.T.);
#15479 = EDGE_LOOP('',(#15480,#15481,#15482,#15488));
#15480 = ORIENTED_EDGE('',*,*,#15449,.T.);
#15481 = ORIENTED_EDGE('',*,*,#12645,.T.);
#15482 = ORIENTED_EDGE('',*,*,#15483,.F.);
#15483 = EDGE_CURVE('',#9992,#12637,#15484,.T.);
#15484 = LINE('',#15485,#15486);
#15485 = CARTESIAN_POINT('',(90.099647,-75.5,0.));
#15486 = VECTOR('',#15487,1.);
#15487 = DIRECTION('',(0.,0.,1.));
#15488 = ORIENTED_EDGE('',*,*,#10000,.F.);
#15489 = PLANE('',#15490);
#15490 = AXIS2_PLACEMENT_3D('',#15491,#15492,#15493);
#15491 = CARTESIAN_POINT('',(91.,-75.5,0.));
#15492 = DIRECTION('',(0.,-1.,0.));
#15493 = DIRECTION('',(-1.,0.,0.));
#15494 = ADVANCED_FACE('',(#15495),#15506,.T.);
#15495 = FACE_BOUND('',#15496,.T.);
#15496 = EDGE_LOOP('',(#15497,#15503,#15504,#15505));
#15497 = ORIENTED_EDGE('',*,*,#15498,.T.);
#15498 = EDGE_CURVE('',#9888,#12533,#15499,.T.);
#15499 = LINE('',#15500,#15501);
#15500 = CARTESIAN_POINT('',(92.743934,-77.856655,0.));
#15501 = VECTOR('',#15502,1.);
#15502 = DIRECTION('',(0.,0.,1.));
#15503 = ORIENTED_EDGE('',*,*,#12532,.T.);
#15504 = ORIENTED_EDGE('',*,*,#15464,.F.);
#15505 = ORIENTED_EDGE('',*,*,#9887,.F.);
#15506 = CYLINDRICAL_SURFACE('',#15507,0.299998582341);
#15507 = AXIS2_PLACEMENT_3D('',#15508,#15509,#15510);
#15508 = CARTESIAN_POINT('',(92.99999858234,-77.70035375535,0.));
#15509 = DIRECTION('',(0.,0.,-1.));
#15510 = DIRECTION('',(-0.853552641289,-0.521006610849,-0.));
#15511 = ADVANCED_FACE('',(#15512),#15523,.T.);
#15512 = FACE_BOUND('',#15513,.T.);
#15513 = EDGE_LOOP('',(#15514,#15515,#15516,#15522));
#15514 = ORIENTED_EDGE('',*,*,#15483,.T.);
#15515 = ORIENTED_EDGE('',*,*,#12636,.T.);
#15516 = ORIENTED_EDGE('',*,*,#15517,.F.);
#15517 = EDGE_CURVE('',#9983,#12628,#15518,.T.);
#15518 = LINE('',#15519,#15520);
#15519 = CARTESIAN_POINT('',(89.943345,-75.456066,0.));
#15520 = VECTOR('',#15521,1.);
#15521 = DIRECTION('',(0.,0.,1.));
#15522 = ORIENTED_EDGE('',*,*,#9991,.F.);
#15523 = CYLINDRICAL_SURFACE('',#15524,0.299998582341);
#15524 = AXIS2_PLACEMENT_3D('',#15525,#15526,#15527);
#15525 = CARTESIAN_POINT('',(90.099646244645,-75.20000141766,0.));
#15526 = DIRECTION('',(0.,0.,-1.));
#15527 = DIRECTION('',(2.517861483353E-06,-0.999999999997,0.));
#15528 = ADVANCED_FACE('',(#15529),#15540,.F.);
#15529 = FACE_BOUND('',#15530,.F.);
#15530 = EDGE_LOOP('',(#15531,#15532,#15533,#15534));
#15531 = ORIENTED_EDGE('',*,*,#9896,.T.);
#15532 = ORIENTED_EDGE('',*,*,#15498,.T.);
#15533 = ORIENTED_EDGE('',*,*,#12541,.F.);
#15534 = ORIENTED_EDGE('',*,*,#15535,.F.);
#15535 = EDGE_CURVE('',#9897,#12542,#15536,.T.);
#15536 = LINE('',#15537,#15538);
#15537 = CARTESIAN_POINT('',(92.056655,-78.543934,0.));
#15538 = VECTOR('',#15539,1.);
#15539 = DIRECTION('',(0.,0.,1.));
#15540 = CYLINDRICAL_SURFACE('',#15541,0.499999603944);
#15541 = AXIS2_PLACEMENT_3D('',#15542,#15543,#15544);
#15542 = CARTESIAN_POINT('',(92.31715788946,-78.11715788946,0.));
#15543 = DIRECTION('',(-0.,-0.,-1.));
#15544 = DIRECTION('',(-0.521006191616,-0.853552897188,0.));
#15545 = ADVANCED_FACE('',(#15546),#15557,.F.);
#15546 = FACE_BOUND('',#15547,.F.);
#15547 = EDGE_LOOP('',(#15548,#15549,#15555,#15556));
#15548 = ORIENTED_EDGE('',*,*,#9982,.T.);
#15549 = ORIENTED_EDGE('',*,*,#15550,.T.);
#15550 = EDGE_CURVE('',#9974,#12619,#15551,.T.);
#15551 = LINE('',#15552,#15553);
#15552 = CARTESIAN_POINT('',(89.256066,-76.143345,0.));
#15553 = VECTOR('',#15554,1.);
#15554 = DIRECTION('',(0.,0.,1.));
#15555 = ORIENTED_EDGE('',*,*,#12627,.F.);
#15556 = ORIENTED_EDGE('',*,*,#15517,.F.);
#15557 = CYLINDRICAL_SURFACE('',#15558,0.499999603944);
#15558 = AXIS2_PLACEMENT_3D('',#15559,#15560,#15561);
#15559 = CARTESIAN_POINT('',(89.68284211054,-75.88284211054,0.));
#15560 = DIRECTION('',(-0.,-0.,-1.));
#15561 = DIRECTION('',(0.521006191616,0.853552897188,-0.));
#15562 = ADVANCED_FACE('',(#15563),#15574,.T.);
#15563 = FACE_BOUND('',#15564,.T.);
#15564 = EDGE_LOOP('',(#15565,#15571,#15572,#15573));
#15565 = ORIENTED_EDGE('',*,*,#15566,.T.);
#15566 = EDGE_CURVE('',#9906,#12551,#15567,.T.);
#15567 = LINE('',#15568,#15569);
#15568 = CARTESIAN_POINT('',(91.900353,-78.5,0.));
#15569 = VECTOR('',#15570,1.);
#15570 = DIRECTION('',(0.,0.,1.));
#15571 = ORIENTED_EDGE('',*,*,#12550,.T.);
#15572 = ORIENTED_EDGE('',*,*,#15535,.F.);
#15573 = ORIENTED_EDGE('',*,*,#9905,.F.);
#15574 = CYLINDRICAL_SURFACE('',#15575,0.299998582341);
#15575 = AXIS2_PLACEMENT_3D('',#15576,#15577,#15578);
#15576 = CARTESIAN_POINT('',(91.900353755355,-78.79999858234,0.));
#15577 = DIRECTION('',(0.,0.,-1.));
#15578 = DIRECTION('',(-2.517861483353E-06,0.999999999997,0.));
#15579 = ADVANCED_FACE('',(#15580),#15591,.T.);
#15580 = FACE_BOUND('',#15581,.T.);
#15581 = EDGE_LOOP('',(#15582,#15583,#15584,#15590));
#15582 = ORIENTED_EDGE('',*,*,#15550,.T.);
#15583 = ORIENTED_EDGE('',*,*,#12618,.T.);
#15584 = ORIENTED_EDGE('',*,*,#15585,.F.);
#15585 = EDGE_CURVE('',#9966,#12611,#15586,.T.);
#15586 = LINE('',#15587,#15588);
#15587 = CARTESIAN_POINT('',(89.3,-76.299647,0.));
#15588 = VECTOR('',#15589,1.);
#15589 = DIRECTION('',(0.,0.,1.));
#15590 = ORIENTED_EDGE('',*,*,#9973,.F.);
#15591 = CYLINDRICAL_SURFACE('',#15592,0.299998582341);
#15592 = AXIS2_PLACEMENT_3D('',#15593,#15594,#15595);
#15593 = CARTESIAN_POINT('',(89.00000141766,-76.29964624464,0.));
#15594 = DIRECTION('',(0.,0.,-1.));
#15595 = DIRECTION('',(0.853552641289,0.521006610849,0.));
#15596 = ADVANCED_FACE('',(#15597),#15608,.T.);
#15597 = FACE_BOUND('',#15598,.T.);
#15598 = EDGE_LOOP('',(#15599,#15605,#15606,#15607));
#15599 = ORIENTED_EDGE('',*,*,#15600,.T.);
#15600 = EDGE_CURVE('',#9915,#12560,#15601,.T.);
#15601 = LINE('',#15602,#15603);
#15602 = CARTESIAN_POINT('',(91.,-78.5,0.));
#15603 = VECTOR('',#15604,1.);
#15604 = DIRECTION('',(0.,0.,1.));
#15605 = ORIENTED_EDGE('',*,*,#12559,.T.);
#15606 = ORIENTED_EDGE('',*,*,#15566,.F.);
#15607 = ORIENTED_EDGE('',*,*,#9914,.F.);
#15608 = PLANE('',#15609);
#15609 = AXIS2_PLACEMENT_3D('',#15610,#15611,#15612);
#15610 = CARTESIAN_POINT('',(91.,-78.5,0.));
#15611 = DIRECTION('',(0.,1.,0.));
#15612 = DIRECTION('',(1.,0.,0.));
#15613 = ADVANCED_FACE('',(#15614),#15625,.T.);
#15614 = FACE_BOUND('',#15615,.T.);
#15615 = EDGE_LOOP('',(#15616,#15617,#15618,#15624));
#15616 = ORIENTED_EDGE('',*,*,#15585,.T.);
#15617 = ORIENTED_EDGE('',*,*,#12610,.T.);
#15618 = ORIENTED_EDGE('',*,*,#15619,.F.);
#15619 = EDGE_CURVE('',#9958,#12603,#15620,.T.);
#15620 = LINE('',#15621,#15622);
#15621 = CARTESIAN_POINT('',(89.3,-77.,0.));
#15622 = VECTOR('',#15623,1.);
#15623 = DIRECTION('',(0.,0.,1.));
#15624 = ORIENTED_EDGE('',*,*,#9965,.F.);
#15625 = PLANE('',#15626);
#15626 = AXIS2_PLACEMENT_3D('',#15627,#15628,#15629);
#15627 = CARTESIAN_POINT('',(89.3,-76.299647,0.));
#15628 = DIRECTION('',(1.,0.,-0.));
#15629 = DIRECTION('',(0.,-1.,0.));
#15630 = ADVANCED_FACE('',(#15631),#15642,.T.);
#15631 = FACE_BOUND('',#15632,.T.);
#15632 = EDGE_LOOP('',(#15633,#15639,#15640,#15641));
#15633 = ORIENTED_EDGE('',*,*,#15634,.T.);
#15634 = EDGE_CURVE('',#9923,#12568,#15635,.T.);
#15635 = LINE('',#15636,#15637);
#15636 = CARTESIAN_POINT('',(90.099647,-78.5,0.));
#15637 = VECTOR('',#15638,1.);
#15638 = DIRECTION('',(0.,0.,1.));
#15639 = ORIENTED_EDGE('',*,*,#12567,.T.);
#15640 = ORIENTED_EDGE('',*,*,#15600,.F.);
#15641 = ORIENTED_EDGE('',*,*,#9922,.F.);
#15642 = PLANE('',#15643);
#15643 = AXIS2_PLACEMENT_3D('',#15644,#15645,#15646);
#15644 = CARTESIAN_POINT('',(90.099647,-78.5,0.));
#15645 = DIRECTION('',(0.,1.,0.));
#15646 = DIRECTION('',(1.,0.,0.));
#15647 = ADVANCED_FACE('',(#15648),#15659,.T.);
#15648 = FACE_BOUND('',#15649,.T.);
#15649 = EDGE_LOOP('',(#15650,#15651,#15652,#15658));
#15650 = ORIENTED_EDGE('',*,*,#15619,.T.);
#15651 = ORIENTED_EDGE('',*,*,#12602,.T.);
#15652 = ORIENTED_EDGE('',*,*,#15653,.F.);
#15653 = EDGE_CURVE('',#9949,#12594,#15654,.T.);
#15654 = LINE('',#15655,#15656);
#15655 = CARTESIAN_POINT('',(89.3,-77.700353,0.));
#15656 = VECTOR('',#15657,1.);
#15657 = DIRECTION('',(0.,0.,1.));
#15658 = ORIENTED_EDGE('',*,*,#9957,.F.);
#15659 = PLANE('',#15660);
#15660 = AXIS2_PLACEMENT_3D('',#15661,#15662,#15663);
#15661 = CARTESIAN_POINT('',(89.3,-77.,0.));
#15662 = DIRECTION('',(1.,0.,-0.));
#15663 = DIRECTION('',(0.,-1.,0.));
#15664 = ADVANCED_FACE('',(#15665),#15676,.T.);
#15665 = FACE_BOUND('',#15666,.T.);
#15666 = EDGE_LOOP('',(#15667,#15673,#15674,#15675));
#15667 = ORIENTED_EDGE('',*,*,#15668,.T.);
#15668 = EDGE_CURVE('',#9931,#12576,#15669,.T.);
#15669 = LINE('',#15670,#15671);
#15670 = CARTESIAN_POINT('',(89.943345,-78.543934,0.));
#15671 = VECTOR('',#15672,1.);
#15672 = DIRECTION('',(0.,0.,1.));
#15673 = ORIENTED_EDGE('',*,*,#12575,.T.);
#15674 = ORIENTED_EDGE('',*,*,#15634,.F.);
#15675 = ORIENTED_EDGE('',*,*,#9930,.F.);
#15676 = CYLINDRICAL_SURFACE('',#15677,0.299998582341);
#15677 = AXIS2_PLACEMENT_3D('',#15678,#15679,#15680);
#15678 = CARTESIAN_POINT('',(90.099646244645,-78.79999858234,0.));
#15679 = DIRECTION('',(0.,0.,-1.));
#15680 = DIRECTION('',(-0.52100661085,0.853552641289,0.));
#15681 = ADVANCED_FACE('',(#15682),#15693,.T.);
#15682 = FACE_BOUND('',#15683,.T.);
#15683 = EDGE_LOOP('',(#15684,#15685,#15686,#15692));
#15684 = ORIENTED_EDGE('',*,*,#15653,.T.);
#15685 = ORIENTED_EDGE('',*,*,#12593,.T.);
#15686 = ORIENTED_EDGE('',*,*,#15687,.F.);
#15687 = EDGE_CURVE('',#9940,#12585,#15688,.T.);
#15688 = LINE('',#15689,#15690);
#15689 = CARTESIAN_POINT('',(89.256066,-77.856655,0.));
#15690 = VECTOR('',#15691,1.);
#15691 = DIRECTION('',(0.,0.,1.));
#15692 = ORIENTED_EDGE('',*,*,#9948,.F.);
#15693 = CYLINDRICAL_SURFACE('',#15694,0.299998582341);
#15694 = AXIS2_PLACEMENT_3D('',#15695,#15696,#15697);
#15695 = CARTESIAN_POINT('',(89.00000141766,-77.70035375535,0.));
#15696 = DIRECTION('',(0.,0.,-1.));
#15697 = DIRECTION('',(0.999999999997,2.517861388613E-06,0.));
#15698 = ADVANCED_FACE('',(#15699),#15705,.F.);
#15699 = FACE_BOUND('',#15700,.F.);
#15700 = EDGE_LOOP('',(#15701,#15702,#15703,#15704));
#15701 = ORIENTED_EDGE('',*,*,#9939,.T.);
#15702 = ORIENTED_EDGE('',*,*,#15668,.T.);
#15703 = ORIENTED_EDGE('',*,*,#12584,.F.);
#15704 = ORIENTED_EDGE('',*,*,#15687,.F.);
#15705 = CYLINDRICAL_SURFACE('',#15706,0.499999603944);
#15706 = AXIS2_PLACEMENT_3D('',#15707,#15708,#15709);
#15707 = CARTESIAN_POINT('',(89.68284211054,-78.11715788946,0.));
#15708 = DIRECTION('',(-0.,-0.,-1.));
#15709 = DIRECTION('',(-0.853552897188,0.521006191616,0.));
#15710 = ADVANCED_FACE('',(#15711),#15722,.F.);
#15711 = FACE_BOUND('',#15712,.F.);
#15712 = EDGE_LOOP('',(#15713,#15719,#15720,#15721));
#15713 = ORIENTED_EDGE('',*,*,#15714,.T.);
#15714 = EDGE_CURVE('',#10026,#12671,#15715,.T.);
#15715 = LINE('',#15716,#15717);
#15716 = CARTESIAN_POINT('',(90.96,-74.5,-4.6E-02));
#15717 = VECTOR('',#15718,1.);
#15718 = DIRECTION('',(0.,0.,1.));
#15719 = ORIENTED_EDGE('',*,*,#12670,.T.);
#15720 = ORIENTED_EDGE('',*,*,#15714,.F.);
#15721 = ORIENTED_EDGE('',*,*,#10025,.F.);
#15722 = CYLINDRICAL_SURFACE('',#15723,2.);
#15723 = AXIS2_PLACEMENT_3D('',#15724,#15725,#15726);
#15724 = CARTESIAN_POINT('',(90.96,-72.5,-4.6E-02));
#15725 = DIRECTION('',(-0.,-0.,-1.));
#15726 = DIRECTION('',(-0.,-1.,0.));
#15727 = ADVANCED_FACE('',(#15728),#15739,.F.);
#15728 = FACE_BOUND('',#15729,.F.);
#15729 = EDGE_LOOP('',(#15730,#15736,#15737,#15738));
#15730 = ORIENTED_EDGE('',*,*,#15731,.T.);
#15731 = EDGE_CURVE('',#10037,#12682,#15732,.T.);
#15732 = LINE('',#15733,#15734);
#15733 = CARTESIAN_POINT('',(96.04,-73.35,-4.6E-02));
#15734 = VECTOR('',#15735,1.);
#15735 = DIRECTION('',(0.,0.,1.));
#15736 = ORIENTED_EDGE('',*,*,#12681,.T.);
#15737 = ORIENTED_EDGE('',*,*,#15731,.F.);
#15738 = ORIENTED_EDGE('',*,*,#10036,.F.);
#15739 = CYLINDRICAL_SURFACE('',#15740,0.85);
#15740 = AXIS2_PLACEMENT_3D('',#15741,#15742,#15743);
#15741 = CARTESIAN_POINT('',(96.04,-72.5,-4.6E-02));
#15742 = DIRECTION('',(-0.,0.,-1.));
#15743 = DIRECTION('',(1.671865260612E-14,-1.,-0.));
#15744 = ADVANCED_FACE('',(#15745),#15756,.F.);
#15745 = FACE_BOUND('',#15746,.F.);
#15746 = EDGE_LOOP('',(#15747,#15753,#15754,#15755));
#15747 = ORIENTED_EDGE('',*,*,#15748,.T.);
#15748 = EDGE_CURVE('',#10048,#12693,#15749,.T.);
#15749 = LINE('',#15750,#15751);
#15750 = CARTESIAN_POINT('',(100.595,-81.21,-4.6E-02));
#15751 = VECTOR('',#15752,1.);
#15752 = DIRECTION('',(0.,0.,1.));
#15753 = ORIENTED_EDGE('',*,*,#12692,.T.);
#15754 = ORIENTED_EDGE('',*,*,#15748,.F.);
#15755 = ORIENTED_EDGE('',*,*,#10047,.F.);
#15756 = CYLINDRICAL_SURFACE('',#15757,0.4);
#15757 = AXIS2_PLACEMENT_3D('',#15758,#15759,#15760);
#15758 = CARTESIAN_POINT('',(100.595,-80.81,-4.6E-02));
#15759 = DIRECTION('',(-0.,-0.,-1.));
#15760 = DIRECTION('',(-0.,-1.,0.));
#15761 = ADVANCED_FACE('',(#15762),#15773,.F.);
#15762 = FACE_BOUND('',#15763,.F.);
#15763 = EDGE_LOOP('',(#15764,#15770,#15771,#15772));
#15764 = ORIENTED_EDGE('',*,*,#15765,.T.);
#15765 = EDGE_CURVE('',#10059,#12704,#15766,.T.);
#15766 = LINE('',#15767,#15768);
#15767 = CARTESIAN_POINT('',(100.595,-73.59,-4.6E-02));
#15768 = VECTOR('',#15769,1.);
#15769 = DIRECTION('',(0.,0.,1.));
#15770 = ORIENTED_EDGE('',*,*,#12703,.T.);
#15771 = ORIENTED_EDGE('',*,*,#15765,.F.);
#15772 = ORIENTED_EDGE('',*,*,#10058,.F.);
#15773 = CYLINDRICAL_SURFACE('',#15774,0.4);
#15774 = AXIS2_PLACEMENT_3D('',#15775,#15776,#15777);
#15775 = CARTESIAN_POINT('',(100.595,-73.19,-4.6E-02));
#15776 = DIRECTION('',(-0.,-0.,-1.));
#15777 = DIRECTION('',(-0.,-1.,0.));
#15778 = ADVANCED_FACE('',(#15779),#15790,.F.);
#15779 = FACE_BOUND('',#15780,.F.);
#15780 = EDGE_LOOP('',(#15781,#15787,#15788,#15789));
#15781 = ORIENTED_EDGE('',*,*,#15782,.T.);
#15782 = EDGE_CURVE('',#10070,#12715,#15783,.T.);
#15783 = LINE('',#15784,#15785);
#15784 = CARTESIAN_POINT('',(105.015,-73.35,-4.6E-02));
#15785 = VECTOR('',#15786,1.);
#15786 = DIRECTION('',(0.,0.,1.));
#15787 = ORIENTED_EDGE('',*,*,#12714,.T.);
#15788 = ORIENTED_EDGE('',*,*,#15782,.F.);
#15789 = ORIENTED_EDGE('',*,*,#10069,.F.);
#15790 = CYLINDRICAL_SURFACE('',#15791,0.85);
#15791 = AXIS2_PLACEMENT_3D('',#15792,#15793,#15794);
#15792 = CARTESIAN_POINT('',(105.015,-72.5,-4.6E-02));
#15793 = DIRECTION('',(-0.,-0.,-1.));
#15794 = DIRECTION('',(-0.,-1.,0.));
#15795 = ADVANCED_FACE('',(#15796),#15812,.F.);
#15796 = FACE_BOUND('',#15797,.F.);
#15797 = EDGE_LOOP('',(#15798,#15799,#15805,#15806));
#15798 = ORIENTED_EDGE('',*,*,#10080,.T.);
#15799 = ORIENTED_EDGE('',*,*,#15800,.T.);
#15800 = EDGE_CURVE('',#10083,#12728,#15801,.T.);
#15801 = LINE('',#15802,#15803);
#15802 = CARTESIAN_POINT('',(111.651655,-94.456066,0.));
#15803 = VECTOR('',#15804,1.);
#15804 = DIRECTION('',(0.,0.,1.));
#15805 = ORIENTED_EDGE('',*,*,#12725,.F.);
#15806 = ORIENTED_EDGE('',*,*,#15807,.F.);
#15807 = EDGE_CURVE('',#10081,#12726,#15808,.T.);
#15808 = LINE('',#15809,#15810);
#15809 = CARTESIAN_POINT('',(112.338934,-95.143345,0.));
#15810 = VECTOR('',#15811,1.);
#15811 = DIRECTION('',(0.,0.,1.));
#15812 = CYLINDRICAL_SURFACE('',#15813,0.499999603944);
#15813 = AXIS2_PLACEMENT_3D('',#15814,#15815,#15816);
#15814 = CARTESIAN_POINT('',(111.91215788946,-94.88284211054,0.));
#15815 = DIRECTION('',(-0.,-0.,-1.));
#15816 = DIRECTION('',(0.853552897188,-0.521006191616,0.));
#15817 = ADVANCED_FACE('',(#15818),#15829,.T.);
#15818 = FACE_BOUND('',#15819,.T.);
#15819 = EDGE_LOOP('',(#15820,#15826,#15827,#15828));
#15820 = ORIENTED_EDGE('',*,*,#15821,.T.);
#15821 = EDGE_CURVE('',#10092,#12737,#15822,.T.);
#15822 = LINE('',#15823,#15824);
#15823 = CARTESIAN_POINT('',(112.295,-95.299647,0.));
#15824 = VECTOR('',#15825,1.);
#15825 = DIRECTION('',(0.,0.,1.));
#15826 = ORIENTED_EDGE('',*,*,#12736,.T.);
#15827 = ORIENTED_EDGE('',*,*,#15807,.F.);
#15828 = ORIENTED_EDGE('',*,*,#10091,.F.);
#15829 = CYLINDRICAL_SURFACE('',#15830,0.299998582341);
#15830 = AXIS2_PLACEMENT_3D('',#15831,#15832,#15833);
#15831 = CARTESIAN_POINT('',(112.59499858234,-95.29964624464,0.));
#15832 = DIRECTION('',(0.,0.,-1.));
#15833 = DIRECTION('',(-0.999999999997,-2.517861388613E-06,-0.));
#15834 = ADVANCED_FACE('',(#15835),#15846,.T.);
#15835 = FACE_BOUND('',#15836,.T.);
#15836 = EDGE_LOOP('',(#15837,#15838,#15839,#15845));
#15837 = ORIENTED_EDGE('',*,*,#15800,.T.);
#15838 = ORIENTED_EDGE('',*,*,#12890,.T.);
#15839 = ORIENTED_EDGE('',*,*,#15840,.F.);
#15840 = EDGE_CURVE('',#10238,#12883,#15841,.T.);
#15841 = LINE('',#15842,#15843);
#15842 = CARTESIAN_POINT('',(111.495353,-94.5,0.));
#15843 = VECTOR('',#15844,1.);
#15844 = DIRECTION('',(0.,0.,1.));
#15845 = ORIENTED_EDGE('',*,*,#10245,.F.);
#15846 = CYLINDRICAL_SURFACE('',#15847,0.299998582341);
#15847 = AXIS2_PLACEMENT_3D('',#15848,#15849,#15850);
#15848 = CARTESIAN_POINT('',(111.49535375535,-94.20000141766,0.));
#15849 = DIRECTION('',(0.,0.,-1.));
#15850 = DIRECTION('',(0.52100661085,-0.853552641289,0.));
#15851 = ADVANCED_FACE('',(#15852),#15863,.T.);
#15852 = FACE_BOUND('',#15853,.T.);
#15853 = EDGE_LOOP('',(#15854,#15860,#15861,#15862));
#15854 = ORIENTED_EDGE('',*,*,#15855,.T.);
#15855 = EDGE_CURVE('',#10101,#12746,#15856,.T.);
#15856 = LINE('',#15857,#15858);
#15857 = CARTESIAN_POINT('',(112.295,-96.,0.));
#15858 = VECTOR('',#15859,1.);
#15859 = DIRECTION('',(0.,0.,1.));
#15860 = ORIENTED_EDGE('',*,*,#12745,.T.);
#15861 = ORIENTED_EDGE('',*,*,#15821,.F.);
#15862 = ORIENTED_EDGE('',*,*,#10100,.F.);
#15863 = PLANE('',#15864);
#15864 = AXIS2_PLACEMENT_3D('',#15865,#15866,#15867);
#15865 = CARTESIAN_POINT('',(112.295,-96.,0.));
#15866 = DIRECTION('',(-1.,0.,0.));
#15867 = DIRECTION('',(0.,1.,0.));
#15868 = ADVANCED_FACE('',(#15869),#15880,.T.);
#15869 = FACE_BOUND('',#15870,.T.);
#15870 = EDGE_LOOP('',(#15871,#15872,#15873,#15879));
#15871 = ORIENTED_EDGE('',*,*,#15840,.T.);
#15872 = ORIENTED_EDGE('',*,*,#12882,.T.);
#15873 = ORIENTED_EDGE('',*,*,#15874,.F.);
#15874 = EDGE_CURVE('',#10230,#12875,#15875,.T.);
#15875 = LINE('',#15876,#15877);
#15876 = CARTESIAN_POINT('',(110.595,-94.5,0.));
#15877 = VECTOR('',#15878,1.);
#15878 = DIRECTION('',(0.,0.,1.));
#15879 = ORIENTED_EDGE('',*,*,#10237,.F.);
#15880 = PLANE('',#15881);
#15881 = AXIS2_PLACEMENT_3D('',#15882,#15883,#15884);
#15882 = CARTESIAN_POINT('',(111.495353,-94.5,0.));
#15883 = DIRECTION('',(0.,-1.,0.));
#15884 = DIRECTION('',(-1.,0.,0.));
#15885 = ADVANCED_FACE('',(#15886),#15897,.T.);
#15886 = FACE_BOUND('',#15887,.T.);
#15887 = EDGE_LOOP('',(#15888,#15894,#15895,#15896));
#15888 = ORIENTED_EDGE('',*,*,#15889,.T.);
#15889 = EDGE_CURVE('',#10109,#12754,#15890,.T.);
#15890 = LINE('',#15891,#15892);
#15891 = CARTESIAN_POINT('',(112.295,-96.700353,0.));
#15892 = VECTOR('',#15893,1.);
#15893 = DIRECTION('',(0.,0.,1.));
#15894 = ORIENTED_EDGE('',*,*,#12753,.T.);
#15895 = ORIENTED_EDGE('',*,*,#15855,.F.);
#15896 = ORIENTED_EDGE('',*,*,#10108,.F.);
#15897 = PLANE('',#15898);
#15898 = AXIS2_PLACEMENT_3D('',#15899,#15900,#15901);
#15899 = CARTESIAN_POINT('',(112.295,-96.700353,0.));
#15900 = DIRECTION('',(-1.,0.,0.));
#15901 = DIRECTION('',(0.,1.,0.));
#15902 = ADVANCED_FACE('',(#15903),#15914,.T.);
#15903 = FACE_BOUND('',#15904,.T.);
#15904 = EDGE_LOOP('',(#15905,#15906,#15907,#15913));
#15905 = ORIENTED_EDGE('',*,*,#15874,.T.);
#15906 = ORIENTED_EDGE('',*,*,#12874,.T.);
#15907 = ORIENTED_EDGE('',*,*,#15908,.F.);
#15908 = EDGE_CURVE('',#10221,#12866,#15909,.T.);
#15909 = LINE('',#15910,#15911);
#15910 = CARTESIAN_POINT('',(109.694647,-94.5,0.));
#15911 = VECTOR('',#15912,1.);
#15912 = DIRECTION('',(0.,0.,1.));
#15913 = ORIENTED_EDGE('',*,*,#10229,.F.);
#15914 = PLANE('',#15915);
#15915 = AXIS2_PLACEMENT_3D('',#15916,#15917,#15918);
#15916 = CARTESIAN_POINT('',(110.595,-94.5,0.));
#15917 = DIRECTION('',(0.,-1.,0.));
#15918 = DIRECTION('',(-1.,0.,0.));
#15919 = ADVANCED_FACE('',(#15920),#15931,.T.);
#15920 = FACE_BOUND('',#15921,.T.);
#15921 = EDGE_LOOP('',(#15922,#15928,#15929,#15930));
#15922 = ORIENTED_EDGE('',*,*,#15923,.T.);
#15923 = EDGE_CURVE('',#10117,#12762,#15924,.T.);
#15924 = LINE('',#15925,#15926);
#15925 = CARTESIAN_POINT('',(112.338934,-96.856655,0.));
#15926 = VECTOR('',#15927,1.);
#15927 = DIRECTION('',(0.,0.,1.));
#15928 = ORIENTED_EDGE('',*,*,#12761,.T.);
#15929 = ORIENTED_EDGE('',*,*,#15889,.F.);
#15930 = ORIENTED_EDGE('',*,*,#10116,.F.);
#15931 = CYLINDRICAL_SURFACE('',#15932,0.299998582341);
#15932 = AXIS2_PLACEMENT_3D('',#15933,#15934,#15935);
#15933 = CARTESIAN_POINT('',(112.59499858234,-96.70035375535,0.));
#15934 = DIRECTION('',(0.,0.,-1.));
#15935 = DIRECTION('',(-0.853552641289,-0.521006610849,-0.));
#15936 = ADVANCED_FACE('',(#15937),#15948,.T.);
#15937 = FACE_BOUND('',#15938,.T.);
#15938 = EDGE_LOOP('',(#15939,#15940,#15941,#15947));
#15939 = ORIENTED_EDGE('',*,*,#15908,.T.);
#15940 = ORIENTED_EDGE('',*,*,#12865,.T.);
#15941 = ORIENTED_EDGE('',*,*,#15942,.F.);
#15942 = EDGE_CURVE('',#10212,#12857,#15943,.T.);
#15943 = LINE('',#15944,#15945);
#15944 = CARTESIAN_POINT('',(109.538345,-94.456066,0.));
#15945 = VECTOR('',#15946,1.);
#15946 = DIRECTION('',(0.,0.,1.));
#15947 = ORIENTED_EDGE('',*,*,#10220,.F.);
#15948 = CYLINDRICAL_SURFACE('',#15949,0.299998582341);
#15949 = AXIS2_PLACEMENT_3D('',#15950,#15951,#15952);
#15950 = CARTESIAN_POINT('',(109.69464624464,-94.20000141766,0.));
#15951 = DIRECTION('',(0.,0.,-1.));
#15952 = DIRECTION('',(2.517861530723E-06,-0.999999999997,0.));
#15953 = ADVANCED_FACE('',(#15954),#15965,.F.);
#15954 = FACE_BOUND('',#15955,.F.);
#15955 = EDGE_LOOP('',(#15956,#15957,#15958,#15959));
#15956 = ORIENTED_EDGE('',*,*,#10125,.T.);
#15957 = ORIENTED_EDGE('',*,*,#15923,.T.);
#15958 = ORIENTED_EDGE('',*,*,#12770,.F.);
#15959 = ORIENTED_EDGE('',*,*,#15960,.F.);
#15960 = EDGE_CURVE('',#10126,#12771,#15961,.T.);
#15961 = LINE('',#15962,#15963);
#15962 = CARTESIAN_POINT('',(111.651655,-97.543934,0.));
#15963 = VECTOR('',#15964,1.);
#15964 = DIRECTION('',(0.,0.,1.));
#15965 = CYLINDRICAL_SURFACE('',#15966,0.499999603944);
#15966 = AXIS2_PLACEMENT_3D('',#15967,#15968,#15969);
#15967 = CARTESIAN_POINT('',(111.91215788946,-97.11715788946,0.));
#15968 = DIRECTION('',(-0.,-0.,-1.));
#15969 = DIRECTION('',(-0.521006191616,-0.853552897188,0.));
#15970 = ADVANCED_FACE('',(#15971),#15982,.F.);
#15971 = FACE_BOUND('',#15972,.F.);
#15972 = EDGE_LOOP('',(#15973,#15974,#15980,#15981));
#15973 = ORIENTED_EDGE('',*,*,#10211,.T.);
#15974 = ORIENTED_EDGE('',*,*,#15975,.T.);
#15975 = EDGE_CURVE('',#10203,#12848,#15976,.T.);
#15976 = LINE('',#15977,#15978);
#15977 = CARTESIAN_POINT('',(108.851066,-95.143345,0.));
#15978 = VECTOR('',#15979,1.);
#15979 = DIRECTION('',(0.,0.,1.));
#15980 = ORIENTED_EDGE('',*,*,#12856,.F.);
#15981 = ORIENTED_EDGE('',*,*,#15942,.F.);
#15982 = CYLINDRICAL_SURFACE('',#15983,0.499999603944);
#15983 = AXIS2_PLACEMENT_3D('',#15984,#15985,#15986);
#15984 = CARTESIAN_POINT('',(109.27784211054,-94.88284211054,0.));
#15985 = DIRECTION('',(-0.,-0.,-1.));
#15986 = DIRECTION('',(0.521006191616,0.853552897188,-0.));
#15987 = ADVANCED_FACE('',(#15988),#15999,.T.);
#15988 = FACE_BOUND('',#15989,.T.);
#15989 = EDGE_LOOP('',(#15990,#15996,#15997,#15998));
#15990 = ORIENTED_EDGE('',*,*,#15991,.T.);
#15991 = EDGE_CURVE('',#10135,#12780,#15992,.T.);
#15992 = LINE('',#15993,#15994);
#15993 = CARTESIAN_POINT('',(111.495353,-97.5,0.));
#15994 = VECTOR('',#15995,1.);
#15995 = DIRECTION('',(0.,0.,1.));
#15996 = ORIENTED_EDGE('',*,*,#12779,.T.);
#15997 = ORIENTED_EDGE('',*,*,#15960,.F.);
#15998 = ORIENTED_EDGE('',*,*,#10134,.F.);
#15999 = CYLINDRICAL_SURFACE('',#16000,0.299998582341);
#16000 = AXIS2_PLACEMENT_3D('',#16001,#16002,#16003);
#16001 = CARTESIAN_POINT('',(111.49535375535,-97.79999858234,0.));
#16002 = DIRECTION('',(0.,0.,-1.));
#16003 = DIRECTION('',(-2.517861483353E-06,0.999999999997,0.));
#16004 = ADVANCED_FACE('',(#16005),#16016,.T.);
#16005 = FACE_BOUND('',#16006,.T.);
#16006 = EDGE_LOOP('',(#16007,#16008,#16009,#16015));
#16007 = ORIENTED_EDGE('',*,*,#15975,.T.);
#16008 = ORIENTED_EDGE('',*,*,#12847,.T.);
#16009 = ORIENTED_EDGE('',*,*,#16010,.F.);
#16010 = EDGE_CURVE('',#10195,#12840,#16011,.T.);
#16011 = LINE('',#16012,#16013);
#16012 = CARTESIAN_POINT('',(108.895,-95.299647,0.));
#16013 = VECTOR('',#16014,1.);
#16014 = DIRECTION('',(0.,0.,1.));
#16015 = ORIENTED_EDGE('',*,*,#10202,.F.);
#16016 = CYLINDRICAL_SURFACE('',#16017,0.299998582341);
#16017 = AXIS2_PLACEMENT_3D('',#16018,#16019,#16020);
#16018 = CARTESIAN_POINT('',(108.59500141766,-95.29964624464,0.));
#16019 = DIRECTION('',(0.,0.,-1.));
#16020 = DIRECTION('',(0.853552641289,0.521006610849,0.));
#16021 = ADVANCED_FACE('',(#16022),#16033,.T.);
#16022 = FACE_BOUND('',#16023,.T.);
#16023 = EDGE_LOOP('',(#16024,#16030,#16031,#16032));
#16024 = ORIENTED_EDGE('',*,*,#16025,.T.);
#16025 = EDGE_CURVE('',#10144,#12789,#16026,.T.);
#16026 = LINE('',#16027,#16028);
#16027 = CARTESIAN_POINT('',(110.595,-97.5,0.));
#16028 = VECTOR('',#16029,1.);
#16029 = DIRECTION('',(0.,0.,1.));
#16030 = ORIENTED_EDGE('',*,*,#12788,.T.);
#16031 = ORIENTED_EDGE('',*,*,#15991,.F.);
#16032 = ORIENTED_EDGE('',*,*,#10143,.F.);
#16033 = PLANE('',#16034);
#16034 = AXIS2_PLACEMENT_3D('',#16035,#16036,#16037);
#16035 = CARTESIAN_POINT('',(110.595,-97.5,0.));
#16036 = DIRECTION('',(0.,1.,0.));
#16037 = DIRECTION('',(1.,0.,0.));
#16038 = ADVANCED_FACE('',(#16039),#16050,.T.);
#16039 = FACE_BOUND('',#16040,.T.);
#16040 = EDGE_LOOP('',(#16041,#16042,#16043,#16049));
#16041 = ORIENTED_EDGE('',*,*,#16010,.T.);
#16042 = ORIENTED_EDGE('',*,*,#12839,.T.);
#16043 = ORIENTED_EDGE('',*,*,#16044,.F.);
#16044 = EDGE_CURVE('',#10187,#12832,#16045,.T.);
#16045 = LINE('',#16046,#16047);
#16046 = CARTESIAN_POINT('',(108.895,-96.,0.));
#16047 = VECTOR('',#16048,1.);
#16048 = DIRECTION('',(0.,0.,1.));
#16049 = ORIENTED_EDGE('',*,*,#10194,.F.);
#16050 = PLANE('',#16051);
#16051 = AXIS2_PLACEMENT_3D('',#16052,#16053,#16054);
#16052 = CARTESIAN_POINT('',(108.895,-95.299647,0.));
#16053 = DIRECTION('',(1.,0.,-0.));
#16054 = DIRECTION('',(0.,-1.,0.));
#16055 = ADVANCED_FACE('',(#16056),#16067,.T.);
#16056 = FACE_BOUND('',#16057,.T.);
#16057 = EDGE_LOOP('',(#16058,#16064,#16065,#16066));
#16058 = ORIENTED_EDGE('',*,*,#16059,.T.);
#16059 = EDGE_CURVE('',#10152,#12797,#16060,.T.);
#16060 = LINE('',#16061,#16062);
#16061 = CARTESIAN_POINT('',(109.694647,-97.5,0.));
#16062 = VECTOR('',#16063,1.);
#16063 = DIRECTION('',(0.,0.,1.));
#16064 = ORIENTED_EDGE('',*,*,#12796,.T.);
#16065 = ORIENTED_EDGE('',*,*,#16025,.F.);
#16066 = ORIENTED_EDGE('',*,*,#10151,.F.);
#16067 = PLANE('',#16068);
#16068 = AXIS2_PLACEMENT_3D('',#16069,#16070,#16071);
#16069 = CARTESIAN_POINT('',(109.694647,-97.5,0.));
#16070 = DIRECTION('',(0.,1.,0.));
#16071 = DIRECTION('',(1.,0.,0.));
#16072 = ADVANCED_FACE('',(#16073),#16084,.T.);
#16073 = FACE_BOUND('',#16074,.T.);
#16074 = EDGE_LOOP('',(#16075,#16076,#16077,#16083));
#16075 = ORIENTED_EDGE('',*,*,#16044,.T.);
#16076 = ORIENTED_EDGE('',*,*,#12831,.T.);
#16077 = ORIENTED_EDGE('',*,*,#16078,.F.);
#16078 = EDGE_CURVE('',#10178,#12823,#16079,.T.);
#16079 = LINE('',#16080,#16081);
#16080 = CARTESIAN_POINT('',(108.895,-96.700353,0.));
#16081 = VECTOR('',#16082,1.);
#16082 = DIRECTION('',(0.,0.,1.));
#16083 = ORIENTED_EDGE('',*,*,#10186,.F.);
#16084 = PLANE('',#16085);
#16085 = AXIS2_PLACEMENT_3D('',#16086,#16087,#16088);
#16086 = CARTESIAN_POINT('',(108.895,-96.,0.));
#16087 = DIRECTION('',(1.,0.,-0.));
#16088 = DIRECTION('',(0.,-1.,0.));
#16089 = ADVANCED_FACE('',(#16090),#16101,.T.);
#16090 = FACE_BOUND('',#16091,.T.);
#16091 = EDGE_LOOP('',(#16092,#16098,#16099,#16100));
#16092 = ORIENTED_EDGE('',*,*,#16093,.T.);
#16093 = EDGE_CURVE('',#10160,#12805,#16094,.T.);
#16094 = LINE('',#16095,#16096);
#16095 = CARTESIAN_POINT('',(109.538345,-97.543934,0.));
#16096 = VECTOR('',#16097,1.);
#16097 = DIRECTION('',(0.,0.,1.));
#16098 = ORIENTED_EDGE('',*,*,#12804,.T.);
#16099 = ORIENTED_EDGE('',*,*,#16059,.F.);
#16100 = ORIENTED_EDGE('',*,*,#10159,.F.);
#16101 = CYLINDRICAL_SURFACE('',#16102,0.299998582341);
#16102 = AXIS2_PLACEMENT_3D('',#16103,#16104,#16105);
#16103 = CARTESIAN_POINT('',(109.69464624464,-97.79999858234,0.));
#16104 = DIRECTION('',(0.,0.,-1.));
#16105 = DIRECTION('',(-0.52100661085,0.853552641289,0.));
#16106 = ADVANCED_FACE('',(#16107),#16118,.T.);
#16107 = FACE_BOUND('',#16108,.T.);
#16108 = EDGE_LOOP('',(#16109,#16110,#16111,#16117));
#16109 = ORIENTED_EDGE('',*,*,#16078,.T.);
#16110 = ORIENTED_EDGE('',*,*,#12822,.T.);
#16111 = ORIENTED_EDGE('',*,*,#16112,.F.);
#16112 = EDGE_CURVE('',#10169,#12814,#16113,.T.);
#16113 = LINE('',#16114,#16115);
#16114 = CARTESIAN_POINT('',(108.851066,-96.856655,0.));
#16115 = VECTOR('',#16116,1.);
#16116 = DIRECTION('',(0.,0.,1.));
#16117 = ORIENTED_EDGE('',*,*,#10177,.F.);
#16118 = CYLINDRICAL_SURFACE('',#16119,0.299998582341);
#16119 = AXIS2_PLACEMENT_3D('',#16120,#16121,#16122);
#16120 = CARTESIAN_POINT('',(108.59500141766,-96.70035375535,0.));
#16121 = DIRECTION('',(0.,0.,-1.));
#16122 = DIRECTION('',(0.999999999997,2.517861388613E-06,0.));
#16123 = ADVANCED_FACE('',(#16124),#16130,.F.);
#16124 = FACE_BOUND('',#16125,.F.);
#16125 = EDGE_LOOP('',(#16126,#16127,#16128,#16129));
#16126 = ORIENTED_EDGE('',*,*,#10168,.T.);
#16127 = ORIENTED_EDGE('',*,*,#16093,.T.);
#16128 = ORIENTED_EDGE('',*,*,#12813,.F.);
#16129 = ORIENTED_EDGE('',*,*,#16112,.F.);
#16130 = CYLINDRICAL_SURFACE('',#16131,0.499999603944);
#16131 = AXIS2_PLACEMENT_3D('',#16132,#16133,#16134);
#16132 = CARTESIAN_POINT('',(109.27784211054,-97.11715788946,0.));
#16133 = DIRECTION('',(-0.,-0.,-1.));
#16134 = DIRECTION('',(-0.853552897188,0.521006191616,0.));
#16135 = ADVANCED_FACE('',(#16136),#16147,.F.);
#16136 = FACE_BOUND('',#16137,.F.);
#16137 = EDGE_LOOP('',(#16138,#16144,#16145,#16146));
#16138 = ORIENTED_EDGE('',*,*,#16139,.T.);
#16139 = EDGE_CURVE('',#10255,#12900,#16140,.T.);
#16140 = LINE('',#16141,#16142);
#16141 = CARTESIAN_POINT('',(119.595,-100.21,-4.6E-02));
#16142 = VECTOR('',#16143,1.);
#16143 = DIRECTION('',(0.,0.,1.));
#16144 = ORIENTED_EDGE('',*,*,#12899,.T.);
#16145 = ORIENTED_EDGE('',*,*,#16139,.F.);
#16146 = ORIENTED_EDGE('',*,*,#10254,.F.);
#16147 = CYLINDRICAL_SURFACE('',#16148,0.4);
#16148 = AXIS2_PLACEMENT_3D('',#16149,#16150,#16151);
#16149 = CARTESIAN_POINT('',(119.595,-99.81,-4.6E-02));
#16150 = DIRECTION('',(-0.,-0.,-1.));
#16151 = DIRECTION('',(-0.,-1.,0.));
#16152 = ADVANCED_FACE('',(#16153),#16169,.F.);
#16153 = FACE_BOUND('',#16154,.F.);
#16154 = EDGE_LOOP('',(#16155,#16156,#16162,#16163));
#16155 = ORIENTED_EDGE('',*,*,#10265,.T.);
#16156 = ORIENTED_EDGE('',*,*,#16157,.T.);
#16157 = EDGE_CURVE('',#10268,#12913,#16158,.T.);
#16158 = LINE('',#16159,#16160);
#16159 = CARTESIAN_POINT('',(130.151655,-94.456066,0.));
#16160 = VECTOR('',#16161,1.);
#16161 = DIRECTION('',(0.,0.,1.));
#16162 = ORIENTED_EDGE('',*,*,#12910,.F.);
#16163 = ORIENTED_EDGE('',*,*,#16164,.F.);
#16164 = EDGE_CURVE('',#10266,#12911,#16165,.T.);
#16165 = LINE('',#16166,#16167);
#16166 = CARTESIAN_POINT('',(130.838934,-95.143345,0.));
#16167 = VECTOR('',#16168,1.);
#16168 = DIRECTION('',(0.,0.,1.));
#16169 = CYLINDRICAL_SURFACE('',#16170,0.499999603944);
#16170 = AXIS2_PLACEMENT_3D('',#16171,#16172,#16173);
#16171 = CARTESIAN_POINT('',(130.41215788946,-94.88284211054,0.));
#16172 = DIRECTION('',(-0.,-0.,-1.));
#16173 = DIRECTION('',(0.853552897188,-0.521006191616,0.));
#16174 = ADVANCED_FACE('',(#16175),#16186,.T.);
#16175 = FACE_BOUND('',#16176,.T.);
#16176 = EDGE_LOOP('',(#16177,#16183,#16184,#16185));
#16177 = ORIENTED_EDGE('',*,*,#16178,.T.);
#16178 = EDGE_CURVE('',#10277,#12922,#16179,.T.);
#16179 = LINE('',#16180,#16181);
#16180 = CARTESIAN_POINT('',(130.795,-95.299647,0.));
#16181 = VECTOR('',#16182,1.);
#16182 = DIRECTION('',(0.,0.,1.));
#16183 = ORIENTED_EDGE('',*,*,#12921,.T.);
#16184 = ORIENTED_EDGE('',*,*,#16164,.F.);
#16185 = ORIENTED_EDGE('',*,*,#10276,.F.);
#16186 = CYLINDRICAL_SURFACE('',#16187,0.299998582342);
#16187 = AXIS2_PLACEMENT_3D('',#16188,#16189,#16190);
#16188 = CARTESIAN_POINT('',(131.09499858234,-95.29964624464,0.));
#16189 = DIRECTION('',(0.,0.,-1.));
#16190 = DIRECTION('',(-0.999999999997,-2.517860772802E-06,-0.));
#16191 = ADVANCED_FACE('',(#16192),#16203,.T.);
#16192 = FACE_BOUND('',#16193,.T.);
#16193 = EDGE_LOOP('',(#16194,#16195,#16196,#16202));
#16194 = ORIENTED_EDGE('',*,*,#16157,.T.);
#16195 = ORIENTED_EDGE('',*,*,#13075,.T.);
#16196 = ORIENTED_EDGE('',*,*,#16197,.F.);
#16197 = EDGE_CURVE('',#10423,#13068,#16198,.T.);
#16198 = LINE('',#16199,#16200);
#16199 = CARTESIAN_POINT('',(129.995353,-94.5,0.));
#16200 = VECTOR('',#16201,1.);
#16201 = DIRECTION('',(0.,0.,1.));
#16202 = ORIENTED_EDGE('',*,*,#10430,.F.);
#16203 = CYLINDRICAL_SURFACE('',#16204,0.299998582341);
#16204 = AXIS2_PLACEMENT_3D('',#16205,#16206,#16207);
#16205 = CARTESIAN_POINT('',(129.99535375535,-94.20000141766,0.));
#16206 = DIRECTION('',(0.,0.,-1.));
#16207 = DIRECTION('',(0.521006610849,-0.853552641289,0.));
#16208 = ADVANCED_FACE('',(#16209),#16220,.T.);
#16209 = FACE_BOUND('',#16210,.T.);
#16210 = EDGE_LOOP('',(#16211,#16217,#16218,#16219));
#16211 = ORIENTED_EDGE('',*,*,#16212,.T.);
#16212 = EDGE_CURVE('',#10286,#12931,#16213,.T.);
#16213 = LINE('',#16214,#16215);
#16214 = CARTESIAN_POINT('',(130.795,-96.,0.));
#16215 = VECTOR('',#16216,1.);
#16216 = DIRECTION('',(0.,0.,1.));
#16217 = ORIENTED_EDGE('',*,*,#12930,.T.);
#16218 = ORIENTED_EDGE('',*,*,#16178,.F.);
#16219 = ORIENTED_EDGE('',*,*,#10285,.F.);
#16220 = PLANE('',#16221);
#16221 = AXIS2_PLACEMENT_3D('',#16222,#16223,#16224);
#16222 = CARTESIAN_POINT('',(130.795,-96.,0.));
#16223 = DIRECTION('',(-1.,0.,0.));
#16224 = DIRECTION('',(0.,1.,0.));
#16225 = ADVANCED_FACE('',(#16226),#16237,.T.);
#16226 = FACE_BOUND('',#16227,.T.);
#16227 = EDGE_LOOP('',(#16228,#16229,#16230,#16236));
#16228 = ORIENTED_EDGE('',*,*,#16197,.T.);
#16229 = ORIENTED_EDGE('',*,*,#13067,.T.);
#16230 = ORIENTED_EDGE('',*,*,#16231,.F.);
#16231 = EDGE_CURVE('',#10415,#13060,#16232,.T.);
#16232 = LINE('',#16233,#16234);
#16233 = CARTESIAN_POINT('',(129.095,-94.5,0.));
#16234 = VECTOR('',#16235,1.);
#16235 = DIRECTION('',(0.,0.,1.));
#16236 = ORIENTED_EDGE('',*,*,#10422,.F.);
#16237 = PLANE('',#16238);
#16238 = AXIS2_PLACEMENT_3D('',#16239,#16240,#16241);
#16239 = CARTESIAN_POINT('',(129.995353,-94.5,0.));
#16240 = DIRECTION('',(0.,-1.,0.));
#16241 = DIRECTION('',(-1.,0.,0.));
#16242 = ADVANCED_FACE('',(#16243),#16254,.T.);
#16243 = FACE_BOUND('',#16244,.T.);
#16244 = EDGE_LOOP('',(#16245,#16251,#16252,#16253));
#16245 = ORIENTED_EDGE('',*,*,#16246,.T.);
#16246 = EDGE_CURVE('',#10294,#12939,#16247,.T.);
#16247 = LINE('',#16248,#16249);
#16248 = CARTESIAN_POINT('',(130.795,-96.700353,0.));
#16249 = VECTOR('',#16250,1.);
#16250 = DIRECTION('',(0.,0.,1.));
#16251 = ORIENTED_EDGE('',*,*,#12938,.T.);
#16252 = ORIENTED_EDGE('',*,*,#16212,.F.);
#16253 = ORIENTED_EDGE('',*,*,#10293,.F.);
#16254 = PLANE('',#16255);
#16255 = AXIS2_PLACEMENT_3D('',#16256,#16257,#16258);
#16256 = CARTESIAN_POINT('',(130.795,-96.700353,0.));
#16257 = DIRECTION('',(-1.,0.,0.));
#16258 = DIRECTION('',(0.,1.,0.));
#16259 = ADVANCED_FACE('',(#16260),#16271,.T.);
#16260 = FACE_BOUND('',#16261,.T.);
#16261 = EDGE_LOOP('',(#16262,#16263,#16264,#16270));
#16262 = ORIENTED_EDGE('',*,*,#16231,.T.);
#16263 = ORIENTED_EDGE('',*,*,#13059,.T.);
#16264 = ORIENTED_EDGE('',*,*,#16265,.F.);
#16265 = EDGE_CURVE('',#10406,#13051,#16266,.T.);
#16266 = LINE('',#16267,#16268);
#16267 = CARTESIAN_POINT('',(128.194647,-94.5,0.));
#16268 = VECTOR('',#16269,1.);
#16269 = DIRECTION('',(0.,0.,1.));
#16270 = ORIENTED_EDGE('',*,*,#10414,.F.);
#16271 = PLANE('',#16272);
#16272 = AXIS2_PLACEMENT_3D('',#16273,#16274,#16275);
#16273 = CARTESIAN_POINT('',(129.095,-94.5,0.));
#16274 = DIRECTION('',(0.,-1.,0.));
#16275 = DIRECTION('',(-1.,0.,0.));
#16276 = ADVANCED_FACE('',(#16277),#16288,.T.);
#16277 = FACE_BOUND('',#16278,.T.);
#16278 = EDGE_LOOP('',(#16279,#16285,#16286,#16287));
#16279 = ORIENTED_EDGE('',*,*,#16280,.T.);
#16280 = EDGE_CURVE('',#10302,#12947,#16281,.T.);
#16281 = LINE('',#16282,#16283);
#16282 = CARTESIAN_POINT('',(130.838934,-96.856655,0.));
#16283 = VECTOR('',#16284,1.);
#16284 = DIRECTION('',(0.,0.,1.));
#16285 = ORIENTED_EDGE('',*,*,#12946,.T.);
#16286 = ORIENTED_EDGE('',*,*,#16246,.F.);
#16287 = ORIENTED_EDGE('',*,*,#10301,.F.);
#16288 = CYLINDRICAL_SURFACE('',#16289,0.299998582342);
#16289 = AXIS2_PLACEMENT_3D('',#16290,#16291,#16292);
#16290 = CARTESIAN_POINT('',(131.09499858234,-96.70035375535,0.));
#16291 = DIRECTION('',(0.,0.,-1.));
#16292 = DIRECTION('',(-0.853552641289,-0.521006610849,-0.));
#16293 = ADVANCED_FACE('',(#16294),#16305,.T.);
#16294 = FACE_BOUND('',#16295,.T.);
#16295 = EDGE_LOOP('',(#16296,#16297,#16298,#16304));
#16296 = ORIENTED_EDGE('',*,*,#16265,.T.);
#16297 = ORIENTED_EDGE('',*,*,#13050,.T.);
#16298 = ORIENTED_EDGE('',*,*,#16299,.F.);
#16299 = EDGE_CURVE('',#10397,#13042,#16300,.T.);
#16300 = LINE('',#16301,#16302);
#16301 = CARTESIAN_POINT('',(128.038345,-94.456066,0.));
#16302 = VECTOR('',#16303,1.);
#16303 = DIRECTION('',(0.,0.,1.));
#16304 = ORIENTED_EDGE('',*,*,#10405,.F.);
#16305 = CYLINDRICAL_SURFACE('',#16306,0.299998582341);
#16306 = AXIS2_PLACEMENT_3D('',#16307,#16308,#16309);
#16307 = CARTESIAN_POINT('',(128.19464624464,-94.20000141766,0.));
#16308 = DIRECTION('',(0.,0.,-1.));
#16309 = DIRECTION('',(2.517861293872E-06,-0.999999999997,0.));
#16310 = ADVANCED_FACE('',(#16311),#16322,.F.);
#16311 = FACE_BOUND('',#16312,.F.);
#16312 = EDGE_LOOP('',(#16313,#16314,#16315,#16316));
#16313 = ORIENTED_EDGE('',*,*,#10310,.T.);
#16314 = ORIENTED_EDGE('',*,*,#16280,.T.);
#16315 = ORIENTED_EDGE('',*,*,#12955,.F.);
#16316 = ORIENTED_EDGE('',*,*,#16317,.F.);
#16317 = EDGE_CURVE('',#10311,#12956,#16318,.T.);
#16318 = LINE('',#16319,#16320);
#16319 = CARTESIAN_POINT('',(130.151655,-97.543934,0.));
#16320 = VECTOR('',#16321,1.);
#16321 = DIRECTION('',(0.,0.,1.));
#16322 = CYLINDRICAL_SURFACE('',#16323,0.499999603944);
#16323 = AXIS2_PLACEMENT_3D('',#16324,#16325,#16326);
#16324 = CARTESIAN_POINT('',(130.41215788946,-97.11715788946,0.));
#16325 = DIRECTION('',(-0.,-0.,-1.));
#16326 = DIRECTION('',(-0.521006191616,-0.853552897188,0.));
#16327 = ADVANCED_FACE('',(#16328),#16339,.F.);
#16328 = FACE_BOUND('',#16329,.F.);
#16329 = EDGE_LOOP('',(#16330,#16331,#16337,#16338));
#16330 = ORIENTED_EDGE('',*,*,#10396,.T.);
#16331 = ORIENTED_EDGE('',*,*,#16332,.T.);
#16332 = EDGE_CURVE('',#10388,#13033,#16333,.T.);
#16333 = LINE('',#16334,#16335);
#16334 = CARTESIAN_POINT('',(127.351066,-95.143345,0.));
#16335 = VECTOR('',#16336,1.);
#16336 = DIRECTION('',(0.,0.,1.));
#16337 = ORIENTED_EDGE('',*,*,#13041,.F.);
#16338 = ORIENTED_EDGE('',*,*,#16299,.F.);
#16339 = CYLINDRICAL_SURFACE('',#16340,0.499999603944);
#16340 = AXIS2_PLACEMENT_3D('',#16341,#16342,#16343);
#16341 = CARTESIAN_POINT('',(127.77784211054,-94.88284211054,0.));
#16342 = DIRECTION('',(-0.,-0.,-1.));
#16343 = DIRECTION('',(0.521006191616,0.853552897188,-0.));
#16344 = ADVANCED_FACE('',(#16345),#16356,.T.);
#16345 = FACE_BOUND('',#16346,.T.);
#16346 = EDGE_LOOP('',(#16347,#16353,#16354,#16355));
#16347 = ORIENTED_EDGE('',*,*,#16348,.T.);
#16348 = EDGE_CURVE('',#10320,#12965,#16349,.T.);
#16349 = LINE('',#16350,#16351);
#16350 = CARTESIAN_POINT('',(129.995353,-97.5,0.));
#16351 = VECTOR('',#16352,1.);
#16352 = DIRECTION('',(0.,0.,1.));
#16353 = ORIENTED_EDGE('',*,*,#12964,.T.);
#16354 = ORIENTED_EDGE('',*,*,#16317,.F.);
#16355 = ORIENTED_EDGE('',*,*,#10319,.F.);
#16356 = CYLINDRICAL_SURFACE('',#16357,0.299998582341);
#16357 = AXIS2_PLACEMENT_3D('',#16358,#16359,#16360);
#16358 = CARTESIAN_POINT('',(129.99535375535,-97.79999858234,0.));
#16359 = DIRECTION('',(0.,0.,-1.));
#16360 = DIRECTION('',(-2.517861293872E-06,0.999999999997,0.));
#16361 = ADVANCED_FACE('',(#16362),#16373,.T.);
#16362 = FACE_BOUND('',#16363,.T.);
#16363 = EDGE_LOOP('',(#16364,#16365,#16366,#16372));
#16364 = ORIENTED_EDGE('',*,*,#16332,.T.);
#16365 = ORIENTED_EDGE('',*,*,#13032,.T.);
#16366 = ORIENTED_EDGE('',*,*,#16367,.F.);
#16367 = EDGE_CURVE('',#10380,#13025,#16368,.T.);
#16368 = LINE('',#16369,#16370);
#16369 = CARTESIAN_POINT('',(127.395,-95.299647,0.));
#16370 = VECTOR('',#16371,1.);
#16371 = DIRECTION('',(0.,0.,1.));
#16372 = ORIENTED_EDGE('',*,*,#10387,.F.);
#16373 = CYLINDRICAL_SURFACE('',#16374,0.299998582341);
#16374 = AXIS2_PLACEMENT_3D('',#16375,#16376,#16377);
#16375 = CARTESIAN_POINT('',(127.09500141766,-95.29964624464,0.));
#16376 = DIRECTION('',(0.,0.,-1.));
#16377 = DIRECTION('',(0.853552641289,0.521006610849,0.));
#16378 = ADVANCED_FACE('',(#16379),#16390,.T.);
#16379 = FACE_BOUND('',#16380,.T.);
#16380 = EDGE_LOOP('',(#16381,#16387,#16388,#16389));
#16381 = ORIENTED_EDGE('',*,*,#16382,.T.);
#16382 = EDGE_CURVE('',#10329,#12974,#16383,.T.);
#16383 = LINE('',#16384,#16385);
#16384 = CARTESIAN_POINT('',(129.095,-97.5,0.));
#16385 = VECTOR('',#16386,1.);
#16386 = DIRECTION('',(0.,0.,1.));
#16387 = ORIENTED_EDGE('',*,*,#12973,.T.);
#16388 = ORIENTED_EDGE('',*,*,#16348,.F.);
#16389 = ORIENTED_EDGE('',*,*,#10328,.F.);
#16390 = PLANE('',#16391);
#16391 = AXIS2_PLACEMENT_3D('',#16392,#16393,#16394);
#16392 = CARTESIAN_POINT('',(129.095,-97.5,0.));
#16393 = DIRECTION('',(0.,1.,0.));
#16394 = DIRECTION('',(1.,0.,0.));
#16395 = ADVANCED_FACE('',(#16396),#16407,.T.);
#16396 = FACE_BOUND('',#16397,.T.);
#16397 = EDGE_LOOP('',(#16398,#16399,#16400,#16406));
#16398 = ORIENTED_EDGE('',*,*,#16367,.T.);
#16399 = ORIENTED_EDGE('',*,*,#13024,.T.);
#16400 = ORIENTED_EDGE('',*,*,#16401,.F.);
#16401 = EDGE_CURVE('',#10372,#13017,#16402,.T.);
#16402 = LINE('',#16403,#16404);
#16403 = CARTESIAN_POINT('',(127.395,-96.,0.));
#16404 = VECTOR('',#16405,1.);
#16405 = DIRECTION('',(0.,0.,1.));
#16406 = ORIENTED_EDGE('',*,*,#10379,.F.);
#16407 = PLANE('',#16408);
#16408 = AXIS2_PLACEMENT_3D('',#16409,#16410,#16411);
#16409 = CARTESIAN_POINT('',(127.395,-95.299647,0.));
#16410 = DIRECTION('',(1.,0.,-0.));
#16411 = DIRECTION('',(0.,-1.,0.));
#16412 = ADVANCED_FACE('',(#16413),#16424,.T.);
#16413 = FACE_BOUND('',#16414,.T.);
#16414 = EDGE_LOOP('',(#16415,#16421,#16422,#16423));
#16415 = ORIENTED_EDGE('',*,*,#16416,.T.);
#16416 = EDGE_CURVE('',#10337,#12982,#16417,.T.);
#16417 = LINE('',#16418,#16419);
#16418 = CARTESIAN_POINT('',(128.194647,-97.5,0.));
#16419 = VECTOR('',#16420,1.);
#16420 = DIRECTION('',(0.,0.,1.));
#16421 = ORIENTED_EDGE('',*,*,#12981,.T.);
#16422 = ORIENTED_EDGE('',*,*,#16382,.F.);
#16423 = ORIENTED_EDGE('',*,*,#10336,.F.);
#16424 = PLANE('',#16425);
#16425 = AXIS2_PLACEMENT_3D('',#16426,#16427,#16428);
#16426 = CARTESIAN_POINT('',(128.194647,-97.5,0.));
#16427 = DIRECTION('',(0.,1.,0.));
#16428 = DIRECTION('',(1.,0.,0.));
#16429 = ADVANCED_FACE('',(#16430),#16441,.T.);
#16430 = FACE_BOUND('',#16431,.T.);
#16431 = EDGE_LOOP('',(#16432,#16433,#16434,#16440));
#16432 = ORIENTED_EDGE('',*,*,#16401,.T.);
#16433 = ORIENTED_EDGE('',*,*,#13016,.T.);
#16434 = ORIENTED_EDGE('',*,*,#16435,.F.);
#16435 = EDGE_CURVE('',#10363,#13008,#16436,.T.);
#16436 = LINE('',#16437,#16438);
#16437 = CARTESIAN_POINT('',(127.395,-96.700353,0.));
#16438 = VECTOR('',#16439,1.);
#16439 = DIRECTION('',(0.,0.,1.));
#16440 = ORIENTED_EDGE('',*,*,#10371,.F.);
#16441 = PLANE('',#16442);
#16442 = AXIS2_PLACEMENT_3D('',#16443,#16444,#16445);
#16443 = CARTESIAN_POINT('',(127.395,-96.,0.));
#16444 = DIRECTION('',(1.,0.,-0.));
#16445 = DIRECTION('',(0.,-1.,0.));
#16446 = ADVANCED_FACE('',(#16447),#16458,.T.);
#16447 = FACE_BOUND('',#16448,.T.);
#16448 = EDGE_LOOP('',(#16449,#16455,#16456,#16457));
#16449 = ORIENTED_EDGE('',*,*,#16450,.T.);
#16450 = EDGE_CURVE('',#10345,#12990,#16451,.T.);
#16451 = LINE('',#16452,#16453);
#16452 = CARTESIAN_POINT('',(128.038345,-97.543934,0.));
#16453 = VECTOR('',#16454,1.);
#16454 = DIRECTION('',(0.,0.,1.));
#16455 = ORIENTED_EDGE('',*,*,#12989,.T.);
#16456 = ORIENTED_EDGE('',*,*,#16416,.F.);
#16457 = ORIENTED_EDGE('',*,*,#10344,.F.);
#16458 = CYLINDRICAL_SURFACE('',#16459,0.299998582341);
#16459 = AXIS2_PLACEMENT_3D('',#16460,#16461,#16462);
#16460 = CARTESIAN_POINT('',(128.19464624464,-97.79999858234,0.));
#16461 = DIRECTION('',(0.,0.,-1.));
#16462 = DIRECTION('',(-0.521006610849,0.853552641289,0.));
#16463 = ADVANCED_FACE('',(#16464),#16475,.T.);
#16464 = FACE_BOUND('',#16465,.T.);
#16465 = EDGE_LOOP('',(#16466,#16467,#16468,#16474));
#16466 = ORIENTED_EDGE('',*,*,#16435,.T.);
#16467 = ORIENTED_EDGE('',*,*,#13007,.T.);
#16468 = ORIENTED_EDGE('',*,*,#16469,.F.);
#16469 = EDGE_CURVE('',#10354,#12999,#16470,.T.);
#16470 = LINE('',#16471,#16472);
#16471 = CARTESIAN_POINT('',(127.351066,-96.856655,0.));
#16472 = VECTOR('',#16473,1.);
#16473 = DIRECTION('',(0.,0.,1.));
#16474 = ORIENTED_EDGE('',*,*,#10362,.F.);
#16475 = CYLINDRICAL_SURFACE('',#16476,0.299998582341);
#16476 = AXIS2_PLACEMENT_3D('',#16477,#16478,#16479);
#16477 = CARTESIAN_POINT('',(127.09500141766,-96.70035375535,0.));
#16478 = DIRECTION('',(0.,0.,-1.));
#16479 = DIRECTION('',(0.999999999997,2.517861388613E-06,0.));
#16480 = ADVANCED_FACE('',(#16481),#16487,.F.);
#16481 = FACE_BOUND('',#16482,.F.);
#16482 = EDGE_LOOP('',(#16483,#16484,#16485,#16486));
#16483 = ORIENTED_EDGE('',*,*,#10353,.T.);
#16484 = ORIENTED_EDGE('',*,*,#16450,.T.);
#16485 = ORIENTED_EDGE('',*,*,#12998,.F.);
#16486 = ORIENTED_EDGE('',*,*,#16469,.F.);
#16487 = CYLINDRICAL_SURFACE('',#16488,0.499999603944);
#16488 = AXIS2_PLACEMENT_3D('',#16489,#16490,#16491);
#16489 = CARTESIAN_POINT('',(127.77784211054,-97.11715788946,0.));
#16490 = DIRECTION('',(-0.,-0.,-1.));
#16491 = DIRECTION('',(-0.853552897188,0.521006191616,0.));
#16492 = ADVANCED_FACE('',(#16493),#16504,.F.);
#16493 = FACE_BOUND('',#16494,.F.);
#16494 = EDGE_LOOP('',(#16495,#16501,#16502,#16503));
#16495 = ORIENTED_EDGE('',*,*,#16496,.T.);
#16496 = EDGE_CURVE('',#10440,#13085,#16497,.T.);
#16497 = LINE('',#16498,#16499);
#16498 = CARTESIAN_POINT('',(155.,-118.75,-4.6E-02));
#16499 = VECTOR('',#16500,1.);
#16500 = DIRECTION('',(0.,0.,1.));
#16501 = ORIENTED_EDGE('',*,*,#13084,.T.);
#16502 = ORIENTED_EDGE('',*,*,#16496,.F.);
#16503 = ORIENTED_EDGE('',*,*,#10439,.F.);
#16504 = CYLINDRICAL_SURFACE('',#16505,1.25);
#16505 = AXIS2_PLACEMENT_3D('',#16506,#16507,#16508);
#16506 = CARTESIAN_POINT('',(155.,-117.5,-4.6E-02));
#16507 = DIRECTION('',(-0.,-0.,-1.));
#16508 = DIRECTION('',(-0.,-1.,0.));
#16509 = ADVANCED_FACE('',(#16510),#16521,.F.);
#16510 = FACE_BOUND('',#16511,.F.);
#16511 = EDGE_LOOP('',(#16512,#16518,#16519,#16520));
#16512 = ORIENTED_EDGE('',*,*,#16513,.T.);
#16513 = EDGE_CURVE('',#10451,#13096,#16514,.T.);
#16514 = LINE('',#16515,#16516);
#16515 = CARTESIAN_POINT('',(138.,-100.21,-4.6E-02));
#16516 = VECTOR('',#16517,1.);
#16517 = DIRECTION('',(0.,0.,1.));
#16518 = ORIENTED_EDGE('',*,*,#13095,.T.);
#16519 = ORIENTED_EDGE('',*,*,#16513,.F.);
#16520 = ORIENTED_EDGE('',*,*,#10450,.F.);
#16521 = CYLINDRICAL_SURFACE('',#16522,0.4);
#16522 = AXIS2_PLACEMENT_3D('',#16523,#16524,#16525);
#16523 = CARTESIAN_POINT('',(138.,-99.81,-4.6E-02));
#16524 = DIRECTION('',(-0.,-0.,-1.));
#16525 = DIRECTION('',(-0.,-1.,0.));
#16526 = ADVANCED_FACE('',(#16527),#16538,.F.);
#16527 = FACE_BOUND('',#16528,.F.);
#16528 = EDGE_LOOP('',(#16529,#16535,#16536,#16537));
#16529 = ORIENTED_EDGE('',*,*,#16530,.T.);
#16530 = EDGE_CURVE('',#10462,#13107,#16531,.T.);
#16531 = LINE('',#16532,#16533);
#16532 = CARTESIAN_POINT('',(110.175,-93.5,-4.6E-02));
#16533 = VECTOR('',#16534,1.);
#16534 = DIRECTION('',(0.,0.,1.));
#16535 = ORIENTED_EDGE('',*,*,#13106,.T.);
#16536 = ORIENTED_EDGE('',*,*,#16530,.F.);
#16537 = ORIENTED_EDGE('',*,*,#10461,.F.);
#16538 = CYLINDRICAL_SURFACE('',#16539,2.);
#16539 = AXIS2_PLACEMENT_3D('',#16540,#16541,#16542);
#16540 = CARTESIAN_POINT('',(110.175,-91.5,-4.6E-02));
#16541 = DIRECTION('',(-0.,-0.,-1.));
#16542 = DIRECTION('',(-0.,-1.,0.));
#16543 = ADVANCED_FACE('',(#16544),#16555,.F.);
#16544 = FACE_BOUND('',#16545,.F.);
#16545 = EDGE_LOOP('',(#16546,#16552,#16553,#16554));
#16546 = ORIENTED_EDGE('',*,*,#16547,.T.);
#16547 = EDGE_CURVE('',#10473,#13118,#16548,.T.);
#16548 = LINE('',#16549,#16550);
#16549 = CARTESIAN_POINT('',(115.255,-92.35,-4.6E-02));
#16550 = VECTOR('',#16551,1.);
#16551 = DIRECTION('',(0.,0.,1.));
#16552 = ORIENTED_EDGE('',*,*,#13117,.T.);
#16553 = ORIENTED_EDGE('',*,*,#16547,.F.);
#16554 = ORIENTED_EDGE('',*,*,#10472,.F.);
#16555 = CYLINDRICAL_SURFACE('',#16556,0.85);
#16556 = AXIS2_PLACEMENT_3D('',#16557,#16558,#16559);
#16557 = CARTESIAN_POINT('',(115.255,-91.5,-4.6E-02));
#16558 = DIRECTION('',(-0.,-0.,-1.));
#16559 = DIRECTION('',(-0.,-1.,0.));
#16560 = ADVANCED_FACE('',(#16561),#16572,.F.);
#16561 = FACE_BOUND('',#16562,.F.);
#16562 = EDGE_LOOP('',(#16563,#16569,#16570,#16571));
#16563 = ORIENTED_EDGE('',*,*,#16564,.T.);
#16564 = EDGE_CURVE('',#10484,#13129,#16565,.T.);
#16565 = LINE('',#16566,#16567);
#16566 = CARTESIAN_POINT('',(119.595,-92.59,-4.6E-02));
#16567 = VECTOR('',#16568,1.);
#16568 = DIRECTION('',(0.,0.,1.));
#16569 = ORIENTED_EDGE('',*,*,#13128,.T.);
#16570 = ORIENTED_EDGE('',*,*,#16564,.F.);
#16571 = ORIENTED_EDGE('',*,*,#10483,.F.);
#16572 = CYLINDRICAL_SURFACE('',#16573,0.4);
#16573 = AXIS2_PLACEMENT_3D('',#16574,#16575,#16576);
#16574 = CARTESIAN_POINT('',(119.595,-92.19,-4.6E-02));
#16575 = DIRECTION('',(-0.,-0.,-1.));
#16576 = DIRECTION('',(-0.,-1.,0.));
#16577 = ADVANCED_FACE('',(#16578),#16589,.F.);
#16578 = FACE_BOUND('',#16579,.F.);
#16579 = EDGE_LOOP('',(#16580,#16586,#16587,#16588));
#16580 = ORIENTED_EDGE('',*,*,#16581,.T.);
#16581 = EDGE_CURVE('',#10495,#13140,#16582,.T.);
#16582 = LINE('',#16583,#16584);
#16583 = CARTESIAN_POINT('',(112.715,-87.17,-4.6E-02));
#16584 = VECTOR('',#16585,1.);
#16585 = DIRECTION('',(0.,0.,1.));
#16586 = ORIENTED_EDGE('',*,*,#13139,.T.);
#16587 = ORIENTED_EDGE('',*,*,#16581,.F.);
#16588 = ORIENTED_EDGE('',*,*,#10494,.F.);
#16589 = CYLINDRICAL_SURFACE('',#16590,0.75);
#16590 = AXIS2_PLACEMENT_3D('',#16591,#16592,#16593);
#16591 = CARTESIAN_POINT('',(112.715,-86.42,-4.6E-02));
#16592 = DIRECTION('',(-0.,-0.,-1.));
#16593 = DIRECTION('',(-0.,-1.,0.));
#16594 = ADVANCED_FACE('',(#16595),#16606,.F.);
#16595 = FACE_BOUND('',#16596,.F.);
#16596 = EDGE_LOOP('',(#16597,#16603,#16604,#16605));
#16597 = ORIENTED_EDGE('',*,*,#16598,.T.);
#16598 = EDGE_CURVE('',#10506,#13151,#16599,.T.);
#16599 = LINE('',#16600,#16601);
#16600 = CARTESIAN_POINT('',(124.015,-92.35,-4.6E-02));
#16601 = VECTOR('',#16602,1.);
#16602 = DIRECTION('',(0.,0.,1.));
#16603 = ORIENTED_EDGE('',*,*,#13150,.T.);
#16604 = ORIENTED_EDGE('',*,*,#16598,.F.);
#16605 = ORIENTED_EDGE('',*,*,#10505,.F.);
#16606 = CYLINDRICAL_SURFACE('',#16607,0.85);
#16607 = AXIS2_PLACEMENT_3D('',#16608,#16609,#16610);
#16608 = CARTESIAN_POINT('',(124.015,-91.5,-4.6E-02));
#16609 = DIRECTION('',(-0.,-0.,-1.));
#16610 = DIRECTION('',(-0.,-1.,0.));
#16611 = ADVANCED_FACE('',(#16612),#16623,.F.);
#16612 = FACE_BOUND('',#16613,.F.);
#16613 = EDGE_LOOP('',(#16614,#16620,#16621,#16622));
#16614 = ORIENTED_EDGE('',*,*,#16615,.T.);
#16615 = EDGE_CURVE('',#10517,#13162,#16616,.T.);
#16616 = LINE('',#16617,#16618);
#16617 = CARTESIAN_POINT('',(129.095,-93.5,-4.6E-02));
#16618 = VECTOR('',#16619,1.);
#16619 = DIRECTION('',(0.,0.,1.));
#16620 = ORIENTED_EDGE('',*,*,#13161,.T.);
#16621 = ORIENTED_EDGE('',*,*,#16615,.F.);
#16622 = ORIENTED_EDGE('',*,*,#10516,.F.);
#16623 = CYLINDRICAL_SURFACE('',#16624,2.);
#16624 = AXIS2_PLACEMENT_3D('',#16625,#16626,#16627);
#16625 = CARTESIAN_POINT('',(129.095,-91.5,-4.6E-02));
#16626 = DIRECTION('',(-0.,-0.,-1.));
#16627 = DIRECTION('',(-0.,-1.,0.));
#16628 = ADVANCED_FACE('',(#16629),#16640,.F.);
#16629 = FACE_BOUND('',#16630,.F.);
#16630 = EDGE_LOOP('',(#16631,#16637,#16638,#16639));
#16631 = ORIENTED_EDGE('',*,*,#16632,.T.);
#16632 = EDGE_CURVE('',#10528,#13173,#16633,.T.);
#16633 = LINE('',#16634,#16635);
#16634 = CARTESIAN_POINT('',(125.285,-89.71,-4.6E-02));
#16635 = VECTOR('',#16636,1.);
#16636 = DIRECTION('',(0.,0.,1.));
#16637 = ORIENTED_EDGE('',*,*,#13172,.T.);
#16638 = ORIENTED_EDGE('',*,*,#16632,.F.);
#16639 = ORIENTED_EDGE('',*,*,#10527,.F.);
#16640 = CYLINDRICAL_SURFACE('',#16641,0.75);
#16641 = AXIS2_PLACEMENT_3D('',#16642,#16643,#16644);
#16642 = CARTESIAN_POINT('',(125.285,-88.96,-4.6E-02));
#16643 = DIRECTION('',(-0.,-0.,-1.));
#16644 = DIRECTION('',(-0.,-1.,0.));
#16645 = ADVANCED_FACE('',(#16646),#16657,.F.);
#16646 = FACE_BOUND('',#16647,.F.);
#16647 = EDGE_LOOP('',(#16648,#16654,#16655,#16656));
#16648 = ORIENTED_EDGE('',*,*,#16649,.T.);
#16649 = EDGE_CURVE('',#10539,#13184,#16650,.T.);
#16650 = LINE('',#16651,#16652);
#16651 = CARTESIAN_POINT('',(131.635,-87.17,-4.6E-02));
#16652 = VECTOR('',#16653,1.);
#16653 = DIRECTION('',(0.,0.,1.));
#16654 = ORIENTED_EDGE('',*,*,#13183,.T.);
#16655 = ORIENTED_EDGE('',*,*,#16649,.F.);
#16656 = ORIENTED_EDGE('',*,*,#10538,.F.);
#16657 = CYLINDRICAL_SURFACE('',#16658,0.75);
#16658 = AXIS2_PLACEMENT_3D('',#16659,#16660,#16661);
#16659 = CARTESIAN_POINT('',(131.635,-86.42,-4.6E-02));
#16660 = DIRECTION('',(-0.,-0.,-1.));
#16661 = DIRECTION('',(-0.,-1.,0.));
#16662 = ADVANCED_FACE('',(#16663),#16674,.F.);
#16663 = FACE_BOUND('',#16664,.F.);
#16664 = EDGE_LOOP('',(#16665,#16671,#16672,#16673));
#16665 = ORIENTED_EDGE('',*,*,#16666,.T.);
#16666 = EDGE_CURVE('',#10550,#13195,#16667,.T.);
#16667 = LINE('',#16668,#16669);
#16668 = CARTESIAN_POINT('',(119.595,-81.21,-4.6E-02));
#16669 = VECTOR('',#16670,1.);
#16670 = DIRECTION('',(0.,0.,1.));
#16671 = ORIENTED_EDGE('',*,*,#13194,.T.);
#16672 = ORIENTED_EDGE('',*,*,#16666,.F.);
#16673 = ORIENTED_EDGE('',*,*,#10549,.F.);
#16674 = CYLINDRICAL_SURFACE('',#16675,0.4);
#16675 = AXIS2_PLACEMENT_3D('',#16676,#16677,#16678);
#16676 = CARTESIAN_POINT('',(119.595,-80.81,-4.6E-02));
#16677 = DIRECTION('',(-0.,-0.,-1.));
#16678 = DIRECTION('',(-0.,-1.,0.));
#16679 = ADVANCED_FACE('',(#16680),#16696,.F.);
#16680 = FACE_BOUND('',#16681,.F.);
#16681 = EDGE_LOOP('',(#16682,#16683,#16689,#16690));
#16682 = ORIENTED_EDGE('',*,*,#10560,.T.);
#16683 = ORIENTED_EDGE('',*,*,#16684,.T.);
#16684 = EDGE_CURVE('',#10563,#13208,#16685,.T.);
#16685 = LINE('',#16686,#16687);
#16686 = CARTESIAN_POINT('',(111.556655,-75.456066,0.));
#16687 = VECTOR('',#16688,1.);
#16688 = DIRECTION('',(0.,0.,1.));
#16689 = ORIENTED_EDGE('',*,*,#13205,.F.);
#16690 = ORIENTED_EDGE('',*,*,#16691,.F.);
#16691 = EDGE_CURVE('',#10561,#13206,#16692,.T.);
#16692 = LINE('',#16693,#16694);
#16693 = CARTESIAN_POINT('',(112.243934,-76.143345,0.));
#16694 = VECTOR('',#16695,1.);
#16695 = DIRECTION('',(0.,0.,1.));
#16696 = CYLINDRICAL_SURFACE('',#16697,0.499999603944);
#16697 = AXIS2_PLACEMENT_3D('',#16698,#16699,#16700);
#16698 = CARTESIAN_POINT('',(111.81715788946,-75.88284211054,0.));
#16699 = DIRECTION('',(-0.,-0.,-1.));
#16700 = DIRECTION('',(0.853552897188,-0.521006191616,0.));
#16701 = ADVANCED_FACE('',(#16702),#16713,.T.);
#16702 = FACE_BOUND('',#16703,.T.);
#16703 = EDGE_LOOP('',(#16704,#16710,#16711,#16712));
#16704 = ORIENTED_EDGE('',*,*,#16705,.T.);
#16705 = EDGE_CURVE('',#10572,#13217,#16706,.T.);
#16706 = LINE('',#16707,#16708);
#16707 = CARTESIAN_POINT('',(112.2,-76.299647,0.));
#16708 = VECTOR('',#16709,1.);
#16709 = DIRECTION('',(0.,0.,1.));
#16710 = ORIENTED_EDGE('',*,*,#13216,.T.);
#16711 = ORIENTED_EDGE('',*,*,#16691,.F.);
#16712 = ORIENTED_EDGE('',*,*,#10571,.F.);
#16713 = CYLINDRICAL_SURFACE('',#16714,0.299998582341);
#16714 = AXIS2_PLACEMENT_3D('',#16715,#16716,#16717);
#16715 = CARTESIAN_POINT('',(112.49999858234,-76.29964624464,0.));
#16716 = DIRECTION('',(0.,0.,-1.));
#16717 = DIRECTION('',(-0.999999999997,-2.517861388613E-06,-0.));
#16718 = ADVANCED_FACE('',(#16719),#16730,.T.);
#16719 = FACE_BOUND('',#16720,.T.);
#16720 = EDGE_LOOP('',(#16721,#16722,#16723,#16729));
#16721 = ORIENTED_EDGE('',*,*,#16684,.T.);
#16722 = ORIENTED_EDGE('',*,*,#13370,.T.);
#16723 = ORIENTED_EDGE('',*,*,#16724,.F.);
#16724 = EDGE_CURVE('',#10718,#13363,#16725,.T.);
#16725 = LINE('',#16726,#16727);
#16726 = CARTESIAN_POINT('',(111.400353,-75.5,0.));
#16727 = VECTOR('',#16728,1.);
#16728 = DIRECTION('',(0.,0.,1.));
#16729 = ORIENTED_EDGE('',*,*,#10725,.F.);
#16730 = CYLINDRICAL_SURFACE('',#16731,0.299998582341);
#16731 = AXIS2_PLACEMENT_3D('',#16732,#16733,#16734);
#16732 = CARTESIAN_POINT('',(111.40035375535,-75.20000141766,0.));
#16733 = DIRECTION('',(0.,0.,-1.));
#16734 = DIRECTION('',(0.52100661085,-0.853552641289,0.));
#16735 = ADVANCED_FACE('',(#16736),#16747,.T.);
#16736 = FACE_BOUND('',#16737,.T.);
#16737 = EDGE_LOOP('',(#16738,#16744,#16745,#16746));
#16738 = ORIENTED_EDGE('',*,*,#16739,.T.);
#16739 = EDGE_CURVE('',#10581,#13226,#16740,.T.);
#16740 = LINE('',#16741,#16742);
#16741 = CARTESIAN_POINT('',(112.2,-77.,0.));
#16742 = VECTOR('',#16743,1.);
#16743 = DIRECTION('',(0.,0.,1.));
#16744 = ORIENTED_EDGE('',*,*,#13225,.T.);
#16745 = ORIENTED_EDGE('',*,*,#16705,.F.);
#16746 = ORIENTED_EDGE('',*,*,#10580,.F.);
#16747 = PLANE('',#16748);
#16748 = AXIS2_PLACEMENT_3D('',#16749,#16750,#16751);
#16749 = CARTESIAN_POINT('',(112.2,-77.,0.));
#16750 = DIRECTION('',(-1.,0.,0.));
#16751 = DIRECTION('',(0.,1.,0.));
#16752 = ADVANCED_FACE('',(#16753),#16764,.T.);
#16753 = FACE_BOUND('',#16754,.T.);
#16754 = EDGE_LOOP('',(#16755,#16756,#16757,#16763));
#16755 = ORIENTED_EDGE('',*,*,#16724,.T.);
#16756 = ORIENTED_EDGE('',*,*,#13362,.T.);
#16757 = ORIENTED_EDGE('',*,*,#16758,.F.);
#16758 = EDGE_CURVE('',#10710,#13355,#16759,.T.);
#16759 = LINE('',#16760,#16761);
#16760 = CARTESIAN_POINT('',(110.5,-75.5,0.));
#16761 = VECTOR('',#16762,1.);
#16762 = DIRECTION('',(0.,0.,1.));
#16763 = ORIENTED_EDGE('',*,*,#10717,.F.);
#16764 = PLANE('',#16765);
#16765 = AXIS2_PLACEMENT_3D('',#16766,#16767,#16768);
#16766 = CARTESIAN_POINT('',(111.400353,-75.5,0.));
#16767 = DIRECTION('',(0.,-1.,0.));
#16768 = DIRECTION('',(-1.,0.,0.));
#16769 = ADVANCED_FACE('',(#16770),#16781,.T.);
#16770 = FACE_BOUND('',#16771,.T.);
#16771 = EDGE_LOOP('',(#16772,#16778,#16779,#16780));
#16772 = ORIENTED_EDGE('',*,*,#16773,.T.);
#16773 = EDGE_CURVE('',#10589,#13234,#16774,.T.);
#16774 = LINE('',#16775,#16776);
#16775 = CARTESIAN_POINT('',(112.2,-77.700353,0.));
#16776 = VECTOR('',#16777,1.);
#16777 = DIRECTION('',(0.,0.,1.));
#16778 = ORIENTED_EDGE('',*,*,#13233,.T.);
#16779 = ORIENTED_EDGE('',*,*,#16739,.F.);
#16780 = ORIENTED_EDGE('',*,*,#10588,.F.);
#16781 = PLANE('',#16782);
#16782 = AXIS2_PLACEMENT_3D('',#16783,#16784,#16785);
#16783 = CARTESIAN_POINT('',(112.2,-77.700353,0.));
#16784 = DIRECTION('',(-1.,0.,0.));
#16785 = DIRECTION('',(0.,1.,0.));
#16786 = ADVANCED_FACE('',(#16787),#16798,.T.);
#16787 = FACE_BOUND('',#16788,.T.);
#16788 = EDGE_LOOP('',(#16789,#16790,#16791,#16797));
#16789 = ORIENTED_EDGE('',*,*,#16758,.T.);
#16790 = ORIENTED_EDGE('',*,*,#13354,.T.);
#16791 = ORIENTED_EDGE('',*,*,#16792,.F.);
#16792 = EDGE_CURVE('',#10701,#13346,#16793,.T.);
#16793 = LINE('',#16794,#16795);
#16794 = CARTESIAN_POINT('',(109.599647,-75.5,0.));
#16795 = VECTOR('',#16796,1.);
#16796 = DIRECTION('',(0.,0.,1.));
#16797 = ORIENTED_EDGE('',*,*,#10709,.F.);
#16798 = PLANE('',#16799);
#16799 = AXIS2_PLACEMENT_3D('',#16800,#16801,#16802);
#16800 = CARTESIAN_POINT('',(110.5,-75.5,0.));
#16801 = DIRECTION('',(0.,-1.,0.));
#16802 = DIRECTION('',(-1.,0.,0.));
#16803 = ADVANCED_FACE('',(#16804),#16815,.T.);
#16804 = FACE_BOUND('',#16805,.T.);
#16805 = EDGE_LOOP('',(#16806,#16812,#16813,#16814));
#16806 = ORIENTED_EDGE('',*,*,#16807,.T.);
#16807 = EDGE_CURVE('',#10597,#13242,#16808,.T.);
#16808 = LINE('',#16809,#16810);
#16809 = CARTESIAN_POINT('',(112.243934,-77.856655,0.));
#16810 = VECTOR('',#16811,1.);
#16811 = DIRECTION('',(0.,0.,1.));
#16812 = ORIENTED_EDGE('',*,*,#13241,.T.);
#16813 = ORIENTED_EDGE('',*,*,#16773,.F.);
#16814 = ORIENTED_EDGE('',*,*,#10596,.F.);
#16815 = CYLINDRICAL_SURFACE('',#16816,0.299998582341);
#16816 = AXIS2_PLACEMENT_3D('',#16817,#16818,#16819);
#16817 = CARTESIAN_POINT('',(112.49999858234,-77.70035375535,0.));
#16818 = DIRECTION('',(0.,0.,-1.));
#16819 = DIRECTION('',(-0.853552641289,-0.521006610849,-0.));
#16820 = ADVANCED_FACE('',(#16821),#16832,.T.);
#16821 = FACE_BOUND('',#16822,.T.);
#16822 = EDGE_LOOP('',(#16823,#16824,#16825,#16831));
#16823 = ORIENTED_EDGE('',*,*,#16792,.T.);
#16824 = ORIENTED_EDGE('',*,*,#13345,.T.);
#16825 = ORIENTED_EDGE('',*,*,#16826,.F.);
#16826 = EDGE_CURVE('',#10692,#13337,#16827,.T.);
#16827 = LINE('',#16828,#16829);
#16828 = CARTESIAN_POINT('',(109.443345,-75.456066,0.));
#16829 = VECTOR('',#16830,1.);
#16830 = DIRECTION('',(0.,0.,1.));
#16831 = ORIENTED_EDGE('',*,*,#10700,.F.);
#16832 = CYLINDRICAL_SURFACE('',#16833,0.299998582341);
#16833 = AXIS2_PLACEMENT_3D('',#16834,#16835,#16836);
#16834 = CARTESIAN_POINT('',(109.59964624464,-75.20000141766,0.));
#16835 = DIRECTION('',(0.,0.,-1.));
#16836 = DIRECTION('',(2.517861483353E-06,-0.999999999997,0.));
#16837 = ADVANCED_FACE('',(#16838),#16849,.F.);
#16838 = FACE_BOUND('',#16839,.F.);
#16839 = EDGE_LOOP('',(#16840,#16841,#16842,#16843));
#16840 = ORIENTED_EDGE('',*,*,#10605,.T.);
#16841 = ORIENTED_EDGE('',*,*,#16807,.T.);
#16842 = ORIENTED_EDGE('',*,*,#13250,.F.);
#16843 = ORIENTED_EDGE('',*,*,#16844,.F.);
#16844 = EDGE_CURVE('',#10606,#13251,#16845,.T.);
#16845 = LINE('',#16846,#16847);
#16846 = CARTESIAN_POINT('',(111.556655,-78.543934,0.));
#16847 = VECTOR('',#16848,1.);
#16848 = DIRECTION('',(0.,0.,1.));
#16849 = CYLINDRICAL_SURFACE('',#16850,0.499999603944);
#16850 = AXIS2_PLACEMENT_3D('',#16851,#16852,#16853);
#16851 = CARTESIAN_POINT('',(111.81715788946,-78.11715788946,0.));
#16852 = DIRECTION('',(-0.,-0.,-1.));
#16853 = DIRECTION('',(-0.521006191616,-0.853552897188,0.));
#16854 = ADVANCED_FACE('',(#16855),#16866,.F.);
#16855 = FACE_BOUND('',#16856,.F.);
#16856 = EDGE_LOOP('',(#16857,#16858,#16864,#16865));
#16857 = ORIENTED_EDGE('',*,*,#10691,.T.);
#16858 = ORIENTED_EDGE('',*,*,#16859,.T.);
#16859 = EDGE_CURVE('',#10683,#13328,#16860,.T.);
#16860 = LINE('',#16861,#16862);
#16861 = CARTESIAN_POINT('',(108.756066,-76.143345,0.));
#16862 = VECTOR('',#16863,1.);
#16863 = DIRECTION('',(0.,0.,1.));
#16864 = ORIENTED_EDGE('',*,*,#13336,.F.);
#16865 = ORIENTED_EDGE('',*,*,#16826,.F.);
#16866 = CYLINDRICAL_SURFACE('',#16867,0.499999603944);
#16867 = AXIS2_PLACEMENT_3D('',#16868,#16869,#16870);
#16868 = CARTESIAN_POINT('',(109.18284211054,-75.88284211054,0.));
#16869 = DIRECTION('',(-0.,-0.,-1.));
#16870 = DIRECTION('',(0.521006191616,0.853552897188,-0.));
#16871 = ADVANCED_FACE('',(#16872),#16883,.T.);
#16872 = FACE_BOUND('',#16873,.T.);
#16873 = EDGE_LOOP('',(#16874,#16880,#16881,#16882));
#16874 = ORIENTED_EDGE('',*,*,#16875,.T.);
#16875 = EDGE_CURVE('',#10615,#13260,#16876,.T.);
#16876 = LINE('',#16877,#16878);
#16877 = CARTESIAN_POINT('',(111.400353,-78.5,0.));
#16878 = VECTOR('',#16879,1.);
#16879 = DIRECTION('',(0.,0.,1.));
#16880 = ORIENTED_EDGE('',*,*,#13259,.T.);
#16881 = ORIENTED_EDGE('',*,*,#16844,.F.);
#16882 = ORIENTED_EDGE('',*,*,#10614,.F.);
#16883 = CYLINDRICAL_SURFACE('',#16884,0.299998582341);
#16884 = AXIS2_PLACEMENT_3D('',#16885,#16886,#16887);
#16885 = CARTESIAN_POINT('',(111.40035375535,-78.79999858234,0.));
#16886 = DIRECTION('',(0.,0.,-1.));
#16887 = DIRECTION('',(-2.517861483353E-06,0.999999999997,0.));
#16888 = ADVANCED_FACE('',(#16889),#16900,.T.);
#16889 = FACE_BOUND('',#16890,.T.);
#16890 = EDGE_LOOP('',(#16891,#16892,#16893,#16899));
#16891 = ORIENTED_EDGE('',*,*,#16859,.T.);
#16892 = ORIENTED_EDGE('',*,*,#13327,.T.);
#16893 = ORIENTED_EDGE('',*,*,#16894,.F.);
#16894 = EDGE_CURVE('',#10675,#13320,#16895,.T.);
#16895 = LINE('',#16896,#16897);
#16896 = CARTESIAN_POINT('',(108.8,-76.299647,0.));
#16897 = VECTOR('',#16898,1.);
#16898 = DIRECTION('',(0.,0.,1.));
#16899 = ORIENTED_EDGE('',*,*,#10682,.F.);
#16900 = CYLINDRICAL_SURFACE('',#16901,0.299998582341);
#16901 = AXIS2_PLACEMENT_3D('',#16902,#16903,#16904);
#16902 = CARTESIAN_POINT('',(108.50000141766,-76.29964624464,0.));
#16903 = DIRECTION('',(0.,0.,-1.));
#16904 = DIRECTION('',(0.853552641289,0.521006610849,0.));
#16905 = ADVANCED_FACE('',(#16906),#16917,.T.);
#16906 = FACE_BOUND('',#16907,.T.);
#16907 = EDGE_LOOP('',(#16908,#16914,#16915,#16916));
#16908 = ORIENTED_EDGE('',*,*,#16909,.T.);
#16909 = EDGE_CURVE('',#10624,#13269,#16910,.T.);
#16910 = LINE('',#16911,#16912);
#16911 = CARTESIAN_POINT('',(110.5,-78.5,0.));
#16912 = VECTOR('',#16913,1.);
#16913 = DIRECTION('',(0.,0.,1.));
#16914 = ORIENTED_EDGE('',*,*,#13268,.T.);
#16915 = ORIENTED_EDGE('',*,*,#16875,.F.);
#16916 = ORIENTED_EDGE('',*,*,#10623,.F.);
#16917 = PLANE('',#16918);
#16918 = AXIS2_PLACEMENT_3D('',#16919,#16920,#16921);
#16919 = CARTESIAN_POINT('',(110.5,-78.5,0.));
#16920 = DIRECTION('',(0.,1.,0.));
#16921 = DIRECTION('',(1.,0.,0.));
#16922 = ADVANCED_FACE('',(#16923),#16934,.T.);
#16923 = FACE_BOUND('',#16924,.T.);
#16924 = EDGE_LOOP('',(#16925,#16926,#16927,#16933));
#16925 = ORIENTED_EDGE('',*,*,#16894,.T.);
#16926 = ORIENTED_EDGE('',*,*,#13319,.T.);
#16927 = ORIENTED_EDGE('',*,*,#16928,.F.);
#16928 = EDGE_CURVE('',#10667,#13312,#16929,.T.);
#16929 = LINE('',#16930,#16931);
#16930 = CARTESIAN_POINT('',(108.8,-77.,0.));
#16931 = VECTOR('',#16932,1.);
#16932 = DIRECTION('',(0.,0.,1.));
#16933 = ORIENTED_EDGE('',*,*,#10674,.F.);
#16934 = PLANE('',#16935);
#16935 = AXIS2_PLACEMENT_3D('',#16936,#16937,#16938);
#16936 = CARTESIAN_POINT('',(108.8,-76.299647,0.));
#16937 = DIRECTION('',(1.,0.,-0.));
#16938 = DIRECTION('',(0.,-1.,0.));
#16939 = ADVANCED_FACE('',(#16940),#16951,.T.);
#16940 = FACE_BOUND('',#16941,.T.);
#16941 = EDGE_LOOP('',(#16942,#16948,#16949,#16950));
#16942 = ORIENTED_EDGE('',*,*,#16943,.T.);
#16943 = EDGE_CURVE('',#10632,#13277,#16944,.T.);
#16944 = LINE('',#16945,#16946);
#16945 = CARTESIAN_POINT('',(109.599647,-78.5,0.));
#16946 = VECTOR('',#16947,1.);
#16947 = DIRECTION('',(0.,0.,1.));
#16948 = ORIENTED_EDGE('',*,*,#13276,.T.);
#16949 = ORIENTED_EDGE('',*,*,#16909,.F.);
#16950 = ORIENTED_EDGE('',*,*,#10631,.F.);
#16951 = PLANE('',#16952);
#16952 = AXIS2_PLACEMENT_3D('',#16953,#16954,#16955);
#16953 = CARTESIAN_POINT('',(109.599647,-78.5,0.));
#16954 = DIRECTION('',(0.,1.,0.));
#16955 = DIRECTION('',(1.,0.,0.));
#16956 = ADVANCED_FACE('',(#16957),#16968,.T.);
#16957 = FACE_BOUND('',#16958,.T.);
#16958 = EDGE_LOOP('',(#16959,#16960,#16961,#16967));
#16959 = ORIENTED_EDGE('',*,*,#16928,.T.);
#16960 = ORIENTED_EDGE('',*,*,#13311,.T.);
#16961 = ORIENTED_EDGE('',*,*,#16962,.F.);
#16962 = EDGE_CURVE('',#10658,#13303,#16963,.T.);
#16963 = LINE('',#16964,#16965);
#16964 = CARTESIAN_POINT('',(108.8,-77.700353,0.));
#16965 = VECTOR('',#16966,1.);
#16966 = DIRECTION('',(0.,0.,1.));
#16967 = ORIENTED_EDGE('',*,*,#10666,.F.);
#16968 = PLANE('',#16969);
#16969 = AXIS2_PLACEMENT_3D('',#16970,#16971,#16972);
#16970 = CARTESIAN_POINT('',(108.8,-77.,0.));
#16971 = DIRECTION('',(1.,0.,-0.));
#16972 = DIRECTION('',(0.,-1.,0.));
#16973 = ADVANCED_FACE('',(#16974),#16985,.T.);
#16974 = FACE_BOUND('',#16975,.T.);
#16975 = EDGE_LOOP('',(#16976,#16982,#16983,#16984));
#16976 = ORIENTED_EDGE('',*,*,#16977,.T.);
#16977 = EDGE_CURVE('',#10640,#13285,#16978,.T.);
#16978 = LINE('',#16979,#16980);
#16979 = CARTESIAN_POINT('',(109.443345,-78.543934,0.));
#16980 = VECTOR('',#16981,1.);
#16981 = DIRECTION('',(0.,0.,1.));
#16982 = ORIENTED_EDGE('',*,*,#13284,.T.);
#16983 = ORIENTED_EDGE('',*,*,#16943,.F.);
#16984 = ORIENTED_EDGE('',*,*,#10639,.F.);
#16985 = CYLINDRICAL_SURFACE('',#16986,0.299998582341);
#16986 = AXIS2_PLACEMENT_3D('',#16987,#16988,#16989);
#16987 = CARTESIAN_POINT('',(109.59964624464,-78.79999858234,0.));
#16988 = DIRECTION('',(0.,0.,-1.));
#16989 = DIRECTION('',(-0.52100661085,0.853552641289,0.));
#16990 = ADVANCED_FACE('',(#16991),#17002,.T.);
#16991 = FACE_BOUND('',#16992,.T.);
#16992 = EDGE_LOOP('',(#16993,#16994,#16995,#17001));
#16993 = ORIENTED_EDGE('',*,*,#16962,.T.);
#16994 = ORIENTED_EDGE('',*,*,#13302,.T.);
#16995 = ORIENTED_EDGE('',*,*,#16996,.F.);
#16996 = EDGE_CURVE('',#10649,#13294,#16997,.T.);
#16997 = LINE('',#16998,#16999);
#16998 = CARTESIAN_POINT('',(108.756066,-77.856655,0.));
#16999 = VECTOR('',#17000,1.);
#17000 = DIRECTION('',(0.,0.,1.));
#17001 = ORIENTED_EDGE('',*,*,#10657,.F.);
#17002 = CYLINDRICAL_SURFACE('',#17003,0.299998582341);
#17003 = AXIS2_PLACEMENT_3D('',#17004,#17005,#17006);
#17004 = CARTESIAN_POINT('',(108.50000141766,-77.70035375535,0.));
#17005 = DIRECTION('',(0.,0.,-1.));
#17006 = DIRECTION('',(0.999999999997,2.517861388613E-06,0.));
#17007 = ADVANCED_FACE('',(#17008),#17014,.F.);
#17008 = FACE_BOUND('',#17009,.F.);
#17009 = EDGE_LOOP('',(#17010,#17011,#17012,#17013));
#17010 = ORIENTED_EDGE('',*,*,#10648,.T.);
#17011 = ORIENTED_EDGE('',*,*,#16977,.T.);
#17012 = ORIENTED_EDGE('',*,*,#13293,.F.);
#17013 = ORIENTED_EDGE('',*,*,#16996,.F.);
#17014 = CYLINDRICAL_SURFACE('',#17015,0.499999603944);
#17015 = AXIS2_PLACEMENT_3D('',#17016,#17017,#17018);
#17016 = CARTESIAN_POINT('',(109.18284211054,-78.11715788946,0.));
#17017 = DIRECTION('',(-0.,-0.,-1.));
#17018 = DIRECTION('',(-0.853552897188,0.521006191616,0.));
#17019 = ADVANCED_FACE('',(#17020),#17031,.F.);
#17020 = FACE_BOUND('',#17021,.F.);
#17021 = EDGE_LOOP('',(#17022,#17028,#17029,#17030));
#17022 = ORIENTED_EDGE('',*,*,#17023,.T.);
#17023 = EDGE_CURVE('',#10735,#13380,#17024,.T.);
#17024 = LINE('',#17025,#17026);
#17025 = CARTESIAN_POINT('',(110.095,-74.5,-4.6E-02));
#17026 = VECTOR('',#17027,1.);
#17027 = DIRECTION('',(0.,0.,1.));
#17028 = ORIENTED_EDGE('',*,*,#13379,.T.);
#17029 = ORIENTED_EDGE('',*,*,#17023,.F.);
#17030 = ORIENTED_EDGE('',*,*,#10734,.F.);
#17031 = CYLINDRICAL_SURFACE('',#17032,2.);
#17032 = AXIS2_PLACEMENT_3D('',#17033,#17034,#17035);
#17033 = CARTESIAN_POINT('',(110.095,-72.5,-4.6E-02));
#17034 = DIRECTION('',(-0.,-0.,-1.));
#17035 = DIRECTION('',(-0.,-1.,0.));
#17036 = ADVANCED_FACE('',(#17037),#17048,.F.);
#17037 = FACE_BOUND('',#17038,.F.);
#17038 = EDGE_LOOP('',(#17039,#17045,#17046,#17047));
#17039 = ORIENTED_EDGE('',*,*,#17040,.T.);
#17040 = EDGE_CURVE('',#10746,#13391,#17041,.T.);
#17041 = LINE('',#17042,#17043);
#17042 = CARTESIAN_POINT('',(115.175,-73.35,-4.6E-02));
#17043 = VECTOR('',#17044,1.);
#17044 = DIRECTION('',(0.,0.,1.));
#17045 = ORIENTED_EDGE('',*,*,#13390,.T.);
#17046 = ORIENTED_EDGE('',*,*,#17040,.F.);
#17047 = ORIENTED_EDGE('',*,*,#10745,.F.);
#17048 = CYLINDRICAL_SURFACE('',#17049,0.85);
#17049 = AXIS2_PLACEMENT_3D('',#17050,#17051,#17052);
#17050 = CARTESIAN_POINT('',(115.175,-72.5,-4.6E-02));
#17051 = DIRECTION('',(-0.,-0.,-1.));
#17052 = DIRECTION('',(-1.671865260612E-14,-1.,0.));
#17053 = ADVANCED_FACE('',(#17054),#17065,.F.);
#17054 = FACE_BOUND('',#17055,.F.);
#17055 = EDGE_LOOP('',(#17056,#17062,#17063,#17064));
#17056 = ORIENTED_EDGE('',*,*,#17057,.T.);
#17057 = EDGE_CURVE('',#10757,#13402,#17058,.T.);
#17058 = LINE('',#17059,#17060);
#17059 = CARTESIAN_POINT('',(119.595,-73.59,-4.6E-02));
#17060 = VECTOR('',#17061,1.);
#17061 = DIRECTION('',(0.,0.,1.));
#17062 = ORIENTED_EDGE('',*,*,#13401,.T.);
#17063 = ORIENTED_EDGE('',*,*,#17057,.F.);
#17064 = ORIENTED_EDGE('',*,*,#10756,.F.);
#17065 = CYLINDRICAL_SURFACE('',#17066,0.4);
#17066 = AXIS2_PLACEMENT_3D('',#17067,#17068,#17069);
#17067 = CARTESIAN_POINT('',(119.595,-73.19,-4.6E-02));
#17068 = DIRECTION('',(-0.,-0.,-1.));
#17069 = DIRECTION('',(-0.,-1.,0.));
#17070 = ADVANCED_FACE('',(#17071),#17082,.F.);
#17071 = FACE_BOUND('',#17072,.F.);
#17072 = EDGE_LOOP('',(#17073,#17079,#17080,#17081));
#17073 = ORIENTED_EDGE('',*,*,#17074,.T.);
#17074 = EDGE_CURVE('',#10768,#13413,#17075,.T.);
#17075 = LINE('',#17076,#17077);
#17076 = CARTESIAN_POINT('',(123.935,-73.35,-4.6E-02));
#17077 = VECTOR('',#17078,1.);
#17078 = DIRECTION('',(0.,0.,1.));
#17079 = ORIENTED_EDGE('',*,*,#13412,.T.);
#17080 = ORIENTED_EDGE('',*,*,#17074,.F.);
#17081 = ORIENTED_EDGE('',*,*,#10767,.F.);
#17082 = CYLINDRICAL_SURFACE('',#17083,0.85);
#17083 = AXIS2_PLACEMENT_3D('',#17084,#17085,#17086);
#17084 = CARTESIAN_POINT('',(123.935,-72.5,-4.6E-02));
#17085 = DIRECTION('',(-0.,-0.,-1.));
#17086 = DIRECTION('',(-0.,-1.,0.));
#17087 = ADVANCED_FACE('',(#17088),#17104,.F.);
#17088 = FACE_BOUND('',#17089,.F.);
#17089 = EDGE_LOOP('',(#17090,#17091,#17097,#17098));
#17090 = ORIENTED_EDGE('',*,*,#10778,.T.);
#17091 = ORIENTED_EDGE('',*,*,#17092,.T.);
#17092 = EDGE_CURVE('',#10781,#13426,#17093,.T.);
#17093 = LINE('',#17094,#17095);
#17094 = CARTESIAN_POINT('',(130.151655,-75.456066,0.));
#17095 = VECTOR('',#17096,1.);
#17096 = DIRECTION('',(0.,0.,1.));
#17097 = ORIENTED_EDGE('',*,*,#13423,.F.);
#17098 = ORIENTED_EDGE('',*,*,#17099,.F.);
#17099 = EDGE_CURVE('',#10779,#13424,#17100,.T.);
#17100 = LINE('',#17101,#17102);
#17101 = CARTESIAN_POINT('',(130.838934,-76.143345,0.));
#17102 = VECTOR('',#17103,1.);
#17103 = DIRECTION('',(0.,0.,1.));
#17104 = CYLINDRICAL_SURFACE('',#17105,0.499999603944);
#17105 = AXIS2_PLACEMENT_3D('',#17106,#17107,#17108);
#17106 = CARTESIAN_POINT('',(130.41215788946,-75.88284211054,0.));
#17107 = DIRECTION('',(-0.,-0.,-1.));
#17108 = DIRECTION('',(0.853552897188,-0.521006191616,0.));
#17109 = ADVANCED_FACE('',(#17110),#17121,.T.);
#17110 = FACE_BOUND('',#17111,.T.);
#17111 = EDGE_LOOP('',(#17112,#17118,#17119,#17120));
#17112 = ORIENTED_EDGE('',*,*,#17113,.T.);
#17113 = EDGE_CURVE('',#10790,#13435,#17114,.T.);
#17114 = LINE('',#17115,#17116);
#17115 = CARTESIAN_POINT('',(130.795,-76.299647,0.));
#17116 = VECTOR('',#17117,1.);
#17117 = DIRECTION('',(0.,0.,1.));
#17118 = ORIENTED_EDGE('',*,*,#13434,.T.);
#17119 = ORIENTED_EDGE('',*,*,#17099,.F.);
#17120 = ORIENTED_EDGE('',*,*,#10789,.F.);
#17121 = CYLINDRICAL_SURFACE('',#17122,0.299998582342);
#17122 = AXIS2_PLACEMENT_3D('',#17123,#17124,#17125);
#17123 = CARTESIAN_POINT('',(131.09499858234,-76.29964624464,0.));
#17124 = DIRECTION('',(0.,0.,-1.));
#17125 = DIRECTION('',(-0.999999999997,-2.517860772802E-06,-0.));
#17126 = ADVANCED_FACE('',(#17127),#17138,.T.);
#17127 = FACE_BOUND('',#17128,.T.);
#17128 = EDGE_LOOP('',(#17129,#17130,#17131,#17137));
#17129 = ORIENTED_EDGE('',*,*,#17092,.T.);
#17130 = ORIENTED_EDGE('',*,*,#13588,.T.);
#17131 = ORIENTED_EDGE('',*,*,#17132,.F.);
#17132 = EDGE_CURVE('',#10936,#13581,#17133,.T.);
#17133 = LINE('',#17134,#17135);
#17134 = CARTESIAN_POINT('',(129.995353,-75.5,0.));
#17135 = VECTOR('',#17136,1.);
#17136 = DIRECTION('',(0.,0.,1.));
#17137 = ORIENTED_EDGE('',*,*,#10943,.F.);
#17138 = CYLINDRICAL_SURFACE('',#17139,0.299998582341);
#17139 = AXIS2_PLACEMENT_3D('',#17140,#17141,#17142);
#17140 = CARTESIAN_POINT('',(129.99535375535,-75.20000141766,0.));
#17141 = DIRECTION('',(0.,0.,-1.));
#17142 = DIRECTION('',(0.521006610849,-0.853552641289,0.));
#17143 = ADVANCED_FACE('',(#17144),#17155,.T.);
#17144 = FACE_BOUND('',#17145,.T.);
#17145 = EDGE_LOOP('',(#17146,#17152,#17153,#17154));
#17146 = ORIENTED_EDGE('',*,*,#17147,.T.);
#17147 = EDGE_CURVE('',#10799,#13444,#17148,.T.);
#17148 = LINE('',#17149,#17150);
#17149 = CARTESIAN_POINT('',(130.795,-77.,0.));
#17150 = VECTOR('',#17151,1.);
#17151 = DIRECTION('',(0.,0.,1.));
#17152 = ORIENTED_EDGE('',*,*,#13443,.T.);
#17153 = ORIENTED_EDGE('',*,*,#17113,.F.);
#17154 = ORIENTED_EDGE('',*,*,#10798,.F.);
#17155 = PLANE('',#17156);
#17156 = AXIS2_PLACEMENT_3D('',#17157,#17158,#17159);
#17157 = CARTESIAN_POINT('',(130.795,-77.,0.));
#17158 = DIRECTION('',(-1.,0.,0.));
#17159 = DIRECTION('',(0.,1.,0.));
#17160 = ADVANCED_FACE('',(#17161),#17172,.T.);
#17161 = FACE_BOUND('',#17162,.T.);
#17162 = EDGE_LOOP('',(#17163,#17164,#17165,#17171));
#17163 = ORIENTED_EDGE('',*,*,#17132,.T.);
#17164 = ORIENTED_EDGE('',*,*,#13580,.T.);
#17165 = ORIENTED_EDGE('',*,*,#17166,.F.);
#17166 = EDGE_CURVE('',#10928,#13573,#17167,.T.);
#17167 = LINE('',#17168,#17169);
#17168 = CARTESIAN_POINT('',(129.095,-75.5,0.));
#17169 = VECTOR('',#17170,1.);
#17170 = DIRECTION('',(0.,0.,1.));
#17171 = ORIENTED_EDGE('',*,*,#10935,.F.);
#17172 = PLANE('',#17173);
#17173 = AXIS2_PLACEMENT_3D('',#17174,#17175,#17176);
#17174 = CARTESIAN_POINT('',(129.995353,-75.5,0.));
#17175 = DIRECTION('',(0.,-1.,0.));
#17176 = DIRECTION('',(-1.,0.,0.));
#17177 = ADVANCED_FACE('',(#17178),#17189,.T.);
#17178 = FACE_BOUND('',#17179,.T.);
#17179 = EDGE_LOOP('',(#17180,#17186,#17187,#17188));
#17180 = ORIENTED_EDGE('',*,*,#17181,.T.);
#17181 = EDGE_CURVE('',#10807,#13452,#17182,.T.);
#17182 = LINE('',#17183,#17184);
#17183 = CARTESIAN_POINT('',(130.795,-77.700353,0.));
#17184 = VECTOR('',#17185,1.);
#17185 = DIRECTION('',(0.,0.,1.));
#17186 = ORIENTED_EDGE('',*,*,#13451,.T.);
#17187 = ORIENTED_EDGE('',*,*,#17147,.F.);
#17188 = ORIENTED_EDGE('',*,*,#10806,.F.);
#17189 = PLANE('',#17190);
#17190 = AXIS2_PLACEMENT_3D('',#17191,#17192,#17193);
#17191 = CARTESIAN_POINT('',(130.795,-77.700353,0.));
#17192 = DIRECTION('',(-1.,0.,0.));
#17193 = DIRECTION('',(0.,1.,0.));
#17194 = ADVANCED_FACE('',(#17195),#17206,.T.);
#17195 = FACE_BOUND('',#17196,.T.);
#17196 = EDGE_LOOP('',(#17197,#17198,#17199,#17205));
#17197 = ORIENTED_EDGE('',*,*,#17166,.T.);
#17198 = ORIENTED_EDGE('',*,*,#13572,.T.);
#17199 = ORIENTED_EDGE('',*,*,#17200,.F.);
#17200 = EDGE_CURVE('',#10919,#13564,#17201,.T.);
#17201 = LINE('',#17202,#17203);
#17202 = CARTESIAN_POINT('',(128.194647,-75.5,0.));
#17203 = VECTOR('',#17204,1.);
#17204 = DIRECTION('',(0.,0.,1.));
#17205 = ORIENTED_EDGE('',*,*,#10927,.F.);
#17206 = PLANE('',#17207);
#17207 = AXIS2_PLACEMENT_3D('',#17208,#17209,#17210);
#17208 = CARTESIAN_POINT('',(129.095,-75.5,0.));
#17209 = DIRECTION('',(0.,-1.,0.));
#17210 = DIRECTION('',(-1.,0.,0.));
#17211 = ADVANCED_FACE('',(#17212),#17223,.T.);
#17212 = FACE_BOUND('',#17213,.T.);
#17213 = EDGE_LOOP('',(#17214,#17220,#17221,#17222));
#17214 = ORIENTED_EDGE('',*,*,#17215,.T.);
#17215 = EDGE_CURVE('',#10815,#13460,#17216,.T.);
#17216 = LINE('',#17217,#17218);
#17217 = CARTESIAN_POINT('',(130.838934,-77.856655,0.));
#17218 = VECTOR('',#17219,1.);
#17219 = DIRECTION('',(0.,0.,1.));
#17220 = ORIENTED_EDGE('',*,*,#13459,.T.);
#17221 = ORIENTED_EDGE('',*,*,#17181,.F.);
#17222 = ORIENTED_EDGE('',*,*,#10814,.F.);
#17223 = CYLINDRICAL_SURFACE('',#17224,0.299998582342);
#17224 = AXIS2_PLACEMENT_3D('',#17225,#17226,#17227);
#17225 = CARTESIAN_POINT('',(131.09499858234,-77.70035375535,0.));
#17226 = DIRECTION('',(0.,0.,-1.));
#17227 = DIRECTION('',(-0.853552641289,-0.521006610849,-0.));
#17228 = ADVANCED_FACE('',(#17229),#17240,.T.);
#17229 = FACE_BOUND('',#17230,.T.);
#17230 = EDGE_LOOP('',(#17231,#17232,#17233,#17239));
#17231 = ORIENTED_EDGE('',*,*,#17200,.T.);
#17232 = ORIENTED_EDGE('',*,*,#13563,.T.);
#17233 = ORIENTED_EDGE('',*,*,#17234,.F.);
#17234 = EDGE_CURVE('',#10910,#13555,#17235,.T.);
#17235 = LINE('',#17236,#17237);
#17236 = CARTESIAN_POINT('',(128.038345,-75.456066,0.));
#17237 = VECTOR('',#17238,1.);
#17238 = DIRECTION('',(0.,0.,1.));
#17239 = ORIENTED_EDGE('',*,*,#10918,.F.);
#17240 = CYLINDRICAL_SURFACE('',#17241,0.299998582341);
#17241 = AXIS2_PLACEMENT_3D('',#17242,#17243,#17244);
#17242 = CARTESIAN_POINT('',(128.19464624464,-75.20000141766,0.));
#17243 = DIRECTION('',(0.,0.,-1.));
#17244 = DIRECTION('',(2.517861293872E-06,-0.999999999997,0.));
#17245 = ADVANCED_FACE('',(#17246),#17257,.F.);
#17246 = FACE_BOUND('',#17247,.F.);
#17247 = EDGE_LOOP('',(#17248,#17249,#17250,#17251));
#17248 = ORIENTED_EDGE('',*,*,#10823,.T.);
#17249 = ORIENTED_EDGE('',*,*,#17215,.T.);
#17250 = ORIENTED_EDGE('',*,*,#13468,.F.);
#17251 = ORIENTED_EDGE('',*,*,#17252,.F.);
#17252 = EDGE_CURVE('',#10824,#13469,#17253,.T.);
#17253 = LINE('',#17254,#17255);
#17254 = CARTESIAN_POINT('',(130.151655,-78.543934,0.));
#17255 = VECTOR('',#17256,1.);
#17256 = DIRECTION('',(0.,0.,1.));
#17257 = CYLINDRICAL_SURFACE('',#17258,0.499999603944);
#17258 = AXIS2_PLACEMENT_3D('',#17259,#17260,#17261);
#17259 = CARTESIAN_POINT('',(130.41215788946,-78.11715788946,0.));
#17260 = DIRECTION('',(-0.,-0.,-1.));
#17261 = DIRECTION('',(-0.521006191616,-0.853552897188,0.));
#17262 = ADVANCED_FACE('',(#17263),#17274,.F.);
#17263 = FACE_BOUND('',#17264,.F.);
#17264 = EDGE_LOOP('',(#17265,#17266,#17272,#17273));
#17265 = ORIENTED_EDGE('',*,*,#10909,.T.);
#17266 = ORIENTED_EDGE('',*,*,#17267,.T.);
#17267 = EDGE_CURVE('',#10901,#13546,#17268,.T.);
#17268 = LINE('',#17269,#17270);
#17269 = CARTESIAN_POINT('',(127.351066,-76.143345,0.));
#17270 = VECTOR('',#17271,1.);
#17271 = DIRECTION('',(0.,0.,1.));
#17272 = ORIENTED_EDGE('',*,*,#13554,.F.);
#17273 = ORIENTED_EDGE('',*,*,#17234,.F.);
#17274 = CYLINDRICAL_SURFACE('',#17275,0.499999603944);
#17275 = AXIS2_PLACEMENT_3D('',#17276,#17277,#17278);
#17276 = CARTESIAN_POINT('',(127.77784211054,-75.88284211054,0.));
#17277 = DIRECTION('',(-0.,-0.,-1.));
#17278 = DIRECTION('',(0.521006191616,0.853552897188,-0.));
#17279 = ADVANCED_FACE('',(#17280),#17291,.T.);
#17280 = FACE_BOUND('',#17281,.T.);
#17281 = EDGE_LOOP('',(#17282,#17288,#17289,#17290));
#17282 = ORIENTED_EDGE('',*,*,#17283,.T.);
#17283 = EDGE_CURVE('',#10833,#13478,#17284,.T.);
#17284 = LINE('',#17285,#17286);
#17285 = CARTESIAN_POINT('',(129.995353,-78.5,0.));
#17286 = VECTOR('',#17287,1.);
#17287 = DIRECTION('',(0.,0.,1.));
#17288 = ORIENTED_EDGE('',*,*,#13477,.T.);
#17289 = ORIENTED_EDGE('',*,*,#17252,.F.);
#17290 = ORIENTED_EDGE('',*,*,#10832,.F.);
#17291 = CYLINDRICAL_SURFACE('',#17292,0.299998582341);
#17292 = AXIS2_PLACEMENT_3D('',#17293,#17294,#17295);
#17293 = CARTESIAN_POINT('',(129.99535375535,-78.79999858234,0.));
#17294 = DIRECTION('',(0.,0.,-1.));
#17295 = DIRECTION('',(-2.517861293872E-06,0.999999999997,0.));
#17296 = ADVANCED_FACE('',(#17297),#17308,.T.);
#17297 = FACE_BOUND('',#17298,.T.);
#17298 = EDGE_LOOP('',(#17299,#17300,#17301,#17307));
#17299 = ORIENTED_EDGE('',*,*,#17267,.T.);
#17300 = ORIENTED_EDGE('',*,*,#13545,.T.);
#17301 = ORIENTED_EDGE('',*,*,#17302,.F.);
#17302 = EDGE_CURVE('',#10893,#13538,#17303,.T.);
#17303 = LINE('',#17304,#17305);
#17304 = CARTESIAN_POINT('',(127.395,-76.299647,0.));
#17305 = VECTOR('',#17306,1.);
#17306 = DIRECTION('',(0.,0.,1.));
#17307 = ORIENTED_EDGE('',*,*,#10900,.F.);
#17308 = CYLINDRICAL_SURFACE('',#17309,0.299998582341);
#17309 = AXIS2_PLACEMENT_3D('',#17310,#17311,#17312);
#17310 = CARTESIAN_POINT('',(127.09500141766,-76.29964624464,0.));
#17311 = DIRECTION('',(0.,0.,-1.));
#17312 = DIRECTION('',(0.853552641289,0.521006610849,0.));
#17313 = ADVANCED_FACE('',(#17314),#17325,.T.);
#17314 = FACE_BOUND('',#17315,.T.);
#17315 = EDGE_LOOP('',(#17316,#17322,#17323,#17324));
#17316 = ORIENTED_EDGE('',*,*,#17317,.T.);
#17317 = EDGE_CURVE('',#10842,#13487,#17318,.T.);
#17318 = LINE('',#17319,#17320);
#17319 = CARTESIAN_POINT('',(129.095,-78.5,0.));
#17320 = VECTOR('',#17321,1.);
#17321 = DIRECTION('',(0.,0.,1.));
#17322 = ORIENTED_EDGE('',*,*,#13486,.T.);
#17323 = ORIENTED_EDGE('',*,*,#17283,.F.);
#17324 = ORIENTED_EDGE('',*,*,#10841,.F.);
#17325 = PLANE('',#17326);
#17326 = AXIS2_PLACEMENT_3D('',#17327,#17328,#17329);
#17327 = CARTESIAN_POINT('',(129.095,-78.5,0.));
#17328 = DIRECTION('',(0.,1.,0.));
#17329 = DIRECTION('',(1.,0.,0.));
#17330 = ADVANCED_FACE('',(#17331),#17342,.T.);
#17331 = FACE_BOUND('',#17332,.T.);
#17332 = EDGE_LOOP('',(#17333,#17334,#17335,#17341));
#17333 = ORIENTED_EDGE('',*,*,#17302,.T.);
#17334 = ORIENTED_EDGE('',*,*,#13537,.T.);
#17335 = ORIENTED_EDGE('',*,*,#17336,.F.);
#17336 = EDGE_CURVE('',#10885,#13530,#17337,.T.);
#17337 = LINE('',#17338,#17339);
#17338 = CARTESIAN_POINT('',(127.395,-77.,0.));
#17339 = VECTOR('',#17340,1.);
#17340 = DIRECTION('',(0.,0.,1.));
#17341 = ORIENTED_EDGE('',*,*,#10892,.F.);
#17342 = PLANE('',#17343);
#17343 = AXIS2_PLACEMENT_3D('',#17344,#17345,#17346);
#17344 = CARTESIAN_POINT('',(127.395,-76.299647,0.));
#17345 = DIRECTION('',(1.,0.,-0.));
#17346 = DIRECTION('',(0.,-1.,0.));
#17347 = ADVANCED_FACE('',(#17348),#17359,.T.);
#17348 = FACE_BOUND('',#17349,.T.);
#17349 = EDGE_LOOP('',(#17350,#17356,#17357,#17358));
#17350 = ORIENTED_EDGE('',*,*,#17351,.T.);
#17351 = EDGE_CURVE('',#10850,#13495,#17352,.T.);
#17352 = LINE('',#17353,#17354);
#17353 = CARTESIAN_POINT('',(128.194647,-78.5,0.));
#17354 = VECTOR('',#17355,1.);
#17355 = DIRECTION('',(0.,0.,1.));
#17356 = ORIENTED_EDGE('',*,*,#13494,.T.);
#17357 = ORIENTED_EDGE('',*,*,#17317,.F.);
#17358 = ORIENTED_EDGE('',*,*,#10849,.F.);
#17359 = PLANE('',#17360);
#17360 = AXIS2_PLACEMENT_3D('',#17361,#17362,#17363);
#17361 = CARTESIAN_POINT('',(128.194647,-78.5,0.));
#17362 = DIRECTION('',(0.,1.,0.));
#17363 = DIRECTION('',(1.,0.,0.));
#17364 = ADVANCED_FACE('',(#17365),#17376,.T.);
#17365 = FACE_BOUND('',#17366,.T.);
#17366 = EDGE_LOOP('',(#17367,#17368,#17369,#17375));
#17367 = ORIENTED_EDGE('',*,*,#17336,.T.);
#17368 = ORIENTED_EDGE('',*,*,#13529,.T.);
#17369 = ORIENTED_EDGE('',*,*,#17370,.F.);
#17370 = EDGE_CURVE('',#10876,#13521,#17371,.T.);
#17371 = LINE('',#17372,#17373);
#17372 = CARTESIAN_POINT('',(127.395,-77.700353,0.));
#17373 = VECTOR('',#17374,1.);
#17374 = DIRECTION('',(0.,0.,1.));
#17375 = ORIENTED_EDGE('',*,*,#10884,.F.);
#17376 = PLANE('',#17377);
#17377 = AXIS2_PLACEMENT_3D('',#17378,#17379,#17380);
#17378 = CARTESIAN_POINT('',(127.395,-77.,0.));
#17379 = DIRECTION('',(1.,0.,-0.));
#17380 = DIRECTION('',(0.,-1.,0.));
#17381 = ADVANCED_FACE('',(#17382),#17393,.T.);
#17382 = FACE_BOUND('',#17383,.T.);
#17383 = EDGE_LOOP('',(#17384,#17390,#17391,#17392));
#17384 = ORIENTED_EDGE('',*,*,#17385,.T.);
#17385 = EDGE_CURVE('',#10858,#13503,#17386,.T.);
#17386 = LINE('',#17387,#17388);
#17387 = CARTESIAN_POINT('',(128.038345,-78.543934,0.));
#17388 = VECTOR('',#17389,1.);
#17389 = DIRECTION('',(0.,0.,1.));
#17390 = ORIENTED_EDGE('',*,*,#13502,.T.);
#17391 = ORIENTED_EDGE('',*,*,#17351,.F.);
#17392 = ORIENTED_EDGE('',*,*,#10857,.F.);
#17393 = CYLINDRICAL_SURFACE('',#17394,0.299998582341);
#17394 = AXIS2_PLACEMENT_3D('',#17395,#17396,#17397);
#17395 = CARTESIAN_POINT('',(128.19464624464,-78.79999858234,0.));
#17396 = DIRECTION('',(0.,0.,-1.));
#17397 = DIRECTION('',(-0.521006610849,0.853552641289,0.));
#17398 = ADVANCED_FACE('',(#17399),#17410,.T.);
#17399 = FACE_BOUND('',#17400,.T.);
#17400 = EDGE_LOOP('',(#17401,#17402,#17403,#17409));
#17401 = ORIENTED_EDGE('',*,*,#17370,.T.);
#17402 = ORIENTED_EDGE('',*,*,#13520,.T.);
#17403 = ORIENTED_EDGE('',*,*,#17404,.F.);
#17404 = EDGE_CURVE('',#10867,#13512,#17405,.T.);
#17405 = LINE('',#17406,#17407);
#17406 = CARTESIAN_POINT('',(127.351066,-77.856655,0.));
#17407 = VECTOR('',#17408,1.);
#17408 = DIRECTION('',(0.,0.,1.));
#17409 = ORIENTED_EDGE('',*,*,#10875,.F.);
#17410 = CYLINDRICAL_SURFACE('',#17411,0.299998582341);
#17411 = AXIS2_PLACEMENT_3D('',#17412,#17413,#17414);
#17412 = CARTESIAN_POINT('',(127.09500141766,-77.70035375535,0.));
#17413 = DIRECTION('',(0.,0.,-1.));
#17414 = DIRECTION('',(0.999999999997,2.517861388613E-06,0.));
#17415 = ADVANCED_FACE('',(#17416),#17422,.F.);
#17416 = FACE_BOUND('',#17417,.F.);
#17417 = EDGE_LOOP('',(#17418,#17419,#17420,#17421));
#17418 = ORIENTED_EDGE('',*,*,#10866,.T.);
#17419 = ORIENTED_EDGE('',*,*,#17385,.T.);
#17420 = ORIENTED_EDGE('',*,*,#13511,.F.);
#17421 = ORIENTED_EDGE('',*,*,#17404,.F.);
#17422 = CYLINDRICAL_SURFACE('',#17423,0.499999603944);
#17423 = AXIS2_PLACEMENT_3D('',#17424,#17425,#17426);
#17424 = CARTESIAN_POINT('',(127.77784211054,-78.11715788946,0.));
#17425 = DIRECTION('',(-0.,-0.,-1.));
#17426 = DIRECTION('',(-0.853552897188,0.521006191616,0.));
#17427 = ADVANCED_FACE('',(#17428),#17439,.F.);
#17428 = FACE_BOUND('',#17429,.F.);
#17429 = EDGE_LOOP('',(#17430,#17436,#17437,#17438));
#17430 = ORIENTED_EDGE('',*,*,#17431,.T.);
#17431 = EDGE_CURVE('',#10953,#13598,#17432,.T.);
#17432 = LINE('',#17433,#17434);
#17433 = CARTESIAN_POINT('',(129.015,-74.5,-4.6E-02));
#17434 = VECTOR('',#17435,1.);
#17435 = DIRECTION('',(0.,0.,1.));
#17436 = ORIENTED_EDGE('',*,*,#13597,.T.);
#17437 = ORIENTED_EDGE('',*,*,#17431,.F.);
#17438 = ORIENTED_EDGE('',*,*,#10952,.F.);
#17439 = CYLINDRICAL_SURFACE('',#17440,2.);
#17440 = AXIS2_PLACEMENT_3D('',#17441,#17442,#17443);
#17441 = CARTESIAN_POINT('',(129.015,-72.5,-4.6E-02));
#17442 = DIRECTION('',(-0.,-0.,-1.));
#17443 = DIRECTION('',(-0.,-1.,0.));
#17444 = ADVANCED_FACE('',(#17445),#17456,.F.);
#17445 = FACE_BOUND('',#17446,.F.);
#17446 = EDGE_LOOP('',(#17447,#17453,#17454,#17455));
#17447 = ORIENTED_EDGE('',*,*,#17448,.T.);
#17448 = EDGE_CURVE('',#10964,#13609,#17449,.T.);
#17449 = LINE('',#17450,#17451);
#17450 = CARTESIAN_POINT('',(134.175,-92.35,-4.6E-02));
#17451 = VECTOR('',#17452,1.);
#17452 = DIRECTION('',(0.,0.,1.));
#17453 = ORIENTED_EDGE('',*,*,#13608,.T.);
#17454 = ORIENTED_EDGE('',*,*,#17448,.F.);
#17455 = ORIENTED_EDGE('',*,*,#10963,.F.);
#17456 = CYLINDRICAL_SURFACE('',#17457,0.85);
#17457 = AXIS2_PLACEMENT_3D('',#17458,#17459,#17460);
#17458 = CARTESIAN_POINT('',(134.175,-91.5,-4.6E-02));
#17459 = DIRECTION('',(-0.,-0.,-1.));
#17460 = DIRECTION('',(-0.,-1.,0.));
#17461 = ADVANCED_FACE('',(#17462),#17473,.F.);
#17462 = FACE_BOUND('',#17463,.F.);
#17463 = EDGE_LOOP('',(#17464,#17470,#17471,#17472));
#17464 = ORIENTED_EDGE('',*,*,#17465,.T.);
#17465 = EDGE_CURVE('',#10975,#13620,#17466,.T.);
#17466 = LINE('',#17467,#17468);
#17467 = CARTESIAN_POINT('',(138.,-92.59,-4.6E-02));
#17468 = VECTOR('',#17469,1.);
#17469 = DIRECTION('',(0.,0.,1.));
#17470 = ORIENTED_EDGE('',*,*,#13619,.T.);
#17471 = ORIENTED_EDGE('',*,*,#17465,.F.);
#17472 = ORIENTED_EDGE('',*,*,#10974,.F.);
#17473 = CYLINDRICAL_SURFACE('',#17474,0.4);
#17474 = AXIS2_PLACEMENT_3D('',#17475,#17476,#17477);
#17475 = CARTESIAN_POINT('',(138.,-92.19,-4.6E-02));
#17476 = DIRECTION('',(-0.,-0.,-1.));
#17477 = DIRECTION('',(-0.,-1.,0.));
#17478 = ADVANCED_FACE('',(#17479),#17490,.F.);
#17479 = FACE_BOUND('',#17480,.F.);
#17480 = EDGE_LOOP('',(#17481,#17487,#17488,#17489));
#17481 = ORIENTED_EDGE('',*,*,#17482,.T.);
#17482 = EDGE_CURVE('',#10986,#13631,#17483,.T.);
#17483 = LINE('',#17484,#17485);
#17484 = CARTESIAN_POINT('',(138.,-81.21,-4.6E-02));
#17485 = VECTOR('',#17486,1.);
#17486 = DIRECTION('',(0.,0.,1.));
#17487 = ORIENTED_EDGE('',*,*,#13630,.T.);
#17488 = ORIENTED_EDGE('',*,*,#17482,.F.);
#17489 = ORIENTED_EDGE('',*,*,#10985,.F.);
#17490 = CYLINDRICAL_SURFACE('',#17491,0.4);
#17491 = AXIS2_PLACEMENT_3D('',#17492,#17493,#17494);
#17492 = CARTESIAN_POINT('',(138.,-80.81,-4.6E-02));
#17493 = DIRECTION('',(-0.,-0.,-1.));
#17494 = DIRECTION('',(-0.,-1.,0.));
#17495 = ADVANCED_FACE('',(#17496),#17507,.F.);
#17496 = FACE_BOUND('',#17497,.F.);
#17497 = EDGE_LOOP('',(#17498,#17504,#17505,#17506));
#17498 = ORIENTED_EDGE('',*,*,#17499,.T.);
#17499 = EDGE_CURVE('',#10997,#13642,#17500,.T.);
#17500 = LINE('',#17501,#17502);
#17501 = CARTESIAN_POINT('',(134.095,-73.35,-4.6E-02));
#17502 = VECTOR('',#17503,1.);
#17503 = DIRECTION('',(0.,0.,1.));
#17504 = ORIENTED_EDGE('',*,*,#13641,.T.);
#17505 = ORIENTED_EDGE('',*,*,#17499,.F.);
#17506 = ORIENTED_EDGE('',*,*,#10996,.F.);
#17507 = CYLINDRICAL_SURFACE('',#17508,0.85);
#17508 = AXIS2_PLACEMENT_3D('',#17509,#17510,#17511);
#17509 = CARTESIAN_POINT('',(134.095,-72.5,-4.6E-02));
#17510 = DIRECTION('',(-0.,-0.,-1.));
#17511 = DIRECTION('',(-0.,-1.,0.));
#17512 = ADVANCED_FACE('',(#17513),#17524,.F.);
#17513 = FACE_BOUND('',#17514,.F.);
#17514 = EDGE_LOOP('',(#17515,#17521,#17522,#17523));
#17515 = ORIENTED_EDGE('',*,*,#17516,.T.);
#17516 = EDGE_CURVE('',#11008,#13653,#17517,.T.);
#17517 = LINE('',#17518,#17519);
#17518 = CARTESIAN_POINT('',(138.,-73.59,-4.6E-02));
#17519 = VECTOR('',#17520,1.);
#17520 = DIRECTION('',(0.,0.,1.));
#17521 = ORIENTED_EDGE('',*,*,#13652,.T.);
#17522 = ORIENTED_EDGE('',*,*,#17516,.F.);
#17523 = ORIENTED_EDGE('',*,*,#11007,.F.);
#17524 = CYLINDRICAL_SURFACE('',#17525,0.4);
#17525 = AXIS2_PLACEMENT_3D('',#17526,#17527,#17528);
#17526 = CARTESIAN_POINT('',(138.,-73.19,-4.6E-02));
#17527 = DIRECTION('',(-0.,-0.,-1.));
#17528 = DIRECTION('',(-0.,-1.,0.));
#17529 = ADVANCED_FACE('',(#17530),#17541,.F.);
#17530 = FACE_BOUND('',#17531,.F.);
#17531 = EDGE_LOOP('',(#17532,#17538,#17539,#17540));
#17532 = ORIENTED_EDGE('',*,*,#17533,.T.);
#17533 = EDGE_CURVE('',#11019,#13664,#17534,.T.);
#17534 = LINE('',#17535,#17536);
#17535 = CARTESIAN_POINT('',(85.825,-54.39,-4.6E-02));
#17536 = VECTOR('',#17537,1.);
#17537 = DIRECTION('',(0.,0.,1.));
#17538 = ORIENTED_EDGE('',*,*,#13663,.T.);
#17539 = ORIENTED_EDGE('',*,*,#17533,.F.);
#17540 = ORIENTED_EDGE('',*,*,#11018,.F.);
#17541 = CYLINDRICAL_SURFACE('',#17542,0.85);
#17542 = AXIS2_PLACEMENT_3D('',#17543,#17544,#17545);
#17543 = CARTESIAN_POINT('',(85.825,-53.54,-4.6E-02));
#17544 = DIRECTION('',(-0.,0.,-1.));
#17545 = DIRECTION('',(1.671865260612E-14,-1.,-0.));
#17546 = ADVANCED_FACE('',(#17547),#17558,.F.);
#17547 = FACE_BOUND('',#17548,.F.);
#17548 = EDGE_LOOP('',(#17549,#17555,#17556,#17557));
#17549 = ORIENTED_EDGE('',*,*,#17550,.T.);
#17550 = EDGE_CURVE('',#11030,#13675,#17551,.T.);
#17551 = LINE('',#17552,#17553);
#17552 = CARTESIAN_POINT('',(87.15,-70.71,-4.6E-02));
#17553 = VECTOR('',#17554,1.);
#17554 = DIRECTION('',(0.,0.,1.));
#17555 = ORIENTED_EDGE('',*,*,#13674,.T.);
#17556 = ORIENTED_EDGE('',*,*,#17550,.F.);
#17557 = ORIENTED_EDGE('',*,*,#11029,.F.);
#17558 = CYLINDRICAL_SURFACE('',#17559,0.75);
#17559 = AXIS2_PLACEMENT_3D('',#17560,#17561,#17562);
#17560 = CARTESIAN_POINT('',(87.15,-69.96,-4.6E-02));
#17561 = DIRECTION('',(-0.,-0.,-1.));
#17562 = DIRECTION('',(-0.,-1.,0.));
#17563 = ADVANCED_FACE('',(#17564),#17575,.F.);
#17564 = FACE_BOUND('',#17565,.F.);
#17565 = EDGE_LOOP('',(#17566,#17572,#17573,#17574));
#17566 = ORIENTED_EDGE('',*,*,#17567,.T.);
#17567 = EDGE_CURVE('',#11041,#13686,#17568,.T.);
#17568 = LINE('',#17569,#17570);
#17569 = CARTESIAN_POINT('',(93.5,-68.17,-4.6E-02));
#17570 = VECTOR('',#17571,1.);
#17571 = DIRECTION('',(0.,0.,1.));
#17572 = ORIENTED_EDGE('',*,*,#13685,.T.);
#17573 = ORIENTED_EDGE('',*,*,#17567,.F.);
#17574 = ORIENTED_EDGE('',*,*,#11040,.F.);
#17575 = CYLINDRICAL_SURFACE('',#17576,0.75);
#17576 = AXIS2_PLACEMENT_3D('',#17577,#17578,#17579);
#17577 = CARTESIAN_POINT('',(93.5,-67.42,-4.6E-02));
#17578 = DIRECTION('',(-0.,-0.,-1.));
#17579 = DIRECTION('',(-0.,-1.,0.));
#17580 = ADVANCED_FACE('',(#17581),#17592,.F.);
#17581 = FACE_BOUND('',#17582,.F.);
#17582 = EDGE_LOOP('',(#17583,#17589,#17590,#17591));
#17583 = ORIENTED_EDGE('',*,*,#17584,.T.);
#17584 = EDGE_CURVE('',#11052,#13697,#17585,.T.);
#17585 = LINE('',#17586,#17587);
#17586 = CARTESIAN_POINT('',(106.285,-70.71,-4.6E-02));
#17587 = VECTOR('',#17588,1.);
#17588 = DIRECTION('',(0.,0.,1.));
#17589 = ORIENTED_EDGE('',*,*,#13696,.T.);
#17590 = ORIENTED_EDGE('',*,*,#17584,.F.);
#17591 = ORIENTED_EDGE('',*,*,#11051,.F.);
#17592 = CYLINDRICAL_SURFACE('',#17593,0.75);
#17593 = AXIS2_PLACEMENT_3D('',#17594,#17595,#17596);
#17594 = CARTESIAN_POINT('',(106.285,-69.96,-4.6E-02));
#17595 = DIRECTION('',(-0.,-0.,-1.));
#17596 = DIRECTION('',(-0.,-1.,0.));
#17597 = ADVANCED_FACE('',(#17598),#17609,.F.);
#17598 = FACE_BOUND('',#17599,.F.);
#17599 = EDGE_LOOP('',(#17600,#17606,#17607,#17608));
#17600 = ORIENTED_EDGE('',*,*,#17601,.T.);
#17601 = EDGE_CURVE('',#11063,#13708,#17602,.T.);
#17602 = LINE('',#17603,#17604);
#17603 = CARTESIAN_POINT('',(100.5,-62.21,-4.6E-02));
#17604 = VECTOR('',#17605,1.);
#17605 = DIRECTION('',(0.,0.,1.));
#17606 = ORIENTED_EDGE('',*,*,#13707,.T.);
#17607 = ORIENTED_EDGE('',*,*,#17601,.F.);
#17608 = ORIENTED_EDGE('',*,*,#11062,.F.);
#17609 = CYLINDRICAL_SURFACE('',#17610,0.4);
#17610 = AXIS2_PLACEMENT_3D('',#17611,#17612,#17613);
#17611 = CARTESIAN_POINT('',(100.5,-61.81,-4.6E-02));
#17612 = DIRECTION('',(-0.,-0.,-1.));
#17613 = DIRECTION('',(-0.,-1.,0.));
#17614 = ADVANCED_FACE('',(#17615),#17631,.F.);
#17615 = FACE_BOUND('',#17616,.F.);
#17616 = EDGE_LOOP('',(#17617,#17618,#17624,#17625));
#17617 = ORIENTED_EDGE('',*,*,#11073,.T.);
#17618 = ORIENTED_EDGE('',*,*,#17619,.T.);
#17619 = EDGE_CURVE('',#11076,#13721,#17620,.T.);
#17620 = LINE('',#17621,#17622);
#17621 = CARTESIAN_POINT('',(92.151655,-56.456066,0.));
#17622 = VECTOR('',#17623,1.);
#17623 = DIRECTION('',(0.,0.,1.));
#17624 = ORIENTED_EDGE('',*,*,#13718,.F.);
#17625 = ORIENTED_EDGE('',*,*,#17626,.F.);
#17626 = EDGE_CURVE('',#11074,#13719,#17627,.T.);
#17627 = LINE('',#17628,#17629);
#17628 = CARTESIAN_POINT('',(92.838934,-57.143345,0.));
#17629 = VECTOR('',#17630,1.);
#17630 = DIRECTION('',(0.,0.,1.));
#17631 = CYLINDRICAL_SURFACE('',#17632,0.499999603944);
#17632 = AXIS2_PLACEMENT_3D('',#17633,#17634,#17635);
#17633 = CARTESIAN_POINT('',(92.41215788946,-56.88284211054,0.));
#17634 = DIRECTION('',(-0.,-0.,-1.));
#17635 = DIRECTION('',(0.853552897188,-0.521006191616,0.));
#17636 = ADVANCED_FACE('',(#17637),#17648,.T.);
#17637 = FACE_BOUND('',#17638,.T.);
#17638 = EDGE_LOOP('',(#17639,#17645,#17646,#17647));
#17639 = ORIENTED_EDGE('',*,*,#17640,.T.);
#17640 = EDGE_CURVE('',#11085,#13730,#17641,.T.);
#17641 = LINE('',#17642,#17643);
#17642 = CARTESIAN_POINT('',(92.795,-57.299647,0.));
#17643 = VECTOR('',#17644,1.);
#17644 = DIRECTION('',(0.,0.,1.));
#17645 = ORIENTED_EDGE('',*,*,#13729,.T.);
#17646 = ORIENTED_EDGE('',*,*,#17626,.F.);
#17647 = ORIENTED_EDGE('',*,*,#11084,.F.);
#17648 = CYLINDRICAL_SURFACE('',#17649,0.299998582341);
#17649 = AXIS2_PLACEMENT_3D('',#17650,#17651,#17652);
#17650 = CARTESIAN_POINT('',(93.09499858234,-57.29964624464,0.));
#17651 = DIRECTION('',(0.,0.,-1.));
#17652 = DIRECTION('',(-0.999999999997,-2.517861435983E-06,-0.));
#17653 = ADVANCED_FACE('',(#17654),#17665,.T.);
#17654 = FACE_BOUND('',#17655,.T.);
#17655 = EDGE_LOOP('',(#17656,#17657,#17658,#17664));
#17656 = ORIENTED_EDGE('',*,*,#17619,.T.);
#17657 = ORIENTED_EDGE('',*,*,#13883,.T.);
#17658 = ORIENTED_EDGE('',*,*,#17659,.F.);
#17659 = EDGE_CURVE('',#11231,#13876,#17660,.T.);
#17660 = LINE('',#17661,#17662);
#17661 = CARTESIAN_POINT('',(91.995353,-56.5,0.));
#17662 = VECTOR('',#17663,1.);
#17663 = DIRECTION('',(0.,0.,1.));
#17664 = ORIENTED_EDGE('',*,*,#11238,.F.);
#17665 = CYLINDRICAL_SURFACE('',#17666,0.299998582341);
#17666 = AXIS2_PLACEMENT_3D('',#17667,#17668,#17669);
#17667 = CARTESIAN_POINT('',(91.995353755355,-56.20000141766,0.));
#17668 = DIRECTION('',(0.,0.,-1.));
#17669 = DIRECTION('',(0.52100661085,-0.853552641289,0.));
#17670 = ADVANCED_FACE('',(#17671),#17682,.T.);
#17671 = FACE_BOUND('',#17672,.T.);
#17672 = EDGE_LOOP('',(#17673,#17679,#17680,#17681));
#17673 = ORIENTED_EDGE('',*,*,#17674,.T.);
#17674 = EDGE_CURVE('',#11094,#13739,#17675,.T.);
#17675 = LINE('',#17676,#17677);
#17676 = CARTESIAN_POINT('',(92.795,-58.,0.));
#17677 = VECTOR('',#17678,1.);
#17678 = DIRECTION('',(0.,0.,1.));
#17679 = ORIENTED_EDGE('',*,*,#13738,.T.);
#17680 = ORIENTED_EDGE('',*,*,#17640,.F.);
#17681 = ORIENTED_EDGE('',*,*,#11093,.F.);
#17682 = PLANE('',#17683);
#17683 = AXIS2_PLACEMENT_3D('',#17684,#17685,#17686);
#17684 = CARTESIAN_POINT('',(92.795,-58.,0.));
#17685 = DIRECTION('',(-1.,0.,0.));
#17686 = DIRECTION('',(0.,1.,0.));
#17687 = ADVANCED_FACE('',(#17688),#17699,.T.);
#17688 = FACE_BOUND('',#17689,.T.);
#17689 = EDGE_LOOP('',(#17690,#17691,#17692,#17698));
#17690 = ORIENTED_EDGE('',*,*,#17659,.T.);
#17691 = ORIENTED_EDGE('',*,*,#13875,.T.);
#17692 = ORIENTED_EDGE('',*,*,#17693,.F.);
#17693 = EDGE_CURVE('',#11223,#13868,#17694,.T.);
#17694 = LINE('',#17695,#17696);
#17695 = CARTESIAN_POINT('',(91.095,-56.5,0.));
#17696 = VECTOR('',#17697,1.);
#17697 = DIRECTION('',(0.,0.,1.));
#17698 = ORIENTED_EDGE('',*,*,#11230,.F.);
#17699 = PLANE('',#17700);
#17700 = AXIS2_PLACEMENT_3D('',#17701,#17702,#17703);
#17701 = CARTESIAN_POINT('',(91.995353,-56.5,0.));
#17702 = DIRECTION('',(0.,-1.,0.));
#17703 = DIRECTION('',(-1.,0.,0.));
#17704 = ADVANCED_FACE('',(#17705),#17716,.T.);
#17705 = FACE_BOUND('',#17706,.T.);
#17706 = EDGE_LOOP('',(#17707,#17713,#17714,#17715));
#17707 = ORIENTED_EDGE('',*,*,#17708,.T.);
#17708 = EDGE_CURVE('',#11102,#13747,#17709,.T.);
#17709 = LINE('',#17710,#17711);
#17710 = CARTESIAN_POINT('',(92.795,-58.700353,0.));
#17711 = VECTOR('',#17712,1.);
#17712 = DIRECTION('',(0.,0.,1.));
#17713 = ORIENTED_EDGE('',*,*,#13746,.T.);
#17714 = ORIENTED_EDGE('',*,*,#17674,.F.);
#17715 = ORIENTED_EDGE('',*,*,#11101,.F.);
#17716 = PLANE('',#17717);
#17717 = AXIS2_PLACEMENT_3D('',#17718,#17719,#17720);
#17718 = CARTESIAN_POINT('',(92.795,-58.700353,0.));
#17719 = DIRECTION('',(-1.,0.,0.));
#17720 = DIRECTION('',(0.,1.,0.));
#17721 = ADVANCED_FACE('',(#17722),#17733,.T.);
#17722 = FACE_BOUND('',#17723,.T.);
#17723 = EDGE_LOOP('',(#17724,#17725,#17726,#17732));
#17724 = ORIENTED_EDGE('',*,*,#17693,.T.);
#17725 = ORIENTED_EDGE('',*,*,#13867,.T.);
#17726 = ORIENTED_EDGE('',*,*,#17727,.F.);
#17727 = EDGE_CURVE('',#11214,#13859,#17728,.T.);
#17728 = LINE('',#17729,#17730);
#17729 = CARTESIAN_POINT('',(90.194647,-56.5,0.));
#17730 = VECTOR('',#17731,1.);
#17731 = DIRECTION('',(0.,0.,1.));
#17732 = ORIENTED_EDGE('',*,*,#11222,.F.);
#17733 = PLANE('',#17734);
#17734 = AXIS2_PLACEMENT_3D('',#17735,#17736,#17737);
#17735 = CARTESIAN_POINT('',(91.095,-56.5,0.));
#17736 = DIRECTION('',(0.,-1.,0.));
#17737 = DIRECTION('',(-1.,0.,0.));
#17738 = ADVANCED_FACE('',(#17739),#17750,.T.);
#17739 = FACE_BOUND('',#17740,.T.);
#17740 = EDGE_LOOP('',(#17741,#17747,#17748,#17749));
#17741 = ORIENTED_EDGE('',*,*,#17742,.T.);
#17742 = EDGE_CURVE('',#11110,#13755,#17743,.T.);
#17743 = LINE('',#17744,#17745);
#17744 = CARTESIAN_POINT('',(92.838934,-58.856655,0.));
#17745 = VECTOR('',#17746,1.);
#17746 = DIRECTION('',(0.,0.,1.));
#17747 = ORIENTED_EDGE('',*,*,#13754,.T.);
#17748 = ORIENTED_EDGE('',*,*,#17708,.F.);
#17749 = ORIENTED_EDGE('',*,*,#11109,.F.);
#17750 = CYLINDRICAL_SURFACE('',#17751,0.299998582341);
#17751 = AXIS2_PLACEMENT_3D('',#17752,#17753,#17754);
#17752 = CARTESIAN_POINT('',(93.09499858234,-58.70035375535,0.));
#17753 = DIRECTION('',(0.,0.,-1.));
#17754 = DIRECTION('',(-0.853552641289,-0.52100661085,-0.));
#17755 = ADVANCED_FACE('',(#17756),#17767,.T.);
#17756 = FACE_BOUND('',#17757,.T.);
#17757 = EDGE_LOOP('',(#17758,#17759,#17760,#17766));
#17758 = ORIENTED_EDGE('',*,*,#17727,.T.);
#17759 = ORIENTED_EDGE('',*,*,#13858,.T.);
#17760 = ORIENTED_EDGE('',*,*,#17761,.F.);
#17761 = EDGE_CURVE('',#11205,#13850,#17762,.T.);
#17762 = LINE('',#17763,#17764);
#17763 = CARTESIAN_POINT('',(90.038345,-56.456066,0.));
#17764 = VECTOR('',#17765,1.);
#17765 = DIRECTION('',(0.,0.,1.));
#17766 = ORIENTED_EDGE('',*,*,#11213,.F.);
#17767 = CYLINDRICAL_SURFACE('',#17768,0.299998582341);
#17768 = AXIS2_PLACEMENT_3D('',#17769,#17770,#17771);
#17769 = CARTESIAN_POINT('',(90.194646244645,-56.20000141766,0.));
#17770 = DIRECTION('',(0.,0.,-1.));
#17771 = DIRECTION('',(2.517861388613E-06,-0.999999999997,0.));
#17772 = ADVANCED_FACE('',(#17773),#17784,.F.);
#17773 = FACE_BOUND('',#17774,.F.);
#17774 = EDGE_LOOP('',(#17775,#17776,#17777,#17778));
#17775 = ORIENTED_EDGE('',*,*,#11118,.T.);
#17776 = ORIENTED_EDGE('',*,*,#17742,.T.);
#17777 = ORIENTED_EDGE('',*,*,#13763,.F.);
#17778 = ORIENTED_EDGE('',*,*,#17779,.F.);
#17779 = EDGE_CURVE('',#11119,#13764,#17780,.T.);
#17780 = LINE('',#17781,#17782);
#17781 = CARTESIAN_POINT('',(92.151655,-59.543934,0.));
#17782 = VECTOR('',#17783,1.);
#17783 = DIRECTION('',(0.,0.,1.));
#17784 = CYLINDRICAL_SURFACE('',#17785,0.499999603944);
#17785 = AXIS2_PLACEMENT_3D('',#17786,#17787,#17788);
#17786 = CARTESIAN_POINT('',(92.41215788946,-59.11715788946,0.));
#17787 = DIRECTION('',(-0.,-0.,-1.));
#17788 = DIRECTION('',(-0.521006191616,-0.853552897188,0.));
#17789 = ADVANCED_FACE('',(#17790),#17801,.F.);
#17790 = FACE_BOUND('',#17791,.F.);
#17791 = EDGE_LOOP('',(#17792,#17793,#17799,#17800));
#17792 = ORIENTED_EDGE('',*,*,#11204,.T.);
#17793 = ORIENTED_EDGE('',*,*,#17794,.T.);
#17794 = EDGE_CURVE('',#11196,#13841,#17795,.T.);
#17795 = LINE('',#17796,#17797);
#17796 = CARTESIAN_POINT('',(89.351066,-57.143345,0.));
#17797 = VECTOR('',#17798,1.);
#17798 = DIRECTION('',(0.,0.,1.));
#17799 = ORIENTED_EDGE('',*,*,#13849,.F.);
#17800 = ORIENTED_EDGE('',*,*,#17761,.F.);
#17801 = CYLINDRICAL_SURFACE('',#17802,0.499999603944);
#17802 = AXIS2_PLACEMENT_3D('',#17803,#17804,#17805);
#17803 = CARTESIAN_POINT('',(89.77784211054,-56.88284211054,0.));
#17804 = DIRECTION('',(-0.,-0.,-1.));
#17805 = DIRECTION('',(0.521006191616,0.853552897188,-0.));
#17806 = ADVANCED_FACE('',(#17807),#17818,.T.);
#17807 = FACE_BOUND('',#17808,.T.);
#17808 = EDGE_LOOP('',(#17809,#17815,#17816,#17817));
#17809 = ORIENTED_EDGE('',*,*,#17810,.T.);
#17810 = EDGE_CURVE('',#11128,#13773,#17811,.T.);
#17811 = LINE('',#17812,#17813);
#17812 = CARTESIAN_POINT('',(91.995353,-59.5,0.));
#17813 = VECTOR('',#17814,1.);
#17814 = DIRECTION('',(0.,0.,1.));
#17815 = ORIENTED_EDGE('',*,*,#13772,.T.);
#17816 = ORIENTED_EDGE('',*,*,#17779,.F.);
#17817 = ORIENTED_EDGE('',*,*,#11127,.F.);
#17818 = CYLINDRICAL_SURFACE('',#17819,0.299998582341);
#17819 = AXIS2_PLACEMENT_3D('',#17820,#17821,#17822);
#17820 = CARTESIAN_POINT('',(91.995353755355,-59.79999858234,0.));
#17821 = DIRECTION('',(0.,0.,-1.));
#17822 = DIRECTION('',(-2.517861341243E-06,0.999999999997,0.));
#17823 = ADVANCED_FACE('',(#17824),#17835,.T.);
#17824 = FACE_BOUND('',#17825,.T.);
#17825 = EDGE_LOOP('',(#17826,#17827,#17828,#17834));
#17826 = ORIENTED_EDGE('',*,*,#17794,.T.);
#17827 = ORIENTED_EDGE('',*,*,#13840,.T.);
#17828 = ORIENTED_EDGE('',*,*,#17829,.F.);
#17829 = EDGE_CURVE('',#11188,#13833,#17830,.T.);
#17830 = LINE('',#17831,#17832);
#17831 = CARTESIAN_POINT('',(89.395,-57.299647,0.));
#17832 = VECTOR('',#17833,1.);
#17833 = DIRECTION('',(0.,0.,1.));
#17834 = ORIENTED_EDGE('',*,*,#11195,.F.);
#17835 = CYLINDRICAL_SURFACE('',#17836,0.299998582341);
#17836 = AXIS2_PLACEMENT_3D('',#17837,#17838,#17839);
#17837 = CARTESIAN_POINT('',(89.09500141766,-57.29964624464,0.));
#17838 = DIRECTION('',(0.,0.,-1.));
#17839 = DIRECTION('',(0.853552641289,0.52100661085,0.));
#17840 = ADVANCED_FACE('',(#17841),#17852,.T.);
#17841 = FACE_BOUND('',#17842,.T.);
#17842 = EDGE_LOOP('',(#17843,#17849,#17850,#17851));
#17843 = ORIENTED_EDGE('',*,*,#17844,.T.);
#17844 = EDGE_CURVE('',#11137,#13782,#17845,.T.);
#17845 = LINE('',#17846,#17847);
#17846 = CARTESIAN_POINT('',(91.095,-59.5,0.));
#17847 = VECTOR('',#17848,1.);
#17848 = DIRECTION('',(0.,0.,1.));
#17849 = ORIENTED_EDGE('',*,*,#13781,.T.);
#17850 = ORIENTED_EDGE('',*,*,#17810,.F.);
#17851 = ORIENTED_EDGE('',*,*,#11136,.F.);
#17852 = PLANE('',#17853);
#17853 = AXIS2_PLACEMENT_3D('',#17854,#17855,#17856);
#17854 = CARTESIAN_POINT('',(91.095,-59.5,0.));
#17855 = DIRECTION('',(0.,1.,0.));
#17856 = DIRECTION('',(1.,0.,0.));
#17857 = ADVANCED_FACE('',(#17858),#17869,.T.);
#17858 = FACE_BOUND('',#17859,.T.);
#17859 = EDGE_LOOP('',(#17860,#17861,#17862,#17868));
#17860 = ORIENTED_EDGE('',*,*,#17829,.T.);
#17861 = ORIENTED_EDGE('',*,*,#13832,.T.);
#17862 = ORIENTED_EDGE('',*,*,#17863,.F.);
#17863 = EDGE_CURVE('',#11180,#13825,#17864,.T.);
#17864 = LINE('',#17865,#17866);
#17865 = CARTESIAN_POINT('',(89.395,-58.,0.));
#17866 = VECTOR('',#17867,1.);
#17867 = DIRECTION('',(0.,0.,1.));
#17868 = ORIENTED_EDGE('',*,*,#11187,.F.);
#17869 = PLANE('',#17870);
#17870 = AXIS2_PLACEMENT_3D('',#17871,#17872,#17873);
#17871 = CARTESIAN_POINT('',(89.395,-57.299647,0.));
#17872 = DIRECTION('',(1.,0.,-0.));
#17873 = DIRECTION('',(0.,-1.,0.));
#17874 = ADVANCED_FACE('',(#17875),#17886,.T.);
#17875 = FACE_BOUND('',#17876,.T.);
#17876 = EDGE_LOOP('',(#17877,#17883,#17884,#17885));
#17877 = ORIENTED_EDGE('',*,*,#17878,.T.);
#17878 = EDGE_CURVE('',#11145,#13790,#17879,.T.);
#17879 = LINE('',#17880,#17881);
#17880 = CARTESIAN_POINT('',(90.194647,-59.5,0.));
#17881 = VECTOR('',#17882,1.);
#17882 = DIRECTION('',(0.,0.,1.));
#17883 = ORIENTED_EDGE('',*,*,#13789,.T.);
#17884 = ORIENTED_EDGE('',*,*,#17844,.F.);
#17885 = ORIENTED_EDGE('',*,*,#11144,.F.);
#17886 = PLANE('',#17887);
#17887 = AXIS2_PLACEMENT_3D('',#17888,#17889,#17890);
#17888 = CARTESIAN_POINT('',(90.194647,-59.5,0.));
#17889 = DIRECTION('',(0.,1.,0.));
#17890 = DIRECTION('',(1.,0.,0.));
#17891 = ADVANCED_FACE('',(#17892),#17903,.T.);
#17892 = FACE_BOUND('',#17893,.T.);
#17893 = EDGE_LOOP('',(#17894,#17895,#17896,#17902));
#17894 = ORIENTED_EDGE('',*,*,#17863,.T.);
#17895 = ORIENTED_EDGE('',*,*,#13824,.T.);
#17896 = ORIENTED_EDGE('',*,*,#17897,.F.);
#17897 = EDGE_CURVE('',#11171,#13816,#17898,.T.);
#17898 = LINE('',#17899,#17900);
#17899 = CARTESIAN_POINT('',(89.395,-58.700353,0.));
#17900 = VECTOR('',#17901,1.);
#17901 = DIRECTION('',(0.,0.,1.));
#17902 = ORIENTED_EDGE('',*,*,#11179,.F.);
#17903 = PLANE('',#17904);
#17904 = AXIS2_PLACEMENT_3D('',#17905,#17906,#17907);
#17905 = CARTESIAN_POINT('',(89.395,-58.,0.));
#17906 = DIRECTION('',(1.,0.,-0.));
#17907 = DIRECTION('',(0.,-1.,0.));
#17908 = ADVANCED_FACE('',(#17909),#17920,.T.);
#17909 = FACE_BOUND('',#17910,.T.);
#17910 = EDGE_LOOP('',(#17911,#17917,#17918,#17919));
#17911 = ORIENTED_EDGE('',*,*,#17912,.T.);
#17912 = EDGE_CURVE('',#11153,#13798,#17913,.T.);
#17913 = LINE('',#17914,#17915);
#17914 = CARTESIAN_POINT('',(90.038345,-59.543934,0.));
#17915 = VECTOR('',#17916,1.);
#17916 = DIRECTION('',(0.,0.,1.));
#17917 = ORIENTED_EDGE('',*,*,#13797,.T.);
#17918 = ORIENTED_EDGE('',*,*,#17878,.F.);
#17919 = ORIENTED_EDGE('',*,*,#11152,.F.);
#17920 = CYLINDRICAL_SURFACE('',#17921,0.299998582341);
#17921 = AXIS2_PLACEMENT_3D('',#17922,#17923,#17924);
#17922 = CARTESIAN_POINT('',(90.194646244645,-59.79999858234,0.));
#17923 = DIRECTION('',(0.,0.,-1.));
#17924 = DIRECTION('',(-0.52100661085,0.853552641289,0.));
#17925 = ADVANCED_FACE('',(#17926),#17937,.T.);
#17926 = FACE_BOUND('',#17927,.T.);
#17927 = EDGE_LOOP('',(#17928,#17929,#17930,#17936));
#17928 = ORIENTED_EDGE('',*,*,#17897,.T.);
#17929 = ORIENTED_EDGE('',*,*,#13815,.T.);
#17930 = ORIENTED_EDGE('',*,*,#17931,.F.);
#17931 = EDGE_CURVE('',#11162,#13807,#17932,.T.);
#17932 = LINE('',#17933,#17934);
#17933 = CARTESIAN_POINT('',(89.351066,-58.856655,0.));
#17934 = VECTOR('',#17935,1.);
#17935 = DIRECTION('',(0.,0.,1.));
#17936 = ORIENTED_EDGE('',*,*,#11170,.F.);
#17937 = CYLINDRICAL_SURFACE('',#17938,0.299998582341);
#17938 = AXIS2_PLACEMENT_3D('',#17939,#17940,#17941);
#17939 = CARTESIAN_POINT('',(89.09500141766,-58.70035375535,0.));
#17940 = DIRECTION('',(0.,0.,-1.));
#17941 = DIRECTION('',(0.999999999997,2.517861435983E-06,0.));
#17942 = ADVANCED_FACE('',(#17943),#17949,.F.);
#17943 = FACE_BOUND('',#17944,.F.);
#17944 = EDGE_LOOP('',(#17945,#17946,#17947,#17948));
#17945 = ORIENTED_EDGE('',*,*,#11161,.T.);
#17946 = ORIENTED_EDGE('',*,*,#17912,.T.);
#17947 = ORIENTED_EDGE('',*,*,#13806,.F.);
#17948 = ORIENTED_EDGE('',*,*,#17931,.F.);
#17949 = CYLINDRICAL_SURFACE('',#17950,0.499999603944);
#17950 = AXIS2_PLACEMENT_3D('',#17951,#17952,#17953);
#17951 = CARTESIAN_POINT('',(89.77784211054,-59.11715788946,0.));
#17952 = DIRECTION('',(-0.,-0.,-1.));
#17953 = DIRECTION('',(-0.853552897188,0.521006191616,0.));
#17954 = ADVANCED_FACE('',(#17955),#17966,.F.);
#17955 = FACE_BOUND('',#17956,.F.);
#17956 = EDGE_LOOP('',(#17957,#17963,#17964,#17965));
#17957 = ORIENTED_EDGE('',*,*,#17958,.T.);
#17958 = EDGE_CURVE('',#11248,#13893,#17959,.T.);
#17959 = LINE('',#17960,#17961);
#17960 = CARTESIAN_POINT('',(90.905,-55.54,-4.6E-02));
#17961 = VECTOR('',#17962,1.);
#17962 = DIRECTION('',(0.,0.,1.));
#17963 = ORIENTED_EDGE('',*,*,#13892,.T.);
#17964 = ORIENTED_EDGE('',*,*,#17958,.F.);
#17965 = ORIENTED_EDGE('',*,*,#11247,.F.);
#17966 = CYLINDRICAL_SURFACE('',#17967,2.);
#17967 = AXIS2_PLACEMENT_3D('',#17968,#17969,#17970);
#17968 = CARTESIAN_POINT('',(90.905,-53.54,-4.6E-02));
#17969 = DIRECTION('',(-0.,-0.,-1.));
#17970 = DIRECTION('',(-0.,-1.,0.));
#17971 = ADVANCED_FACE('',(#17972),#17983,.F.);
#17972 = FACE_BOUND('',#17973,.F.);
#17973 = EDGE_LOOP('',(#17974,#17980,#17981,#17982));
#17974 = ORIENTED_EDGE('',*,*,#17975,.T.);
#17975 = EDGE_CURVE('',#11259,#13904,#17976,.T.);
#17976 = LINE('',#17977,#17978);
#17977 = CARTESIAN_POINT('',(87.095,-51.75,-4.6E-02));
#17978 = VECTOR('',#17979,1.);
#17979 = DIRECTION('',(0.,0.,1.));
#17980 = ORIENTED_EDGE('',*,*,#13903,.T.);
#17981 = ORIENTED_EDGE('',*,*,#17975,.F.);
#17982 = ORIENTED_EDGE('',*,*,#11258,.F.);
#17983 = CYLINDRICAL_SURFACE('',#17984,0.75);
#17984 = AXIS2_PLACEMENT_3D('',#17985,#17986,#17987);
#17985 = CARTESIAN_POINT('',(87.095,-51.,-4.6E-02));
#17986 = DIRECTION('',(-0.,-0.,-1.));
#17987 = DIRECTION('',(-0.,-1.,0.));
#17988 = ADVANCED_FACE('',(#17989),#18000,.F.);
#17989 = FACE_BOUND('',#17990,.F.);
#17990 = EDGE_LOOP('',(#17991,#17997,#17998,#17999));
#17991 = ORIENTED_EDGE('',*,*,#17992,.T.);
#17992 = EDGE_CURVE('',#11270,#13915,#17993,.T.);
#17993 = LINE('',#17994,#17995);
#17994 = CARTESIAN_POINT('',(95.985,-54.39,-4.6E-02));
#17995 = VECTOR('',#17996,1.);
#17996 = DIRECTION('',(0.,0.,1.));
#17997 = ORIENTED_EDGE('',*,*,#13914,.T.);
#17998 = ORIENTED_EDGE('',*,*,#17992,.F.);
#17999 = ORIENTED_EDGE('',*,*,#11269,.F.);
#18000 = CYLINDRICAL_SURFACE('',#18001,0.85);
#18001 = AXIS2_PLACEMENT_3D('',#18002,#18003,#18004);
#18002 = CARTESIAN_POINT('',(95.985,-53.54,-4.6E-02));
#18003 = DIRECTION('',(-0.,-0.,-1.));
#18004 = DIRECTION('',(-0.,-1.,0.));
#18005 = ADVANCED_FACE('',(#18006),#18017,.F.);
#18006 = FACE_BOUND('',#18007,.F.);
#18007 = EDGE_LOOP('',(#18008,#18014,#18015,#18016));
#18008 = ORIENTED_EDGE('',*,*,#18009,.T.);
#18009 = EDGE_CURVE('',#11281,#13926,#18010,.T.);
#18010 = LINE('',#18011,#18012);
#18011 = CARTESIAN_POINT('',(93.445,-49.21,-4.6E-02));
#18012 = VECTOR('',#18013,1.);
#18013 = DIRECTION('',(0.,0.,1.));
#18014 = ORIENTED_EDGE('',*,*,#13925,.T.);
#18015 = ORIENTED_EDGE('',*,*,#18009,.F.);
#18016 = ORIENTED_EDGE('',*,*,#11280,.F.);
#18017 = CYLINDRICAL_SURFACE('',#18018,0.75);
#18018 = AXIS2_PLACEMENT_3D('',#18019,#18020,#18021);
#18019 = CARTESIAN_POINT('',(93.445,-48.46,-4.6E-02));
#18020 = DIRECTION('',(-0.,-0.,-1.));
#18021 = DIRECTION('',(-0.,-1.,0.));
#18022 = ADVANCED_FACE('',(#18023),#18034,.F.);
#18023 = FACE_BOUND('',#18024,.F.);
#18024 = EDGE_LOOP('',(#18025,#18031,#18032,#18033));
#18025 = ORIENTED_EDGE('',*,*,#18026,.T.);
#18026 = EDGE_CURVE('',#11292,#13937,#18027,.T.);
#18027 = LINE('',#18028,#18029);
#18028 = CARTESIAN_POINT('',(100.5,-54.59,-4.6E-02));
#18029 = VECTOR('',#18030,1.);
#18030 = DIRECTION('',(0.,0.,1.));
#18031 = ORIENTED_EDGE('',*,*,#13936,.T.);
#18032 = ORIENTED_EDGE('',*,*,#18026,.F.);
#18033 = ORIENTED_EDGE('',*,*,#11291,.F.);
#18034 = CYLINDRICAL_SURFACE('',#18035,0.4);
#18035 = AXIS2_PLACEMENT_3D('',#18036,#18037,#18038);
#18036 = CARTESIAN_POINT('',(100.5,-54.19,-4.6E-02));
#18037 = DIRECTION('',(-0.,-0.,-1.));
#18038 = DIRECTION('',(-0.,-1.,0.));
#18039 = ADVANCED_FACE('',(#18040),#18051,.F.);
#18040 = FACE_BOUND('',#18041,.F.);
#18041 = EDGE_LOOP('',(#18042,#18048,#18049,#18050));
#18042 = ORIENTED_EDGE('',*,*,#18043,.T.);
#18043 = EDGE_CURVE('',#11303,#13948,#18044,.T.);
#18044 = LINE('',#18045,#18046);
#18045 = CARTESIAN_POINT('',(105.015,-54.39,-4.6E-02));
#18046 = VECTOR('',#18047,1.);
#18047 = DIRECTION('',(0.,0.,1.));
#18048 = ORIENTED_EDGE('',*,*,#13947,.T.);
#18049 = ORIENTED_EDGE('',*,*,#18043,.F.);
#18050 = ORIENTED_EDGE('',*,*,#11302,.F.);
#18051 = CYLINDRICAL_SURFACE('',#18052,0.85);
#18052 = AXIS2_PLACEMENT_3D('',#18053,#18054,#18055);
#18053 = CARTESIAN_POINT('',(105.015,-53.54,-4.6E-02));
#18054 = DIRECTION('',(-0.,-0.,-1.));
#18055 = DIRECTION('',(-0.,-1.,0.));
#18056 = ADVANCED_FACE('',(#18057),#18068,.F.);
#18057 = FACE_BOUND('',#18058,.F.);
#18058 = EDGE_LOOP('',(#18059,#18065,#18066,#18067));
#18059 = ORIENTED_EDGE('',*,*,#18060,.T.);
#18060 = EDGE_CURVE('',#11314,#13959,#18061,.T.);
#18061 = LINE('',#18062,#18063);
#18062 = CARTESIAN_POINT('',(106.285,-51.75,-4.6E-02));
#18063 = VECTOR('',#18064,1.);
#18064 = DIRECTION('',(0.,0.,1.));
#18065 = ORIENTED_EDGE('',*,*,#13958,.T.);
#18066 = ORIENTED_EDGE('',*,*,#18060,.F.);
#18067 = ORIENTED_EDGE('',*,*,#11313,.F.);
#18068 = CYLINDRICAL_SURFACE('',#18069,0.75);
#18069 = AXIS2_PLACEMENT_3D('',#18070,#18071,#18072);
#18070 = CARTESIAN_POINT('',(106.285,-51.,-4.6E-02));
#18071 = DIRECTION('',(-0.,-0.,-1.));
#18072 = DIRECTION('',(-0.,-1.,0.));
#18073 = ADVANCED_FACE('',(#18074),#18090,.F.);
#18074 = FACE_BOUND('',#18075,.F.);
#18075 = EDGE_LOOP('',(#18076,#18082,#18083,#18089));
#18076 = ORIENTED_EDGE('',*,*,#18077,.T.);
#18077 = EDGE_CURVE('',#11325,#13970,#18078,.T.);
#18078 = LINE('',#18079,#18080);
#18079 = CARTESIAN_POINT('',(80.15,-37.45,-4.6E-02));
#18080 = VECTOR('',#18081,1.);
#18081 = DIRECTION('',(0.,0.,1.));
#18082 = ORIENTED_EDGE('',*,*,#13969,.T.);
#18083 = ORIENTED_EDGE('',*,*,#18084,.F.);
#18084 = EDGE_CURVE('',#11327,#13972,#18085,.T.);
#18085 = LINE('',#18086,#18087);
#18086 = CARTESIAN_POINT('',(80.15,-38.95,-4.6E-02));
#18087 = VECTOR('',#18088,1.);
#18088 = DIRECTION('',(0.,0.,1.));
#18089 = ORIENTED_EDGE('',*,*,#11324,.F.);
#18090 = CYLINDRICAL_SURFACE('',#18091,0.75);
#18091 = AXIS2_PLACEMENT_3D('',#18092,#18093,#18094);
#18092 = CARTESIAN_POINT('',(80.15,-38.2,-4.6E-02));
#18093 = DIRECTION('',(-0.,-0.,-1.));
#18094 = DIRECTION('',(-0.,-1.,0.));
#18095 = ADVANCED_FACE('',(#18096),#18107,.T.);
#18096 = FACE_BOUND('',#18097,.T.);
#18097 = EDGE_LOOP('',(#18098,#18099,#18100,#18101));
#18098 = ORIENTED_EDGE('',*,*,#11352,.T.);
#18099 = ORIENTED_EDGE('',*,*,#18077,.T.);
#18100 = ORIENTED_EDGE('',*,*,#13997,.F.);
#18101 = ORIENTED_EDGE('',*,*,#18102,.F.);
#18102 = EDGE_CURVE('',#11344,#13989,#18103,.T.);
#18103 = LINE('',#18104,#18105);
#18104 = CARTESIAN_POINT('',(78.85,-37.45,-4.6E-02));
#18105 = VECTOR('',#18106,1.);
#18106 = DIRECTION('',(0.,0.,1.));
#18107 = PLANE('',#18108);
#18108 = AXIS2_PLACEMENT_3D('',#18109,#18110,#18111);
#18109 = CARTESIAN_POINT('',(80.15,-37.45,-4.6E-02));
#18110 = DIRECTION('',(0.,-1.,0.));
#18111 = DIRECTION('',(-1.,0.,0.));
#18112 = ADVANCED_FACE('',(#18113),#18124,.F.);
#18113 = FACE_BOUND('',#18114,.F.);
#18114 = EDGE_LOOP('',(#18115,#18121,#18122,#18123));
#18115 = ORIENTED_EDGE('',*,*,#18116,.T.);
#18116 = EDGE_CURVE('',#11336,#13981,#18117,.T.);
#18117 = LINE('',#18118,#18119);
#18118 = CARTESIAN_POINT('',(78.85,-38.95,-4.6E-02));
#18119 = VECTOR('',#18120,1.);
#18120 = DIRECTION('',(0.,0.,1.));
#18121 = ORIENTED_EDGE('',*,*,#13988,.T.);
#18122 = ORIENTED_EDGE('',*,*,#18102,.F.);
#18123 = ORIENTED_EDGE('',*,*,#11343,.F.);
#18124 = CYLINDRICAL_SURFACE('',#18125,0.75);
#18125 = AXIS2_PLACEMENT_3D('',#18126,#18127,#18128);
#18126 = CARTESIAN_POINT('',(78.85,-38.2,-4.6E-02));
#18127 = DIRECTION('',(-0.,0.,-1.));
#18128 = DIRECTION('',(0.,1.,0.));
#18129 = ADVANCED_FACE('',(#18130),#18136,.T.);
#18130 = FACE_BOUND('',#18131,.T.);
#18131 = EDGE_LOOP('',(#18132,#18133,#18134,#18135));
#18132 = ORIENTED_EDGE('',*,*,#11335,.T.);
#18133 = ORIENTED_EDGE('',*,*,#18116,.T.);
#18134 = ORIENTED_EDGE('',*,*,#13980,.F.);
#18135 = ORIENTED_EDGE('',*,*,#18084,.F.);
#18136 = PLANE('',#18137);
#18137 = AXIS2_PLACEMENT_3D('',#18138,#18139,#18140);
#18138 = CARTESIAN_POINT('',(78.85,-38.95,-4.6E-02));
#18139 = DIRECTION('',(0.,1.,0.));
#18140 = DIRECTION('',(1.,0.,0.));
#18141 = ADVANCED_FACE('',(#18142),#18153,.F.);
#18142 = FACE_BOUND('',#18143,.F.);
#18143 = EDGE_LOOP('',(#18144,#18150,#18151,#18152));
#18144 = ORIENTED_EDGE('',*,*,#18145,.T.);
#18145 = EDGE_CURVE('',#11361,#14006,#18146,.T.);
#18146 = LINE('',#18147,#18148);
#18147 = CARTESIAN_POINT('',(72.,-35.6,-4.6E-02));
#18148 = VECTOR('',#18149,1.);
#18149 = DIRECTION('',(0.,0.,1.));
#18150 = ORIENTED_EDGE('',*,*,#14005,.T.);
#18151 = ORIENTED_EDGE('',*,*,#18145,.F.);
#18152 = ORIENTED_EDGE('',*,*,#11360,.F.);
#18153 = CYLINDRICAL_SURFACE('',#18154,0.5);
#18154 = AXIS2_PLACEMENT_3D('',#18155,#18156,#18157);
#18155 = CARTESIAN_POINT('',(72.,-35.1,-4.6E-02));
#18156 = DIRECTION('',(-0.,-0.,-1.));
#18157 = DIRECTION('',(-0.,-1.,0.));
#18158 = ADVANCED_FACE('',(#18159),#18170,.F.);
#18159 = FACE_BOUND('',#18160,.F.);
#18160 = EDGE_LOOP('',(#18161,#18167,#18168,#18169));
#18161 = ORIENTED_EDGE('',*,*,#18162,.T.);
#18162 = EDGE_CURVE('',#11372,#14017,#18163,.T.);
#18163 = LINE('',#18164,#18165);
#18164 = CARTESIAN_POINT('',(72.,-33.1,-4.6E-02));
#18165 = VECTOR('',#18166,1.);
#18166 = DIRECTION('',(0.,0.,1.));
#18167 = ORIENTED_EDGE('',*,*,#14016,.T.);
#18168 = ORIENTED_EDGE('',*,*,#18162,.F.);
#18169 = ORIENTED_EDGE('',*,*,#11371,.F.);
#18170 = CYLINDRICAL_SURFACE('',#18171,0.5);
#18171 = AXIS2_PLACEMENT_3D('',#18172,#18173,#18174);
#18172 = CARTESIAN_POINT('',(72.,-32.6,-4.6E-02));
#18173 = DIRECTION('',(-0.,-0.,-1.));
#18174 = DIRECTION('',(-0.,-1.,0.));
#18175 = ADVANCED_FACE('',(#18176),#18187,.F.);
#18176 = FACE_BOUND('',#18177,.F.);
#18177 = EDGE_LOOP('',(#18178,#18184,#18185,#18186));
#18178 = ORIENTED_EDGE('',*,*,#18179,.T.);
#18179 = EDGE_CURVE('',#11383,#14028,#18180,.T.);
#18180 = LINE('',#18181,#18182);
#18181 = CARTESIAN_POINT('',(65.,-28.75,-4.6E-02));
#18182 = VECTOR('',#18183,1.);
#18183 = DIRECTION('',(0.,0.,1.));
#18184 = ORIENTED_EDGE('',*,*,#14027,.T.);
#18185 = ORIENTED_EDGE('',*,*,#18179,.F.);
#18186 = ORIENTED_EDGE('',*,*,#11382,.F.);
#18187 = CYLINDRICAL_SURFACE('',#18188,1.25);
#18188 = AXIS2_PLACEMENT_3D('',#18189,#18190,#18191);
#18189 = CARTESIAN_POINT('',(65.,-27.5,-4.6E-02));
#18190 = DIRECTION('',(-0.,-0.,-1.));
#18191 = DIRECTION('',(-0.,-1.,0.));
#18192 = ADVANCED_FACE('',(#18193),#18204,.F.);
#18193 = FACE_BOUND('',#18194,.F.);
#18194 = EDGE_LOOP('',(#18195,#18201,#18202,#18203));
#18195 = ORIENTED_EDGE('',*,*,#18196,.T.);
#18196 = EDGE_CURVE('',#11394,#14039,#18197,.T.);
#18197 = LINE('',#18198,#18199);
#18198 = CARTESIAN_POINT('',(72.,-30.6,-4.6E-02));
#18199 = VECTOR('',#18200,1.);
#18200 = DIRECTION('',(0.,0.,1.));
#18201 = ORIENTED_EDGE('',*,*,#14038,.T.);
#18202 = ORIENTED_EDGE('',*,*,#18196,.F.);
#18203 = ORIENTED_EDGE('',*,*,#11393,.F.);
#18204 = CYLINDRICAL_SURFACE('',#18205,0.5);
#18205 = AXIS2_PLACEMENT_3D('',#18206,#18207,#18208);
#18206 = CARTESIAN_POINT('',(72.,-30.1,-4.6E-02));
#18207 = DIRECTION('',(-0.,-0.,-1.));
#18208 = DIRECTION('',(-0.,-1.,0.));
#18209 = ADVANCED_FACE('',(#18210),#18221,.F.);
#18210 = FACE_BOUND('',#18211,.F.);
#18211 = EDGE_LOOP('',(#18212,#18218,#18219,#18220));
#18212 = ORIENTED_EDGE('',*,*,#18213,.T.);
#18213 = EDGE_CURVE('',#11405,#14050,#18214,.T.);
#18214 = LINE('',#18215,#18216);
#18215 = CARTESIAN_POINT('',(86.5,-35.6,-4.6E-02));
#18216 = VECTOR('',#18217,1.);
#18217 = DIRECTION('',(0.,0.,1.));
#18218 = ORIENTED_EDGE('',*,*,#14049,.T.);
#18219 = ORIENTED_EDGE('',*,*,#18213,.F.);
#18220 = ORIENTED_EDGE('',*,*,#11404,.F.);
#18221 = CYLINDRICAL_SURFACE('',#18222,0.5);
#18222 = AXIS2_PLACEMENT_3D('',#18223,#18224,#18225);
#18223 = CARTESIAN_POINT('',(86.5,-35.1,-4.6E-02));
#18224 = DIRECTION('',(-0.,-0.,-1.));
#18225 = DIRECTION('',(-0.,-1.,0.));
#18226 = ADVANCED_FACE('',(#18227),#18243,.F.);
#18227 = FACE_BOUND('',#18228,.F.);
#18228 = EDGE_LOOP('',(#18229,#18235,#18236,#18242));
#18229 = ORIENTED_EDGE('',*,*,#18230,.T.);
#18230 = EDGE_CURVE('',#11416,#14061,#18231,.T.);
#18231 = LINE('',#18232,#18233);
#18232 = CARTESIAN_POINT('',(80.15,-26.25,-4.6E-02));
#18233 = VECTOR('',#18234,1.);
#18234 = DIRECTION('',(0.,0.,1.));
#18235 = ORIENTED_EDGE('',*,*,#14060,.T.);
#18236 = ORIENTED_EDGE('',*,*,#18237,.F.);
#18237 = EDGE_CURVE('',#11418,#14063,#18238,.T.);
#18238 = LINE('',#18239,#18240);
#18239 = CARTESIAN_POINT('',(80.15,-27.75,-4.6E-02));
#18240 = VECTOR('',#18241,1.);
#18241 = DIRECTION('',(0.,0.,1.));
#18242 = ORIENTED_EDGE('',*,*,#11415,.F.);
#18243 = CYLINDRICAL_SURFACE('',#18244,0.75);
#18244 = AXIS2_PLACEMENT_3D('',#18245,#18246,#18247);
#18245 = CARTESIAN_POINT('',(80.15,-27.,-4.6E-02));
#18246 = DIRECTION('',(-0.,-0.,-1.));
#18247 = DIRECTION('',(-0.,-1.,0.));
#18248 = ADVANCED_FACE('',(#18249),#18260,.T.);
#18249 = FACE_BOUND('',#18250,.T.);
#18250 = EDGE_LOOP('',(#18251,#18252,#18253,#18254));
#18251 = ORIENTED_EDGE('',*,*,#11443,.T.);
#18252 = ORIENTED_EDGE('',*,*,#18230,.T.);
#18253 = ORIENTED_EDGE('',*,*,#14088,.F.);
#18254 = ORIENTED_EDGE('',*,*,#18255,.F.);
#18255 = EDGE_CURVE('',#11435,#14080,#18256,.T.);
#18256 = LINE('',#18257,#18258);
#18257 = CARTESIAN_POINT('',(78.85,-26.25,-4.6E-02));
#18258 = VECTOR('',#18259,1.);
#18259 = DIRECTION('',(0.,0.,1.));
#18260 = PLANE('',#18261);
#18261 = AXIS2_PLACEMENT_3D('',#18262,#18263,#18264);
#18262 = CARTESIAN_POINT('',(80.15,-26.25,-4.6E-02));
#18263 = DIRECTION('',(0.,-1.,0.));
#18264 = DIRECTION('',(-1.,0.,0.));
#18265 = ADVANCED_FACE('',(#18266),#18277,.F.);
#18266 = FACE_BOUND('',#18267,.F.);
#18267 = EDGE_LOOP('',(#18268,#18274,#18275,#18276));
#18268 = ORIENTED_EDGE('',*,*,#18269,.T.);
#18269 = EDGE_CURVE('',#11427,#14072,#18270,.T.);
#18270 = LINE('',#18271,#18272);
#18271 = CARTESIAN_POINT('',(78.85,-27.75,-4.6E-02));
#18272 = VECTOR('',#18273,1.);
#18273 = DIRECTION('',(0.,0.,1.));
#18274 = ORIENTED_EDGE('',*,*,#14079,.T.);
#18275 = ORIENTED_EDGE('',*,*,#18255,.F.);
#18276 = ORIENTED_EDGE('',*,*,#11434,.F.);
#18277 = CYLINDRICAL_SURFACE('',#18278,0.75);
#18278 = AXIS2_PLACEMENT_3D('',#18279,#18280,#18281);
#18279 = CARTESIAN_POINT('',(78.85,-27.,-4.6E-02));
#18280 = DIRECTION('',(-0.,0.,-1.));
#18281 = DIRECTION('',(0.,1.,0.));
#18282 = ADVANCED_FACE('',(#18283),#18289,.T.);
#18283 = FACE_BOUND('',#18284,.T.);
#18284 = EDGE_LOOP('',(#18285,#18286,#18287,#18288));
#18285 = ORIENTED_EDGE('',*,*,#11426,.T.);
#18286 = ORIENTED_EDGE('',*,*,#18269,.T.);
#18287 = ORIENTED_EDGE('',*,*,#14071,.F.);
#18288 = ORIENTED_EDGE('',*,*,#18237,.F.);
#18289 = PLANE('',#18290);
#18290 = AXIS2_PLACEMENT_3D('',#18291,#18292,#18293);
#18291 = CARTESIAN_POINT('',(78.85,-27.75,-4.6E-02));
#18292 = DIRECTION('',(0.,1.,0.));
#18293 = DIRECTION('',(1.,0.,0.));
#18294 = ADVANCED_FACE('',(#18295),#18306,.F.);
#18295 = FACE_BOUND('',#18296,.F.);
#18296 = EDGE_LOOP('',(#18297,#18303,#18304,#18305));
#18297 = ORIENTED_EDGE('',*,*,#18298,.T.);
#18298 = EDGE_CURVE('',#11452,#14097,#18299,.T.);
#18299 = LINE('',#18300,#18301);
#18300 = CARTESIAN_POINT('',(86.5,-30.6,-4.6E-02));
#18301 = VECTOR('',#18302,1.);
#18302 = DIRECTION('',(0.,0.,1.));
#18303 = ORIENTED_EDGE('',*,*,#14096,.T.);
#18304 = ORIENTED_EDGE('',*,*,#18298,.F.);
#18305 = ORIENTED_EDGE('',*,*,#11451,.F.);
#18306 = CYLINDRICAL_SURFACE('',#18307,0.5);
#18307 = AXIS2_PLACEMENT_3D('',#18308,#18309,#18310);
#18308 = CARTESIAN_POINT('',(86.5,-30.1,-4.6E-02));
#18309 = DIRECTION('',(-0.,-0.,-1.));
#18310 = DIRECTION('',(-0.,-1.,0.));
#18311 = ADVANCED_FACE('',(#18312),#18323,.F.);
#18312 = FACE_BOUND('',#18313,.F.);
#18313 = EDGE_LOOP('',(#18314,#18320,#18321,#18322));
#18314 = ORIENTED_EDGE('',*,*,#18315,.T.);
#18315 = EDGE_CURVE('',#11463,#14108,#18316,.T.);
#18316 = LINE('',#18317,#18318);
#18317 = CARTESIAN_POINT('',(91.875,-41.12,-4.6E-02));
#18318 = VECTOR('',#18319,1.);
#18319 = DIRECTION('',(0.,0.,1.));
#18320 = ORIENTED_EDGE('',*,*,#14107,.T.);
#18321 = ORIENTED_EDGE('',*,*,#18315,.F.);
#18322 = ORIENTED_EDGE('',*,*,#11462,.F.);
#18323 = CYLINDRICAL_SURFACE('',#18324,0.5);
#18324 = AXIS2_PLACEMENT_3D('',#18325,#18326,#18327);
#18325 = CARTESIAN_POINT('',(91.875,-40.62,-4.6E-02));
#18326 = DIRECTION('',(-0.,-0.,-1.));
#18327 = DIRECTION('',(-0.,-1.,0.));
#18328 = ADVANCED_FACE('',(#18329),#18340,.F.);
#18329 = FACE_BOUND('',#18330,.F.);
#18330 = EDGE_LOOP('',(#18331,#18337,#18338,#18339));
#18331 = ORIENTED_EDGE('',*,*,#18332,.T.);
#18332 = EDGE_CURVE('',#11474,#14119,#18333,.T.);
#18333 = LINE('',#18334,#18335);
#18334 = CARTESIAN_POINT('',(91.875,-38.58,-4.6E-02));
#18335 = VECTOR('',#18336,1.);
#18336 = DIRECTION('',(0.,0.,1.));
#18337 = ORIENTED_EDGE('',*,*,#14118,.T.);
#18338 = ORIENTED_EDGE('',*,*,#18332,.F.);
#18339 = ORIENTED_EDGE('',*,*,#11473,.F.);
#18340 = CYLINDRICAL_SURFACE('',#18341,0.5);
#18341 = AXIS2_PLACEMENT_3D('',#18342,#18343,#18344);
#18342 = CARTESIAN_POINT('',(91.875,-38.08,-4.6E-02));
#18343 = DIRECTION('',(-0.,-0.,-1.));
#18344 = DIRECTION('',(-0.,-1.,0.));
#18345 = ADVANCED_FACE('',(#18346),#18357,.F.);
#18346 = FACE_BOUND('',#18347,.F.);
#18347 = EDGE_LOOP('',(#18348,#18354,#18355,#18356));
#18348 = ORIENTED_EDGE('',*,*,#18349,.T.);
#18349 = EDGE_CURVE('',#11485,#14130,#18350,.T.);
#18350 = LINE('',#18351,#18352);
#18351 = CARTESIAN_POINT('',(107.125,-41.12,-4.6E-02));
#18352 = VECTOR('',#18353,1.);
#18353 = DIRECTION('',(0.,0.,1.));
#18354 = ORIENTED_EDGE('',*,*,#14129,.T.);
#18355 = ORIENTED_EDGE('',*,*,#18349,.F.);
#18356 = ORIENTED_EDGE('',*,*,#11484,.F.);
#18357 = CYLINDRICAL_SURFACE('',#18358,0.5);
#18358 = AXIS2_PLACEMENT_3D('',#18359,#18360,#18361);
#18359 = CARTESIAN_POINT('',(107.125,-40.62,-4.6E-02));
#18360 = DIRECTION('',(-0.,-0.,-1.));
#18361 = DIRECTION('',(-0.,-1.,0.));
#18362 = ADVANCED_FACE('',(#18363),#18374,.F.);
#18363 = FACE_BOUND('',#18364,.F.);
#18364 = EDGE_LOOP('',(#18365,#18371,#18372,#18373));
#18365 = ORIENTED_EDGE('',*,*,#18366,.T.);
#18366 = EDGE_CURVE('',#11496,#14141,#18367,.T.);
#18367 = LINE('',#18368,#18369);
#18368 = CARTESIAN_POINT('',(107.125,-38.58,-4.6E-02));
#18369 = VECTOR('',#18370,1.);
#18370 = DIRECTION('',(0.,0.,1.));
#18371 = ORIENTED_EDGE('',*,*,#14140,.T.);
#18372 = ORIENTED_EDGE('',*,*,#18366,.F.);
#18373 = ORIENTED_EDGE('',*,*,#11495,.F.);
#18374 = CYLINDRICAL_SURFACE('',#18375,0.5);
#18375 = AXIS2_PLACEMENT_3D('',#18376,#18377,#18378);
#18376 = CARTESIAN_POINT('',(107.125,-38.08,-4.6E-02));
#18377 = DIRECTION('',(-0.,-0.,-1.));
#18378 = DIRECTION('',(-0.,-1.,0.));
#18379 = ADVANCED_FACE('',(#18380),#18391,.F.);
#18380 = FACE_BOUND('',#18381,.F.);
#18381 = EDGE_LOOP('',(#18382,#18388,#18389,#18390));
#18382 = ORIENTED_EDGE('',*,*,#18383,.T.);
#18383 = EDGE_CURVE('',#11507,#14152,#18384,.T.);
#18384 = LINE('',#18385,#18386);
#18385 = CARTESIAN_POINT('',(91.875,-36.04,-4.6E-02));
#18386 = VECTOR('',#18387,1.);
#18387 = DIRECTION('',(0.,0.,1.));
#18388 = ORIENTED_EDGE('',*,*,#14151,.T.);
#18389 = ORIENTED_EDGE('',*,*,#18383,.F.);
#18390 = ORIENTED_EDGE('',*,*,#11506,.F.);
#18391 = CYLINDRICAL_SURFACE('',#18392,0.5);
#18392 = AXIS2_PLACEMENT_3D('',#18393,#18394,#18395);
#18393 = CARTESIAN_POINT('',(91.875,-35.54,-4.6E-02));
#18394 = DIRECTION('',(-0.,-0.,-1.));
#18395 = DIRECTION('',(-0.,-1.,0.));
#18396 = ADVANCED_FACE('',(#18397),#18408,.F.);
#18397 = FACE_BOUND('',#18398,.F.);
#18398 = EDGE_LOOP('',(#18399,#18405,#18406,#18407));
#18399 = ORIENTED_EDGE('',*,*,#18400,.T.);
#18400 = EDGE_CURVE('',#11518,#14163,#18401,.T.);
#18401 = LINE('',#18402,#18403);
#18402 = CARTESIAN_POINT('',(91.875,-33.5,-4.6E-02));
#18403 = VECTOR('',#18404,1.);
#18404 = DIRECTION('',(0.,0.,1.));
#18405 = ORIENTED_EDGE('',*,*,#14162,.T.);
#18406 = ORIENTED_EDGE('',*,*,#18400,.F.);
#18407 = ORIENTED_EDGE('',*,*,#11517,.F.);
#18408 = CYLINDRICAL_SURFACE('',#18409,0.5);
#18409 = AXIS2_PLACEMENT_3D('',#18410,#18411,#18412);
#18410 = CARTESIAN_POINT('',(91.875,-33.,-4.6E-02));
#18411 = DIRECTION('',(-0.,-0.,-1.));
#18412 = DIRECTION('',(-0.,-1.,0.));
#18413 = ADVANCED_FACE('',(#18414),#18425,.F.);
#18414 = FACE_BOUND('',#18415,.F.);
#18415 = EDGE_LOOP('',(#18416,#18422,#18423,#18424));
#18416 = ORIENTED_EDGE('',*,*,#18417,.T.);
#18417 = EDGE_CURVE('',#11529,#14174,#18418,.T.);
#18418 = LINE('',#18419,#18420);
#18419 = CARTESIAN_POINT('',(91.875,-30.96,-4.6E-02));
#18420 = VECTOR('',#18421,1.);
#18421 = DIRECTION('',(0.,0.,1.));
#18422 = ORIENTED_EDGE('',*,*,#14173,.T.);
#18423 = ORIENTED_EDGE('',*,*,#18417,.F.);
#18424 = ORIENTED_EDGE('',*,*,#11528,.F.);
#18425 = CYLINDRICAL_SURFACE('',#18426,0.5);
#18426 = AXIS2_PLACEMENT_3D('',#18427,#18428,#18429);
#18427 = CARTESIAN_POINT('',(91.875,-30.46,-4.6E-02));
#18428 = DIRECTION('',(-0.,-0.,-1.));
#18429 = DIRECTION('',(-0.,-1.,0.));
#18430 = ADVANCED_FACE('',(#18431),#18442,.F.);
#18431 = FACE_BOUND('',#18432,.F.);
#18432 = EDGE_LOOP('',(#18433,#18439,#18440,#18441));
#18433 = ORIENTED_EDGE('',*,*,#18434,.T.);
#18434 = EDGE_CURVE('',#11540,#14185,#18435,.T.);
#18435 = LINE('',#18436,#18437);
#18436 = CARTESIAN_POINT('',(91.875,-28.42,-4.6E-02));
#18437 = VECTOR('',#18438,1.);
#18438 = DIRECTION('',(0.,0.,1.));
#18439 = ORIENTED_EDGE('',*,*,#14184,.T.);
#18440 = ORIENTED_EDGE('',*,*,#18434,.F.);
#18441 = ORIENTED_EDGE('',*,*,#11539,.F.);
#18442 = CYLINDRICAL_SURFACE('',#18443,0.5);
#18443 = AXIS2_PLACEMENT_3D('',#18444,#18445,#18446);
#18444 = CARTESIAN_POINT('',(91.875,-27.92,-4.6E-02));
#18445 = DIRECTION('',(-0.,-0.,-1.));
#18446 = DIRECTION('',(-0.,-1.,0.));
#18447 = ADVANCED_FACE('',(#18448),#18459,.F.);
#18448 = FACE_BOUND('',#18449,.F.);
#18449 = EDGE_LOOP('',(#18450,#18456,#18457,#18458));
#18450 = ORIENTED_EDGE('',*,*,#18451,.T.);
#18451 = EDGE_CURVE('',#11551,#14196,#18452,.T.);
#18452 = LINE('',#18453,#18454);
#18453 = CARTESIAN_POINT('',(91.875,-25.88,-4.6E-02));
#18454 = VECTOR('',#18455,1.);
#18455 = DIRECTION('',(0.,0.,1.));
#18456 = ORIENTED_EDGE('',*,*,#14195,.T.);
#18457 = ORIENTED_EDGE('',*,*,#18451,.F.);
#18458 = ORIENTED_EDGE('',*,*,#11550,.F.);
#18459 = CYLINDRICAL_SURFACE('',#18460,0.5);
#18460 = AXIS2_PLACEMENT_3D('',#18461,#18462,#18463);
#18461 = CARTESIAN_POINT('',(91.875,-25.38,-4.6E-02));
#18462 = DIRECTION('',(-0.,-0.,-1.));
#18463 = DIRECTION('',(-0.,-1.,0.));
#18464 = ADVANCED_FACE('',(#18465),#18476,.F.);
#18465 = FACE_BOUND('',#18466,.F.);
#18466 = EDGE_LOOP('',(#18467,#18473,#18474,#18475));
#18467 = ORIENTED_EDGE('',*,*,#18468,.T.);
#18468 = EDGE_CURVE('',#11562,#14207,#18469,.T.);
#18469 = LINE('',#18470,#18471);
#18470 = CARTESIAN_POINT('',(107.125,-36.04,-4.6E-02));
#18471 = VECTOR('',#18472,1.);
#18472 = DIRECTION('',(0.,0.,1.));
#18473 = ORIENTED_EDGE('',*,*,#14206,.T.);
#18474 = ORIENTED_EDGE('',*,*,#18468,.F.);
#18475 = ORIENTED_EDGE('',*,*,#11561,.F.);
#18476 = CYLINDRICAL_SURFACE('',#18477,0.5);
#18477 = AXIS2_PLACEMENT_3D('',#18478,#18479,#18480);
#18478 = CARTESIAN_POINT('',(107.125,-35.54,-4.6E-02));
#18479 = DIRECTION('',(-0.,-0.,-1.));
#18480 = DIRECTION('',(-0.,-1.,0.));
#18481 = ADVANCED_FACE('',(#18482),#18493,.F.);
#18482 = FACE_BOUND('',#18483,.F.);
#18483 = EDGE_LOOP('',(#18484,#18490,#18491,#18492));
#18484 = ORIENTED_EDGE('',*,*,#18485,.T.);
#18485 = EDGE_CURVE('',#11573,#14218,#18486,.T.);
#18486 = LINE('',#18487,#18488);
#18487 = CARTESIAN_POINT('',(107.125,-33.5,-4.6E-02));
#18488 = VECTOR('',#18489,1.);
#18489 = DIRECTION('',(0.,0.,1.));
#18490 = ORIENTED_EDGE('',*,*,#14217,.T.);
#18491 = ORIENTED_EDGE('',*,*,#18485,.F.);
#18492 = ORIENTED_EDGE('',*,*,#11572,.F.);
#18493 = CYLINDRICAL_SURFACE('',#18494,0.5);
#18494 = AXIS2_PLACEMENT_3D('',#18495,#18496,#18497);
#18495 = CARTESIAN_POINT('',(107.125,-33.,-4.6E-02));
#18496 = DIRECTION('',(-0.,-0.,-1.));
#18497 = DIRECTION('',(-0.,-1.,0.));
#18498 = ADVANCED_FACE('',(#18499),#18510,.F.);
#18499 = FACE_BOUND('',#18500,.F.);
#18500 = EDGE_LOOP('',(#18501,#18507,#18508,#18509));
#18501 = ORIENTED_EDGE('',*,*,#18502,.T.);
#18502 = EDGE_CURVE('',#11584,#14229,#18503,.T.);
#18503 = LINE('',#18504,#18505);
#18504 = CARTESIAN_POINT('',(107.125,-30.96,-4.6E-02));
#18505 = VECTOR('',#18506,1.);
#18506 = DIRECTION('',(0.,0.,1.));
#18507 = ORIENTED_EDGE('',*,*,#14228,.T.);
#18508 = ORIENTED_EDGE('',*,*,#18502,.F.);
#18509 = ORIENTED_EDGE('',*,*,#11583,.F.);
#18510 = CYLINDRICAL_SURFACE('',#18511,0.5);
#18511 = AXIS2_PLACEMENT_3D('',#18512,#18513,#18514);
#18512 = CARTESIAN_POINT('',(107.125,-30.46,-4.6E-02));
#18513 = DIRECTION('',(-0.,-0.,-1.));
#18514 = DIRECTION('',(-0.,-1.,0.));
#18515 = ADVANCED_FACE('',(#18516),#18527,.F.);
#18516 = FACE_BOUND('',#18517,.F.);
#18517 = EDGE_LOOP('',(#18518,#18524,#18525,#18526));
#18518 = ORIENTED_EDGE('',*,*,#18519,.T.);
#18519 = EDGE_CURVE('',#11595,#14240,#18520,.T.);
#18520 = LINE('',#18521,#18522);
#18521 = CARTESIAN_POINT('',(107.125,-28.42,-4.6E-02));
#18522 = VECTOR('',#18523,1.);
#18523 = DIRECTION('',(0.,0.,1.));
#18524 = ORIENTED_EDGE('',*,*,#14239,.T.);
#18525 = ORIENTED_EDGE('',*,*,#18519,.F.);
#18526 = ORIENTED_EDGE('',*,*,#11594,.F.);
#18527 = CYLINDRICAL_SURFACE('',#18528,0.5);
#18528 = AXIS2_PLACEMENT_3D('',#18529,#18530,#18531);
#18529 = CARTESIAN_POINT('',(107.125,-27.92,-4.6E-02));
#18530 = DIRECTION('',(-0.,-0.,-1.));
#18531 = DIRECTION('',(-0.,-1.,0.));
#18532 = ADVANCED_FACE('',(#18533),#18544,.F.);
#18533 = FACE_BOUND('',#18534,.F.);
#18534 = EDGE_LOOP('',(#18535,#18541,#18542,#18543));
#18535 = ORIENTED_EDGE('',*,*,#18536,.T.);
#18536 = EDGE_CURVE('',#11606,#14251,#18537,.T.);
#18537 = LINE('',#18538,#18539);
#18538 = CARTESIAN_POINT('',(107.125,-25.88,-4.6E-02));
#18539 = VECTOR('',#18540,1.);
#18540 = DIRECTION('',(0.,0.,1.));
#18541 = ORIENTED_EDGE('',*,*,#14250,.T.);
#18542 = ORIENTED_EDGE('',*,*,#18536,.F.);
#18543 = ORIENTED_EDGE('',*,*,#11605,.F.);
#18544 = CYLINDRICAL_SURFACE('',#18545,0.5);
#18545 = AXIS2_PLACEMENT_3D('',#18546,#18547,#18548);
#18546 = CARTESIAN_POINT('',(107.125,-25.38,-4.6E-02));
#18547 = DIRECTION('',(-0.,-0.,-1.));
#18548 = DIRECTION('',(-0.,-1.,0.));
#18549 = ADVANCED_FACE('',(#18550),#18561,.F.);
#18550 = FACE_BOUND('',#18551,.F.);
#18551 = EDGE_LOOP('',(#18552,#18558,#18559,#18560));
#18552 = ORIENTED_EDGE('',*,*,#18553,.T.);
#18553 = EDGE_CURVE('',#11617,#14262,#18554,.T.);
#18554 = LINE('',#18555,#18556);
#18555 = CARTESIAN_POINT('',(112.635,-68.17,-4.6E-02));
#18556 = VECTOR('',#18557,1.);
#18557 = DIRECTION('',(0.,0.,1.));
#18558 = ORIENTED_EDGE('',*,*,#14261,.T.);
#18559 = ORIENTED_EDGE('',*,*,#18553,.F.);
#18560 = ORIENTED_EDGE('',*,*,#11616,.F.);
#18561 = CYLINDRICAL_SURFACE('',#18562,0.75);
#18562 = AXIS2_PLACEMENT_3D('',#18563,#18564,#18565);
#18563 = CARTESIAN_POINT('',(112.635,-67.42,-4.6E-02));
#18564 = DIRECTION('',(-0.,-0.,-1.));
#18565 = DIRECTION('',(-0.,-1.,0.));
#18566 = ADVANCED_FACE('',(#18567),#18578,.F.);
#18567 = FACE_BOUND('',#18568,.F.);
#18568 = EDGE_LOOP('',(#18569,#18575,#18576,#18577));
#18569 = ORIENTED_EDGE('',*,*,#18570,.T.);
#18570 = EDGE_CURVE('',#11628,#14273,#18571,.T.);
#18571 = LINE('',#18572,#18573);
#18572 = CARTESIAN_POINT('',(119.5,-62.21,-4.6E-02));
#18573 = VECTOR('',#18574,1.);
#18574 = DIRECTION('',(0.,0.,1.));
#18575 = ORIENTED_EDGE('',*,*,#14272,.T.);
#18576 = ORIENTED_EDGE('',*,*,#18570,.F.);
#18577 = ORIENTED_EDGE('',*,*,#11627,.F.);
#18578 = CYLINDRICAL_SURFACE('',#18579,0.4);
#18579 = AXIS2_PLACEMENT_3D('',#18580,#18581,#18582);
#18580 = CARTESIAN_POINT('',(119.5,-61.81,-4.6E-02));
#18581 = DIRECTION('',(-0.,-0.,-1.));
#18582 = DIRECTION('',(-0.,-1.,0.));
#18583 = ADVANCED_FACE('',(#18584),#18595,.F.);
#18584 = FACE_BOUND('',#18585,.F.);
#18585 = EDGE_LOOP('',(#18586,#18592,#18593,#18594));
#18586 = ORIENTED_EDGE('',*,*,#18587,.T.);
#18587 = EDGE_CURVE('',#11639,#14284,#18588,.T.);
#18588 = LINE('',#18589,#18590);
#18589 = CARTESIAN_POINT('',(125.205,-70.71,-4.6E-02));
#18590 = VECTOR('',#18591,1.);
#18591 = DIRECTION('',(0.,0.,1.));
#18592 = ORIENTED_EDGE('',*,*,#14283,.T.);
#18593 = ORIENTED_EDGE('',*,*,#18587,.F.);
#18594 = ORIENTED_EDGE('',*,*,#11638,.F.);
#18595 = CYLINDRICAL_SURFACE('',#18596,0.75);
#18596 = AXIS2_PLACEMENT_3D('',#18597,#18598,#18599);
#18597 = CARTESIAN_POINT('',(125.205,-69.96,-4.6E-02));
#18598 = DIRECTION('',(-0.,-0.,-1.));
#18599 = DIRECTION('',(-0.,-1.,0.));
#18600 = ADVANCED_FACE('',(#18601),#18612,.F.);
#18601 = FACE_BOUND('',#18602,.F.);
#18602 = EDGE_LOOP('',(#18603,#18609,#18610,#18611));
#18603 = ORIENTED_EDGE('',*,*,#18604,.T.);
#18604 = EDGE_CURVE('',#11650,#14295,#18605,.T.);
#18605 = LINE('',#18606,#18607);
#18606 = CARTESIAN_POINT('',(131.555,-68.17,-4.6E-02));
#18607 = VECTOR('',#18608,1.);
#18608 = DIRECTION('',(0.,0.,1.));
#18609 = ORIENTED_EDGE('',*,*,#14294,.T.);
#18610 = ORIENTED_EDGE('',*,*,#18604,.F.);
#18611 = ORIENTED_EDGE('',*,*,#11649,.F.);
#18612 = CYLINDRICAL_SURFACE('',#18613,0.75);
#18613 = AXIS2_PLACEMENT_3D('',#18614,#18615,#18616);
#18614 = CARTESIAN_POINT('',(131.555,-67.42,-4.6E-02));
#18615 = DIRECTION('',(-0.,-0.,-1.));
#18616 = DIRECTION('',(-0.,-1.,0.));
#18617 = ADVANCED_FACE('',(#18618),#18634,.F.);
#18618 = FACE_BOUND('',#18619,.F.);
#18619 = EDGE_LOOP('',(#18620,#18621,#18627,#18628));
#18620 = ORIENTED_EDGE('',*,*,#11660,.T.);
#18621 = ORIENTED_EDGE('',*,*,#18622,.T.);
#18622 = EDGE_CURVE('',#11663,#14308,#18623,.T.);
#18623 = LINE('',#18624,#18625);
#18624 = CARTESIAN_POINT('',(111.151655,-56.456066,0.));
#18625 = VECTOR('',#18626,1.);
#18626 = DIRECTION('',(0.,0.,1.));
#18627 = ORIENTED_EDGE('',*,*,#14305,.F.);
#18628 = ORIENTED_EDGE('',*,*,#18629,.F.);
#18629 = EDGE_CURVE('',#11661,#14306,#18630,.T.);
#18630 = LINE('',#18631,#18632);
#18631 = CARTESIAN_POINT('',(111.838934,-57.143345,0.));
#18632 = VECTOR('',#18633,1.);
#18633 = DIRECTION('',(0.,0.,1.));
#18634 = CYLINDRICAL_SURFACE('',#18635,0.499999603944);
#18635 = AXIS2_PLACEMENT_3D('',#18636,#18637,#18638);
#18636 = CARTESIAN_POINT('',(111.41215788946,-56.88284211054,0.));
#18637 = DIRECTION('',(-0.,-0.,-1.));
#18638 = DIRECTION('',(0.853552897188,-0.521006191616,0.));
#18639 = ADVANCED_FACE('',(#18640),#18651,.T.);
#18640 = FACE_BOUND('',#18641,.T.);
#18641 = EDGE_LOOP('',(#18642,#18648,#18649,#18650));
#18642 = ORIENTED_EDGE('',*,*,#18643,.T.);
#18643 = EDGE_CURVE('',#11672,#14317,#18644,.T.);
#18644 = LINE('',#18645,#18646);
#18645 = CARTESIAN_POINT('',(111.795,-57.299647,0.));
#18646 = VECTOR('',#18647,1.);
#18647 = DIRECTION('',(0.,0.,1.));
#18648 = ORIENTED_EDGE('',*,*,#14316,.T.);
#18649 = ORIENTED_EDGE('',*,*,#18629,.F.);
#18650 = ORIENTED_EDGE('',*,*,#11671,.F.);
#18651 = CYLINDRICAL_SURFACE('',#18652,0.299998582341);
#18652 = AXIS2_PLACEMENT_3D('',#18653,#18654,#18655);
#18653 = CARTESIAN_POINT('',(112.09499858234,-57.29964624464,0.));
#18654 = DIRECTION('',(0.,0.,-1.));
#18655 = DIRECTION('',(-0.999999999997,-2.517861435983E-06,-0.));
#18656 = ADVANCED_FACE('',(#18657),#18668,.T.);
#18657 = FACE_BOUND('',#18658,.T.);
#18658 = EDGE_LOOP('',(#18659,#18660,#18661,#18667));
#18659 = ORIENTED_EDGE('',*,*,#18622,.T.);
#18660 = ORIENTED_EDGE('',*,*,#14470,.T.);
#18661 = ORIENTED_EDGE('',*,*,#18662,.F.);
#18662 = EDGE_CURVE('',#11818,#14463,#18663,.T.);
#18663 = LINE('',#18664,#18665);
#18664 = CARTESIAN_POINT('',(110.995353,-56.5,0.));
#18665 = VECTOR('',#18666,1.);
#18666 = DIRECTION('',(0.,0.,1.));
#18667 = ORIENTED_EDGE('',*,*,#11825,.F.);
#18668 = CYLINDRICAL_SURFACE('',#18669,0.299998582341);
#18669 = AXIS2_PLACEMENT_3D('',#18670,#18671,#18672);
#18670 = CARTESIAN_POINT('',(110.99535375535,-56.20000141766,0.));
#18671 = DIRECTION('',(0.,0.,-1.));
#18672 = DIRECTION('',(0.52100661085,-0.853552641289,0.));
#18673 = ADVANCED_FACE('',(#18674),#18685,.T.);
#18674 = FACE_BOUND('',#18675,.T.);
#18675 = EDGE_LOOP('',(#18676,#18682,#18683,#18684));
#18676 = ORIENTED_EDGE('',*,*,#18677,.T.);
#18677 = EDGE_CURVE('',#11681,#14326,#18678,.T.);
#18678 = LINE('',#18679,#18680);
#18679 = CARTESIAN_POINT('',(111.795,-58.,0.));
#18680 = VECTOR('',#18681,1.);
#18681 = DIRECTION('',(0.,0.,1.));
#18682 = ORIENTED_EDGE('',*,*,#14325,.T.);
#18683 = ORIENTED_EDGE('',*,*,#18643,.F.);
#18684 = ORIENTED_EDGE('',*,*,#11680,.F.);
#18685 = PLANE('',#18686);
#18686 = AXIS2_PLACEMENT_3D('',#18687,#18688,#18689);
#18687 = CARTESIAN_POINT('',(111.795,-58.,0.));
#18688 = DIRECTION('',(-1.,0.,0.));
#18689 = DIRECTION('',(0.,1.,0.));
#18690 = ADVANCED_FACE('',(#18691),#18702,.T.);
#18691 = FACE_BOUND('',#18692,.T.);
#18692 = EDGE_LOOP('',(#18693,#18694,#18695,#18701));
#18693 = ORIENTED_EDGE('',*,*,#18662,.T.);
#18694 = ORIENTED_EDGE('',*,*,#14462,.T.);
#18695 = ORIENTED_EDGE('',*,*,#18696,.F.);
#18696 = EDGE_CURVE('',#11810,#14455,#18697,.T.);
#18697 = LINE('',#18698,#18699);
#18698 = CARTESIAN_POINT('',(110.095,-56.5,0.));
#18699 = VECTOR('',#18700,1.);
#18700 = DIRECTION('',(0.,0.,1.));
#18701 = ORIENTED_EDGE('',*,*,#11817,.F.);
#18702 = PLANE('',#18703);
#18703 = AXIS2_PLACEMENT_3D('',#18704,#18705,#18706);
#18704 = CARTESIAN_POINT('',(110.995353,-56.5,0.));
#18705 = DIRECTION('',(0.,-1.,0.));
#18706 = DIRECTION('',(-1.,0.,0.));
#18707 = ADVANCED_FACE('',(#18708),#18719,.T.);
#18708 = FACE_BOUND('',#18709,.T.);
#18709 = EDGE_LOOP('',(#18710,#18716,#18717,#18718));
#18710 = ORIENTED_EDGE('',*,*,#18711,.T.);
#18711 = EDGE_CURVE('',#11689,#14334,#18712,.T.);
#18712 = LINE('',#18713,#18714);
#18713 = CARTESIAN_POINT('',(111.795,-58.700353,0.));
#18714 = VECTOR('',#18715,1.);
#18715 = DIRECTION('',(0.,0.,1.));
#18716 = ORIENTED_EDGE('',*,*,#14333,.T.);
#18717 = ORIENTED_EDGE('',*,*,#18677,.F.);
#18718 = ORIENTED_EDGE('',*,*,#11688,.F.);
#18719 = PLANE('',#18720);
#18720 = AXIS2_PLACEMENT_3D('',#18721,#18722,#18723);
#18721 = CARTESIAN_POINT('',(111.795,-58.700353,0.));
#18722 = DIRECTION('',(-1.,0.,0.));
#18723 = DIRECTION('',(0.,1.,0.));
#18724 = ADVANCED_FACE('',(#18725),#18736,.T.);
#18725 = FACE_BOUND('',#18726,.T.);
#18726 = EDGE_LOOP('',(#18727,#18728,#18729,#18735));
#18727 = ORIENTED_EDGE('',*,*,#18696,.T.);
#18728 = ORIENTED_EDGE('',*,*,#14454,.T.);
#18729 = ORIENTED_EDGE('',*,*,#18730,.F.);
#18730 = EDGE_CURVE('',#11801,#14446,#18731,.T.);
#18731 = LINE('',#18732,#18733);
#18732 = CARTESIAN_POINT('',(109.194647,-56.5,0.));
#18733 = VECTOR('',#18734,1.);
#18734 = DIRECTION('',(0.,0.,1.));
#18735 = ORIENTED_EDGE('',*,*,#11809,.F.);
#18736 = PLANE('',#18737);
#18737 = AXIS2_PLACEMENT_3D('',#18738,#18739,#18740);
#18738 = CARTESIAN_POINT('',(110.095,-56.5,0.));
#18739 = DIRECTION('',(0.,-1.,0.));
#18740 = DIRECTION('',(-1.,0.,0.));
#18741 = ADVANCED_FACE('',(#18742),#18753,.T.);
#18742 = FACE_BOUND('',#18743,.T.);
#18743 = EDGE_LOOP('',(#18744,#18750,#18751,#18752));
#18744 = ORIENTED_EDGE('',*,*,#18745,.T.);
#18745 = EDGE_CURVE('',#11697,#14342,#18746,.T.);
#18746 = LINE('',#18747,#18748);
#18747 = CARTESIAN_POINT('',(111.838934,-58.856655,0.));
#18748 = VECTOR('',#18749,1.);
#18749 = DIRECTION('',(0.,0.,1.));
#18750 = ORIENTED_EDGE('',*,*,#14341,.T.);
#18751 = ORIENTED_EDGE('',*,*,#18711,.F.);
#18752 = ORIENTED_EDGE('',*,*,#11696,.F.);
#18753 = CYLINDRICAL_SURFACE('',#18754,0.299998582341);
#18754 = AXIS2_PLACEMENT_3D('',#18755,#18756,#18757);
#18755 = CARTESIAN_POINT('',(112.09499858234,-58.70035375535,0.));
#18756 = DIRECTION('',(0.,0.,-1.));
#18757 = DIRECTION('',(-0.853552641289,-0.52100661085,-0.));
#18758 = ADVANCED_FACE('',(#18759),#18770,.T.);
#18759 = FACE_BOUND('',#18760,.T.);
#18760 = EDGE_LOOP('',(#18761,#18762,#18763,#18769));
#18761 = ORIENTED_EDGE('',*,*,#18730,.T.);
#18762 = ORIENTED_EDGE('',*,*,#14445,.T.);
#18763 = ORIENTED_EDGE('',*,*,#18764,.F.);
#18764 = EDGE_CURVE('',#11792,#14437,#18765,.T.);
#18765 = LINE('',#18766,#18767);
#18766 = CARTESIAN_POINT('',(109.038345,-56.456066,0.));
#18767 = VECTOR('',#18768,1.);
#18768 = DIRECTION('',(0.,0.,1.));
#18769 = ORIENTED_EDGE('',*,*,#11800,.F.);
#18770 = CYLINDRICAL_SURFACE('',#18771,0.299998582341);
#18771 = AXIS2_PLACEMENT_3D('',#18772,#18773,#18774);
#18772 = CARTESIAN_POINT('',(109.19464624464,-56.20000141766,0.));
#18773 = DIRECTION('',(0.,0.,-1.));
#18774 = DIRECTION('',(2.517861388613E-06,-0.999999999997,0.));
#18775 = ADVANCED_FACE('',(#18776),#18787,.F.);
#18776 = FACE_BOUND('',#18777,.F.);
#18777 = EDGE_LOOP('',(#18778,#18779,#18780,#18781));
#18778 = ORIENTED_EDGE('',*,*,#11705,.T.);
#18779 = ORIENTED_EDGE('',*,*,#18745,.T.);
#18780 = ORIENTED_EDGE('',*,*,#14350,.F.);
#18781 = ORIENTED_EDGE('',*,*,#18782,.F.);
#18782 = EDGE_CURVE('',#11706,#14351,#18783,.T.);
#18783 = LINE('',#18784,#18785);
#18784 = CARTESIAN_POINT('',(111.151655,-59.543934,0.));
#18785 = VECTOR('',#18786,1.);
#18786 = DIRECTION('',(0.,0.,1.));
#18787 = CYLINDRICAL_SURFACE('',#18788,0.499999603944);
#18788 = AXIS2_PLACEMENT_3D('',#18789,#18790,#18791);
#18789 = CARTESIAN_POINT('',(111.41215788946,-59.11715788946,0.));
#18790 = DIRECTION('',(-0.,-0.,-1.));
#18791 = DIRECTION('',(-0.521006191616,-0.853552897188,0.));
#18792 = ADVANCED_FACE('',(#18793),#18804,.F.);
#18793 = FACE_BOUND('',#18794,.F.);
#18794 = EDGE_LOOP('',(#18795,#18796,#18802,#18803));
#18795 = ORIENTED_EDGE('',*,*,#11791,.T.);
#18796 = ORIENTED_EDGE('',*,*,#18797,.T.);
#18797 = EDGE_CURVE('',#11783,#14428,#18798,.T.);
#18798 = LINE('',#18799,#18800);
#18799 = CARTESIAN_POINT('',(108.351066,-57.143345,0.));
#18800 = VECTOR('',#18801,1.);
#18801 = DIRECTION('',(0.,0.,1.));
#18802 = ORIENTED_EDGE('',*,*,#14436,.F.);
#18803 = ORIENTED_EDGE('',*,*,#18764,.F.);
#18804 = CYLINDRICAL_SURFACE('',#18805,0.499999603944);
#18805 = AXIS2_PLACEMENT_3D('',#18806,#18807,#18808);
#18806 = CARTESIAN_POINT('',(108.77784211054,-56.88284211054,0.));
#18807 = DIRECTION('',(-0.,-0.,-1.));
#18808 = DIRECTION('',(0.521006191616,0.853552897188,-0.));
#18809 = ADVANCED_FACE('',(#18810),#18821,.T.);
#18810 = FACE_BOUND('',#18811,.T.);
#18811 = EDGE_LOOP('',(#18812,#18818,#18819,#18820));
#18812 = ORIENTED_EDGE('',*,*,#18813,.T.);
#18813 = EDGE_CURVE('',#11715,#14360,#18814,.T.);
#18814 = LINE('',#18815,#18816);
#18815 = CARTESIAN_POINT('',(110.995353,-59.5,0.));
#18816 = VECTOR('',#18817,1.);
#18817 = DIRECTION('',(0.,0.,1.));
#18818 = ORIENTED_EDGE('',*,*,#14359,.T.);
#18819 = ORIENTED_EDGE('',*,*,#18782,.F.);
#18820 = ORIENTED_EDGE('',*,*,#11714,.F.);
#18821 = CYLINDRICAL_SURFACE('',#18822,0.299998582341);
#18822 = AXIS2_PLACEMENT_3D('',#18823,#18824,#18825);
#18823 = CARTESIAN_POINT('',(110.99535375535,-59.79999858234,0.));
#18824 = DIRECTION('',(0.,0.,-1.));
#18825 = DIRECTION('',(-2.517861341243E-06,0.999999999997,0.));
#18826 = ADVANCED_FACE('',(#18827),#18838,.T.);
#18827 = FACE_BOUND('',#18828,.T.);
#18828 = EDGE_LOOP('',(#18829,#18830,#18831,#18837));
#18829 = ORIENTED_EDGE('',*,*,#18797,.T.);
#18830 = ORIENTED_EDGE('',*,*,#14427,.T.);
#18831 = ORIENTED_EDGE('',*,*,#18832,.F.);
#18832 = EDGE_CURVE('',#11775,#14420,#18833,.T.);
#18833 = LINE('',#18834,#18835);
#18834 = CARTESIAN_POINT('',(108.395,-57.299647,0.));
#18835 = VECTOR('',#18836,1.);
#18836 = DIRECTION('',(0.,0.,1.));
#18837 = ORIENTED_EDGE('',*,*,#11782,.F.);
#18838 = CYLINDRICAL_SURFACE('',#18839,0.299998582341);
#18839 = AXIS2_PLACEMENT_3D('',#18840,#18841,#18842);
#18840 = CARTESIAN_POINT('',(108.09500141766,-57.29964624464,0.));
#18841 = DIRECTION('',(0.,0.,-1.));
#18842 = DIRECTION('',(0.853552641289,0.52100661085,0.));
#18843 = ADVANCED_FACE('',(#18844),#18855,.T.);
#18844 = FACE_BOUND('',#18845,.T.);
#18845 = EDGE_LOOP('',(#18846,#18852,#18853,#18854));
#18846 = ORIENTED_EDGE('',*,*,#18847,.T.);
#18847 = EDGE_CURVE('',#11724,#14369,#18848,.T.);
#18848 = LINE('',#18849,#18850);
#18849 = CARTESIAN_POINT('',(110.095,-59.5,0.));
#18850 = VECTOR('',#18851,1.);
#18851 = DIRECTION('',(0.,0.,1.));
#18852 = ORIENTED_EDGE('',*,*,#14368,.T.);
#18853 = ORIENTED_EDGE('',*,*,#18813,.F.);
#18854 = ORIENTED_EDGE('',*,*,#11723,.F.);
#18855 = PLANE('',#18856);
#18856 = AXIS2_PLACEMENT_3D('',#18857,#18858,#18859);
#18857 = CARTESIAN_POINT('',(110.095,-59.5,0.));
#18858 = DIRECTION('',(0.,1.,0.));
#18859 = DIRECTION('',(1.,0.,0.));
#18860 = ADVANCED_FACE('',(#18861),#18872,.T.);
#18861 = FACE_BOUND('',#18862,.T.);
#18862 = EDGE_LOOP('',(#18863,#18864,#18865,#18871));
#18863 = ORIENTED_EDGE('',*,*,#18832,.T.);
#18864 = ORIENTED_EDGE('',*,*,#14419,.T.);
#18865 = ORIENTED_EDGE('',*,*,#18866,.F.);
#18866 = EDGE_CURVE('',#11767,#14412,#18867,.T.);
#18867 = LINE('',#18868,#18869);
#18868 = CARTESIAN_POINT('',(108.395,-58.,0.));
#18869 = VECTOR('',#18870,1.);
#18870 = DIRECTION('',(0.,0.,1.));
#18871 = ORIENTED_EDGE('',*,*,#11774,.F.);
#18872 = PLANE('',#18873);
#18873 = AXIS2_PLACEMENT_3D('',#18874,#18875,#18876);
#18874 = CARTESIAN_POINT('',(108.395,-57.299647,0.));
#18875 = DIRECTION('',(1.,0.,-0.));
#18876 = DIRECTION('',(0.,-1.,0.));
#18877 = ADVANCED_FACE('',(#18878),#18889,.T.);
#18878 = FACE_BOUND('',#18879,.T.);
#18879 = EDGE_LOOP('',(#18880,#18886,#18887,#18888));
#18880 = ORIENTED_EDGE('',*,*,#18881,.T.);
#18881 = EDGE_CURVE('',#11732,#14377,#18882,.T.);
#18882 = LINE('',#18883,#18884);
#18883 = CARTESIAN_POINT('',(109.194647,-59.5,0.));
#18884 = VECTOR('',#18885,1.);
#18885 = DIRECTION('',(0.,0.,1.));
#18886 = ORIENTED_EDGE('',*,*,#14376,.T.);
#18887 = ORIENTED_EDGE('',*,*,#18847,.F.);
#18888 = ORIENTED_EDGE('',*,*,#11731,.F.);
#18889 = PLANE('',#18890);
#18890 = AXIS2_PLACEMENT_3D('',#18891,#18892,#18893);
#18891 = CARTESIAN_POINT('',(109.194647,-59.5,0.));
#18892 = DIRECTION('',(0.,1.,0.));
#18893 = DIRECTION('',(1.,0.,0.));
#18894 = ADVANCED_FACE('',(#18895),#18906,.T.);
#18895 = FACE_BOUND('',#18896,.T.);
#18896 = EDGE_LOOP('',(#18897,#18898,#18899,#18905));
#18897 = ORIENTED_EDGE('',*,*,#18866,.T.);
#18898 = ORIENTED_EDGE('',*,*,#14411,.T.);
#18899 = ORIENTED_EDGE('',*,*,#18900,.F.);
#18900 = EDGE_CURVE('',#11758,#14403,#18901,.T.);
#18901 = LINE('',#18902,#18903);
#18902 = CARTESIAN_POINT('',(108.395,-58.700353,0.));
#18903 = VECTOR('',#18904,1.);
#18904 = DIRECTION('',(0.,0.,1.));
#18905 = ORIENTED_EDGE('',*,*,#11766,.F.);
#18906 = PLANE('',#18907);
#18907 = AXIS2_PLACEMENT_3D('',#18908,#18909,#18910);
#18908 = CARTESIAN_POINT('',(108.395,-58.,0.));
#18909 = DIRECTION('',(1.,0.,-0.));
#18910 = DIRECTION('',(0.,-1.,0.));
#18911 = ADVANCED_FACE('',(#18912),#18923,.T.);
#18912 = FACE_BOUND('',#18913,.T.);
#18913 = EDGE_LOOP('',(#18914,#18920,#18921,#18922));
#18914 = ORIENTED_EDGE('',*,*,#18915,.T.);
#18915 = EDGE_CURVE('',#11740,#14385,#18916,.T.);
#18916 = LINE('',#18917,#18918);
#18917 = CARTESIAN_POINT('',(109.038345,-59.543934,0.));
#18918 = VECTOR('',#18919,1.);
#18919 = DIRECTION('',(0.,0.,1.));
#18920 = ORIENTED_EDGE('',*,*,#14384,.T.);
#18921 = ORIENTED_EDGE('',*,*,#18881,.F.);
#18922 = ORIENTED_EDGE('',*,*,#11739,.F.);
#18923 = CYLINDRICAL_SURFACE('',#18924,0.299998582341);
#18924 = AXIS2_PLACEMENT_3D('',#18925,#18926,#18927);
#18925 = CARTESIAN_POINT('',(109.19464624464,-59.79999858234,0.));
#18926 = DIRECTION('',(0.,0.,-1.));
#18927 = DIRECTION('',(-0.52100661085,0.853552641289,0.));
#18928 = ADVANCED_FACE('',(#18929),#18940,.T.);
#18929 = FACE_BOUND('',#18930,.T.);
#18930 = EDGE_LOOP('',(#18931,#18932,#18933,#18939));
#18931 = ORIENTED_EDGE('',*,*,#18900,.T.);
#18932 = ORIENTED_EDGE('',*,*,#14402,.T.);
#18933 = ORIENTED_EDGE('',*,*,#18934,.F.);
#18934 = EDGE_CURVE('',#11749,#14394,#18935,.T.);
#18935 = LINE('',#18936,#18937);
#18936 = CARTESIAN_POINT('',(108.351066,-58.856655,0.));
#18937 = VECTOR('',#18938,1.);
#18938 = DIRECTION('',(0.,0.,1.));
#18939 = ORIENTED_EDGE('',*,*,#11757,.F.);
#18940 = CYLINDRICAL_SURFACE('',#18941,0.299998582341);
#18941 = AXIS2_PLACEMENT_3D('',#18942,#18943,#18944);
#18942 = CARTESIAN_POINT('',(108.09500141766,-58.70035375535,0.));
#18943 = DIRECTION('',(0.,0.,-1.));
#18944 = DIRECTION('',(0.999999999997,2.517861435983E-06,0.));
#18945 = ADVANCED_FACE('',(#18946),#18952,.F.);
#18946 = FACE_BOUND('',#18947,.F.);
#18947 = EDGE_LOOP('',(#18948,#18949,#18950,#18951));
#18948 = ORIENTED_EDGE('',*,*,#11748,.T.);
#18949 = ORIENTED_EDGE('',*,*,#18915,.T.);
#18950 = ORIENTED_EDGE('',*,*,#14393,.F.);
#18951 = ORIENTED_EDGE('',*,*,#18934,.F.);
#18952 = CYLINDRICAL_SURFACE('',#18953,0.499999603944);
#18953 = AXIS2_PLACEMENT_3D('',#18954,#18955,#18956);
#18954 = CARTESIAN_POINT('',(108.77784211054,-59.11715788946,0.));
#18955 = DIRECTION('',(-0.,-0.,-1.));
#18956 = DIRECTION('',(-0.853552897188,0.521006191616,0.));
#18957 = ADVANCED_FACE('',(#18958),#18969,.F.);
#18958 = FACE_BOUND('',#18959,.F.);
#18959 = EDGE_LOOP('',(#18960,#18966,#18967,#18968));
#18960 = ORIENTED_EDGE('',*,*,#18961,.T.);
#18961 = EDGE_CURVE('',#11835,#14480,#18962,.T.);
#18962 = LINE('',#18963,#18964);
#18963 = CARTESIAN_POINT('',(110.095,-55.54,-4.6E-02));
#18964 = VECTOR('',#18965,1.);
#18965 = DIRECTION('',(0.,0.,1.));
#18966 = ORIENTED_EDGE('',*,*,#14479,.T.);
#18967 = ORIENTED_EDGE('',*,*,#18961,.F.);
#18968 = ORIENTED_EDGE('',*,*,#11834,.F.);
#18969 = CYLINDRICAL_SURFACE('',#18970,2.);
#18970 = AXIS2_PLACEMENT_3D('',#18971,#18972,#18973);
#18971 = CARTESIAN_POINT('',(110.095,-53.54,-4.6E-02));
#18972 = DIRECTION('',(-0.,-0.,-1.));
#18973 = DIRECTION('',(-0.,-1.,0.));
#18974 = ADVANCED_FACE('',(#18975),#18986,.F.);
#18975 = FACE_BOUND('',#18976,.F.);
#18976 = EDGE_LOOP('',(#18977,#18983,#18984,#18985));
#18977 = ORIENTED_EDGE('',*,*,#18978,.T.);
#18978 = EDGE_CURVE('',#11846,#14491,#18979,.T.);
#18979 = LINE('',#18980,#18981);
#18980 = CARTESIAN_POINT('',(115.175,-54.39,-4.6E-02));
#18981 = VECTOR('',#18982,1.);
#18982 = DIRECTION('',(0.,0.,1.));
#18983 = ORIENTED_EDGE('',*,*,#14490,.T.);
#18984 = ORIENTED_EDGE('',*,*,#18978,.F.);
#18985 = ORIENTED_EDGE('',*,*,#11845,.F.);
#18986 = CYLINDRICAL_SURFACE('',#18987,0.85);
#18987 = AXIS2_PLACEMENT_3D('',#18988,#18989,#18990);
#18988 = CARTESIAN_POINT('',(115.175,-53.54,-4.6E-02));
#18989 = DIRECTION('',(-0.,-0.,-1.));
#18990 = DIRECTION('',(-1.671865260612E-14,-1.,0.));
#18991 = ADVANCED_FACE('',(#18992),#19003,.F.);
#18992 = FACE_BOUND('',#18993,.F.);
#18993 = EDGE_LOOP('',(#18994,#19000,#19001,#19002));
#18994 = ORIENTED_EDGE('',*,*,#18995,.T.);
#18995 = EDGE_CURVE('',#11857,#14502,#18996,.T.);
#18996 = LINE('',#18997,#18998);
#18997 = CARTESIAN_POINT('',(112.635,-49.21,-4.6E-02));
#18998 = VECTOR('',#18999,1.);
#18999 = DIRECTION('',(0.,0.,1.));
#19000 = ORIENTED_EDGE('',*,*,#14501,.T.);
#19001 = ORIENTED_EDGE('',*,*,#18995,.F.);
#19002 = ORIENTED_EDGE('',*,*,#11856,.F.);
#19003 = CYLINDRICAL_SURFACE('',#19004,0.75);
#19004 = AXIS2_PLACEMENT_3D('',#19005,#19006,#19007);
#19005 = CARTESIAN_POINT('',(112.635,-48.46,-4.6E-02));
#19006 = DIRECTION('',(-0.,-0.,-1.));
#19007 = DIRECTION('',(-0.,-1.,0.));
#19008 = ADVANCED_FACE('',(#19009),#19020,.F.);
#19009 = FACE_BOUND('',#19010,.F.);
#19010 = EDGE_LOOP('',(#19011,#19017,#19018,#19019));
#19011 = ORIENTED_EDGE('',*,*,#19012,.T.);
#19012 = EDGE_CURVE('',#11868,#14513,#19013,.T.);
#19013 = LINE('',#19014,#19015);
#19014 = CARTESIAN_POINT('',(119.5,-54.59,-4.6E-02));
#19015 = VECTOR('',#19016,1.);
#19016 = DIRECTION('',(0.,0.,1.));
#19017 = ORIENTED_EDGE('',*,*,#14512,.T.);
#19018 = ORIENTED_EDGE('',*,*,#19012,.F.);
#19019 = ORIENTED_EDGE('',*,*,#11867,.F.);
#19020 = CYLINDRICAL_SURFACE('',#19021,0.4);
#19021 = AXIS2_PLACEMENT_3D('',#19022,#19023,#19024);
#19022 = CARTESIAN_POINT('',(119.5,-54.19,-4.6E-02));
#19023 = DIRECTION('',(-0.,-0.,-1.));
#19024 = DIRECTION('',(-0.,-1.,0.));
#19025 = ADVANCED_FACE('',(#19026),#19042,.F.);
#19026 = FACE_BOUND('',#19027,.F.);
#19027 = EDGE_LOOP('',(#19028,#19029,#19035,#19036));
#19028 = ORIENTED_EDGE('',*,*,#11878,.T.);
#19029 = ORIENTED_EDGE('',*,*,#19030,.T.);
#19030 = EDGE_CURVE('',#11881,#14526,#19031,.T.);
#19031 = LINE('',#19032,#19033);
#19032 = CARTESIAN_POINT('',(130.151655,-56.456066,0.));
#19033 = VECTOR('',#19034,1.);
#19034 = DIRECTION('',(0.,0.,1.));
#19035 = ORIENTED_EDGE('',*,*,#14523,.F.);
#19036 = ORIENTED_EDGE('',*,*,#19037,.F.);
#19037 = EDGE_CURVE('',#11879,#14524,#19038,.T.);
#19038 = LINE('',#19039,#19040);
#19039 = CARTESIAN_POINT('',(130.838934,-57.143345,0.));
#19040 = VECTOR('',#19041,1.);
#19041 = DIRECTION('',(0.,0.,1.));
#19042 = CYLINDRICAL_SURFACE('',#19043,0.499999603944);
#19043 = AXIS2_PLACEMENT_3D('',#19044,#19045,#19046);
#19044 = CARTESIAN_POINT('',(130.41215788946,-56.88284211054,0.));
#19045 = DIRECTION('',(-0.,-0.,-1.));
#19046 = DIRECTION('',(0.853552897188,-0.521006191616,0.));
#19047 = ADVANCED_FACE('',(#19048),#19059,.T.);
#19048 = FACE_BOUND('',#19049,.T.);
#19049 = EDGE_LOOP('',(#19050,#19056,#19057,#19058));
#19050 = ORIENTED_EDGE('',*,*,#19051,.T.);
#19051 = EDGE_CURVE('',#11890,#14535,#19052,.T.);
#19052 = LINE('',#19053,#19054);
#19053 = CARTESIAN_POINT('',(130.795,-57.299647,0.));
#19054 = VECTOR('',#19055,1.);
#19055 = DIRECTION('',(0.,0.,1.));
#19056 = ORIENTED_EDGE('',*,*,#14534,.T.);
#19057 = ORIENTED_EDGE('',*,*,#19037,.F.);
#19058 = ORIENTED_EDGE('',*,*,#11889,.F.);
#19059 = CYLINDRICAL_SURFACE('',#19060,0.299998582342);
#19060 = AXIS2_PLACEMENT_3D('',#19061,#19062,#19063);
#19061 = CARTESIAN_POINT('',(131.09499858234,-57.29964624464,0.));
#19062 = DIRECTION('',(0.,0.,-1.));
#19063 = DIRECTION('',(-0.999999999997,-2.517860843856E-06,-0.));
#19064 = ADVANCED_FACE('',(#19065),#19076,.T.);
#19065 = FACE_BOUND('',#19066,.T.);
#19066 = EDGE_LOOP('',(#19067,#19068,#19069,#19075));
#19067 = ORIENTED_EDGE('',*,*,#19030,.T.);
#19068 = ORIENTED_EDGE('',*,*,#14688,.T.);
#19069 = ORIENTED_EDGE('',*,*,#19070,.F.);
#19070 = EDGE_CURVE('',#12036,#14681,#19071,.T.);
#19071 = LINE('',#19072,#19073);
#19072 = CARTESIAN_POINT('',(129.995353,-56.5,0.));
#19073 = VECTOR('',#19074,1.);
#19074 = DIRECTION('',(0.,0.,1.));
#19075 = ORIENTED_EDGE('',*,*,#12043,.F.);
#19076 = CYLINDRICAL_SURFACE('',#19077,0.299998582341);
#19077 = AXIS2_PLACEMENT_3D('',#19078,#19079,#19080);
#19078 = CARTESIAN_POINT('',(129.99535375535,-56.20000141766,0.));
#19079 = DIRECTION('',(0.,0.,-1.));
#19080 = DIRECTION('',(0.521006610849,-0.853552641289,0.));
#19081 = ADVANCED_FACE('',(#19082),#19093,.T.);
#19082 = FACE_BOUND('',#19083,.T.);
#19083 = EDGE_LOOP('',(#19084,#19090,#19091,#19092));
#19084 = ORIENTED_EDGE('',*,*,#19085,.T.);
#19085 = EDGE_CURVE('',#11899,#14544,#19086,.T.);
#19086 = LINE('',#19087,#19088);
#19087 = CARTESIAN_POINT('',(130.795,-58.,0.));
#19088 = VECTOR('',#19089,1.);
#19089 = DIRECTION('',(0.,0.,1.));
#19090 = ORIENTED_EDGE('',*,*,#14543,.T.);
#19091 = ORIENTED_EDGE('',*,*,#19051,.F.);
#19092 = ORIENTED_EDGE('',*,*,#11898,.F.);
#19093 = PLANE('',#19094);
#19094 = AXIS2_PLACEMENT_3D('',#19095,#19096,#19097);
#19095 = CARTESIAN_POINT('',(130.795,-58.,0.));
#19096 = DIRECTION('',(-1.,0.,0.));
#19097 = DIRECTION('',(0.,1.,0.));
#19098 = ADVANCED_FACE('',(#19099),#19110,.T.);
#19099 = FACE_BOUND('',#19100,.T.);
#19100 = EDGE_LOOP('',(#19101,#19102,#19103,#19109));
#19101 = ORIENTED_EDGE('',*,*,#19070,.T.);
#19102 = ORIENTED_EDGE('',*,*,#14680,.T.);
#19103 = ORIENTED_EDGE('',*,*,#19104,.F.);
#19104 = EDGE_CURVE('',#12028,#14673,#19105,.T.);
#19105 = LINE('',#19106,#19107);
#19106 = CARTESIAN_POINT('',(129.095,-56.5,0.));
#19107 = VECTOR('',#19108,1.);
#19108 = DIRECTION('',(0.,0.,1.));
#19109 = ORIENTED_EDGE('',*,*,#12035,.F.);
#19110 = PLANE('',#19111);
#19111 = AXIS2_PLACEMENT_3D('',#19112,#19113,#19114);
#19112 = CARTESIAN_POINT('',(129.995353,-56.5,0.));
#19113 = DIRECTION('',(0.,-1.,0.));
#19114 = DIRECTION('',(-1.,0.,0.));
#19115 = ADVANCED_FACE('',(#19116),#19127,.T.);
#19116 = FACE_BOUND('',#19117,.T.);
#19117 = EDGE_LOOP('',(#19118,#19124,#19125,#19126));
#19118 = ORIENTED_EDGE('',*,*,#19119,.T.);
#19119 = EDGE_CURVE('',#11907,#14552,#19120,.T.);
#19120 = LINE('',#19121,#19122);
#19121 = CARTESIAN_POINT('',(130.795,-58.700353,0.));
#19122 = VECTOR('',#19123,1.);
#19123 = DIRECTION('',(0.,0.,1.));
#19124 = ORIENTED_EDGE('',*,*,#14551,.T.);
#19125 = ORIENTED_EDGE('',*,*,#19085,.F.);
#19126 = ORIENTED_EDGE('',*,*,#11906,.F.);
#19127 = PLANE('',#19128);
#19128 = AXIS2_PLACEMENT_3D('',#19129,#19130,#19131);
#19129 = CARTESIAN_POINT('',(130.795,-58.700353,0.));
#19130 = DIRECTION('',(-1.,0.,0.));
#19131 = DIRECTION('',(0.,1.,0.));
#19132 = ADVANCED_FACE('',(#19133),#19144,.T.);
#19133 = FACE_BOUND('',#19134,.T.);
#19134 = EDGE_LOOP('',(#19135,#19136,#19137,#19143));
#19135 = ORIENTED_EDGE('',*,*,#19104,.T.);
#19136 = ORIENTED_EDGE('',*,*,#14672,.T.);
#19137 = ORIENTED_EDGE('',*,*,#19138,.F.);
#19138 = EDGE_CURVE('',#12019,#14664,#19139,.T.);
#19139 = LINE('',#19140,#19141);
#19140 = CARTESIAN_POINT('',(128.194647,-56.5,0.));
#19141 = VECTOR('',#19142,1.);
#19142 = DIRECTION('',(0.,0.,1.));
#19143 = ORIENTED_EDGE('',*,*,#12027,.F.);
#19144 = PLANE('',#19145);
#19145 = AXIS2_PLACEMENT_3D('',#19146,#19147,#19148);
#19146 = CARTESIAN_POINT('',(129.095,-56.5,0.));
#19147 = DIRECTION('',(0.,-1.,0.));
#19148 = DIRECTION('',(-1.,0.,0.));
#19149 = ADVANCED_FACE('',(#19150),#19161,.T.);
#19150 = FACE_BOUND('',#19151,.T.);
#19151 = EDGE_LOOP('',(#19152,#19158,#19159,#19160));
#19152 = ORIENTED_EDGE('',*,*,#19153,.T.);
#19153 = EDGE_CURVE('',#11915,#14560,#19154,.T.);
#19154 = LINE('',#19155,#19156);
#19155 = CARTESIAN_POINT('',(130.838934,-58.856655,0.));
#19156 = VECTOR('',#19157,1.);
#19157 = DIRECTION('',(0.,0.,1.));
#19158 = ORIENTED_EDGE('',*,*,#14559,.T.);
#19159 = ORIENTED_EDGE('',*,*,#19119,.F.);
#19160 = ORIENTED_EDGE('',*,*,#11914,.F.);
#19161 = CYLINDRICAL_SURFACE('',#19162,0.299998582342);
#19162 = AXIS2_PLACEMENT_3D('',#19163,#19164,#19165);
#19163 = CARTESIAN_POINT('',(131.09499858234,-58.70035375535,0.));
#19164 = DIRECTION('',(0.,0.,-1.));
#19165 = DIRECTION('',(-0.853552641289,-0.521006610849,-0.));
#19166 = ADVANCED_FACE('',(#19167),#19178,.T.);
#19167 = FACE_BOUND('',#19168,.T.);
#19168 = EDGE_LOOP('',(#19169,#19170,#19171,#19177));
#19169 = ORIENTED_EDGE('',*,*,#19138,.T.);
#19170 = ORIENTED_EDGE('',*,*,#14663,.T.);
#19171 = ORIENTED_EDGE('',*,*,#19172,.F.);
#19172 = EDGE_CURVE('',#12010,#14655,#19173,.T.);
#19173 = LINE('',#19174,#19175);
#19174 = CARTESIAN_POINT('',(128.038345,-56.456066,0.));
#19175 = VECTOR('',#19176,1.);
#19176 = DIRECTION('',(0.,0.,1.));
#19177 = ORIENTED_EDGE('',*,*,#12018,.F.);
#19178 = CYLINDRICAL_SURFACE('',#19179,0.299998582341);
#19179 = AXIS2_PLACEMENT_3D('',#19180,#19181,#19182);
#19180 = CARTESIAN_POINT('',(128.19464624464,-56.20000141766,0.));
#19181 = DIRECTION('',(0.,0.,-1.));
#19182 = DIRECTION('',(2.517861104393E-06,-0.999999999997,0.));
#19183 = ADVANCED_FACE('',(#19184),#19195,.F.);
#19184 = FACE_BOUND('',#19185,.F.);
#19185 = EDGE_LOOP('',(#19186,#19187,#19188,#19189));
#19186 = ORIENTED_EDGE('',*,*,#11923,.T.);
#19187 = ORIENTED_EDGE('',*,*,#19153,.T.);
#19188 = ORIENTED_EDGE('',*,*,#14568,.F.);
#19189 = ORIENTED_EDGE('',*,*,#19190,.F.);
#19190 = EDGE_CURVE('',#11924,#14569,#19191,.T.);
#19191 = LINE('',#19192,#19193);
#19192 = CARTESIAN_POINT('',(130.151655,-59.543934,0.));
#19193 = VECTOR('',#19194,1.);
#19194 = DIRECTION('',(0.,0.,1.));
#19195 = CYLINDRICAL_SURFACE('',#19196,0.499999603944);
#19196 = AXIS2_PLACEMENT_3D('',#19197,#19198,#19199);
#19197 = CARTESIAN_POINT('',(130.41215788946,-59.11715788946,0.));
#19198 = DIRECTION('',(-0.,-0.,-1.));
#19199 = DIRECTION('',(-0.521006191616,-0.853552897188,0.));
#19200 = ADVANCED_FACE('',(#19201),#19212,.F.);
#19201 = FACE_BOUND('',#19202,.F.);
#19202 = EDGE_LOOP('',(#19203,#19204,#19210,#19211));
#19203 = ORIENTED_EDGE('',*,*,#12009,.T.);
#19204 = ORIENTED_EDGE('',*,*,#19205,.T.);
#19205 = EDGE_CURVE('',#12001,#14646,#19206,.T.);
#19206 = LINE('',#19207,#19208);
#19207 = CARTESIAN_POINT('',(127.351066,-57.143345,0.));
#19208 = VECTOR('',#19209,1.);
#19209 = DIRECTION('',(0.,0.,1.));
#19210 = ORIENTED_EDGE('',*,*,#14654,.F.);
#19211 = ORIENTED_EDGE('',*,*,#19172,.F.);
#19212 = CYLINDRICAL_SURFACE('',#19213,0.499999603944);
#19213 = AXIS2_PLACEMENT_3D('',#19214,#19215,#19216);
#19214 = CARTESIAN_POINT('',(127.77784211054,-56.88284211054,0.));
#19215 = DIRECTION('',(-0.,-0.,-1.));
#19216 = DIRECTION('',(0.521006191616,0.853552897188,-0.));
#19217 = ADVANCED_FACE('',(#19218),#19229,.T.);
#19218 = FACE_BOUND('',#19219,.T.);
#19219 = EDGE_LOOP('',(#19220,#19226,#19227,#19228));
#19220 = ORIENTED_EDGE('',*,*,#19221,.T.);
#19221 = EDGE_CURVE('',#11933,#14578,#19222,.T.);
#19222 = LINE('',#19223,#19224);
#19223 = CARTESIAN_POINT('',(129.995353,-59.5,0.));
#19224 = VECTOR('',#19225,1.);
#19225 = DIRECTION('',(0.,0.,1.));
#19226 = ORIENTED_EDGE('',*,*,#14577,.T.);
#19227 = ORIENTED_EDGE('',*,*,#19190,.F.);
#19228 = ORIENTED_EDGE('',*,*,#11932,.F.);
#19229 = CYLINDRICAL_SURFACE('',#19230,0.299998582341);
#19230 = AXIS2_PLACEMENT_3D('',#19231,#19232,#19233);
#19231 = CARTESIAN_POINT('',(129.99535375535,-59.79999858234,0.));
#19232 = DIRECTION('',(0.,0.,-1.));
#19233 = DIRECTION('',(-2.517861104393E-06,0.999999999997,0.));
#19234 = ADVANCED_FACE('',(#19235),#19246,.T.);
#19235 = FACE_BOUND('',#19236,.T.);
#19236 = EDGE_LOOP('',(#19237,#19238,#19239,#19245));
#19237 = ORIENTED_EDGE('',*,*,#19205,.T.);
#19238 = ORIENTED_EDGE('',*,*,#14645,.T.);
#19239 = ORIENTED_EDGE('',*,*,#19240,.F.);
#19240 = EDGE_CURVE('',#11993,#14638,#19241,.T.);
#19241 = LINE('',#19242,#19243);
#19242 = CARTESIAN_POINT('',(127.395,-57.299647,0.));
#19243 = VECTOR('',#19244,1.);
#19244 = DIRECTION('',(0.,0.,1.));
#19245 = ORIENTED_EDGE('',*,*,#12000,.F.);
#19246 = CYLINDRICAL_SURFACE('',#19247,0.299998582341);
#19247 = AXIS2_PLACEMENT_3D('',#19248,#19249,#19250);
#19248 = CARTESIAN_POINT('',(127.09500141766,-57.29964624464,0.));
#19249 = DIRECTION('',(0.,0.,-1.));
#19250 = DIRECTION('',(0.853552641289,0.52100661085,0.));
#19251 = ADVANCED_FACE('',(#19252),#19263,.T.);
#19252 = FACE_BOUND('',#19253,.T.);
#19253 = EDGE_LOOP('',(#19254,#19260,#19261,#19262));
#19254 = ORIENTED_EDGE('',*,*,#19255,.T.);
#19255 = EDGE_CURVE('',#11942,#14587,#19256,.T.);
#19256 = LINE('',#19257,#19258);
#19257 = CARTESIAN_POINT('',(129.095,-59.5,0.));
#19258 = VECTOR('',#19259,1.);
#19259 = DIRECTION('',(0.,0.,1.));
#19260 = ORIENTED_EDGE('',*,*,#14586,.T.);
#19261 = ORIENTED_EDGE('',*,*,#19221,.F.);
#19262 = ORIENTED_EDGE('',*,*,#11941,.F.);
#19263 = PLANE('',#19264);
#19264 = AXIS2_PLACEMENT_3D('',#19265,#19266,#19267);
#19265 = CARTESIAN_POINT('',(129.095,-59.5,0.));
#19266 = DIRECTION('',(0.,1.,0.));
#19267 = DIRECTION('',(1.,0.,0.));
#19268 = ADVANCED_FACE('',(#19269),#19280,.T.);
#19269 = FACE_BOUND('',#19270,.T.);
#19270 = EDGE_LOOP('',(#19271,#19272,#19273,#19279));
#19271 = ORIENTED_EDGE('',*,*,#19240,.T.);
#19272 = ORIENTED_EDGE('',*,*,#14637,.T.);
#19273 = ORIENTED_EDGE('',*,*,#19274,.F.);
#19274 = EDGE_CURVE('',#11985,#14630,#19275,.T.);
#19275 = LINE('',#19276,#19277);
#19276 = CARTESIAN_POINT('',(127.395,-58.,0.));
#19277 = VECTOR('',#19278,1.);
#19278 = DIRECTION('',(0.,0.,1.));
#19279 = ORIENTED_EDGE('',*,*,#11992,.F.);
#19280 = PLANE('',#19281);
#19281 = AXIS2_PLACEMENT_3D('',#19282,#19283,#19284);
#19282 = CARTESIAN_POINT('',(127.395,-57.299647,0.));
#19283 = DIRECTION('',(1.,0.,-0.));
#19284 = DIRECTION('',(0.,-1.,0.));
#19285 = ADVANCED_FACE('',(#19286),#19297,.T.);
#19286 = FACE_BOUND('',#19287,.T.);
#19287 = EDGE_LOOP('',(#19288,#19294,#19295,#19296));
#19288 = ORIENTED_EDGE('',*,*,#19289,.T.);
#19289 = EDGE_CURVE('',#11950,#14595,#19290,.T.);
#19290 = LINE('',#19291,#19292);
#19291 = CARTESIAN_POINT('',(128.194647,-59.5,0.));
#19292 = VECTOR('',#19293,1.);
#19293 = DIRECTION('',(0.,0.,1.));
#19294 = ORIENTED_EDGE('',*,*,#14594,.T.);
#19295 = ORIENTED_EDGE('',*,*,#19255,.F.);
#19296 = ORIENTED_EDGE('',*,*,#11949,.F.);
#19297 = PLANE('',#19298);
#19298 = AXIS2_PLACEMENT_3D('',#19299,#19300,#19301);
#19299 = CARTESIAN_POINT('',(128.194647,-59.5,0.));
#19300 = DIRECTION('',(0.,1.,0.));
#19301 = DIRECTION('',(1.,0.,0.));
#19302 = ADVANCED_FACE('',(#19303),#19314,.T.);
#19303 = FACE_BOUND('',#19304,.T.);
#19304 = EDGE_LOOP('',(#19305,#19306,#19307,#19313));
#19305 = ORIENTED_EDGE('',*,*,#19274,.T.);
#19306 = ORIENTED_EDGE('',*,*,#14629,.T.);
#19307 = ORIENTED_EDGE('',*,*,#19308,.F.);
#19308 = EDGE_CURVE('',#11976,#14621,#19309,.T.);
#19309 = LINE('',#19310,#19311);
#19310 = CARTESIAN_POINT('',(127.395,-58.700353,0.));
#19311 = VECTOR('',#19312,1.);
#19312 = DIRECTION('',(0.,0.,1.));
#19313 = ORIENTED_EDGE('',*,*,#11984,.F.);
#19314 = PLANE('',#19315);
#19315 = AXIS2_PLACEMENT_3D('',#19316,#19317,#19318);
#19316 = CARTESIAN_POINT('',(127.395,-58.,0.));
#19317 = DIRECTION('',(1.,0.,-0.));
#19318 = DIRECTION('',(0.,-1.,0.));
#19319 = ADVANCED_FACE('',(#19320),#19331,.T.);
#19320 = FACE_BOUND('',#19321,.T.);
#19321 = EDGE_LOOP('',(#19322,#19328,#19329,#19330));
#19322 = ORIENTED_EDGE('',*,*,#19323,.T.);
#19323 = EDGE_CURVE('',#11958,#14603,#19324,.T.);
#19324 = LINE('',#19325,#19326);
#19325 = CARTESIAN_POINT('',(128.038345,-59.543934,0.));
#19326 = VECTOR('',#19327,1.);
#19327 = DIRECTION('',(0.,0.,1.));
#19328 = ORIENTED_EDGE('',*,*,#14602,.T.);
#19329 = ORIENTED_EDGE('',*,*,#19289,.F.);
#19330 = ORIENTED_EDGE('',*,*,#11957,.F.);
#19331 = CYLINDRICAL_SURFACE('',#19332,0.299998582341);
#19332 = AXIS2_PLACEMENT_3D('',#19333,#19334,#19335);
#19333 = CARTESIAN_POINT('',(128.19464624464,-59.79999858234,0.));
#19334 = DIRECTION('',(0.,0.,-1.));
#19335 = DIRECTION('',(-0.521006610849,0.853552641289,0.));
#19336 = ADVANCED_FACE('',(#19337),#19348,.T.);
#19337 = FACE_BOUND('',#19338,.T.);
#19338 = EDGE_LOOP('',(#19339,#19340,#19341,#19347));
#19339 = ORIENTED_EDGE('',*,*,#19308,.T.);
#19340 = ORIENTED_EDGE('',*,*,#14620,.T.);
#19341 = ORIENTED_EDGE('',*,*,#19342,.F.);
#19342 = EDGE_CURVE('',#11967,#14612,#19343,.T.);
#19343 = LINE('',#19344,#19345);
#19344 = CARTESIAN_POINT('',(127.351066,-58.856655,0.));
#19345 = VECTOR('',#19346,1.);
#19346 = DIRECTION('',(0.,0.,1.));
#19347 = ORIENTED_EDGE('',*,*,#11975,.F.);
#19348 = CYLINDRICAL_SURFACE('',#19349,0.299998582341);
#19349 = AXIS2_PLACEMENT_3D('',#19350,#19351,#19352);
#19350 = CARTESIAN_POINT('',(127.09500141766,-58.70035375535,0.));
#19351 = DIRECTION('',(0.,0.,-1.));
#19352 = DIRECTION('',(0.999999999997,2.517861435983E-06,0.));
#19353 = ADVANCED_FACE('',(#19354),#19360,.F.);
#19354 = FACE_BOUND('',#19355,.F.);
#19355 = EDGE_LOOP('',(#19356,#19357,#19358,#19359));
#19356 = ORIENTED_EDGE('',*,*,#11966,.T.);
#19357 = ORIENTED_EDGE('',*,*,#19323,.T.);
#19358 = ORIENTED_EDGE('',*,*,#14611,.F.);
#19359 = ORIENTED_EDGE('',*,*,#19342,.F.);
#19360 = CYLINDRICAL_SURFACE('',#19361,0.499999603944);
#19361 = AXIS2_PLACEMENT_3D('',#19362,#19363,#19364);
#19362 = CARTESIAN_POINT('',(127.77784211054,-59.11715788946,0.));
#19363 = DIRECTION('',(-0.,-0.,-1.));
#19364 = DIRECTION('',(-0.853552897188,0.521006191616,0.));
#19365 = ADVANCED_FACE('',(#19366),#19377,.F.);
#19366 = FACE_BOUND('',#19367,.F.);
#19367 = EDGE_LOOP('',(#19368,#19374,#19375,#19376));
#19368 = ORIENTED_EDGE('',*,*,#19369,.T.);
#19369 = EDGE_CURVE('',#12053,#14698,#19370,.T.);
#19370 = LINE('',#19371,#19372);
#19371 = CARTESIAN_POINT('',(124.015,-54.39,-4.6E-02));
#19372 = VECTOR('',#19373,1.);
#19373 = DIRECTION('',(0.,0.,1.));
#19374 = ORIENTED_EDGE('',*,*,#14697,.T.);
#19375 = ORIENTED_EDGE('',*,*,#19369,.F.);
#19376 = ORIENTED_EDGE('',*,*,#12052,.F.);
#19377 = CYLINDRICAL_SURFACE('',#19378,0.85);
#19378 = AXIS2_PLACEMENT_3D('',#19379,#19380,#19381);
#19379 = CARTESIAN_POINT('',(124.015,-53.54,-4.6E-02));
#19380 = DIRECTION('',(-0.,-0.,-1.));
#19381 = DIRECTION('',(-0.,-1.,0.));
#19382 = ADVANCED_FACE('',(#19383),#19394,.F.);
#19383 = FACE_BOUND('',#19384,.F.);
#19384 = EDGE_LOOP('',(#19385,#19391,#19392,#19393));
#19385 = ORIENTED_EDGE('',*,*,#19386,.T.);
#19386 = EDGE_CURVE('',#12064,#14709,#19387,.T.);
#19387 = LINE('',#19388,#19389);
#19388 = CARTESIAN_POINT('',(125.285,-51.75,-4.6E-02));
#19389 = VECTOR('',#19390,1.);
#19390 = DIRECTION('',(0.,0.,1.));
#19391 = ORIENTED_EDGE('',*,*,#14708,.T.);
#19392 = ORIENTED_EDGE('',*,*,#19386,.F.);
#19393 = ORIENTED_EDGE('',*,*,#12063,.F.);
#19394 = CYLINDRICAL_SURFACE('',#19395,0.75);
#19395 = AXIS2_PLACEMENT_3D('',#19396,#19397,#19398);
#19396 = CARTESIAN_POINT('',(125.285,-51.,-4.6E-02));
#19397 = DIRECTION('',(-0.,-0.,-1.));
#19398 = DIRECTION('',(-0.,-1.,0.));
#19399 = ADVANCED_FACE('',(#19400),#19411,.F.);
#19400 = FACE_BOUND('',#19401,.F.);
#19401 = EDGE_LOOP('',(#19402,#19408,#19409,#19410));
#19402 = ORIENTED_EDGE('',*,*,#19403,.T.);
#19403 = EDGE_CURVE('',#12075,#14720,#19404,.T.);
#19404 = LINE('',#19405,#19406);
#19405 = CARTESIAN_POINT('',(129.095,-55.54,-4.6E-02));
#19406 = VECTOR('',#19407,1.);
#19407 = DIRECTION('',(0.,0.,1.));
#19408 = ORIENTED_EDGE('',*,*,#14719,.T.);
#19409 = ORIENTED_EDGE('',*,*,#19403,.F.);
#19410 = ORIENTED_EDGE('',*,*,#12074,.F.);
#19411 = CYLINDRICAL_SURFACE('',#19412,2.);
#19412 = AXIS2_PLACEMENT_3D('',#19413,#19414,#19415);
#19413 = CARTESIAN_POINT('',(129.095,-53.54,-4.6E-02));
#19414 = DIRECTION('',(-0.,-0.,-1.));
#19415 = DIRECTION('',(-0.,-1.,0.));
#19416 = ADVANCED_FACE('',(#19417),#19428,.F.);
#19417 = FACE_BOUND('',#19418,.F.);
#19418 = EDGE_LOOP('',(#19419,#19425,#19426,#19427));
#19419 = ORIENTED_EDGE('',*,*,#19420,.T.);
#19420 = EDGE_CURVE('',#12086,#14731,#19421,.T.);
#19421 = LINE('',#19422,#19423);
#19422 = CARTESIAN_POINT('',(131.635,-49.21,-4.6E-02));
#19423 = VECTOR('',#19424,1.);
#19424 = DIRECTION('',(0.,0.,1.));
#19425 = ORIENTED_EDGE('',*,*,#14730,.T.);
#19426 = ORIENTED_EDGE('',*,*,#19420,.F.);
#19427 = ORIENTED_EDGE('',*,*,#12085,.F.);
#19428 = CYLINDRICAL_SURFACE('',#19429,0.75);
#19429 = AXIS2_PLACEMENT_3D('',#19430,#19431,#19432);
#19430 = CARTESIAN_POINT('',(131.635,-48.46,-4.6E-02));
#19431 = DIRECTION('',(-0.,-0.,-1.));
#19432 = DIRECTION('',(-0.,-1.,0.));
#19433 = ADVANCED_FACE('',(#19434),#19445,.F.);
#19434 = FACE_BOUND('',#19435,.F.);
#19435 = EDGE_LOOP('',(#19436,#19442,#19443,#19444));
#19436 = ORIENTED_EDGE('',*,*,#19437,.T.);
#19437 = EDGE_CURVE('',#12097,#14742,#19438,.T.);
#19438 = LINE('',#19439,#19440);
#19439 = CARTESIAN_POINT('',(138.,-62.21,-4.6E-02));
#19440 = VECTOR('',#19441,1.);
#19441 = DIRECTION('',(0.,0.,1.));
#19442 = ORIENTED_EDGE('',*,*,#14741,.T.);
#19443 = ORIENTED_EDGE('',*,*,#19437,.F.);
#19444 = ORIENTED_EDGE('',*,*,#12096,.F.);
#19445 = CYLINDRICAL_SURFACE('',#19446,0.4);
#19446 = AXIS2_PLACEMENT_3D('',#19447,#19448,#19449);
#19447 = CARTESIAN_POINT('',(138.,-61.81,-4.6E-02));
#19448 = DIRECTION('',(-0.,-0.,-1.));
#19449 = DIRECTION('',(-0.,-1.,0.));
#19450 = ADVANCED_FACE('',(#19451),#19462,.F.);
#19451 = FACE_BOUND('',#19452,.F.);
#19452 = EDGE_LOOP('',(#19453,#19459,#19460,#19461));
#19453 = ORIENTED_EDGE('',*,*,#19454,.T.);
#19454 = EDGE_CURVE('',#12108,#14753,#19455,.T.);
#19455 = LINE('',#19456,#19457);
#19456 = CARTESIAN_POINT('',(134.175,-54.39,-4.6E-02));
#19457 = VECTOR('',#19458,1.);
#19458 = DIRECTION('',(0.,0.,1.));
#19459 = ORIENTED_EDGE('',*,*,#14752,.T.);
#19460 = ORIENTED_EDGE('',*,*,#19454,.F.);
#19461 = ORIENTED_EDGE('',*,*,#12107,.F.);
#19462 = CYLINDRICAL_SURFACE('',#19463,0.85);
#19463 = AXIS2_PLACEMENT_3D('',#19464,#19465,#19466);
#19464 = CARTESIAN_POINT('',(134.175,-53.54,-4.6E-02));
#19465 = DIRECTION('',(-0.,-0.,-1.));
#19466 = DIRECTION('',(-0.,-1.,0.));
#19467 = ADVANCED_FACE('',(#19468),#19479,.F.);
#19468 = FACE_BOUND('',#19469,.F.);
#19469 = EDGE_LOOP('',(#19470,#19476,#19477,#19478));
#19470 = ORIENTED_EDGE('',*,*,#19471,.T.);
#19471 = EDGE_CURVE('',#12119,#14764,#19472,.T.);
#19472 = LINE('',#19473,#19474);
#19473 = CARTESIAN_POINT('',(138.,-54.59,-4.6E-02));
#19474 = VECTOR('',#19475,1.);
#19475 = DIRECTION('',(0.,0.,1.));
#19476 = ORIENTED_EDGE('',*,*,#14763,.T.);
#19477 = ORIENTED_EDGE('',*,*,#19471,.F.);
#19478 = ORIENTED_EDGE('',*,*,#12118,.F.);
#19479 = CYLINDRICAL_SURFACE('',#19480,0.4);
#19480 = AXIS2_PLACEMENT_3D('',#19481,#19482,#19483);
#19481 = CARTESIAN_POINT('',(138.,-54.19,-4.6E-02));
#19482 = DIRECTION('',(-0.,-0.,-1.));
#19483 = DIRECTION('',(-0.,-1.,0.));
#19484 = ADVANCED_FACE('',(#19485),#19496,.F.);
#19485 = FACE_BOUND('',#19486,.F.);
#19486 = EDGE_LOOP('',(#19487,#19493,#19494,#19495));
#19487 = ORIENTED_EDGE('',*,*,#19488,.T.);
#19488 = EDGE_CURVE('',#12130,#14775,#19489,.T.);
#19489 = LINE('',#19490,#19491);
#19490 = CARTESIAN_POINT('',(112.5,-36.81,-4.6E-02));
#19491 = VECTOR('',#19492,1.);
#19492 = DIRECTION('',(0.,0.,1.));
#19493 = ORIENTED_EDGE('',*,*,#14774,.T.);
#19494 = ORIENTED_EDGE('',*,*,#19488,.F.);
#19495 = ORIENTED_EDGE('',*,*,#12129,.F.);
#19496 = CYLINDRICAL_SURFACE('',#19497,0.5);
#19497 = AXIS2_PLACEMENT_3D('',#19498,#19499,#19500);
#19498 = CARTESIAN_POINT('',(112.5,-36.31,-4.6E-02));
#19499 = DIRECTION('',(-0.,-0.,-1.));
#19500 = DIRECTION('',(-0.,-1.,0.));
#19501 = ADVANCED_FACE('',(#19502),#19513,.F.);
#19502 = FACE_BOUND('',#19503,.F.);
#19503 = EDGE_LOOP('',(#19504,#19510,#19511,#19512));
#19504 = ORIENTED_EDGE('',*,*,#19505,.T.);
#19505 = EDGE_CURVE('',#12141,#14786,#19506,.T.);
#19506 = LINE('',#19507,#19508);
#19507 = CARTESIAN_POINT('',(112.5,-34.27,-4.6E-02));
#19508 = VECTOR('',#19509,1.);
#19509 = DIRECTION('',(0.,0.,1.));
#19510 = ORIENTED_EDGE('',*,*,#14785,.T.);
#19511 = ORIENTED_EDGE('',*,*,#19505,.F.);
#19512 = ORIENTED_EDGE('',*,*,#12140,.F.);
#19513 = CYLINDRICAL_SURFACE('',#19514,0.5);
#19514 = AXIS2_PLACEMENT_3D('',#19515,#19516,#19517);
#19515 = CARTESIAN_POINT('',(112.5,-33.77,-4.6E-02));
#19516 = DIRECTION('',(-0.,-0.,-1.));
#19517 = DIRECTION('',(-0.,-1.,0.));
#19518 = ADVANCED_FACE('',(#19519),#19530,.F.);
#19519 = FACE_BOUND('',#19520,.F.);
#19520 = EDGE_LOOP('',(#19521,#19527,#19528,#19529));
#19521 = ORIENTED_EDGE('',*,*,#19522,.T.);
#19522 = EDGE_CURVE('',#12152,#14797,#19523,.T.);
#19523 = LINE('',#19524,#19525);
#19524 = CARTESIAN_POINT('',(112.5,-31.73,-4.6E-02));
#19525 = VECTOR('',#19526,1.);
#19526 = DIRECTION('',(0.,0.,1.));
#19527 = ORIENTED_EDGE('',*,*,#14796,.T.);
#19528 = ORIENTED_EDGE('',*,*,#19522,.F.);
#19529 = ORIENTED_EDGE('',*,*,#12151,.F.);
#19530 = CYLINDRICAL_SURFACE('',#19531,0.5);
#19531 = AXIS2_PLACEMENT_3D('',#19532,#19533,#19534);
#19532 = CARTESIAN_POINT('',(112.5,-31.23,-4.6E-02));
#19533 = DIRECTION('',(-0.,-0.,-1.));
#19534 = DIRECTION('',(-0.,-1.,0.));
#19535 = ADVANCED_FACE('',(#19536),#19547,.F.);
#19536 = FACE_BOUND('',#19537,.F.);
#19537 = EDGE_LOOP('',(#19538,#19544,#19545,#19546));
#19538 = ORIENTED_EDGE('',*,*,#19539,.T.);
#19539 = EDGE_CURVE('',#12163,#14808,#19540,.T.);
#19540 = LINE('',#19541,#19542);
#19541 = CARTESIAN_POINT('',(112.5,-29.19,-4.6E-02));
#19542 = VECTOR('',#19543,1.);
#19543 = DIRECTION('',(0.,0.,1.));
#19544 = ORIENTED_EDGE('',*,*,#14807,.T.);
#19545 = ORIENTED_EDGE('',*,*,#19539,.F.);
#19546 = ORIENTED_EDGE('',*,*,#12162,.F.);
#19547 = CYLINDRICAL_SURFACE('',#19548,0.5);
#19548 = AXIS2_PLACEMENT_3D('',#19549,#19550,#19551);
#19549 = CARTESIAN_POINT('',(112.5,-28.69,-4.6E-02));
#19550 = DIRECTION('',(-0.,-0.,-1.));
#19551 = DIRECTION('',(-0.,-1.,0.));
#19552 = ADVANCED_FACE('',(#19553),#19564,.F.);
#19553 = FACE_BOUND('',#19554,.F.);
#19554 = EDGE_LOOP('',(#19555,#19561,#19562,#19563));
#19555 = ORIENTED_EDGE('',*,*,#19556,.T.);
#19556 = EDGE_CURVE('',#12174,#14819,#19557,.T.);
#19557 = LINE('',#19558,#19559);
#19558 = CARTESIAN_POINT('',(155.,-28.75,-4.6E-02));
#19559 = VECTOR('',#19560,1.);
#19560 = DIRECTION('',(0.,0.,1.));
#19561 = ORIENTED_EDGE('',*,*,#14818,.T.);
#19562 = ORIENTED_EDGE('',*,*,#19556,.F.);
#19563 = ORIENTED_EDGE('',*,*,#12173,.F.);
#19564 = CYLINDRICAL_SURFACE('',#19565,1.25);
#19565 = AXIS2_PLACEMENT_3D('',#19566,#19567,#19568);
#19566 = CARTESIAN_POINT('',(155.,-27.5,-4.6E-02));
#19567 = DIRECTION('',(-0.,-0.,-1.));
#19568 = DIRECTION('',(-0.,-1.,0.));
#19569 = ( GEOMETRIC_REPRESENTATION_CONTEXT(3) 
GLOBAL_UNCERTAINTY_ASSIGNED_CONTEXT((#19573)) 
GLOBAL_UNIT_ASSIGNED_CONTEXT((#19570,#19571,#19572)) 
REPRESENTATION_CONTEXT('Context #1',
  '3D Context with UNIT and UNCERTAINTY') );
#19570 = ( LENGTH_UNIT() NAMED_UNIT(*) SI_UNIT(.MILLI.,.METRE.) );
#19571 = ( NAMED_UNIT(*) PLANE_ANGLE_UNIT() SI_UNIT($,.RADIAN.) );
#19572 = ( NAMED_UNIT(*) SI_UNIT($,.STERADIAN.) SOLID_ANGLE_UNIT() );
#19573 = UNCERTAINTY_MEASURE_WITH_UNIT(LENGTH_MEASURE(1.E-07),#19570,
  'distance_accuracy_value','confusion accuracy');
#19574 = CONTEXT_DEPENDENT_SHAPE_REPRESENTATION(#19575,#19577);
#19575 = ( REPRESENTATION_RELATIONSHIP('','',#9436,#6087) 
REPRESENTATION_RELATIONSHIP_WITH_TRANSFORMATION(#19576) 
SHAPE_REPRESENTATION_RELATIONSHIP() );
#19576 = ITEM_DEFINED_TRANSFORMATION('','',#11,#6160);
#19577 = PRODUCT_DEFINITION_SHAPE('Placement','Placement of an item',
  #19578);
#19578 = NEXT_ASSEMBLY_USAGE_OCCURRENCE('103','PCB_PCB','',#6082,#9431,$
  );
#19579 = PRODUCT_RELATED_PRODUCT_CATEGORY('part',$,(#9433));
#19580 = SHAPE_DEFINITION_REPRESENTATION(#6077,#19581);
#19581 = SHAPE_REPRESENTATION('',(#23),#6069);
#19582 = SHAPE_DEFINITION_REPRESENTATION(#8318,#19583);
#19583 = SHAPE_REPRESENTATION('',(#8284),#7095);
#19584 = SHAPE_DEFINITION_REPRESENTATION(#8323,#19585);
#19585 = SHAPE_REPRESENTATION('',(#8288),#7264);
#19586 = SHAPE_DEFINITION_REPRESENTATION(#8328,#19587);
#19587 = SHAPE_REPRESENTATION('',(#8292),#7466);
#19588 = SHAPE_DEFINITION_REPRESENTATION(#8333,#19589);
#19589 = SHAPE_REPRESENTATION('',(#8296),#7635);
#19590 = SHAPE_DEFINITION_REPRESENTATION(#8338,#19591);
#19591 = SHAPE_REPRESENTATION('',(#8300),#7804);
#19592 = SHAPE_DEFINITION_REPRESENTATION(#8318,#19593);
#19593 = SHAPE_REPRESENTATION('',(#8284),#7095);
#19594 = SHAPE_DEFINITION_REPRESENTATION(#8323,#19595);
#19595 = SHAPE_REPRESENTATION('',(#8288),#7264);
#19596 = SHAPE_DEFINITION_REPRESENTATION(#8328,#19597);
#19597 = SHAPE_REPRESENTATION('',(#8292),#7466);
#19598 = SHAPE_DEFINITION_REPRESENTATION(#8333,#19599);
#19599 = SHAPE_REPRESENTATION('',(#8296),#7635);
#19600 = SHAPE_DEFINITION_REPRESENTATION(#8338,#19601);
#19601 = SHAPE_REPRESENTATION('',(#8300),#7804);
#19602 = SHAPE_DEFINITION_REPRESENTATION(#8405,#19603);
#19603 = SHAPE_REPRESENTATION('',(#8371),#7095);
#19604 = SHAPE_DEFINITION_REPRESENTATION(#8410,#19605);
#19605 = SHAPE_REPRESENTATION('',(#8375),#7264);
#19606 = SHAPE_DEFINITION_REPRESENTATION(#8415,#19607);
#19607 = SHAPE_REPRESENTATION('',(#8379),#7466);
#19608 = SHAPE_DEFINITION_REPRESENTATION(#8420,#19609);
#19609 = SHAPE_REPRESENTATION('',(#8383),#7635);
#19610 = SHAPE_DEFINITION_REPRESENTATION(#8425,#19611);
#19611 = SHAPE_REPRESENTATION('',(#8387),#7804);
#19612 = SHAPE_DEFINITION_REPRESENTATION(#8405,#19613);
#19613 = SHAPE_REPRESENTATION('',(#8371),#7095);
#19614 = SHAPE_DEFINITION_REPRESENTATION(#8410,#19615);
#19615 = SHAPE_REPRESENTATION('',(#8375),#7264);
#19616 = SHAPE_DEFINITION_REPRESENTATION(#8415,#19617);
#19617 = SHAPE_REPRESENTATION('',(#8379),#7466);
#19618 = SHAPE_DEFINITION_REPRESENTATION(#8420,#19619);
#19619 = SHAPE_REPRESENTATION('',(#8383),#7635);
#19620 = SHAPE_DEFINITION_REPRESENTATION(#8425,#19621);
#19621 = SHAPE_REPRESENTATION('',(#8387),#7804);
#19622 = SHAPE_DEFINITION_REPRESENTATION(#8492,#19623);
#19623 = SHAPE_REPRESENTATION('',(#8458),#7095);
#19624 = SHAPE_DEFINITION_REPRESENTATION(#8497,#19625);
#19625 = SHAPE_REPRESENTATION('',(#8462),#7264);
#19626 = SHAPE_DEFINITION_REPRESENTATION(#8502,#19627);
#19627 = SHAPE_REPRESENTATION('',(#8466),#7466);
#19628 = SHAPE_DEFINITION_REPRESENTATION(#8507,#19629);
#19629 = SHAPE_REPRESENTATION('',(#8470),#7635);
#19630 = SHAPE_DEFINITION_REPRESENTATION(#8512,#19631);
#19631 = SHAPE_REPRESENTATION('',(#8474),#7804);
#19632 = SHAPE_DEFINITION_REPRESENTATION(#8492,#19633);
#19633 = SHAPE_REPRESENTATION('',(#8458),#7095);
#19634 = SHAPE_DEFINITION_REPRESENTATION(#8497,#19635);
#19635 = SHAPE_REPRESENTATION('',(#8462),#7264);
#19636 = SHAPE_DEFINITION_REPRESENTATION(#8502,#19637);
#19637 = SHAPE_REPRESENTATION('',(#8466),#7466);
#19638 = SHAPE_DEFINITION_REPRESENTATION(#8507,#19639);
#19639 = SHAPE_REPRESENTATION('',(#8470),#7635);
#19640 = SHAPE_DEFINITION_REPRESENTATION(#8512,#19641);
#19641 = SHAPE_REPRESENTATION('',(#8474),#7804);
#19642 = SHAPE_DEFINITION_REPRESENTATION(#8567,#19643);
#19643 = SHAPE_REPRESENTATION('',(#8545),#8028);
#19644 = SHAPE_DEFINITION_REPRESENTATION(#8572,#19645);
#19645 = SHAPE_REPRESENTATION('',(#8549),#8242);
#19646 = SHAPE_DEFINITION_REPRESENTATION(#8567,#19647);
#19647 = SHAPE_REPRESENTATION('',(#8545),#8028);
#19648 = SHAPE_DEFINITION_REPRESENTATION(#8572,#19649);
#19649 = SHAPE_REPRESENTATION('',(#8549),#8242);
#19650 = SHAPE_DEFINITION_REPRESENTATION(#8627,#19651);
#19651 = SHAPE_REPRESENTATION('',(#8605),#8028);
#19652 = SHAPE_DEFINITION_REPRESENTATION(#8632,#19653);
#19653 = SHAPE_REPRESENTATION('',(#8609),#8242);
#19654 = SHAPE_DEFINITION_REPRESENTATION(#8627,#19655);
#19655 = SHAPE_REPRESENTATION('',(#8605),#8028);
#19656 = SHAPE_DEFINITION_REPRESENTATION(#8632,#19657);
#19657 = SHAPE_REPRESENTATION('',(#8609),#8242);
#19658 = SHAPE_DEFINITION_REPRESENTATION(#8699,#19659);
#19659 = SHAPE_REPRESENTATION('',(#8665),#7095);
#19660 = SHAPE_DEFINITION_REPRESENTATION(#8704,#19661);
#19661 = SHAPE_REPRESENTATION('',(#8669),#7264);
#19662 = SHAPE_DEFINITION_REPRESENTATION(#8709,#19663);
#19663 = SHAPE_REPRESENTATION('',(#8673),#7466);
#19664 = SHAPE_DEFINITION_REPRESENTATION(#8714,#19665);
#19665 = SHAPE_REPRESENTATION('',(#8677),#7635);
#19666 = SHAPE_DEFINITION_REPRESENTATION(#8719,#19667);
#19667 = SHAPE_REPRESENTATION('',(#8681),#7804);
#19668 = SHAPE_DEFINITION_REPRESENTATION(#8699,#19669);
#19669 = SHAPE_REPRESENTATION('',(#8665),#7095);
#19670 = SHAPE_DEFINITION_REPRESENTATION(#8704,#19671);
#19671 = SHAPE_REPRESENTATION('',(#8669),#7264);
#19672 = SHAPE_DEFINITION_REPRESENTATION(#8709,#19673);
#19673 = SHAPE_REPRESENTATION('',(#8673),#7466);
#19674 = SHAPE_DEFINITION_REPRESENTATION(#8714,#19675);
#19675 = SHAPE_REPRESENTATION('',(#8677),#7635);
#19676 = SHAPE_DEFINITION_REPRESENTATION(#8719,#19677);
#19677 = SHAPE_REPRESENTATION('',(#8681),#7804);
#19678 = SHAPE_DEFINITION_REPRESENTATION(#8786,#19679);
#19679 = SHAPE_REPRESENTATION('',(#8752),#7095);
#19680 = SHAPE_DEFINITION_REPRESENTATION(#8791,#19681);
#19681 = SHAPE_REPRESENTATION('',(#8756),#7264);
#19682 = SHAPE_DEFINITION_REPRESENTATION(#8796,#19683);
#19683 = SHAPE_REPRESENTATION('',(#8760),#7466);
#19684 = SHAPE_DEFINITION_REPRESENTATION(#8801,#19685);
#19685 = SHAPE_REPRESENTATION('',(#8764),#7635);
#19686 = SHAPE_DEFINITION_REPRESENTATION(#8806,#19687);
#19687 = SHAPE_REPRESENTATION('',(#8768),#7804);
#19688 = SHAPE_DEFINITION_REPRESENTATION(#8786,#19689);
#19689 = SHAPE_REPRESENTATION('',(#8752),#7095);
#19690 = SHAPE_DEFINITION_REPRESENTATION(#8791,#19691);
#19691 = SHAPE_REPRESENTATION('',(#8756),#7264);
#19692 = SHAPE_DEFINITION_REPRESENTATION(#8796,#19693);
#19693 = SHAPE_REPRESENTATION('',(#8760),#7466);
#19694 = SHAPE_DEFINITION_REPRESENTATION(#8801,#19695);
#19695 = SHAPE_REPRESENTATION('',(#8764),#7635);
#19696 = SHAPE_DEFINITION_REPRESENTATION(#8806,#19697);
#19697 = SHAPE_REPRESENTATION('',(#8768),#7804);
#19698 = SHAPE_DEFINITION_REPRESENTATION(#8861,#19699);
#19699 = SHAPE_REPRESENTATION('',(#8839),#8028);
#19700 = SHAPE_DEFINITION_REPRESENTATION(#8866,#19701);
#19701 = SHAPE_REPRESENTATION('',(#8843),#8242);
#19702 = SHAPE_DEFINITION_REPRESENTATION(#8861,#19703);
#19703 = SHAPE_REPRESENTATION('',(#8839),#8028);
#19704 = SHAPE_DEFINITION_REPRESENTATION(#8866,#19705);
#19705 = SHAPE_REPRESENTATION('',(#8843),#8242);
#19706 = SHAPE_DEFINITION_REPRESENTATION(#8933,#19707);
#19707 = SHAPE_REPRESENTATION('',(#8899),#7095);
#19708 = SHAPE_DEFINITION_REPRESENTATION(#8938,#19709);
#19709 = SHAPE_REPRESENTATION('',(#8903),#7264);
#19710 = SHAPE_DEFINITION_REPRESENTATION(#8943,#19711);
#19711 = SHAPE_REPRESENTATION('',(#8907),#7466);
#19712 = SHAPE_DEFINITION_REPRESENTATION(#8948,#19713);
#19713 = SHAPE_REPRESENTATION('',(#8911),#7635);
#19714 = SHAPE_DEFINITION_REPRESENTATION(#8953,#19715);
#19715 = SHAPE_REPRESENTATION('',(#8915),#7804);
#19716 = SHAPE_DEFINITION_REPRESENTATION(#8933,#19717);
#19717 = SHAPE_REPRESENTATION('',(#8899),#7095);
#19718 = SHAPE_DEFINITION_REPRESENTATION(#8938,#19719);
#19719 = SHAPE_REPRESENTATION('',(#8903),#7264);
#19720 = SHAPE_DEFINITION_REPRESENTATION(#8943,#19721);
#19721 = SHAPE_REPRESENTATION('',(#8907),#7466);
#19722 = SHAPE_DEFINITION_REPRESENTATION(#8948,#19723);
#19723 = SHAPE_REPRESENTATION('',(#8911),#7635);
#19724 = SHAPE_DEFINITION_REPRESENTATION(#8953,#19725);
#19725 = SHAPE_REPRESENTATION('',(#8915),#7804);
#19726 = SHAPE_DEFINITION_REPRESENTATION(#9020,#19727);
#19727 = SHAPE_REPRESENTATION('',(#8986),#7095);
#19728 = SHAPE_DEFINITION_REPRESENTATION(#9025,#19729);
#19729 = SHAPE_REPRESENTATION('',(#8990),#7264);
#19730 = SHAPE_DEFINITION_REPRESENTATION(#9030,#19731);
#19731 = SHAPE_REPRESENTATION('',(#8994),#7466);
#19732 = SHAPE_DEFINITION_REPRESENTATION(#9035,#19733);
#19733 = SHAPE_REPRESENTATION('',(#8998),#7635);
#19734 = SHAPE_DEFINITION_REPRESENTATION(#9040,#19735);
#19735 = SHAPE_REPRESENTATION('',(#9002),#7804);
#19736 = SHAPE_DEFINITION_REPRESENTATION(#9020,#19737);
#19737 = SHAPE_REPRESENTATION('',(#8986),#7095);
#19738 = SHAPE_DEFINITION_REPRESENTATION(#9025,#19739);
#19739 = SHAPE_REPRESENTATION('',(#8990),#7264);
#19740 = SHAPE_DEFINITION_REPRESENTATION(#9030,#19741);
#19741 = SHAPE_REPRESENTATION('',(#8994),#7466);
#19742 = SHAPE_DEFINITION_REPRESENTATION(#9035,#19743);
#19743 = SHAPE_REPRESENTATION('',(#8998),#7635);
#19744 = SHAPE_DEFINITION_REPRESENTATION(#9040,#19745);
#19745 = SHAPE_REPRESENTATION('',(#9002),#7804);
#19746 = SHAPE_DEFINITION_REPRESENTATION(#9095,#19747);
#19747 = SHAPE_REPRESENTATION('',(#9073),#8028);
#19748 = SHAPE_DEFINITION_REPRESENTATION(#9100,#19749);
#19749 = SHAPE_REPRESENTATION('',(#9077),#8242);
#19750 = SHAPE_DEFINITION_REPRESENTATION(#9095,#19751);
#19751 = SHAPE_REPRESENTATION('',(#9073),#8028);
#19752 = SHAPE_DEFINITION_REPRESENTATION(#9100,#19753);
#19753 = SHAPE_REPRESENTATION('',(#9077),#8242);
#19754 = SHAPE_DEFINITION_REPRESENTATION(#9155,#19755);
#19755 = SHAPE_REPRESENTATION('',(#9133),#8028);
#19756 = SHAPE_DEFINITION_REPRESENTATION(#9160,#19757);
#19757 = SHAPE_REPRESENTATION('',(#9137),#8242);
#19758 = SHAPE_DEFINITION_REPRESENTATION(#9155,#19759);
#19759 = SHAPE_REPRESENTATION('',(#9133),#8028);
#19760 = SHAPE_DEFINITION_REPRESENTATION(#9160,#19761);
#19761 = SHAPE_REPRESENTATION('',(#9137),#8242);
#19762 = SHAPE_DEFINITION_REPRESENTATION(#9215,#19763);
#19763 = SHAPE_REPRESENTATION('',(#9193),#8028);
#19764 = SHAPE_DEFINITION_REPRESENTATION(#9220,#19765);
#19765 = SHAPE_REPRESENTATION('',(#9197),#8242);
#19766 = SHAPE_DEFINITION_REPRESENTATION(#9215,#19767);
#19767 = SHAPE_REPRESENTATION('',(#9193),#8028);
#19768 = SHAPE_DEFINITION_REPRESENTATION(#9220,#19769);
#19769 = SHAPE_REPRESENTATION('',(#9197),#8242);
#19770 = SHAPE_DEFINITION_REPRESENTATION(#9275,#19771);
#19771 = SHAPE_REPRESENTATION('',(#9253),#8028);
#19772 = SHAPE_DEFINITION_REPRESENTATION(#9280,#19773);
#19773 = SHAPE_REPRESENTATION('',(#9257),#8242);
#19774 = SHAPE_DEFINITION_REPRESENTATION(#9275,#19775);
#19775 = SHAPE_REPRESENTATION('',(#9253),#8028);
#19776 = SHAPE_DEFINITION_REPRESENTATION(#9280,#19777);
#19777 = SHAPE_REPRESENTATION('',(#9257),#8242);
#19778 = SHAPE_DEFINITION_REPRESENTATION(#9347,#19779);
#19779 = SHAPE_REPRESENTATION('',(#9313),#7095);
#19780 = SHAPE_DEFINITION_REPRESENTATION(#9352,#19781);
#19781 = SHAPE_REPRESENTATION('',(#9317),#7264);
#19782 = SHAPE_DEFINITION_REPRESENTATION(#9357,#19783);
#19783 = SHAPE_REPRESENTATION('',(#9321),#7466);
#19784 = SHAPE_DEFINITION_REPRESENTATION(#9362,#19785);
#19785 = SHAPE_REPRESENTATION('',(#9325),#7635);
#19786 = SHAPE_DEFINITION_REPRESENTATION(#9367,#19787);
#19787 = SHAPE_REPRESENTATION('',(#9329),#7804);
#19788 = SHAPE_DEFINITION_REPRESENTATION(#9347,#19789);
#19789 = SHAPE_REPRESENTATION('',(#9313),#7095);
#19790 = SHAPE_DEFINITION_REPRESENTATION(#9352,#19791);
#19791 = SHAPE_REPRESENTATION('',(#9317),#7264);
#19792 = SHAPE_DEFINITION_REPRESENTATION(#9357,#19793);
#19793 = SHAPE_REPRESENTATION('',(#9321),#7466);
#19794 = SHAPE_DEFINITION_REPRESENTATION(#9362,#19795);
#19795 = SHAPE_REPRESENTATION('',(#9325),#7635);
#19796 = SHAPE_DEFINITION_REPRESENTATION(#9367,#19797);
#19797 = SHAPE_REPRESENTATION('',(#9329),#7804);
#19798 = SHAPE_DEFINITION_REPRESENTATION(#9422,#19799);
#19799 = SHAPE_REPRESENTATION('',(#9400),#8028);
#19800 = SHAPE_DEFINITION_REPRESENTATION(#9427,#19801);
#19801 = SHAPE_REPRESENTATION('',(#9404),#8242);
#19802 = SHAPE_DEFINITION_REPRESENTATION(#9422,#19803);
#19803 = SHAPE_REPRESENTATION('',(#9400),#8028);
#19804 = SHAPE_DEFINITION_REPRESENTATION(#9427,#19805);
#19805 = SHAPE_REPRESENTATION('',(#9404),#8242);
#19806 = SHAPE_DEFINITION_REPRESENTATION(#6077,#19807);
#19807 = SHAPE_REPRESENTATION('',(#23),#6069);
#19808 = MECHANICAL_DESIGN_GEOMETRIC_PRESENTATION_REPRESENTATION('',(
    #19809,#19820,#19829,#19840,#19849,#19860,#19869,#19880,#19889,
    #19900,#19909,#19920,#19929,#19940,#19949,#19960,#19969),#8028);
#19809 = STYLED_ITEM('color',(#19810),#7873);
#19810 = PRESENTATION_STYLE_ASSIGNMENT((#19811,#19817));
#19811 = SURFACE_STYLE_USAGE(.BOTH.,#19812);
#19812 = SURFACE_SIDE_STYLE('',(#19813));
#19813 = SURFACE_STYLE_FILL_AREA(#19814);
#19814 = FILL_AREA_STYLE('',(#19815));
#19815 = FILL_AREA_STYLE_COLOUR('',#19816);
#19816 = COLOUR_RGB('',0.823999987314,0.819999987296,0.781000009244);
#19817 = CURVE_STYLE('',#19818,POSITIVE_LENGTH_MEASURE(0.1),#19819);
#19818 = DRAUGHTING_PRE_DEFINED_CURVE_FONT('continuous');
#19819 = COLOUR_RGB('',9.803921802644E-02,9.803921802644E-02,
  9.803921802644E-02);
#19820 = OVER_RIDING_STYLED_ITEM('overriding color',(#19821),#7873,
  #19809);
#19821 = PRESENTATION_STYLE_BY_CONTEXT((#19822,#19827),#19643);
#19822 = SURFACE_STYLE_USAGE(.BOTH.,#19823);
#19823 = SURFACE_SIDE_STYLE('',(#19824));
#19824 = SURFACE_STYLE_FILL_AREA(#19825);
#19825 = FILL_AREA_STYLE('',(#19826));
#19826 = FILL_AREA_STYLE_COLOUR('',#19816);
#19827 = CURVE_STYLE('',#19828,POSITIVE_LENGTH_MEASURE(0.1),#19819);
#19828 = DRAUGHTING_PRE_DEFINED_CURVE_FONT('continuous');
#19829 = OVER_RIDING_STYLED_ITEM('overriding color',(#19830),#7873,
  #19809);
#19830 = PRESENTATION_STYLE_BY_CONTEXT((#19831,#19837),#19647);
#19831 = SURFACE_STYLE_USAGE(.BOTH.,#19832);
#19832 = SURFACE_SIDE_STYLE('',(#19833));
#19833 = SURFACE_STYLE_FILL_AREA(#19834);
#19834 = FILL_AREA_STYLE('',(#19835));
#19835 = FILL_AREA_STYLE_COLOUR('',#19836);
#19836 = COLOUR_RGB('',0.823999987314,0.819999987296,0.781000009244);
#19837 = CURVE_STYLE('',#19838,POSITIVE_LENGTH_MEASURE(0.1),#19839);
#19838 = DRAUGHTING_PRE_DEFINED_CURVE_FONT('continuous');
#19839 = COLOUR_RGB('',9.803921802644E-02,9.803921802644E-02,
  9.803921802644E-02);
#19840 = OVER_RIDING_STYLED_ITEM('overriding color',(#19841),#7873,
  #19809);
#19841 = PRESENTATION_STYLE_BY_CONTEXT((#19842,#19847),#19651);
#19842 = SURFACE_STYLE_USAGE(.BOTH.,#19843);
#19843 = SURFACE_SIDE_STYLE('',(#19844));
#19844 = SURFACE_STYLE_FILL_AREA(#19845);
#19845 = FILL_AREA_STYLE('',(#19846));
#19846 = FILL_AREA_STYLE_COLOUR('',#19816);
#19847 = CURVE_STYLE('',#19848,POSITIVE_LENGTH_MEASURE(0.1),#19819);
#19848 = DRAUGHTING_PRE_DEFINED_CURVE_FONT('continuous');
#19849 = OVER_RIDING_STYLED_ITEM('overriding color',(#19850),#7873,
  #19809);
#19850 = PRESENTATION_STYLE_BY_CONTEXT((#19851,#19857),#19655);
#19851 = SURFACE_STYLE_USAGE(.BOTH.,#19852);
#19852 = SURFACE_SIDE_STYLE('',(#19853));
#19853 = SURFACE_STYLE_FILL_AREA(#19854);
#19854 = FILL_AREA_STYLE('',(#19855));
#19855 = FILL_AREA_STYLE_COLOUR('',#19856);
#19856 = COLOUR_RGB('',0.823999987314,0.819999987296,0.781000009244);
#19857 = CURVE_STYLE('',#19858,POSITIVE_LENGTH_MEASURE(0.1),#19859);
#19858 = DRAUGHTING_PRE_DEFINED_CURVE_FONT('continuous');
#19859 = COLOUR_RGB('',9.803921802644E-02,9.803921802644E-02,
  9.803921802644E-02);
#19860 = OVER_RIDING_STYLED_ITEM('overriding color',(#19861),#7873,
  #19809);
#19861 = PRESENTATION_STYLE_BY_CONTEXT((#19862,#19867),#19699);
#19862 = SURFACE_STYLE_USAGE(.BOTH.,#19863);
#19863 = SURFACE_SIDE_STYLE('',(#19864));
#19864 = SURFACE_STYLE_FILL_AREA(#19865);
#19865 = FILL_AREA_STYLE('',(#19866));
#19866 = FILL_AREA_STYLE_COLOUR('',#19816);
#19867 = CURVE_STYLE('',#19868,POSITIVE_LENGTH_MEASURE(0.1),#19819);
#19868 = DRAUGHTING_PRE_DEFINED_CURVE_FONT('continuous');
#19869 = OVER_RIDING_STYLED_ITEM('overriding color',(#19870),#7873,
  #19809);
#19870 = PRESENTATION_STYLE_BY_CONTEXT((#19871,#19877),#19703);
#19871 = SURFACE_STYLE_USAGE(.BOTH.,#19872);
#19872 = SURFACE_SIDE_STYLE('',(#19873));
#19873 = SURFACE_STYLE_FILL_AREA(#19874);
#19874 = FILL_AREA_STYLE('',(#19875));
#19875 = FILL_AREA_STYLE_COLOUR('',#19876);
#19876 = COLOUR_RGB('',0.823999987314,0.819999987296,0.781000009244);
#19877 = CURVE_STYLE('',#19878,POSITIVE_LENGTH_MEASURE(0.1),#19879);
#19878 = DRAUGHTING_PRE_DEFINED_CURVE_FONT('continuous');
#19879 = COLOUR_RGB('',9.803921802644E-02,9.803921802644E-02,
  9.803921802644E-02);
#19880 = OVER_RIDING_STYLED_ITEM('overriding color',(#19881),#7873,
  #19809);
#19881 = PRESENTATION_STYLE_BY_CONTEXT((#19882,#19887),#19747);
#19882 = SURFACE_STYLE_USAGE(.BOTH.,#19883);
#19883 = SURFACE_SIDE_STYLE('',(#19884));
#19884 = SURFACE_STYLE_FILL_AREA(#19885);
#19885 = FILL_AREA_STYLE('',(#19886));
#19886 = FILL_AREA_STYLE_COLOUR('',#19816);
#19887 = CURVE_STYLE('',#19888,POSITIVE_LENGTH_MEASURE(0.1),#19819);
#19888 = DRAUGHTING_PRE_DEFINED_CURVE_FONT('continuous');
#19889 = OVER_RIDING_STYLED_ITEM('overriding color',(#19890),#7873,
  #19809);
#19890 = PRESENTATION_STYLE_BY_CONTEXT((#19891,#19897),#19751);
#19891 = SURFACE_STYLE_USAGE(.BOTH.,#19892);
#19892 = SURFACE_SIDE_STYLE('',(#19893));
#19893 = SURFACE_STYLE_FILL_AREA(#19894);
#19894 = FILL_AREA_STYLE('',(#19895));
#19895 = FILL_AREA_STYLE_COLOUR('',#19896);
#19896 = COLOUR_RGB('',0.823999987314,0.819999987296,0.781000009244);
#19897 = CURVE_STYLE('',#19898,POSITIVE_LENGTH_MEASURE(0.1),#19899);
#19898 = DRAUGHTING_PRE_DEFINED_CURVE_FONT('continuous');
#19899 = COLOUR_RGB('',9.803921802644E-02,9.803921802644E-02,
  9.803921802644E-02);
#19900 = OVER_RIDING_STYLED_ITEM('overriding color',(#19901),#7873,
  #19809);
#19901 = PRESENTATION_STYLE_BY_CONTEXT((#19902,#19907),#19755);
#19902 = SURFACE_STYLE_USAGE(.BOTH.,#19903);
#19903 = SURFACE_SIDE_STYLE('',(#19904));
#19904 = SURFACE_STYLE_FILL_AREA(#19905);
#19905 = FILL_AREA_STYLE('',(#19906));
#19906 = FILL_AREA_STYLE_COLOUR('',#19816);
#19907 = CURVE_STYLE('',#19908,POSITIVE_LENGTH_MEASURE(0.1),#19819);
#19908 = DRAUGHTING_PRE_DEFINED_CURVE_FONT('continuous');
#19909 = OVER_RIDING_STYLED_ITEM('overriding color',(#19910),#7873,
  #19809);
#19910 = PRESENTATION_STYLE_BY_CONTEXT((#19911,#19917),#19759);
#19911 = SURFACE_STYLE_USAGE(.BOTH.,#19912);
#19912 = SURFACE_SIDE_STYLE('',(#19913));
#19913 = SURFACE_STYLE_FILL_AREA(#19914);
#19914 = FILL_AREA_STYLE('',(#19915));
#19915 = FILL_AREA_STYLE_COLOUR('',#19916);
#19916 = COLOUR_RGB('',0.823999987314,0.819999987296,0.781000009244);
#19917 = CURVE_STYLE('',#19918,POSITIVE_LENGTH_MEASURE(0.1),#19919);
#19918 = DRAUGHTING_PRE_DEFINED_CURVE_FONT('continuous');
#19919 = COLOUR_RGB('',9.803921802644E-02,9.803921802644E-02,
  9.803921802644E-02);
#19920 = OVER_RIDING_STYLED_ITEM('overriding color',(#19921),#7873,
  #19809);
#19921 = PRESENTATION_STYLE_BY_CONTEXT((#19922,#19927),#19763);
#19922 = SURFACE_STYLE_USAGE(.BOTH.,#19923);
#19923 = SURFACE_SIDE_STYLE('',(#19924));
#19924 = SURFACE_STYLE_FILL_AREA(#19925);
#19925 = FILL_AREA_STYLE('',(#19926));
#19926 = FILL_AREA_STYLE_COLOUR('',#19816);
#19927 = CURVE_STYLE('',#19928,POSITIVE_LENGTH_MEASURE(0.1),#19819);
#19928 = DRAUGHTING_PRE_DEFINED_CURVE_FONT('continuous');
#19929 = OVER_RIDING_STYLED_ITEM('overriding color',(#19930),#7873,
  #19809);
#19930 = PRESENTATION_STYLE_BY_CONTEXT((#19931,#19937),#19767);
#19931 = SURFACE_STYLE_USAGE(.BOTH.,#19932);
#19932 = SURFACE_SIDE_STYLE('',(#19933));
#19933 = SURFACE_STYLE_FILL_AREA(#19934);
#19934 = FILL_AREA_STYLE('',(#19935));
#19935 = FILL_AREA_STYLE_COLOUR('',#19936);
#19936 = COLOUR_RGB('',0.823999987314,0.819999987296,0.781000009244);
#19937 = CURVE_STYLE('',#19938,POSITIVE_LENGTH_MEASURE(0.1),#19939);
#19938 = DRAUGHTING_PRE_DEFINED_CURVE_FONT('continuous');
#19939 = COLOUR_RGB('',9.803921802644E-02,9.803921802644E-02,
  9.803921802644E-02);
#19940 = OVER_RIDING_STYLED_ITEM('overriding color',(#19941),#7873,
  #19809);
#19941 = PRESENTATION_STYLE_BY_CONTEXT((#19942,#19947),#19771);
#19942 = SURFACE_STYLE_USAGE(.BOTH.,#19943);
#19943 = SURFACE_SIDE_STYLE('',(#19944));
#19944 = SURFACE_STYLE_FILL_AREA(#19945);
#19945 = FILL_AREA_STYLE('',(#19946));
#19946 = FILL_AREA_STYLE_COLOUR('',#19816);
#19947 = CURVE_STYLE('',#19948,POSITIVE_LENGTH_MEASURE(0.1),#19819);
#19948 = DRAUGHTING_PRE_DEFINED_CURVE_FONT('continuous');
#19949 = OVER_RIDING_STYLED_ITEM('overriding color',(#19950),#7873,
  #19809);
#19950 = PRESENTATION_STYLE_BY_CONTEXT((#19951,#19957),#19775);
#19951 = SURFACE_STYLE_USAGE(.BOTH.,#19952);
#19952 = SURFACE_SIDE_STYLE('',(#19953));
#19953 = SURFACE_STYLE_FILL_AREA(#19954);
#19954 = FILL_AREA_STYLE('',(#19955));
#19955 = FILL_AREA_STYLE_COLOUR('',#19956);
#19956 = COLOUR_RGB('',0.823999987314,0.819999987296,0.781000009244);
#19957 = CURVE_STYLE('',#19958,POSITIVE_LENGTH_MEASURE(0.1),#19959);
#19958 = DRAUGHTING_PRE_DEFINED_CURVE_FONT('continuous');
#19959 = COLOUR_RGB('',9.803921802644E-02,9.803921802644E-02,
  9.803921802644E-02);
#19960 = OVER_RIDING_STYLED_ITEM('overriding color',(#19961),#7873,
  #19809);
#19961 = PRESENTATION_STYLE_BY_CONTEXT((#19962,#19967),#19799);
#19962 = SURFACE_STYLE_USAGE(.BOTH.,#19963);
#19963 = SURFACE_SIDE_STYLE('',(#19964));
#19964 = SURFACE_STYLE_FILL_AREA(#19965);
#19965 = FILL_AREA_STYLE('',(#19966));
#19966 = FILL_AREA_STYLE_COLOUR('',#19816);
#19967 = CURVE_STYLE('',#19968,POSITIVE_LENGTH_MEASURE(0.1),#19819);
#19968 = DRAUGHTING_PRE_DEFINED_CURVE_FONT('continuous');
#19969 = OVER_RIDING_STYLED_ITEM('overriding color',(#19970),#7873,
  #19809);
#19970 = PRESENTATION_STYLE_BY_CONTEXT((#19971,#19977),#19803);
#19971 = SURFACE_STYLE_USAGE(.BOTH.,#19972);
#19972 = SURFACE_SIDE_STYLE('',(#19973));
#19973 = SURFACE_STYLE_FILL_AREA(#19974);
#19974 = FILL_AREA_STYLE('',(#19975));
#19975 = FILL_AREA_STYLE_COLOUR('',#19976);
#19976 = COLOUR_RGB('',0.823999987314,0.819999987296,0.781000009244);
#19977 = CURVE_STYLE('',#19978,POSITIVE_LENGTH_MEASURE(0.1),#19979);
#19978 = DRAUGHTING_PRE_DEFINED_CURVE_FONT('continuous');
#19979 = COLOUR_RGB('',9.803921802644E-02,9.803921802644E-02,
  9.803921802644E-02);
#19980 = MECHANICAL_DESIGN_GEOMETRIC_PRESENTATION_REPRESENTATION('',(
    #19981),#5153);
#19981 = STYLED_ITEM('color',(#19982),#1526);
#19982 = PRESENTATION_STYLE_ASSIGNMENT((#19983,#19989));
#19983 = SURFACE_STYLE_USAGE(.BOTH.,#19984);
#19984 = SURFACE_SIDE_STYLE('',(#19985));
#19985 = SURFACE_STYLE_FILL_AREA(#19986);
#19986 = FILL_AREA_STYLE('',(#19987));
#19987 = FILL_AREA_STYLE_COLOUR('',#19988);
#19988 = COLOUR_RGB('',1.,0.525490220889,0.839215683236);
#19989 = CURVE_STYLE('',#19990,POSITIVE_LENGTH_MEASURE(0.1),#19819);
#19990 = DRAUGHTING_PRE_DEFINED_CURVE_FONT('continuous');
#19991 = MECHANICAL_DESIGN_GEOMETRIC_PRESENTATION_REPRESENTATION('',(
    #19992,#20002,#20011,#20022,#20031,#20042,#20051,#20062,#20071,
    #20082,#20091,#20102,#20111,#20122,#20131,#20142,#20151),#7466);
#19992 = STYLED_ITEM('color',(#19993),#7283);
#19993 = PRESENTATION_STYLE_ASSIGNMENT((#19994,#20000));
#19994 = SURFACE_STYLE_USAGE(.BOTH.,#19995);
#19995 = SURFACE_SIDE_STYLE('',(#19996));
#19996 = SURFACE_STYLE_FILL_AREA(#19997);
#19997 = FILL_AREA_STYLE('',(#19998));
#19998 = FILL_AREA_STYLE_COLOUR('',#19999);
#19999 = COLOUR_RGB('',0.47058824112,0.47058824112,0.47058824112);
#20000 = CURVE_STYLE('',#20001,POSITIVE_LENGTH_MEASURE(0.1),#19819);
#20001 = DRAUGHTING_PRE_DEFINED_CURVE_FONT('continuous');
#20002 = OVER_RIDING_STYLED_ITEM('overriding color',(#20003),#7283,
  #19992);
#20003 = PRESENTATION_STYLE_BY_CONTEXT((#20004,#20009),#19587);
#20004 = SURFACE_STYLE_USAGE(.BOTH.,#20005);
#20005 = SURFACE_SIDE_STYLE('',(#20006));
#20006 = SURFACE_STYLE_FILL_AREA(#20007);
#20007 = FILL_AREA_STYLE('',(#20008));
#20008 = FILL_AREA_STYLE_COLOUR('',#19999);
#20009 = CURVE_STYLE('',#20010,POSITIVE_LENGTH_MEASURE(0.1),#19819);
#20010 = DRAUGHTING_PRE_DEFINED_CURVE_FONT('continuous');
#20011 = OVER_RIDING_STYLED_ITEM('overriding color',(#20012),#7283,
  #19992);
#20012 = PRESENTATION_STYLE_BY_CONTEXT((#20013,#20019),#19597);
#20013 = SURFACE_STYLE_USAGE(.BOTH.,#20014);
#20014 = SURFACE_SIDE_STYLE('',(#20015));
#20015 = SURFACE_STYLE_FILL_AREA(#20016);
#20016 = FILL_AREA_STYLE('',(#20017));
#20017 = FILL_AREA_STYLE_COLOUR('',#20018);
#20018 = COLOUR_RGB('',0.47058824112,0.47058824112,0.47058824112);
#20019 = CURVE_STYLE('',#20020,POSITIVE_LENGTH_MEASURE(0.1),#20021);
#20020 = DRAUGHTING_PRE_DEFINED_CURVE_FONT('continuous');
#20021 = COLOUR_RGB('',9.803921802644E-02,9.803921802644E-02,
  9.803921802644E-02);
#20022 = OVER_RIDING_STYLED_ITEM('overriding color',(#20023),#7283,
  #19992);
#20023 = PRESENTATION_STYLE_BY_CONTEXT((#20024,#20029),#19607);
#20024 = SURFACE_STYLE_USAGE(.BOTH.,#20025);
#20025 = SURFACE_SIDE_STYLE('',(#20026));
#20026 = SURFACE_STYLE_FILL_AREA(#20027);
#20027 = FILL_AREA_STYLE('',(#20028));
#20028 = FILL_AREA_STYLE_COLOUR('',#19999);
#20029 = CURVE_STYLE('',#20030,POSITIVE_LENGTH_MEASURE(0.1),#19819);
#20030 = DRAUGHTING_PRE_DEFINED_CURVE_FONT('continuous');
#20031 = OVER_RIDING_STYLED_ITEM('overriding color',(#20032),#7283,
  #19992);
#20032 = PRESENTATION_STYLE_BY_CONTEXT((#20033,#20039),#19617);
#20033 = SURFACE_STYLE_USAGE(.BOTH.,#20034);
#20034 = SURFACE_SIDE_STYLE('',(#20035));
#20035 = SURFACE_STYLE_FILL_AREA(#20036);
#20036 = FILL_AREA_STYLE('',(#20037));
#20037 = FILL_AREA_STYLE_COLOUR('',#20038);
#20038 = COLOUR_RGB('',0.47058824112,0.47058824112,0.47058824112);
#20039 = CURVE_STYLE('',#20040,POSITIVE_LENGTH_MEASURE(0.1),#20041);
#20040 = DRAUGHTING_PRE_DEFINED_CURVE_FONT('continuous');
#20041 = COLOUR_RGB('',9.803921802644E-02,9.803921802644E-02,
  9.803921802644E-02);
#20042 = OVER_RIDING_STYLED_ITEM('overriding color',(#20043),#7283,
  #19992);
#20043 = PRESENTATION_STYLE_BY_CONTEXT((#20044,#20049),#19627);
#20044 = SURFACE_STYLE_USAGE(.BOTH.,#20045);
#20045 = SURFACE_SIDE_STYLE('',(#20046));
#20046 = SURFACE_STYLE_FILL_AREA(#20047);
#20047 = FILL_AREA_STYLE('',(#20048));
#20048 = FILL_AREA_STYLE_COLOUR('',#19999);
#20049 = CURVE_STYLE('',#20050,POSITIVE_LENGTH_MEASURE(0.1),#19819);
#20050 = DRAUGHTING_PRE_DEFINED_CURVE_FONT('continuous');
#20051 = OVER_RIDING_STYLED_ITEM('overriding color',(#20052),#7283,
  #19992);
#20052 = PRESENTATION_STYLE_BY_CONTEXT((#20053,#20059),#19637);
#20053 = SURFACE_STYLE_USAGE(.BOTH.,#20054);
#20054 = SURFACE_SIDE_STYLE('',(#20055));
#20055 = SURFACE_STYLE_FILL_AREA(#20056);
#20056 = FILL_AREA_STYLE('',(#20057));
#20057 = FILL_AREA_STYLE_COLOUR('',#20058);
#20058 = COLOUR_RGB('',0.47058824112,0.47058824112,0.47058824112);
#20059 = CURVE_STYLE('',#20060,POSITIVE_LENGTH_MEASURE(0.1),#20061);
#20060 = DRAUGHTING_PRE_DEFINED_CURVE_FONT('continuous');
#20061 = COLOUR_RGB('',9.803921802644E-02,9.803921802644E-02,
  9.803921802644E-02);
#20062 = OVER_RIDING_STYLED_ITEM('overriding color',(#20063),#7283,
  #19992);
#20063 = PRESENTATION_STYLE_BY_CONTEXT((#20064,#20069),#19663);
#20064 = SURFACE_STYLE_USAGE(.BOTH.,#20065);
#20065 = SURFACE_SIDE_STYLE('',(#20066));
#20066 = SURFACE_STYLE_FILL_AREA(#20067);
#20067 = FILL_AREA_STYLE('',(#20068));
#20068 = FILL_AREA_STYLE_COLOUR('',#19999);
#20069 = CURVE_STYLE('',#20070,POSITIVE_LENGTH_MEASURE(0.1),#19819);
#20070 = DRAUGHTING_PRE_DEFINED_CURVE_FONT('continuous');
#20071 = OVER_RIDING_STYLED_ITEM('overriding color',(#20072),#7283,
  #19992);
#20072 = PRESENTATION_STYLE_BY_CONTEXT((#20073,#20079),#19673);
#20073 = SURFACE_STYLE_USAGE(.BOTH.,#20074);
#20074 = SURFACE_SIDE_STYLE('',(#20075));
#20075 = SURFACE_STYLE_FILL_AREA(#20076);
#20076 = FILL_AREA_STYLE('',(#20077));
#20077 = FILL_AREA_STYLE_COLOUR('',#20078);
#20078 = COLOUR_RGB('',0.47058824112,0.47058824112,0.47058824112);
#20079 = CURVE_STYLE('',#20080,POSITIVE_LENGTH_MEASURE(0.1),#20081);
#20080 = DRAUGHTING_PRE_DEFINED_CURVE_FONT('continuous');
#20081 = COLOUR_RGB('',9.803921802644E-02,9.803921802644E-02,
  9.803921802644E-02);
#20082 = OVER_RIDING_STYLED_ITEM('overriding color',(#20083),#7283,
  #19992);
#20083 = PRESENTATION_STYLE_BY_CONTEXT((#20084,#20089),#19683);
#20084 = SURFACE_STYLE_USAGE(.BOTH.,#20085);
#20085 = SURFACE_SIDE_STYLE('',(#20086));
#20086 = SURFACE_STYLE_FILL_AREA(#20087);
#20087 = FILL_AREA_STYLE('',(#20088));
#20088 = FILL_AREA_STYLE_COLOUR('',#19999);
#20089 = CURVE_STYLE('',#20090,POSITIVE_LENGTH_MEASURE(0.1),#19819);
#20090 = DRAUGHTING_PRE_DEFINED_CURVE_FONT('continuous');
#20091 = OVER_RIDING_STYLED_ITEM('overriding color',(#20092),#7283,
  #19992);
#20092 = PRESENTATION_STYLE_BY_CONTEXT((#20093,#20099),#19693);
#20093 = SURFACE_STYLE_USAGE(.BOTH.,#20094);
#20094 = SURFACE_SIDE_STYLE('',(#20095));
#20095 = SURFACE_STYLE_FILL_AREA(#20096);
#20096 = FILL_AREA_STYLE('',(#20097));
#20097 = FILL_AREA_STYLE_COLOUR('',#20098);
#20098 = COLOUR_RGB('',0.47058824112,0.47058824112,0.47058824112);
#20099 = CURVE_STYLE('',#20100,POSITIVE_LENGTH_MEASURE(0.1),#20101);
#20100 = DRAUGHTING_PRE_DEFINED_CURVE_FONT('continuous');
#20101 = COLOUR_RGB('',9.803921802644E-02,9.803921802644E-02,
  9.803921802644E-02);
#20102 = OVER_RIDING_STYLED_ITEM('overriding color',(#20103),#7283,
  #19992);
#20103 = PRESENTATION_STYLE_BY_CONTEXT((#20104,#20109),#19711);
#20104 = SURFACE_STYLE_USAGE(.BOTH.,#20105);
#20105 = SURFACE_SIDE_STYLE('',(#20106));
#20106 = SURFACE_STYLE_FILL_AREA(#20107);
#20107 = FILL_AREA_STYLE('',(#20108));
#20108 = FILL_AREA_STYLE_COLOUR('',#19999);
#20109 = CURVE_STYLE('',#20110,POSITIVE_LENGTH_MEASURE(0.1),#19819);
#20110 = DRAUGHTING_PRE_DEFINED_CURVE_FONT('continuous');
#20111 = OVER_RIDING_STYLED_ITEM('overriding color',(#20112),#7283,
  #19992);
#20112 = PRESENTATION_STYLE_BY_CONTEXT((#20113,#20119),#19721);
#20113 = SURFACE_STYLE_USAGE(.BOTH.,#20114);
#20114 = SURFACE_SIDE_STYLE('',(#20115));
#20115 = SURFACE_STYLE_FILL_AREA(#20116);
#20116 = FILL_AREA_STYLE('',(#20117));
#20117 = FILL_AREA_STYLE_COLOUR('',#20118);
#20118 = COLOUR_RGB('',0.47058824112,0.47058824112,0.47058824112);
#20119 = CURVE_STYLE('',#20120,POSITIVE_LENGTH_MEASURE(0.1),#20121);
#20120 = DRAUGHTING_PRE_DEFINED_CURVE_FONT('continuous');
#20121 = COLOUR_RGB('',9.803921802644E-02,9.803921802644E-02,
  9.803921802644E-02);
#20122 = OVER_RIDING_STYLED_ITEM('overriding color',(#20123),#7283,
  #19992);
#20123 = PRESENTATION_STYLE_BY_CONTEXT((#20124,#20129),#19731);
#20124 = SURFACE_STYLE_USAGE(.BOTH.,#20125);
#20125 = SURFACE_SIDE_STYLE('',(#20126));
#20126 = SURFACE_STYLE_FILL_AREA(#20127);
#20127 = FILL_AREA_STYLE('',(#20128));
#20128 = FILL_AREA_STYLE_COLOUR('',#19999);
#20129 = CURVE_STYLE('',#20130,POSITIVE_LENGTH_MEASURE(0.1),#19819);
#20130 = DRAUGHTING_PRE_DEFINED_CURVE_FONT('continuous');
#20131 = OVER_RIDING_STYLED_ITEM('overriding color',(#20132),#7283,
  #19992);
#20132 = PRESENTATION_STYLE_BY_CONTEXT((#20133,#20139),#19741);
#20133 = SURFACE_STYLE_USAGE(.BOTH.,#20134);
#20134 = SURFACE_SIDE_STYLE('',(#20135));
#20135 = SURFACE_STYLE_FILL_AREA(#20136);
#20136 = FILL_AREA_STYLE('',(#20137));
#20137 = FILL_AREA_STYLE_COLOUR('',#20138);
#20138 = COLOUR_RGB('',0.47058824112,0.47058824112,0.47058824112);
#20139 = CURVE_STYLE('',#20140,POSITIVE_LENGTH_MEASURE(0.1),#20141);
#20140 = DRAUGHTING_PRE_DEFINED_CURVE_FONT('continuous');
#20141 = COLOUR_RGB('',9.803921802644E-02,9.803921802644E-02,
  9.803921802644E-02);
#20142 = OVER_RIDING_STYLED_ITEM('overriding color',(#20143),#7283,
  #19992);
#20143 = PRESENTATION_STYLE_BY_CONTEXT((#20144,#20149),#19783);
#20144 = SURFACE_STYLE_USAGE(.BOTH.,#20145);
#20145 = SURFACE_SIDE_STYLE('',(#20146));
#20146 = SURFACE_STYLE_FILL_AREA(#20147);
#20147 = FILL_AREA_STYLE('',(#20148));
#20148 = FILL_AREA_STYLE_COLOUR('',#19999);
#20149 = CURVE_STYLE('',#20150,POSITIVE_LENGTH_MEASURE(0.1),#19819);
#20150 = DRAUGHTING_PRE_DEFINED_CURVE_FONT('continuous');
#20151 = OVER_RIDING_STYLED_ITEM('overriding color',(#20152),#7283,
  #19992);
#20152 = PRESENTATION_STYLE_BY_CONTEXT((#20153,#20159),#19793);
#20153 = SURFACE_STYLE_USAGE(.BOTH.,#20154);
#20154 = SURFACE_SIDE_STYLE('',(#20155));
#20155 = SURFACE_STYLE_FILL_AREA(#20156);
#20156 = FILL_AREA_STYLE('',(#20157));
#20157 = FILL_AREA_STYLE_COLOUR('',#20158);
#20158 = COLOUR_RGB('',0.47058824112,0.47058824112,0.47058824112);
#20159 = CURVE_STYLE('',#20160,POSITIVE_LENGTH_MEASURE(0.1),#20161);
#20160 = DRAUGHTING_PRE_DEFINED_CURVE_FONT('continuous');
#20161 = COLOUR_RGB('',9.803921802644E-02,9.803921802644E-02,
  9.803921802644E-02);
#20162 = MECHANICAL_DESIGN_GEOMETRIC_PRESENTATION_REPRESENTATION('',(
    #20163,#20172,#20181,#20190,#20199,#20208,#20217,#20226,#20235,
    #20244,#20253,#20262,#20271,#20280,#20289,#20298,#20307),#7264);
#20163 = STYLED_ITEM('color',(#20164),#7114);
#20164 = PRESENTATION_STYLE_ASSIGNMENT((#20165,#20170));
#20165 = SURFACE_STYLE_USAGE(.BOTH.,#20166);
#20166 = SURFACE_SIDE_STYLE('',(#20167));
#20167 = SURFACE_STYLE_FILL_AREA(#20168);
#20168 = FILL_AREA_STYLE('',(#20169));
#20169 = FILL_AREA_STYLE_COLOUR('',#19999);
#20170 = CURVE_STYLE('',#20171,POSITIVE_LENGTH_MEASURE(0.1),#19819);
#20171 = DRAUGHTING_PRE_DEFINED_CURVE_FONT('continuous');
#20172 = OVER_RIDING_STYLED_ITEM('overriding color',(#20173),#7114,
  #20163);
#20173 = PRESENTATION_STYLE_BY_CONTEXT((#20174,#20179),#19585);
#20174 = SURFACE_STYLE_USAGE(.BOTH.,#20175);
#20175 = SURFACE_SIDE_STYLE('',(#20176));
#20176 = SURFACE_STYLE_FILL_AREA(#20177);
#20177 = FILL_AREA_STYLE('',(#20178));
#20178 = FILL_AREA_STYLE_COLOUR('',#19999);
#20179 = CURVE_STYLE('',#20180,POSITIVE_LENGTH_MEASURE(0.1),#19819);
#20180 = DRAUGHTING_PRE_DEFINED_CURVE_FONT('continuous');
#20181 = OVER_RIDING_STYLED_ITEM('overriding color',(#20182),#7114,
  #20163);
#20182 = PRESENTATION_STYLE_BY_CONTEXT((#20183,#20188),#19595);
#20183 = SURFACE_STYLE_USAGE(.BOTH.,#20184);
#20184 = SURFACE_SIDE_STYLE('',(#20185));
#20185 = SURFACE_STYLE_FILL_AREA(#20186);
#20186 = FILL_AREA_STYLE('',(#20187));
#20187 = FILL_AREA_STYLE_COLOUR('',#20018);
#20188 = CURVE_STYLE('',#20189,POSITIVE_LENGTH_MEASURE(0.1),#20021);
#20189 = DRAUGHTING_PRE_DEFINED_CURVE_FONT('continuous');
#20190 = OVER_RIDING_STYLED_ITEM('overriding color',(#20191),#7114,
  #20163);
#20191 = PRESENTATION_STYLE_BY_CONTEXT((#20192,#20197),#19605);
#20192 = SURFACE_STYLE_USAGE(.BOTH.,#20193);
#20193 = SURFACE_SIDE_STYLE('',(#20194));
#20194 = SURFACE_STYLE_FILL_AREA(#20195);
#20195 = FILL_AREA_STYLE('',(#20196));
#20196 = FILL_AREA_STYLE_COLOUR('',#19999);
#20197 = CURVE_STYLE('',#20198,POSITIVE_LENGTH_MEASURE(0.1),#19819);
#20198 = DRAUGHTING_PRE_DEFINED_CURVE_FONT('continuous');
#20199 = OVER_RIDING_STYLED_ITEM('overriding color',(#20200),#7114,
  #20163);
#20200 = PRESENTATION_STYLE_BY_CONTEXT((#20201,#20206),#19615);
#20201 = SURFACE_STYLE_USAGE(.BOTH.,#20202);
#20202 = SURFACE_SIDE_STYLE('',(#20203));
#20203 = SURFACE_STYLE_FILL_AREA(#20204);
#20204 = FILL_AREA_STYLE('',(#20205));
#20205 = FILL_AREA_STYLE_COLOUR('',#20038);
#20206 = CURVE_STYLE('',#20207,POSITIVE_LENGTH_MEASURE(0.1),#20041);
#20207 = DRAUGHTING_PRE_DEFINED_CURVE_FONT('continuous');
#20208 = OVER_RIDING_STYLED_ITEM('overriding color',(#20209),#7114,
  #20163);
#20209 = PRESENTATION_STYLE_BY_CONTEXT((#20210,#20215),#19625);
#20210 = SURFACE_STYLE_USAGE(.BOTH.,#20211);
#20211 = SURFACE_SIDE_STYLE('',(#20212));
#20212 = SURFACE_STYLE_FILL_AREA(#20213);
#20213 = FILL_AREA_STYLE('',(#20214));
#20214 = FILL_AREA_STYLE_COLOUR('',#19999);
#20215 = CURVE_STYLE('',#20216,POSITIVE_LENGTH_MEASURE(0.1),#19819);
#20216 = DRAUGHTING_PRE_DEFINED_CURVE_FONT('continuous');
#20217 = OVER_RIDING_STYLED_ITEM('overriding color',(#20218),#7114,
  #20163);
#20218 = PRESENTATION_STYLE_BY_CONTEXT((#20219,#20224),#19635);
#20219 = SURFACE_STYLE_USAGE(.BOTH.,#20220);
#20220 = SURFACE_SIDE_STYLE('',(#20221));
#20221 = SURFACE_STYLE_FILL_AREA(#20222);
#20222 = FILL_AREA_STYLE('',(#20223));
#20223 = FILL_AREA_STYLE_COLOUR('',#20058);
#20224 = CURVE_STYLE('',#20225,POSITIVE_LENGTH_MEASURE(0.1),#20061);
#20225 = DRAUGHTING_PRE_DEFINED_CURVE_FONT('continuous');
#20226 = OVER_RIDING_STYLED_ITEM('overriding color',(#20227),#7114,
  #20163);
#20227 = PRESENTATION_STYLE_BY_CONTEXT((#20228,#20233),#19661);
#20228 = SURFACE_STYLE_USAGE(.BOTH.,#20229);
#20229 = SURFACE_SIDE_STYLE('',(#20230));
#20230 = SURFACE_STYLE_FILL_AREA(#20231);
#20231 = FILL_AREA_STYLE('',(#20232));
#20232 = FILL_AREA_STYLE_COLOUR('',#19999);
#20233 = CURVE_STYLE('',#20234,POSITIVE_LENGTH_MEASURE(0.1),#19819);
#20234 = DRAUGHTING_PRE_DEFINED_CURVE_FONT('continuous');
#20235 = OVER_RIDING_STYLED_ITEM('overriding color',(#20236),#7114,
  #20163);
#20236 = PRESENTATION_STYLE_BY_CONTEXT((#20237,#20242),#19671);
#20237 = SURFACE_STYLE_USAGE(.BOTH.,#20238);
#20238 = SURFACE_SIDE_STYLE('',(#20239));
#20239 = SURFACE_STYLE_FILL_AREA(#20240);
#20240 = FILL_AREA_STYLE('',(#20241));
#20241 = FILL_AREA_STYLE_COLOUR('',#20078);
#20242 = CURVE_STYLE('',#20243,POSITIVE_LENGTH_MEASURE(0.1),#20081);
#20243 = DRAUGHTING_PRE_DEFINED_CURVE_FONT('continuous');
#20244 = OVER_RIDING_STYLED_ITEM('overriding color',(#20245),#7114,
  #20163);
#20245 = PRESENTATION_STYLE_BY_CONTEXT((#20246,#20251),#19681);
#20246 = SURFACE_STYLE_USAGE(.BOTH.,#20247);
#20247 = SURFACE_SIDE_STYLE('',(#20248));
#20248 = SURFACE_STYLE_FILL_AREA(#20249);
#20249 = FILL_AREA_STYLE('',(#20250));
#20250 = FILL_AREA_STYLE_COLOUR('',#19999);
#20251 = CURVE_STYLE('',#20252,POSITIVE_LENGTH_MEASURE(0.1),#19819);
#20252 = DRAUGHTING_PRE_DEFINED_CURVE_FONT('continuous');
#20253 = OVER_RIDING_STYLED_ITEM('overriding color',(#20254),#7114,
  #20163);
#20254 = PRESENTATION_STYLE_BY_CONTEXT((#20255,#20260),#19691);
#20255 = SURFACE_STYLE_USAGE(.BOTH.,#20256);
#20256 = SURFACE_SIDE_STYLE('',(#20257));
#20257 = SURFACE_STYLE_FILL_AREA(#20258);
#20258 = FILL_AREA_STYLE('',(#20259));
#20259 = FILL_AREA_STYLE_COLOUR('',#20098);
#20260 = CURVE_STYLE('',#20261,POSITIVE_LENGTH_MEASURE(0.1),#20101);
#20261 = DRAUGHTING_PRE_DEFINED_CURVE_FONT('continuous');
#20262 = OVER_RIDING_STYLED_ITEM('overriding color',(#20263),#7114,
  #20163);
#20263 = PRESENTATION_STYLE_BY_CONTEXT((#20264,#20269),#19709);
#20264 = SURFACE_STYLE_USAGE(.BOTH.,#20265);
#20265 = SURFACE_SIDE_STYLE('',(#20266));
#20266 = SURFACE_STYLE_FILL_AREA(#20267);
#20267 = FILL_AREA_STYLE('',(#20268));
#20268 = FILL_AREA_STYLE_COLOUR('',#19999);
#20269 = CURVE_STYLE('',#20270,POSITIVE_LENGTH_MEASURE(0.1),#19819);
#20270 = DRAUGHTING_PRE_DEFINED_CURVE_FONT('continuous');
#20271 = OVER_RIDING_STYLED_ITEM('overriding color',(#20272),#7114,
  #20163);
#20272 = PRESENTATION_STYLE_BY_CONTEXT((#20273,#20278),#19719);
#20273 = SURFACE_STYLE_USAGE(.BOTH.,#20274);
#20274 = SURFACE_SIDE_STYLE('',(#20275));
#20275 = SURFACE_STYLE_FILL_AREA(#20276);
#20276 = FILL_AREA_STYLE('',(#20277));
#20277 = FILL_AREA_STYLE_COLOUR('',#20118);
#20278 = CURVE_STYLE('',#20279,POSITIVE_LENGTH_MEASURE(0.1),#20121);
#20279 = DRAUGHTING_PRE_DEFINED_CURVE_FONT('continuous');
#20280 = OVER_RIDING_STYLED_ITEM('overriding color',(#20281),#7114,
  #20163);
#20281 = PRESENTATION_STYLE_BY_CONTEXT((#20282,#20287),#19729);
#20282 = SURFACE_STYLE_USAGE(.BOTH.,#20283);
#20283 = SURFACE_SIDE_STYLE('',(#20284));
#20284 = SURFACE_STYLE_FILL_AREA(#20285);
#20285 = FILL_AREA_STYLE('',(#20286));
#20286 = FILL_AREA_STYLE_COLOUR('',#19999);
#20287 = CURVE_STYLE('',#20288,POSITIVE_LENGTH_MEASURE(0.1),#19819);
#20288 = DRAUGHTING_PRE_DEFINED_CURVE_FONT('continuous');
#20289 = OVER_RIDING_STYLED_ITEM('overriding color',(#20290),#7114,
  #20163);
#20290 = PRESENTATION_STYLE_BY_CONTEXT((#20291,#20296),#19739);
#20291 = SURFACE_STYLE_USAGE(.BOTH.,#20292);
#20292 = SURFACE_SIDE_STYLE('',(#20293));
#20293 = SURFACE_STYLE_FILL_AREA(#20294);
#20294 = FILL_AREA_STYLE('',(#20295));
#20295 = FILL_AREA_STYLE_COLOUR('',#20138);
#20296 = CURVE_STYLE('',#20297,POSITIVE_LENGTH_MEASURE(0.1),#20141);
#20297 = DRAUGHTING_PRE_DEFINED_CURVE_FONT('continuous');
#20298 = OVER_RIDING_STYLED_ITEM('overriding color',(#20299),#7114,
  #20163);
#20299 = PRESENTATION_STYLE_BY_CONTEXT((#20300,#20305),#19781);
#20300 = SURFACE_STYLE_USAGE(.BOTH.,#20301);
#20301 = SURFACE_SIDE_STYLE('',(#20302));
#20302 = SURFACE_STYLE_FILL_AREA(#20303);
#20303 = FILL_AREA_STYLE('',(#20304));
#20304 = FILL_AREA_STYLE_COLOUR('',#19999);
#20305 = CURVE_STYLE('',#20306,POSITIVE_LENGTH_MEASURE(0.1),#19819);
#20306 = DRAUGHTING_PRE_DEFINED_CURVE_FONT('continuous');
#20307 = OVER_RIDING_STYLED_ITEM('overriding color',(#20308),#7114,
  #20163);
#20308 = PRESENTATION_STYLE_BY_CONTEXT((#20309,#20314),#19791);
#20309 = SURFACE_STYLE_USAGE(.BOTH.,#20310);
#20310 = SURFACE_SIDE_STYLE('',(#20311));
#20311 = SURFACE_STYLE_FILL_AREA(#20312);
#20312 = FILL_AREA_STYLE('',(#20313));
#20313 = FILL_AREA_STYLE_COLOUR('',#20158);
#20314 = CURVE_STYLE('',#20315,POSITIVE_LENGTH_MEASURE(0.1),#20161);
#20315 = DRAUGHTING_PRE_DEFINED_CURVE_FONT('continuous');
#20316 = MECHANICAL_DESIGN_GEOMETRIC_PRESENTATION_REPRESENTATION('',(
    #20317,#20326,#20335,#20344,#20353,#20362,#20371,#20380,#20389,
    #20398,#20407,#20416,#20425,#20434,#20443,#20452,#20461),#7804);
#20317 = STYLED_ITEM('color',(#20318),#7654);
#20318 = PRESENTATION_STYLE_ASSIGNMENT((#20319,#20324));
#20319 = SURFACE_STYLE_USAGE(.BOTH.,#20320);
#20320 = SURFACE_SIDE_STYLE('',(#20321));
#20321 = SURFACE_STYLE_FILL_AREA(#20322);
#20322 = FILL_AREA_STYLE('',(#20323));
#20323 = FILL_AREA_STYLE_COLOUR('',#19999);
#20324 = CURVE_STYLE('',#20325,POSITIVE_LENGTH_MEASURE(0.1),#19819);
#20325 = DRAUGHTING_PRE_DEFINED_CURVE_FONT('continuous');
#20326 = OVER_RIDING_STYLED_ITEM('overriding color',(#20327),#7654,
  #20317);
#20327 = PRESENTATION_STYLE_BY_CONTEXT((#20328,#20333),#19591);
#20328 = SURFACE_STYLE_USAGE(.BOTH.,#20329);
#20329 = SURFACE_SIDE_STYLE('',(#20330));
#20330 = SURFACE_STYLE_FILL_AREA(#20331);
#20331 = FILL_AREA_STYLE('',(#20332));
#20332 = FILL_AREA_STYLE_COLOUR('',#19999);
#20333 = CURVE_STYLE('',#20334,POSITIVE_LENGTH_MEASURE(0.1),#19819);
#20334 = DRAUGHTING_PRE_DEFINED_CURVE_FONT('continuous');
#20335 = OVER_RIDING_STYLED_ITEM('overriding color',(#20336),#7654,
  #20317);
#20336 = PRESENTATION_STYLE_BY_CONTEXT((#20337,#20342),#19601);
#20337 = SURFACE_STYLE_USAGE(.BOTH.,#20338);
#20338 = SURFACE_SIDE_STYLE('',(#20339));
#20339 = SURFACE_STYLE_FILL_AREA(#20340);
#20340 = FILL_AREA_STYLE('',(#20341));
#20341 = FILL_AREA_STYLE_COLOUR('',#20018);
#20342 = CURVE_STYLE('',#20343,POSITIVE_LENGTH_MEASURE(0.1),#20021);
#20343 = DRAUGHTING_PRE_DEFINED_CURVE_FONT('continuous');
#20344 = OVER_RIDING_STYLED_ITEM('overriding color',(#20345),#7654,
  #20317);
#20345 = PRESENTATION_STYLE_BY_CONTEXT((#20346,#20351),#19611);
#20346 = SURFACE_STYLE_USAGE(.BOTH.,#20347);
#20347 = SURFACE_SIDE_STYLE('',(#20348));
#20348 = SURFACE_STYLE_FILL_AREA(#20349);
#20349 = FILL_AREA_STYLE('',(#20350));
#20350 = FILL_AREA_STYLE_COLOUR('',#19999);
#20351 = CURVE_STYLE('',#20352,POSITIVE_LENGTH_MEASURE(0.1),#19819);
#20352 = DRAUGHTING_PRE_DEFINED_CURVE_FONT('continuous');
#20353 = OVER_RIDING_STYLED_ITEM('overriding color',(#20354),#7654,
  #20317);
#20354 = PRESENTATION_STYLE_BY_CONTEXT((#20355,#20360),#19621);
#20355 = SURFACE_STYLE_USAGE(.BOTH.,#20356);
#20356 = SURFACE_SIDE_STYLE('',(#20357));
#20357 = SURFACE_STYLE_FILL_AREA(#20358);
#20358 = FILL_AREA_STYLE('',(#20359));
#20359 = FILL_AREA_STYLE_COLOUR('',#20038);
#20360 = CURVE_STYLE('',#20361,POSITIVE_LENGTH_MEASURE(0.1),#20041);
#20361 = DRAUGHTING_PRE_DEFINED_CURVE_FONT('continuous');
#20362 = OVER_RIDING_STYLED_ITEM('overriding color',(#20363),#7654,
  #20317);
#20363 = PRESENTATION_STYLE_BY_CONTEXT((#20364,#20369),#19631);
#20364 = SURFACE_STYLE_USAGE(.BOTH.,#20365);
#20365 = SURFACE_SIDE_STYLE('',(#20366));
#20366 = SURFACE_STYLE_FILL_AREA(#20367);
#20367 = FILL_AREA_STYLE('',(#20368));
#20368 = FILL_AREA_STYLE_COLOUR('',#19999);
#20369 = CURVE_STYLE('',#20370,POSITIVE_LENGTH_MEASURE(0.1),#19819);
#20370 = DRAUGHTING_PRE_DEFINED_CURVE_FONT('continuous');
#20371 = OVER_RIDING_STYLED_ITEM('overriding color',(#20372),#7654,
  #20317);
#20372 = PRESENTATION_STYLE_BY_CONTEXT((#20373,#20378),#19641);
#20373 = SURFACE_STYLE_USAGE(.BOTH.,#20374);
#20374 = SURFACE_SIDE_STYLE('',(#20375));
#20375 = SURFACE_STYLE_FILL_AREA(#20376);
#20376 = FILL_AREA_STYLE('',(#20377));
#20377 = FILL_AREA_STYLE_COLOUR('',#20058);
#20378 = CURVE_STYLE('',#20379,POSITIVE_LENGTH_MEASURE(0.1),#20061);
#20379 = DRAUGHTING_PRE_DEFINED_CURVE_FONT('continuous');
#20380 = OVER_RIDING_STYLED_ITEM('overriding color',(#20381),#7654,
  #20317);
#20381 = PRESENTATION_STYLE_BY_CONTEXT((#20382,#20387),#19667);
#20382 = SURFACE_STYLE_USAGE(.BOTH.,#20383);
#20383 = SURFACE_SIDE_STYLE('',(#20384));
#20384 = SURFACE_STYLE_FILL_AREA(#20385);
#20385 = FILL_AREA_STYLE('',(#20386));
#20386 = FILL_AREA_STYLE_COLOUR('',#19999);
#20387 = CURVE_STYLE('',#20388,POSITIVE_LENGTH_MEASURE(0.1),#19819);
#20388 = DRAUGHTING_PRE_DEFINED_CURVE_FONT('continuous');
#20389 = OVER_RIDING_STYLED_ITEM('overriding color',(#20390),#7654,
  #20317);
#20390 = PRESENTATION_STYLE_BY_CONTEXT((#20391,#20396),#19677);
#20391 = SURFACE_STYLE_USAGE(.BOTH.,#20392);
#20392 = SURFACE_SIDE_STYLE('',(#20393));
#20393 = SURFACE_STYLE_FILL_AREA(#20394);
#20394 = FILL_AREA_STYLE('',(#20395));
#20395 = FILL_AREA_STYLE_COLOUR('',#20078);
#20396 = CURVE_STYLE('',#20397,POSITIVE_LENGTH_MEASURE(0.1),#20081);
#20397 = DRAUGHTING_PRE_DEFINED_CURVE_FONT('continuous');
#20398 = OVER_RIDING_STYLED_ITEM('overriding color',(#20399),#7654,
  #20317);
#20399 = PRESENTATION_STYLE_BY_CONTEXT((#20400,#20405),#19687);
#20400 = SURFACE_STYLE_USAGE(.BOTH.,#20401);
#20401 = SURFACE_SIDE_STYLE('',(#20402));
#20402 = SURFACE_STYLE_FILL_AREA(#20403);
#20403 = FILL_AREA_STYLE('',(#20404));
#20404 = FILL_AREA_STYLE_COLOUR('',#19999);
#20405 = CURVE_STYLE('',#20406,POSITIVE_LENGTH_MEASURE(0.1),#19819);
#20406 = DRAUGHTING_PRE_DEFINED_CURVE_FONT('continuous');
#20407 = OVER_RIDING_STYLED_ITEM('overriding color',(#20408),#7654,
  #20317);
#20408 = PRESENTATION_STYLE_BY_CONTEXT((#20409,#20414),#19697);
#20409 = SURFACE_STYLE_USAGE(.BOTH.,#20410);
#20410 = SURFACE_SIDE_STYLE('',(#20411));
#20411 = SURFACE_STYLE_FILL_AREA(#20412);
#20412 = FILL_AREA_STYLE('',(#20413));
#20413 = FILL_AREA_STYLE_COLOUR('',#20098);
#20414 = CURVE_STYLE('',#20415,POSITIVE_LENGTH_MEASURE(0.1),#20101);
#20415 = DRAUGHTING_PRE_DEFINED_CURVE_FONT('continuous');
#20416 = OVER_RIDING_STYLED_ITEM('overriding color',(#20417),#7654,
  #20317);
#20417 = PRESENTATION_STYLE_BY_CONTEXT((#20418,#20423),#19715);
#20418 = SURFACE_STYLE_USAGE(.BOTH.,#20419);
#20419 = SURFACE_SIDE_STYLE('',(#20420));
#20420 = SURFACE_STYLE_FILL_AREA(#20421);
#20421 = FILL_AREA_STYLE('',(#20422));
#20422 = FILL_AREA_STYLE_COLOUR('',#19999);
#20423 = CURVE_STYLE('',#20424,POSITIVE_LENGTH_MEASURE(0.1),#19819);
#20424 = DRAUGHTING_PRE_DEFINED_CURVE_FONT('continuous');
#20425 = OVER_RIDING_STYLED_ITEM('overriding color',(#20426),#7654,
  #20317);
#20426 = PRESENTATION_STYLE_BY_CONTEXT((#20427,#20432),#19725);
#20427 = SURFACE_STYLE_USAGE(.BOTH.,#20428);
#20428 = SURFACE_SIDE_STYLE('',(#20429));
#20429 = SURFACE_STYLE_FILL_AREA(#20430);
#20430 = FILL_AREA_STYLE('',(#20431));
#20431 = FILL_AREA_STYLE_COLOUR('',#20118);
#20432 = CURVE_STYLE('',#20433,POSITIVE_LENGTH_MEASURE(0.1),#20121);
#20433 = DRAUGHTING_PRE_DEFINED_CURVE_FONT('continuous');
#20434 = OVER_RIDING_STYLED_ITEM('overriding color',(#20435),#7654,
  #20317);
#20435 = PRESENTATION_STYLE_BY_CONTEXT((#20436,#20441),#19735);
#20436 = SURFACE_STYLE_USAGE(.BOTH.,#20437);
#20437 = SURFACE_SIDE_STYLE('',(#20438));
#20438 = SURFACE_STYLE_FILL_AREA(#20439);
#20439 = FILL_AREA_STYLE('',(#20440));
#20440 = FILL_AREA_STYLE_COLOUR('',#19999);
#20441 = CURVE_STYLE('',#20442,POSITIVE_LENGTH_MEASURE(0.1),#19819);
#20442 = DRAUGHTING_PRE_DEFINED_CURVE_FONT('continuous');
#20443 = OVER_RIDING_STYLED_ITEM('overriding color',(#20444),#7654,
  #20317);
#20444 = PRESENTATION_STYLE_BY_CONTEXT((#20445,#20450),#19745);
#20445 = SURFACE_STYLE_USAGE(.BOTH.,#20446);
#20446 = SURFACE_SIDE_STYLE('',(#20447));
#20447 = SURFACE_STYLE_FILL_AREA(#20448);
#20448 = FILL_AREA_STYLE('',(#20449));
#20449 = FILL_AREA_STYLE_COLOUR('',#20138);
#20450 = CURVE_STYLE('',#20451,POSITIVE_LENGTH_MEASURE(0.1),#20141);
#20451 = DRAUGHTING_PRE_DEFINED_CURVE_FONT('continuous');
#20452 = OVER_RIDING_STYLED_ITEM('overriding color',(#20453),#7654,
  #20317);
#20453 = PRESENTATION_STYLE_BY_CONTEXT((#20454,#20459),#19787);
#20454 = SURFACE_STYLE_USAGE(.BOTH.,#20455);
#20455 = SURFACE_SIDE_STYLE('',(#20456));
#20456 = SURFACE_STYLE_FILL_AREA(#20457);
#20457 = FILL_AREA_STYLE('',(#20458));
#20458 = FILL_AREA_STYLE_COLOUR('',#19999);
#20459 = CURVE_STYLE('',#20460,POSITIVE_LENGTH_MEASURE(0.1),#19819);
#20460 = DRAUGHTING_PRE_DEFINED_CURVE_FONT('continuous');
#20461 = OVER_RIDING_STYLED_ITEM('overriding color',(#20462),#7654,
  #20317);
#20462 = PRESENTATION_STYLE_BY_CONTEXT((#20463,#20468),#19797);
#20463 = SURFACE_STYLE_USAGE(.BOTH.,#20464);
#20464 = SURFACE_SIDE_STYLE('',(#20465));
#20465 = SURFACE_STYLE_FILL_AREA(#20466);
#20466 = FILL_AREA_STYLE('',(#20467));
#20467 = FILL_AREA_STYLE_COLOUR('',#20158);
#20468 = CURVE_STYLE('',#20469,POSITIVE_LENGTH_MEASURE(0.1),#20161);
#20469 = DRAUGHTING_PRE_DEFINED_CURVE_FONT('continuous');
#20470 = MECHANICAL_DESIGN_GEOMETRIC_PRESENTATION_REPRESENTATION('',(
    #20471,#20481),#6069);
#20471 = STYLED_ITEM('color',(#20472),#5172);
#20472 = PRESENTATION_STYLE_ASSIGNMENT((#20473,#20479));
#20473 = SURFACE_STYLE_USAGE(.BOTH.,#20474);
#20474 = SURFACE_SIDE_STYLE('',(#20475));
#20475 = SURFACE_STYLE_FILL_AREA(#20476);
#20476 = FILL_AREA_STYLE('',(#20477));
#20477 = FILL_AREA_STYLE_COLOUR('',#20478);
#20478 = COLOUR_RGB('',0.447058818107,0.474509808674,0.501960817233);
#20479 = CURVE_STYLE('',#20480,POSITIVE_LENGTH_MEASURE(0.1),#19819);
#20480 = DRAUGHTING_PRE_DEFINED_CURVE_FONT('continuous');
#20481 = OVER_RIDING_STYLED_ITEM('overriding color',(#20482),#5172,
  #20471);
#20482 = PRESENTATION_STYLE_BY_CONTEXT((#20483,#20489),#19807);
#20483 = SURFACE_STYLE_USAGE(.BOTH.,#20484);
#20484 = SURFACE_SIDE_STYLE('',(#20485));
#20485 = SURFACE_STYLE_FILL_AREA(#20486);
#20486 = FILL_AREA_STYLE('',(#20487));
#20487 = FILL_AREA_STYLE_COLOUR('',#20488);
#20488 = COLOUR_RGB('',0.980392145089,0.745098043297,0.137254909518);
#20489 = CURVE_STYLE('',#20490,POSITIVE_LENGTH_MEASURE(0.1),#20488);
#20490 = DRAUGHTING_PRE_DEFINED_CURVE_FONT('continuous');
#20491 = MECHANICAL_DESIGN_GEOMETRIC_PRESENTATION_REPRESENTATION('',(
    #20492,#20502,#20510,#20517,#20524,#20531,#20538,#20545,#20554,
    #20564,#20573,#20583,#20592,#20602,#20611,#20621,#20630,#20640,
    #20649,#20659,#20668,#20678,#20687),#8242);
#20492 = STYLED_ITEM('color',(#20493),#8047);
#20493 = PRESENTATION_STYLE_ASSIGNMENT((#20494,#20500));
#20494 = SURFACE_STYLE_USAGE(.BOTH.,#20495);
#20495 = SURFACE_SIDE_STYLE('',(#20496));
#20496 = SURFACE_STYLE_FILL_AREA(#20497);
#20497 = FILL_AREA_STYLE('',(#20498));
#20498 = FILL_AREA_STYLE_COLOUR('',#20499);
#20499 = COLOUR_RGB('',0.699999984889,9.999999991362E-02,
  5.000000142576E-02);
#20500 = CURVE_STYLE('',#20501,POSITIVE_LENGTH_MEASURE(0.1),#19819);
#20501 = DRAUGHTING_PRE_DEFINED_CURVE_FONT('continuous');
#20502 = OVER_RIDING_STYLED_ITEM('overriding color',(#20503),#8122,
  #20492);
#20503 = PRESENTATION_STYLE_ASSIGNMENT((#20504));
#20504 = SURFACE_STYLE_USAGE(.BOTH.,#20505);
#20505 = SURFACE_SIDE_STYLE('',(#20506));
#20506 = SURFACE_STYLE_FILL_AREA(#20507);
#20507 = FILL_AREA_STYLE('',(#20508));
#20508 = FILL_AREA_STYLE_COLOUR('',#20509);
#20509 = COLOUR_RGB('',0.,0.631244006163,0.748016017657);
#20510 = OVER_RIDING_STYLED_ITEM('overriding color',(#20511),#8147,
  #20492);
#20511 = PRESENTATION_STYLE_ASSIGNMENT((#20512));
#20512 = SURFACE_STYLE_USAGE(.BOTH.,#20513);
#20513 = SURFACE_SIDE_STYLE('',(#20514));
#20514 = SURFACE_STYLE_FILL_AREA(#20515);
#20515 = FILL_AREA_STYLE('',(#20516));
#20516 = FILL_AREA_STYLE_COLOUR('',#20509);
#20517 = OVER_RIDING_STYLED_ITEM('overriding color',(#20518),#8172,
  #20492);
#20518 = PRESENTATION_STYLE_ASSIGNMENT((#20519));
#20519 = SURFACE_STYLE_USAGE(.BOTH.,#20520);
#20520 = SURFACE_SIDE_STYLE('',(#20521));
#20521 = SURFACE_STYLE_FILL_AREA(#20522);
#20522 = FILL_AREA_STYLE('',(#20523));
#20523 = FILL_AREA_STYLE_COLOUR('',#20509);
#20524 = OVER_RIDING_STYLED_ITEM('overriding color',(#20525),#8198,
  #20492);
#20525 = PRESENTATION_STYLE_ASSIGNMENT((#20526));
#20526 = SURFACE_STYLE_USAGE(.BOTH.,#20527);
#20527 = SURFACE_SIDE_STYLE('',(#20528));
#20528 = SURFACE_STYLE_FILL_AREA(#20529);
#20529 = FILL_AREA_STYLE('',(#20530));
#20530 = FILL_AREA_STYLE_COLOUR('',#20509);
#20531 = OVER_RIDING_STYLED_ITEM('overriding color',(#20532),#8224,
  #20492);
#20532 = PRESENTATION_STYLE_ASSIGNMENT((#20533));
#20533 = SURFACE_STYLE_USAGE(.BOTH.,#20534);
#20534 = SURFACE_SIDE_STYLE('',(#20535));
#20535 = SURFACE_STYLE_FILL_AREA(#20536);
#20536 = FILL_AREA_STYLE('',(#20537));
#20537 = FILL_AREA_STYLE_COLOUR('',#20509);
#20538 = OVER_RIDING_STYLED_ITEM('overriding color',(#20539),#8233,
  #20492);
#20539 = PRESENTATION_STYLE_ASSIGNMENT((#20540));
#20540 = SURFACE_STYLE_USAGE(.BOTH.,#20541);
#20541 = SURFACE_SIDE_STYLE('',(#20542));
#20542 = SURFACE_STYLE_FILL_AREA(#20543);
#20543 = FILL_AREA_STYLE('',(#20544));
#20544 = FILL_AREA_STYLE_COLOUR('',#20509);
#20545 = OVER_RIDING_STYLED_ITEM('overriding color',(#20546),#8047,
  #20492);
#20546 = PRESENTATION_STYLE_BY_CONTEXT((#20547,#20552),#19645);
#20547 = SURFACE_STYLE_USAGE(.BOTH.,#20548);
#20548 = SURFACE_SIDE_STYLE('',(#20549));
#20549 = SURFACE_STYLE_FILL_AREA(#20550);
#20550 = FILL_AREA_STYLE('',(#20551));
#20551 = FILL_AREA_STYLE_COLOUR('',#20499);
#20552 = CURVE_STYLE('',#20553,POSITIVE_LENGTH_MEASURE(0.1),#19819);
#20553 = DRAUGHTING_PRE_DEFINED_CURVE_FONT('continuous');
#20554 = OVER_RIDING_STYLED_ITEM('overriding color',(#20555),#8047,
  #20492);
#20555 = PRESENTATION_STYLE_BY_CONTEXT((#20556,#20562),#19649);
#20556 = SURFACE_STYLE_USAGE(.BOTH.,#20557);
#20557 = SURFACE_SIDE_STYLE('',(#20558));
#20558 = SURFACE_STYLE_FILL_AREA(#20559);
#20559 = FILL_AREA_STYLE('',(#20560));
#20560 = FILL_AREA_STYLE_COLOUR('',#20561);
#20561 = COLOUR_RGB('',0.699999984889,9.999999991362E-02,
  5.000000142576E-02);
#20562 = CURVE_STYLE('',#20563,POSITIVE_LENGTH_MEASURE(0.1),#19839);
#20563 = DRAUGHTING_PRE_DEFINED_CURVE_FONT('continuous');
#20564 = OVER_RIDING_STYLED_ITEM('overriding color',(#20565),#8047,
  #20492);
#20565 = PRESENTATION_STYLE_BY_CONTEXT((#20566,#20571),#19653);
#20566 = SURFACE_STYLE_USAGE(.BOTH.,#20567);
#20567 = SURFACE_SIDE_STYLE('',(#20568));
#20568 = SURFACE_STYLE_FILL_AREA(#20569);
#20569 = FILL_AREA_STYLE('',(#20570));
#20570 = FILL_AREA_STYLE_COLOUR('',#20499);
#20571 = CURVE_STYLE('',#20572,POSITIVE_LENGTH_MEASURE(0.1),#19819);
#20572 = DRAUGHTING_PRE_DEFINED_CURVE_FONT('continuous');
#20573 = OVER_RIDING_STYLED_ITEM('overriding color',(#20574),#8047,
  #20492);
#20574 = PRESENTATION_STYLE_BY_CONTEXT((#20575,#20581),#19657);
#20575 = SURFACE_STYLE_USAGE(.BOTH.,#20576);
#20576 = SURFACE_SIDE_STYLE('',(#20577));
#20577 = SURFACE_STYLE_FILL_AREA(#20578);
#20578 = FILL_AREA_STYLE('',(#20579));
#20579 = FILL_AREA_STYLE_COLOUR('',#20580);
#20580 = COLOUR_RGB('',0.699999984889,9.999999991362E-02,
  5.000000142576E-02);
#20581 = CURVE_STYLE('',#20582,POSITIVE_LENGTH_MEASURE(0.1),#19859);
#20582 = DRAUGHTING_PRE_DEFINED_CURVE_FONT('continuous');
#20583 = OVER_RIDING_STYLED_ITEM('overriding color',(#20584),#8047,
  #20492);
#20584 = PRESENTATION_STYLE_BY_CONTEXT((#20585,#20590),#19701);
#20585 = SURFACE_STYLE_USAGE(.BOTH.,#20586);
#20586 = SURFACE_SIDE_STYLE('',(#20587));
#20587 = SURFACE_STYLE_FILL_AREA(#20588);
#20588 = FILL_AREA_STYLE('',(#20589));
#20589 = FILL_AREA_STYLE_COLOUR('',#20499);
#20590 = CURVE_STYLE('',#20591,POSITIVE_LENGTH_MEASURE(0.1),#19819);
#20591 = DRAUGHTING_PRE_DEFINED_CURVE_FONT('continuous');
#20592 = OVER_RIDING_STYLED_ITEM('overriding color',(#20593),#8047,
  #20492);
#20593 = PRESENTATION_STYLE_BY_CONTEXT((#20594,#20600),#19705);
#20594 = SURFACE_STYLE_USAGE(.BOTH.,#20595);
#20595 = SURFACE_SIDE_STYLE('',(#20596));
#20596 = SURFACE_STYLE_FILL_AREA(#20597);
#20597 = FILL_AREA_STYLE('',(#20598));
#20598 = FILL_AREA_STYLE_COLOUR('',#20599);
#20599 = COLOUR_RGB('',0.699999984889,9.999999991362E-02,
  5.000000142576E-02);
#20600 = CURVE_STYLE('',#20601,POSITIVE_LENGTH_MEASURE(0.1),#19879);
#20601 = DRAUGHTING_PRE_DEFINED_CURVE_FONT('continuous');
#20602 = OVER_RIDING_STYLED_ITEM('overriding color',(#20603),#8047,
  #20492);
#20603 = PRESENTATION_STYLE_BY_CONTEXT((#20604,#20609),#19749);
#20604 = SURFACE_STYLE_USAGE(.BOTH.,#20605);
#20605 = SURFACE_SIDE_STYLE('',(#20606));
#20606 = SURFACE_STYLE_FILL_AREA(#20607);
#20607 = FILL_AREA_STYLE('',(#20608));
#20608 = FILL_AREA_STYLE_COLOUR('',#20499);
#20609 = CURVE_STYLE('',#20610,POSITIVE_LENGTH_MEASURE(0.1),#19819);
#20610 = DRAUGHTING_PRE_DEFINED_CURVE_FONT('continuous');
#20611 = OVER_RIDING_STYLED_ITEM('overriding color',(#20612),#8047,
  #20492);
#20612 = PRESENTATION_STYLE_BY_CONTEXT((#20613,#20619),#19753);
#20613 = SURFACE_STYLE_USAGE(.BOTH.,#20614);
#20614 = SURFACE_SIDE_STYLE('',(#20615));
#20615 = SURFACE_STYLE_FILL_AREA(#20616);
#20616 = FILL_AREA_STYLE('',(#20617));
#20617 = FILL_AREA_STYLE_COLOUR('',#20618);
#20618 = COLOUR_RGB('',0.699999984889,9.999999991362E-02,
  5.000000142576E-02);
#20619 = CURVE_STYLE('',#20620,POSITIVE_LENGTH_MEASURE(0.1),#19899);
#20620 = DRAUGHTING_PRE_DEFINED_CURVE_FONT('continuous');
#20621 = OVER_RIDING_STYLED_ITEM('overriding color',(#20622),#8047,
  #20492);
#20622 = PRESENTATION_STYLE_BY_CONTEXT((#20623,#20628),#19757);
#20623 = SURFACE_STYLE_USAGE(.BOTH.,#20624);
#20624 = SURFACE_SIDE_STYLE('',(#20625));
#20625 = SURFACE_STYLE_FILL_AREA(#20626);
#20626 = FILL_AREA_STYLE('',(#20627));
#20627 = FILL_AREA_STYLE_COLOUR('',#20499);
#20628 = CURVE_STYLE('',#20629,POSITIVE_LENGTH_MEASURE(0.1),#19819);
#20629 = DRAUGHTING_PRE_DEFINED_CURVE_FONT('continuous');
#20630 = OVER_RIDING_STYLED_ITEM('overriding color',(#20631),#8047,
  #20492);
#20631 = PRESENTATION_STYLE_BY_CONTEXT((#20632,#20638),#19761);
#20632 = SURFACE_STYLE_USAGE(.BOTH.,#20633);
#20633 = SURFACE_SIDE_STYLE('',(#20634));
#20634 = SURFACE_STYLE_FILL_AREA(#20635);
#20635 = FILL_AREA_STYLE('',(#20636));
#20636 = FILL_AREA_STYLE_COLOUR('',#20637);
#20637 = COLOUR_RGB('',0.699999984889,9.999999991362E-02,
  5.000000142576E-02);
#20638 = CURVE_STYLE('',#20639,POSITIVE_LENGTH_MEASURE(0.1),#19919);
#20639 = DRAUGHTING_PRE_DEFINED_CURVE_FONT('continuous');
#20640 = OVER_RIDING_STYLED_ITEM('overriding color',(#20641),#8047,
  #20492);
#20641 = PRESENTATION_STYLE_BY_CONTEXT((#20642,#20647),#19765);
#20642 = SURFACE_STYLE_USAGE(.BOTH.,#20643);
#20643 = SURFACE_SIDE_STYLE('',(#20644));
#20644 = SURFACE_STYLE_FILL_AREA(#20645);
#20645 = FILL_AREA_STYLE('',(#20646));
#20646 = FILL_AREA_STYLE_COLOUR('',#20499);
#20647 = CURVE_STYLE('',#20648,POSITIVE_LENGTH_MEASURE(0.1),#19819);
#20648 = DRAUGHTING_PRE_DEFINED_CURVE_FONT('continuous');
#20649 = OVER_RIDING_STYLED_ITEM('overriding color',(#20650),#8047,
  #20492);
#20650 = PRESENTATION_STYLE_BY_CONTEXT((#20651,#20657),#19769);
#20651 = SURFACE_STYLE_USAGE(.BOTH.,#20652);
#20652 = SURFACE_SIDE_STYLE('',(#20653));
#20653 = SURFACE_STYLE_FILL_AREA(#20654);
#20654 = FILL_AREA_STYLE('',(#20655));
#20655 = FILL_AREA_STYLE_COLOUR('',#20656);
#20656 = COLOUR_RGB('',0.699999984889,9.999999991362E-02,
  5.000000142576E-02);
#20657 = CURVE_STYLE('',#20658,POSITIVE_LENGTH_MEASURE(0.1),#19939);
#20658 = DRAUGHTING_PRE_DEFINED_CURVE_FONT('continuous');
#20659 = OVER_RIDING_STYLED_ITEM('overriding color',(#20660),#8047,
  #20492);
#20660 = PRESENTATION_STYLE_BY_CONTEXT((#20661,#20666),#19773);
#20661 = SURFACE_STYLE_USAGE(.BOTH.,#20662);
#20662 = SURFACE_SIDE_STYLE('',(#20663));
#20663 = SURFACE_STYLE_FILL_AREA(#20664);
#20664 = FILL_AREA_STYLE('',(#20665));
#20665 = FILL_AREA_STYLE_COLOUR('',#20499);
#20666 = CURVE_STYLE('',#20667,POSITIVE_LENGTH_MEASURE(0.1),#19819);
#20667 = DRAUGHTING_PRE_DEFINED_CURVE_FONT('continuous');
#20668 = OVER_RIDING_STYLED_ITEM('overriding color',(#20669),#8047,
  #20492);
#20669 = PRESENTATION_STYLE_BY_CONTEXT((#20670,#20676),#19777);
#20670 = SURFACE_STYLE_USAGE(.BOTH.,#20671);
#20671 = SURFACE_SIDE_STYLE('',(#20672));
#20672 = SURFACE_STYLE_FILL_AREA(#20673);
#20673 = FILL_AREA_STYLE('',(#20674));
#20674 = FILL_AREA_STYLE_COLOUR('',#20675);
#20675 = COLOUR_RGB('',0.699999984889,9.999999991362E-02,
  5.000000142576E-02);
#20676 = CURVE_STYLE('',#20677,POSITIVE_LENGTH_MEASURE(0.1),#19959);
#20677 = DRAUGHTING_PRE_DEFINED_CURVE_FONT('continuous');
#20678 = OVER_RIDING_STYLED_ITEM('overriding color',(#20679),#8047,
  #20492);
#20679 = PRESENTATION_STYLE_BY_CONTEXT((#20680,#20685),#19801);
#20680 = SURFACE_STYLE_USAGE(.BOTH.,#20681);
#20681 = SURFACE_SIDE_STYLE('',(#20682));
#20682 = SURFACE_STYLE_FILL_AREA(#20683);
#20683 = FILL_AREA_STYLE('',(#20684));
#20684 = FILL_AREA_STYLE_COLOUR('',#20499);
#20685 = CURVE_STYLE('',#20686,POSITIVE_LENGTH_MEASURE(0.1),#19819);
#20686 = DRAUGHTING_PRE_DEFINED_CURVE_FONT('continuous');
#20687 = OVER_RIDING_STYLED_ITEM('overriding color',(#20688),#8047,
  #20492);
#20688 = PRESENTATION_STYLE_BY_CONTEXT((#20689,#20695),#19805);
#20689 = SURFACE_STYLE_USAGE(.BOTH.,#20690);
#20690 = SURFACE_SIDE_STYLE('',(#20691));
#20691 = SURFACE_STYLE_FILL_AREA(#20692);
#20692 = FILL_AREA_STYLE('',(#20693));
#20693 = FILL_AREA_STYLE_COLOUR('',#20694);
#20694 = COLOUR_RGB('',0.699999984889,9.999999991362E-02,
  5.000000142576E-02);
#20695 = CURVE_STYLE('',#20696,POSITIVE_LENGTH_MEASURE(0.1),#19979);
#20696 = DRAUGHTING_PRE_DEFINED_CURVE_FONT('continuous');
#20697 = MECHANICAL_DESIGN_GEOMETRIC_PRESENTATION_REPRESENTATION('',(
    #20698),#1507);
#20698 = STYLED_ITEM('color',(#20699),#45);
#20699 = PRESENTATION_STYLE_ASSIGNMENT((#20700,#20706));
#20700 = SURFACE_STYLE_USAGE(.BOTH.,#20701);
#20701 = SURFACE_SIDE_STYLE('',(#20702));
#20702 = SURFACE_STYLE_FILL_AREA(#20703);
#20703 = FILL_AREA_STYLE('',(#20704));
#20704 = FILL_AREA_STYLE_COLOUR('',#20705);
#20705 = COLOUR_RGB('',0.254901970902,0.607843164819,0.235294113866);
#20706 = CURVE_STYLE('',#20707,POSITIVE_LENGTH_MEASURE(0.1),#19819);
#20707 = DRAUGHTING_PRE_DEFINED_CURVE_FONT('continuous');
#20708 = MECHANICAL_DESIGN_GEOMETRIC_PRESENTATION_REPRESENTATION('',(
    #20709,#20718,#20727,#20736,#20745,#20754,#20763,#20772,#20781,
    #20790,#20799,#20808,#20817,#20826,#20835,#20844,#20853),#7635);
#20709 = STYLED_ITEM('color',(#20710),#7485);
#20710 = PRESENTATION_STYLE_ASSIGNMENT((#20711,#20716));
#20711 = SURFACE_STYLE_USAGE(.BOTH.,#20712);
#20712 = SURFACE_SIDE_STYLE('',(#20713));
#20713 = SURFACE_STYLE_FILL_AREA(#20714);
#20714 = FILL_AREA_STYLE('',(#20715));
#20715 = FILL_AREA_STYLE_COLOUR('',#19999);
#20716 = CURVE_STYLE('',#20717,POSITIVE_LENGTH_MEASURE(0.1),#19819);
#20717 = DRAUGHTING_PRE_DEFINED_CURVE_FONT('continuous');
#20718 = OVER_RIDING_STYLED_ITEM('overriding color',(#20719),#7485,
  #20709);
#20719 = PRESENTATION_STYLE_BY_CONTEXT((#20720,#20725),#19589);
#20720 = SURFACE_STYLE_USAGE(.BOTH.,#20721);
#20721 = SURFACE_SIDE_STYLE('',(#20722));
#20722 = SURFACE_STYLE_FILL_AREA(#20723);
#20723 = FILL_AREA_STYLE('',(#20724));
#20724 = FILL_AREA_STYLE_COLOUR('',#19999);
#20725 = CURVE_STYLE('',#20726,POSITIVE_LENGTH_MEASURE(0.1),#19819);
#20726 = DRAUGHTING_PRE_DEFINED_CURVE_FONT('continuous');
#20727 = OVER_RIDING_STYLED_ITEM('overriding color',(#20728),#7485,
  #20709);
#20728 = PRESENTATION_STYLE_BY_CONTEXT((#20729,#20734),#19599);
#20729 = SURFACE_STYLE_USAGE(.BOTH.,#20730);
#20730 = SURFACE_SIDE_STYLE('',(#20731));
#20731 = SURFACE_STYLE_FILL_AREA(#20732);
#20732 = FILL_AREA_STYLE('',(#20733));
#20733 = FILL_AREA_STYLE_COLOUR('',#20018);
#20734 = CURVE_STYLE('',#20735,POSITIVE_LENGTH_MEASURE(0.1),#20021);
#20735 = DRAUGHTING_PRE_DEFINED_CURVE_FONT('continuous');
#20736 = OVER_RIDING_STYLED_ITEM('overriding color',(#20737),#7485,
  #20709);
#20737 = PRESENTATION_STYLE_BY_CONTEXT((#20738,#20743),#19609);
#20738 = SURFACE_STYLE_USAGE(.BOTH.,#20739);
#20739 = SURFACE_SIDE_STYLE('',(#20740));
#20740 = SURFACE_STYLE_FILL_AREA(#20741);
#20741 = FILL_AREA_STYLE('',(#20742));
#20742 = FILL_AREA_STYLE_COLOUR('',#19999);
#20743 = CURVE_STYLE('',#20744,POSITIVE_LENGTH_MEASURE(0.1),#19819);
#20744 = DRAUGHTING_PRE_DEFINED_CURVE_FONT('continuous');
#20745 = OVER_RIDING_STYLED_ITEM('overriding color',(#20746),#7485,
  #20709);
#20746 = PRESENTATION_STYLE_BY_CONTEXT((#20747,#20752),#19619);
#20747 = SURFACE_STYLE_USAGE(.BOTH.,#20748);
#20748 = SURFACE_SIDE_STYLE('',(#20749));
#20749 = SURFACE_STYLE_FILL_AREA(#20750);
#20750 = FILL_AREA_STYLE('',(#20751));
#20751 = FILL_AREA_STYLE_COLOUR('',#20038);
#20752 = CURVE_STYLE('',#20753,POSITIVE_LENGTH_MEASURE(0.1),#20041);
#20753 = DRAUGHTING_PRE_DEFINED_CURVE_FONT('continuous');
#20754 = OVER_RIDING_STYLED_ITEM('overriding color',(#20755),#7485,
  #20709);
#20755 = PRESENTATION_STYLE_BY_CONTEXT((#20756,#20761),#19629);
#20756 = SURFACE_STYLE_USAGE(.BOTH.,#20757);
#20757 = SURFACE_SIDE_STYLE('',(#20758));
#20758 = SURFACE_STYLE_FILL_AREA(#20759);
#20759 = FILL_AREA_STYLE('',(#20760));
#20760 = FILL_AREA_STYLE_COLOUR('',#19999);
#20761 = CURVE_STYLE('',#20762,POSITIVE_LENGTH_MEASURE(0.1),#19819);
#20762 = DRAUGHTING_PRE_DEFINED_CURVE_FONT('continuous');
#20763 = OVER_RIDING_STYLED_ITEM('overriding color',(#20764),#7485,
  #20709);
#20764 = PRESENTATION_STYLE_BY_CONTEXT((#20765,#20770),#19639);
#20765 = SURFACE_STYLE_USAGE(.BOTH.,#20766);
#20766 = SURFACE_SIDE_STYLE('',(#20767));
#20767 = SURFACE_STYLE_FILL_AREA(#20768);
#20768 = FILL_AREA_STYLE('',(#20769));
#20769 = FILL_AREA_STYLE_COLOUR('',#20058);
#20770 = CURVE_STYLE('',#20771,POSITIVE_LENGTH_MEASURE(0.1),#20061);
#20771 = DRAUGHTING_PRE_DEFINED_CURVE_FONT('continuous');
#20772 = OVER_RIDING_STYLED_ITEM('overriding color',(#20773),#7485,
  #20709);
#20773 = PRESENTATION_STYLE_BY_CONTEXT((#20774,#20779),#19665);
#20774 = SURFACE_STYLE_USAGE(.BOTH.,#20775);
#20775 = SURFACE_SIDE_STYLE('',(#20776));
#20776 = SURFACE_STYLE_FILL_AREA(#20777);
#20777 = FILL_AREA_STYLE('',(#20778));
#20778 = FILL_AREA_STYLE_COLOUR('',#19999);
#20779 = CURVE_STYLE('',#20780,POSITIVE_LENGTH_MEASURE(0.1),#19819);
#20780 = DRAUGHTING_PRE_DEFINED_CURVE_FONT('continuous');
#20781 = OVER_RIDING_STYLED_ITEM('overriding color',(#20782),#7485,
  #20709);
#20782 = PRESENTATION_STYLE_BY_CONTEXT((#20783,#20788),#19675);
#20783 = SURFACE_STYLE_USAGE(.BOTH.,#20784);
#20784 = SURFACE_SIDE_STYLE('',(#20785));
#20785 = SURFACE_STYLE_FILL_AREA(#20786);
#20786 = FILL_AREA_STYLE('',(#20787));
#20787 = FILL_AREA_STYLE_COLOUR('',#20078);
#20788 = CURVE_STYLE('',#20789,POSITIVE_LENGTH_MEASURE(0.1),#20081);
#20789 = DRAUGHTING_PRE_DEFINED_CURVE_FONT('continuous');
#20790 = OVER_RIDING_STYLED_ITEM('overriding color',(#20791),#7485,
  #20709);
#20791 = PRESENTATION_STYLE_BY_CONTEXT((#20792,#20797),#19685);
#20792 = SURFACE_STYLE_USAGE(.BOTH.,#20793);
#20793 = SURFACE_SIDE_STYLE('',(#20794));
#20794 = SURFACE_STYLE_FILL_AREA(#20795);
#20795 = FILL_AREA_STYLE('',(#20796));
#20796 = FILL_AREA_STYLE_COLOUR('',#19999);
#20797 = CURVE_STYLE('',#20798,POSITIVE_LENGTH_MEASURE(0.1),#19819);
#20798 = DRAUGHTING_PRE_DEFINED_CURVE_FONT('continuous');
#20799 = OVER_RIDING_STYLED_ITEM('overriding color',(#20800),#7485,
  #20709);
#20800 = PRESENTATION_STYLE_BY_CONTEXT((#20801,#20806),#19695);
#20801 = SURFACE_STYLE_USAGE(.BOTH.,#20802);
#20802 = SURFACE_SIDE_STYLE('',(#20803));
#20803 = SURFACE_STYLE_FILL_AREA(#20804);
#20804 = FILL_AREA_STYLE('',(#20805));
#20805 = FILL_AREA_STYLE_COLOUR('',#20098);
#20806 = CURVE_STYLE('',#20807,POSITIVE_LENGTH_MEASURE(0.1),#20101);
#20807 = DRAUGHTING_PRE_DEFINED_CURVE_FONT('continuous');
#20808 = OVER_RIDING_STYLED_ITEM('overriding color',(#20809),#7485,
  #20709);
#20809 = PRESENTATION_STYLE_BY_CONTEXT((#20810,#20815),#19713);
#20810 = SURFACE_STYLE_USAGE(.BOTH.,#20811);
#20811 = SURFACE_SIDE_STYLE('',(#20812));
#20812 = SURFACE_STYLE_FILL_AREA(#20813);
#20813 = FILL_AREA_STYLE('',(#20814));
#20814 = FILL_AREA_STYLE_COLOUR('',#19999);
#20815 = CURVE_STYLE('',#20816,POSITIVE_LENGTH_MEASURE(0.1),#19819);
#20816 = DRAUGHTING_PRE_DEFINED_CURVE_FONT('continuous');
#20817 = OVER_RIDING_STYLED_ITEM('overriding color',(#20818),#7485,
  #20709);
#20818 = PRESENTATION_STYLE_BY_CONTEXT((#20819,#20824),#19723);
#20819 = SURFACE_STYLE_USAGE(.BOTH.,#20820);
#20820 = SURFACE_SIDE_STYLE('',(#20821));
#20821 = SURFACE_STYLE_FILL_AREA(#20822);
#20822 = FILL_AREA_STYLE('',(#20823));
#20823 = FILL_AREA_STYLE_COLOUR('',#20118);
#20824 = CURVE_STYLE('',#20825,POSITIVE_LENGTH_MEASURE(0.1),#20121);
#20825 = DRAUGHTING_PRE_DEFINED_CURVE_FONT('continuous');
#20826 = OVER_RIDING_STYLED_ITEM('overriding color',(#20827),#7485,
  #20709);
#20827 = PRESENTATION_STYLE_BY_CONTEXT((#20828,#20833),#19733);
#20828 = SURFACE_STYLE_USAGE(.BOTH.,#20829);
#20829 = SURFACE_SIDE_STYLE('',(#20830));
#20830 = SURFACE_STYLE_FILL_AREA(#20831);
#20831 = FILL_AREA_STYLE('',(#20832));
#20832 = FILL_AREA_STYLE_COLOUR('',#19999);
#20833 = CURVE_STYLE('',#20834,POSITIVE_LENGTH_MEASURE(0.1),#19819);
#20834 = DRAUGHTING_PRE_DEFINED_CURVE_FONT('continuous');
#20835 = OVER_RIDING_STYLED_ITEM('overriding color',(#20836),#7485,
  #20709);
#20836 = PRESENTATION_STYLE_BY_CONTEXT((#20837,#20842),#19743);
#20837 = SURFACE_STYLE_USAGE(.BOTH.,#20838);
#20838 = SURFACE_SIDE_STYLE('',(#20839));
#20839 = SURFACE_STYLE_FILL_AREA(#20840);
#20840 = FILL_AREA_STYLE('',(#20841));
#20841 = FILL_AREA_STYLE_COLOUR('',#20138);
#20842 = CURVE_STYLE('',#20843,POSITIVE_LENGTH_MEASURE(0.1),#20141);
#20843 = DRAUGHTING_PRE_DEFINED_CURVE_FONT('continuous');
#20844 = OVER_RIDING_STYLED_ITEM('overriding color',(#20845),#7485,
  #20709);
#20845 = PRESENTATION_STYLE_BY_CONTEXT((#20846,#20851),#19785);
#20846 = SURFACE_STYLE_USAGE(.BOTH.,#20847);
#20847 = SURFACE_SIDE_STYLE('',(#20848));
#20848 = SURFACE_STYLE_FILL_AREA(#20849);
#20849 = FILL_AREA_STYLE('',(#20850));
#20850 = FILL_AREA_STYLE_COLOUR('',#19999);
#20851 = CURVE_STYLE('',#20852,POSITIVE_LENGTH_MEASURE(0.1),#19819);
#20852 = DRAUGHTING_PRE_DEFINED_CURVE_FONT('continuous');
#20853 = OVER_RIDING_STYLED_ITEM('overriding color',(#20854),#7485,
  #20709);
#20854 = PRESENTATION_STYLE_BY_CONTEXT((#20855,#20860),#19795);
#20855 = SURFACE_STYLE_USAGE(.BOTH.,#20856);
#20856 = SURFACE_SIDE_STYLE('',(#20857));
#20857 = SURFACE_STYLE_FILL_AREA(#20858);
#20858 = FILL_AREA_STYLE('',(#20859));
#20859 = FILL_AREA_STYLE_COLOUR('',#20158);
#20860 = CURVE_STYLE('',#20861,POSITIVE_LENGTH_MEASURE(0.1),#20161);
#20861 = DRAUGHTING_PRE_DEFINED_CURVE_FONT('continuous');
#20862 = MECHANICAL_DESIGN_GEOMETRIC_PRESENTATION_REPRESENTATION('',(
    #20863,#20873,#20882,#20892,#20901,#20911,#20920,#20930,#20939,
    #20949,#20958,#20968,#20977,#20987,#20996,#21006,#21015),#7095);
#20863 = STYLED_ITEM('color',(#20864),#6245);
#20864 = PRESENTATION_STYLE_ASSIGNMENT((#20865,#20871));
#20865 = SURFACE_STYLE_USAGE(.BOTH.,#20866);
#20866 = SURFACE_SIDE_STYLE('',(#20867));
#20867 = SURFACE_STYLE_FILL_AREA(#20868);
#20868 = FILL_AREA_STYLE('',(#20869));
#20869 = FILL_AREA_STYLE_COLOUR('',#20870);
#20870 = COLOUR_RGB('',0.886274513239,0.886274513239,0.886274513239);
#20871 = CURVE_STYLE('',#20872,POSITIVE_LENGTH_MEASURE(0.1),#19819);
#20872 = DRAUGHTING_PRE_DEFINED_CURVE_FONT('continuous');
#20873 = OVER_RIDING_STYLED_ITEM('overriding color',(#20874),#6245,
  #20863);
#20874 = PRESENTATION_STYLE_BY_CONTEXT((#20875,#20880),#19583);
#20875 = SURFACE_STYLE_USAGE(.BOTH.,#20876);
#20876 = SURFACE_SIDE_STYLE('',(#20877));
#20877 = SURFACE_STYLE_FILL_AREA(#20878);
#20878 = FILL_AREA_STYLE('',(#20879));
#20879 = FILL_AREA_STYLE_COLOUR('',#20870);
#20880 = CURVE_STYLE('',#20881,POSITIVE_LENGTH_MEASURE(0.1),#19819);
#20881 = DRAUGHTING_PRE_DEFINED_CURVE_FONT('continuous');
#20882 = OVER_RIDING_STYLED_ITEM('overriding color',(#20883),#6245,
  #20863);
#20883 = PRESENTATION_STYLE_BY_CONTEXT((#20884,#20890),#19593);
#20884 = SURFACE_STYLE_USAGE(.BOTH.,#20885);
#20885 = SURFACE_SIDE_STYLE('',(#20886));
#20886 = SURFACE_STYLE_FILL_AREA(#20887);
#20887 = FILL_AREA_STYLE('',(#20888));
#20888 = FILL_AREA_STYLE_COLOUR('',#20889);
#20889 = COLOUR_RGB('',0.886274513239,0.886274513239,0.886274513239);
#20890 = CURVE_STYLE('',#20891,POSITIVE_LENGTH_MEASURE(0.1),#20021);
#20891 = DRAUGHTING_PRE_DEFINED_CURVE_FONT('continuous');
#20892 = OVER_RIDING_STYLED_ITEM('overriding color',(#20893),#6245,
  #20863);
#20893 = PRESENTATION_STYLE_BY_CONTEXT((#20894,#20899),#19603);
#20894 = SURFACE_STYLE_USAGE(.BOTH.,#20895);
#20895 = SURFACE_SIDE_STYLE('',(#20896));
#20896 = SURFACE_STYLE_FILL_AREA(#20897);
#20897 = FILL_AREA_STYLE('',(#20898));
#20898 = FILL_AREA_STYLE_COLOUR('',#20870);
#20899 = CURVE_STYLE('',#20900,POSITIVE_LENGTH_MEASURE(0.1),#19819);
#20900 = DRAUGHTING_PRE_DEFINED_CURVE_FONT('continuous');
#20901 = OVER_RIDING_STYLED_ITEM('overriding color',(#20902),#6245,
  #20863);
#20902 = PRESENTATION_STYLE_BY_CONTEXT((#20903,#20909),#19613);
#20903 = SURFACE_STYLE_USAGE(.BOTH.,#20904);
#20904 = SURFACE_SIDE_STYLE('',(#20905));
#20905 = SURFACE_STYLE_FILL_AREA(#20906);
#20906 = FILL_AREA_STYLE('',(#20907));
#20907 = FILL_AREA_STYLE_COLOUR('',#20908);
#20908 = COLOUR_RGB('',0.886274513239,0.886274513239,0.886274513239);
#20909 = CURVE_STYLE('',#20910,POSITIVE_LENGTH_MEASURE(0.1),#20041);
#20910 = DRAUGHTING_PRE_DEFINED_CURVE_FONT('continuous');
#20911 = OVER_RIDING_STYLED_ITEM('overriding color',(#20912),#6245,
  #20863);
#20912 = PRESENTATION_STYLE_BY_CONTEXT((#20913,#20918),#19623);
#20913 = SURFACE_STYLE_USAGE(.BOTH.,#20914);
#20914 = SURFACE_SIDE_STYLE('',(#20915));
#20915 = SURFACE_STYLE_FILL_AREA(#20916);
#20916 = FILL_AREA_STYLE('',(#20917));
#20917 = FILL_AREA_STYLE_COLOUR('',#20870);
#20918 = CURVE_STYLE('',#20919,POSITIVE_LENGTH_MEASURE(0.1),#19819);
#20919 = DRAUGHTING_PRE_DEFINED_CURVE_FONT('continuous');
#20920 = OVER_RIDING_STYLED_ITEM('overriding color',(#20921),#6245,
  #20863);
#20921 = PRESENTATION_STYLE_BY_CONTEXT((#20922,#20928),#19633);
#20922 = SURFACE_STYLE_USAGE(.BOTH.,#20923);
#20923 = SURFACE_SIDE_STYLE('',(#20924));
#20924 = SURFACE_STYLE_FILL_AREA(#20925);
#20925 = FILL_AREA_STYLE('',(#20926));
#20926 = FILL_AREA_STYLE_COLOUR('',#20927);
#20927 = COLOUR_RGB('',0.886274513239,0.886274513239,0.886274513239);
#20928 = CURVE_STYLE('',#20929,POSITIVE_LENGTH_MEASURE(0.1),#20061);
#20929 = DRAUGHTING_PRE_DEFINED_CURVE_FONT('continuous');
#20930 = OVER_RIDING_STYLED_ITEM('overriding color',(#20931),#6245,
  #20863);
#20931 = PRESENTATION_STYLE_BY_CONTEXT((#20932,#20937),#19659);
#20932 = SURFACE_STYLE_USAGE(.BOTH.,#20933);
#20933 = SURFACE_SIDE_STYLE('',(#20934));
#20934 = SURFACE_STYLE_FILL_AREA(#20935);
#20935 = FILL_AREA_STYLE('',(#20936));
#20936 = FILL_AREA_STYLE_COLOUR('',#20870);
#20937 = CURVE_STYLE('',#20938,POSITIVE_LENGTH_MEASURE(0.1),#19819);
#20938 = DRAUGHTING_PRE_DEFINED_CURVE_FONT('continuous');
#20939 = OVER_RIDING_STYLED_ITEM('overriding color',(#20940),#6245,
  #20863);
#20940 = PRESENTATION_STYLE_BY_CONTEXT((#20941,#20947),#19669);
#20941 = SURFACE_STYLE_USAGE(.BOTH.,#20942);
#20942 = SURFACE_SIDE_STYLE('',(#20943));
#20943 = SURFACE_STYLE_FILL_AREA(#20944);
#20944 = FILL_AREA_STYLE('',(#20945));
#20945 = FILL_AREA_STYLE_COLOUR('',#20946);
#20946 = COLOUR_RGB('',0.886274513239,0.886274513239,0.886274513239);
#20947 = CURVE_STYLE('',#20948,POSITIVE_LENGTH_MEASURE(0.1),#20081);
#20948 = DRAUGHTING_PRE_DEFINED_CURVE_FONT('continuous');
#20949 = OVER_RIDING_STYLED_ITEM('overriding color',(#20950),#6245,
  #20863);
#20950 = PRESENTATION_STYLE_BY_CONTEXT((#20951,#20956),#19679);
#20951 = SURFACE_STYLE_USAGE(.BOTH.,#20952);
#20952 = SURFACE_SIDE_STYLE('',(#20953));
#20953 = SURFACE_STYLE_FILL_AREA(#20954);
#20954 = FILL_AREA_STYLE('',(#20955));
#20955 = FILL_AREA_STYLE_COLOUR('',#20870);
#20956 = CURVE_STYLE('',#20957,POSITIVE_LENGTH_MEASURE(0.1),#19819);
#20957 = DRAUGHTING_PRE_DEFINED_CURVE_FONT('continuous');
#20958 = OVER_RIDING_STYLED_ITEM('overriding color',(#20959),#6245,
  #20863);
#20959 = PRESENTATION_STYLE_BY_CONTEXT((#20960,#20966),#19689);
#20960 = SURFACE_STYLE_USAGE(.BOTH.,#20961);
#20961 = SURFACE_SIDE_STYLE('',(#20962));
#20962 = SURFACE_STYLE_FILL_AREA(#20963);
#20963 = FILL_AREA_STYLE('',(#20964));
#20964 = FILL_AREA_STYLE_COLOUR('',#20965);
#20965 = COLOUR_RGB('',0.886274513239,0.886274513239,0.886274513239);
#20966 = CURVE_STYLE('',#20967,POSITIVE_LENGTH_MEASURE(0.1),#20101);
#20967 = DRAUGHTING_PRE_DEFINED_CURVE_FONT('continuous');
#20968 = OVER_RIDING_STYLED_ITEM('overriding color',(#20969),#6245,
  #20863);
#20969 = PRESENTATION_STYLE_BY_CONTEXT((#20970,#20975),#19707);
#20970 = SURFACE_STYLE_USAGE(.BOTH.,#20971);
#20971 = SURFACE_SIDE_STYLE('',(#20972));
#20972 = SURFACE_STYLE_FILL_AREA(#20973);
#20973 = FILL_AREA_STYLE('',(#20974));
#20974 = FILL_AREA_STYLE_COLOUR('',#20870);
#20975 = CURVE_STYLE('',#20976,POSITIVE_LENGTH_MEASURE(0.1),#19819);
#20976 = DRAUGHTING_PRE_DEFINED_CURVE_FONT('continuous');
#20977 = OVER_RIDING_STYLED_ITEM('overriding color',(#20978),#6245,
  #20863);
#20978 = PRESENTATION_STYLE_BY_CONTEXT((#20979,#20985),#19717);
#20979 = SURFACE_STYLE_USAGE(.BOTH.,#20980);
#20980 = SURFACE_SIDE_STYLE('',(#20981));
#20981 = SURFACE_STYLE_FILL_AREA(#20982);
#20982 = FILL_AREA_STYLE('',(#20983));
#20983 = FILL_AREA_STYLE_COLOUR('',#20984);
#20984 = COLOUR_RGB('',0.886274513239,0.886274513239,0.886274513239);
#20985 = CURVE_STYLE('',#20986,POSITIVE_LENGTH_MEASURE(0.1),#20121);
#20986 = DRAUGHTING_PRE_DEFINED_CURVE_FONT('continuous');
#20987 = OVER_RIDING_STYLED_ITEM('overriding color',(#20988),#6245,
  #20863);
#20988 = PRESENTATION_STYLE_BY_CONTEXT((#20989,#20994),#19727);
#20989 = SURFACE_STYLE_USAGE(.BOTH.,#20990);
#20990 = SURFACE_SIDE_STYLE('',(#20991));
#20991 = SURFACE_STYLE_FILL_AREA(#20992);
#20992 = FILL_AREA_STYLE('',(#20993));
#20993 = FILL_AREA_STYLE_COLOUR('',#20870);
#20994 = CURVE_STYLE('',#20995,POSITIVE_LENGTH_MEASURE(0.1),#19819);
#20995 = DRAUGHTING_PRE_DEFINED_CURVE_FONT('continuous');
#20996 = OVER_RIDING_STYLED_ITEM('overriding color',(#20997),#6245,
  #20863);
#20997 = PRESENTATION_STYLE_BY_CONTEXT((#20998,#21004),#19737);
#20998 = SURFACE_STYLE_USAGE(.BOTH.,#20999);
#20999 = SURFACE_SIDE_STYLE('',(#21000));
#21000 = SURFACE_STYLE_FILL_AREA(#21001);
#21001 = FILL_AREA_STYLE('',(#21002));
#21002 = FILL_AREA_STYLE_COLOUR('',#21003);
#21003 = COLOUR_RGB('',0.886274513239,0.886274513239,0.886274513239);
#21004 = CURVE_STYLE('',#21005,POSITIVE_LENGTH_MEASURE(0.1),#20141);
#21005 = DRAUGHTING_PRE_DEFINED_CURVE_FONT('continuous');
#21006 = OVER_RIDING_STYLED_ITEM('overriding color',(#21007),#6245,
  #20863);
#21007 = PRESENTATION_STYLE_BY_CONTEXT((#21008,#21013),#19779);
#21008 = SURFACE_STYLE_USAGE(.BOTH.,#21009);
#21009 = SURFACE_SIDE_STYLE('',(#21010));
#21010 = SURFACE_STYLE_FILL_AREA(#21011);
#21011 = FILL_AREA_STYLE('',(#21012));
#21012 = FILL_AREA_STYLE_COLOUR('',#20870);
#21013 = CURVE_STYLE('',#21014,POSITIVE_LENGTH_MEASURE(0.1),#19819);
#21014 = DRAUGHTING_PRE_DEFINED_CURVE_FONT('continuous');
#21015 = OVER_RIDING_STYLED_ITEM('overriding color',(#21016),#6245,
  #20863);
#21016 = PRESENTATION_STYLE_BY_CONTEXT((#21017,#21023),#19789);
#21017 = SURFACE_STYLE_USAGE(.BOTH.,#21018);
#21018 = SURFACE_SIDE_STYLE('',(#21019));
#21019 = SURFACE_STYLE_FILL_AREA(#21020);
#21020 = FILL_AREA_STYLE('',(#21021));
#21021 = FILL_AREA_STYLE_COLOUR('',#21022);
#21022 = COLOUR_RGB('',0.886274513239,0.886274513239,0.886274513239);
#21023 = CURVE_STYLE('',#21024,POSITIVE_LENGTH_MEASURE(0.1),#20161);
#21024 = DRAUGHTING_PRE_DEFINED_CURVE_FONT('continuous');
#21025 = MECHANICAL_DESIGN_GEOMETRIC_PRESENTATION_REPRESENTATION('',(
    #21026),#19569);
#21026 = STYLED_ITEM('color',(#21027),#9437);
#21027 = PRESENTATION_STYLE_ASSIGNMENT((#21028,#21034));
#21028 = SURFACE_STYLE_USAGE(.BOTH.,#21029);
#21029 = SURFACE_SIDE_STYLE('',(#21030));
#21030 = SURFACE_STYLE_FILL_AREA(#21031);
#21031 = FILL_AREA_STYLE('',(#21032));
#21032 = FILL_AREA_STYLE_COLOUR('',#21033);
#21033 = COLOUR_RGB('',0.313304153717,0.484529191082,0.410020923746);
#21034 = CURVE_STYLE('',#21035,POSITIVE_LENGTH_MEASURE(0.1),#19819);
#21035 = DRAUGHTING_PRE_DEFINED_CURVE_FONT('continuous');
ENDSEC;
END-ISO-10303-21;
