ISO-10303-21;
HEADER;
FILE_DESCRIPTION(('FreeCAD Model'),'2;1');
FILE_NAME('Open CASCADE Shape Model','2026-06-19T15:07:11',(''),(''),
  'Open CASCADE STEP processor 7.8','FreeCAD','Unknown');
FILE_SCHEMA(('AUTOMOTIVE_DESIGN { 1 0 10303 214 1 1 1 1 }'));
ENDSEC;
DATA;
#1 = APPLICATION_PROTOCOL_DEFINITION('international standard',
  'automotive_design',2000,#2);
#2 = APPLICATION_CONTEXT(
  'core data for automotive mechanical design processes');
#3 = SHAPE_DEFINITION_REPRESENTATION(#4,#10);
#4 = PRODUCT_DEFINITION_SHAPE('','',#5);
#5 = PRODUCT_DEFINITION('design','',#6,#9);
#6 = PRODUCT_DEFINITION_FORMATION('','',#7);
#7 = PRODUCT('Cut Risen Plate001','Cut Risen Plate001','',(#8));
#8 = PRODUCT_CONTEXT('',#2,'mechanical');
#9 = PRODUCT_DEFINITION_CONTEXT('part definition',#2,'design');
#10 = ADVANCED_BREP_SHAPE_REPRESENTATION('',(#11,#15),#3642);
#11 = AXIS2_PLACEMENT_3D('',#12,#13,#14);
#12 = CARTESIAN_POINT('',(0.,0.,0.));
#13 = DIRECTION('',(0.,0.,1.));
#14 = DIRECTION('',(1.,0.,-0.));
#15 = MANIFOLD_SOLID_BREP('',#16);
#16 = CLOSED_SHELL('',(#17,#776,#839,#895,#951,#1000,#1024,#1055,#1080,
    #1105,#1129,#1153,#1178,#1203,#1220,#1251,#1276,#1301,#1325,#1349,
    #1374,#1399,#1416,#1447,#1472,#1497,#1521,#1545,#1570,#1595,#1612,
    #1643,#1668,#1693,#1717,#1741,#1766,#1791,#1808,#1832,#1863,#1888,
    #1913,#1937,#1961,#1986,#2011,#2028,#2059,#2084,#2109,#2133,#2157,
    #2182,#2207,#2224,#2255,#2280,#2305,#2329,#2353,#2378,#2403,#2420,
    #2451,#2476,#2501,#2525,#2549,#2574,#2599,#2616,#2640,#2671,#2711,
    #2735,#2768,#2799,#2824,#2849,#2873,#2897,#2922,#2947,#2964,#3023,
    #3047,#3074,#3098,#3122,#3146,#3166,#3183,#3207,#3231,#3251,#3278,
    #3302,#3324,#3336,#3353,#3391,#3403,#3550,#3562,#3579,#3596,#3618,
    #3630));
#17 = ADVANCED_FACE('',(#18,#52,#63,#133,#203,#273,#343,#354,#424,#494,
    #564,#634,#645,#679,#749,#760),#771,.F.);
#18 = FACE_BOUND('',#19,.F.);
#19 = EDGE_LOOP('',(#20,#30,#38,#46));
#20 = ORIENTED_EDGE('',*,*,#21,.T.);
#21 = EDGE_CURVE('',#22,#24,#26,.T.);
#22 = VERTEX_POINT('',#23);
#23 = CARTESIAN_POINT('',(-50.,-50.,0.));
#24 = VERTEX_POINT('',#25);
#25 = CARTESIAN_POINT('',(50.,-50.,0.));
#26 = LINE('',#27,#28);
#27 = CARTESIAN_POINT('',(-50.,-50.,0.));
#28 = VECTOR('',#29,1.);
#29 = DIRECTION('',(1.,0.,0.));
#30 = ORIENTED_EDGE('',*,*,#31,.T.);
#31 = EDGE_CURVE('',#24,#32,#34,.T.);
#32 = VERTEX_POINT('',#33);
#33 = CARTESIAN_POINT('',(50.,50.,0.));
#34 = LINE('',#35,#36);
#35 = CARTESIAN_POINT('',(50.,-50.,0.));
#36 = VECTOR('',#37,1.);
#37 = DIRECTION('',(0.,1.,0.));
#38 = ORIENTED_EDGE('',*,*,#39,.T.);
#39 = EDGE_CURVE('',#32,#40,#42,.T.);
#40 = VERTEX_POINT('',#41);
#41 = CARTESIAN_POINT('',(-50.,50.,0.));
#42 = LINE('',#43,#44);
#43 = CARTESIAN_POINT('',(50.,50.,0.));
#44 = VECTOR('',#45,1.);
#45 = DIRECTION('',(-1.,0.,0.));
#46 = ORIENTED_EDGE('',*,*,#47,.T.);
#47 = EDGE_CURVE('',#40,#22,#48,.T.);
#48 = LINE('',#49,#50);
#49 = CARTESIAN_POINT('',(-50.,50.,0.));
#50 = VECTOR('',#51,1.);
#51 = DIRECTION('',(0.,-1.,0.));
#52 = FACE_BOUND('',#53,.F.);
#53 = EDGE_LOOP('',(#54));
#54 = ORIENTED_EDGE('',*,*,#55,.F.);
#55 = EDGE_CURVE('',#56,#56,#58,.T.);
#56 = VERTEX_POINT('',#57);
#57 = CARTESIAN_POINT('',(-43.25,-45.,0.));
#58 = CIRCLE('',#59,1.75);
#59 = AXIS2_PLACEMENT_3D('',#60,#61,#62);
#60 = CARTESIAN_POINT('',(-45.,-45.,0.));
#61 = DIRECTION('',(0.,0.,1.));
#62 = DIRECTION('',(1.,0.,0.));
#63 = FACE_BOUND('',#64,.F.);
#64 = EDGE_LOOP('',(#65,#75,#84,#92,#101,#109,#118,#126));
#65 = ORIENTED_EDGE('',*,*,#66,.T.);
#66 = EDGE_CURVE('',#67,#69,#71,.T.);
#67 = VERTEX_POINT('',#68);
#68 = CARTESIAN_POINT('',(-26.05,-25.55,0.));
#69 = VERTEX_POINT('',#70);
#70 = CARTESIAN_POINT('',(-26.05,-12.55,0.));
#71 = LINE('',#72,#73);
#72 = CARTESIAN_POINT('',(-26.05,-25.55,0.));
#73 = VECTOR('',#74,1.);
#74 = DIRECTION('',(0.,1.,0.));
#75 = ORIENTED_EDGE('',*,*,#76,.F.);
#76 = EDGE_CURVE('',#77,#69,#79,.T.);
#77 = VERTEX_POINT('',#78);
#78 = CARTESIAN_POINT('',(-25.55,-12.05,0.));
#79 = CIRCLE('',#80,0.5);
#80 = AXIS2_PLACEMENT_3D('',#81,#82,#83);
#81 = CARTESIAN_POINT('',(-25.55,-12.55,0.));
#82 = DIRECTION('',(0.,0.,1.));
#83 = DIRECTION('',(1.,0.,0.));
#84 = ORIENTED_EDGE('',*,*,#85,.T.);
#85 = EDGE_CURVE('',#77,#86,#88,.T.);
#86 = VERTEX_POINT('',#87);
#87 = CARTESIAN_POINT('',(-12.55,-12.05,0.));
#88 = LINE('',#89,#90);
#89 = CARTESIAN_POINT('',(-25.55,-12.05,0.));
#90 = VECTOR('',#91,1.);
#91 = DIRECTION('',(1.,0.,0.));
#92 = ORIENTED_EDGE('',*,*,#93,.F.);
#93 = EDGE_CURVE('',#94,#86,#96,.T.);
#94 = VERTEX_POINT('',#95);
#95 = CARTESIAN_POINT('',(-12.05,-12.55,0.));
#96 = CIRCLE('',#97,0.5);
#97 = AXIS2_PLACEMENT_3D('',#98,#99,#100);
#98 = CARTESIAN_POINT('',(-12.55,-12.55,0.));
#99 = DIRECTION('',(0.,0.,1.));
#100 = DIRECTION('',(1.,0.,0.));
#101 = ORIENTED_EDGE('',*,*,#102,.T.);
#102 = EDGE_CURVE('',#94,#103,#105,.T.);
#103 = VERTEX_POINT('',#104);
#104 = CARTESIAN_POINT('',(-12.05,-25.55,0.));
#105 = LINE('',#106,#107);
#106 = CARTESIAN_POINT('',(-12.05,-12.55,0.));
#107 = VECTOR('',#108,1.);
#108 = DIRECTION('',(0.,-1.,0.));
#109 = ORIENTED_EDGE('',*,*,#110,.F.);
#110 = EDGE_CURVE('',#111,#103,#113,.T.);
#111 = VERTEX_POINT('',#112);
#112 = CARTESIAN_POINT('',(-12.55,-26.05,0.));
#113 = CIRCLE('',#114,0.5);
#114 = AXIS2_PLACEMENT_3D('',#115,#116,#117);
#115 = CARTESIAN_POINT('',(-12.55,-25.55,0.));
#116 = DIRECTION('',(0.,0.,1.));
#117 = DIRECTION('',(1.,0.,0.));
#118 = ORIENTED_EDGE('',*,*,#119,.T.);
#119 = EDGE_CURVE('',#111,#120,#122,.T.);
#120 = VERTEX_POINT('',#121);
#121 = CARTESIAN_POINT('',(-25.55,-26.05,0.));
#122 = LINE('',#123,#124);
#123 = CARTESIAN_POINT('',(-12.55,-26.05,0.));
#124 = VECTOR('',#125,1.);
#125 = DIRECTION('',(-1.,0.,0.));
#126 = ORIENTED_EDGE('',*,*,#127,.F.);
#127 = EDGE_CURVE('',#67,#120,#128,.T.);
#128 = CIRCLE('',#129,0.5);
#129 = AXIS2_PLACEMENT_3D('',#130,#131,#132);
#130 = CARTESIAN_POINT('',(-25.55,-25.55,0.));
#131 = DIRECTION('',(0.,0.,1.));
#132 = DIRECTION('',(1.,0.,0.));
#133 = FACE_BOUND('',#134,.F.);
#134 = EDGE_LOOP('',(#135,#145,#154,#162,#171,#179,#188,#196));
#135 = ORIENTED_EDGE('',*,*,#136,.T.);
#136 = EDGE_CURVE('',#137,#139,#141,.T.);
#137 = VERTEX_POINT('',#138);
#138 = CARTESIAN_POINT('',(-7.,-25.55,0.));
#139 = VERTEX_POINT('',#140);
#140 = CARTESIAN_POINT('',(-7.,-12.55,0.));
#141 = LINE('',#142,#143);
#142 = CARTESIAN_POINT('',(-7.,-25.55,0.));
#143 = VECTOR('',#144,1.);
#144 = DIRECTION('',(0.,1.,0.));
#145 = ORIENTED_EDGE('',*,*,#146,.F.);
#146 = EDGE_CURVE('',#147,#139,#149,.T.);
#147 = VERTEX_POINT('',#148);
#148 = CARTESIAN_POINT('',(-6.5,-12.05,0.));
#149 = CIRCLE('',#150,0.5);
#150 = AXIS2_PLACEMENT_3D('',#151,#152,#153);
#151 = CARTESIAN_POINT('',(-6.5,-12.55,0.));
#152 = DIRECTION('',(0.,0.,1.));
#153 = DIRECTION('',(1.,0.,0.));
#154 = ORIENTED_EDGE('',*,*,#155,.T.);
#155 = EDGE_CURVE('',#147,#156,#158,.T.);
#156 = VERTEX_POINT('',#157);
#157 = CARTESIAN_POINT('',(6.5,-12.05,0.));
#158 = LINE('',#159,#160);
#159 = CARTESIAN_POINT('',(-6.5,-12.05,0.));
#160 = VECTOR('',#161,1.);
#161 = DIRECTION('',(1.,0.,0.));
#162 = ORIENTED_EDGE('',*,*,#163,.F.);
#163 = EDGE_CURVE('',#164,#156,#166,.T.);
#164 = VERTEX_POINT('',#165);
#165 = CARTESIAN_POINT('',(7.,-12.55,0.));
#166 = CIRCLE('',#167,0.5);
#167 = AXIS2_PLACEMENT_3D('',#168,#169,#170);
#168 = CARTESIAN_POINT('',(6.5,-12.55,0.));
#169 = DIRECTION('',(0.,0.,1.));
#170 = DIRECTION('',(1.,0.,0.));
#171 = ORIENTED_EDGE('',*,*,#172,.T.);
#172 = EDGE_CURVE('',#164,#173,#175,.T.);
#173 = VERTEX_POINT('',#174);
#174 = CARTESIAN_POINT('',(7.,-25.55,0.));
#175 = LINE('',#176,#177);
#176 = CARTESIAN_POINT('',(7.,-12.55,0.));
#177 = VECTOR('',#178,1.);
#178 = DIRECTION('',(0.,-1.,0.));
#179 = ORIENTED_EDGE('',*,*,#180,.F.);
#180 = EDGE_CURVE('',#181,#173,#183,.T.);
#181 = VERTEX_POINT('',#182);
#182 = CARTESIAN_POINT('',(6.5,-26.05,0.));
#183 = CIRCLE('',#184,0.5);
#184 = AXIS2_PLACEMENT_3D('',#185,#186,#187);
#185 = CARTESIAN_POINT('',(6.5,-25.55,0.));
#186 = DIRECTION('',(0.,0.,1.));
#187 = DIRECTION('',(1.,0.,0.));
#188 = ORIENTED_EDGE('',*,*,#189,.T.);
#189 = EDGE_CURVE('',#181,#190,#192,.T.);
#190 = VERTEX_POINT('',#191);
#191 = CARTESIAN_POINT('',(-6.5,-26.05,0.));
#192 = LINE('',#193,#194);
#193 = CARTESIAN_POINT('',(6.5,-26.05,0.));
#194 = VECTOR('',#195,1.);
#195 = DIRECTION('',(-1.,0.,0.));
#196 = ORIENTED_EDGE('',*,*,#197,.F.);
#197 = EDGE_CURVE('',#137,#190,#198,.T.);
#198 = CIRCLE('',#199,0.5);
#199 = AXIS2_PLACEMENT_3D('',#200,#201,#202);
#200 = CARTESIAN_POINT('',(-6.5,-25.55,0.));
#201 = DIRECTION('',(0.,0.,1.));
#202 = DIRECTION('',(1.,0.,0.));
#203 = FACE_BOUND('',#204,.F.);
#204 = EDGE_LOOP('',(#205,#215,#224,#232,#241,#249,#258,#266));
#205 = ORIENTED_EDGE('',*,*,#206,.T.);
#206 = EDGE_CURVE('',#207,#209,#211,.T.);
#207 = VERTEX_POINT('',#208);
#208 = CARTESIAN_POINT('',(-12.05,6.5,0.));
#209 = VERTEX_POINT('',#210);
#210 = CARTESIAN_POINT('',(-12.05,-6.5,0.));
#211 = LINE('',#212,#213);
#212 = CARTESIAN_POINT('',(-12.05,6.5,0.));
#213 = VECTOR('',#214,1.);
#214 = DIRECTION('',(0.,-1.,0.));
#215 = ORIENTED_EDGE('',*,*,#216,.F.);
#216 = EDGE_CURVE('',#217,#209,#219,.T.);
#217 = VERTEX_POINT('',#218);
#218 = CARTESIAN_POINT('',(-12.55,-7.,0.));
#219 = CIRCLE('',#220,0.5);
#220 = AXIS2_PLACEMENT_3D('',#221,#222,#223);
#221 = CARTESIAN_POINT('',(-12.55,-6.5,0.));
#222 = DIRECTION('',(0.,0.,1.));
#223 = DIRECTION('',(1.,0.,0.));
#224 = ORIENTED_EDGE('',*,*,#225,.T.);
#225 = EDGE_CURVE('',#217,#226,#228,.T.);
#226 = VERTEX_POINT('',#227);
#227 = CARTESIAN_POINT('',(-25.55,-7.,0.));
#228 = LINE('',#229,#230);
#229 = CARTESIAN_POINT('',(-12.55,-7.,0.));
#230 = VECTOR('',#231,1.);
#231 = DIRECTION('',(-1.,0.,0.));
#232 = ORIENTED_EDGE('',*,*,#233,.F.);
#233 = EDGE_CURVE('',#234,#226,#236,.T.);
#234 = VERTEX_POINT('',#235);
#235 = CARTESIAN_POINT('',(-26.05,-6.5,0.));
#236 = CIRCLE('',#237,0.5);
#237 = AXIS2_PLACEMENT_3D('',#238,#239,#240);
#238 = CARTESIAN_POINT('',(-25.55,-6.5,0.));
#239 = DIRECTION('',(0.,0.,1.));
#240 = DIRECTION('',(1.,0.,0.));
#241 = ORIENTED_EDGE('',*,*,#242,.T.);
#242 = EDGE_CURVE('',#234,#243,#245,.T.);
#243 = VERTEX_POINT('',#244);
#244 = CARTESIAN_POINT('',(-26.05,6.5,0.));
#245 = LINE('',#246,#247);
#246 = CARTESIAN_POINT('',(-26.05,-6.5,0.));
#247 = VECTOR('',#248,1.);
#248 = DIRECTION('',(0.,1.,0.));
#249 = ORIENTED_EDGE('',*,*,#250,.F.);
#250 = EDGE_CURVE('',#251,#243,#253,.T.);
#251 = VERTEX_POINT('',#252);
#252 = CARTESIAN_POINT('',(-25.55,7.,0.));
#253 = CIRCLE('',#254,0.5);
#254 = AXIS2_PLACEMENT_3D('',#255,#256,#257);
#255 = CARTESIAN_POINT('',(-25.55,6.5,0.));
#256 = DIRECTION('',(0.,0.,1.));
#257 = DIRECTION('',(1.,0.,0.));
#258 = ORIENTED_EDGE('',*,*,#259,.T.);
#259 = EDGE_CURVE('',#251,#260,#262,.T.);
#260 = VERTEX_POINT('',#261);
#261 = CARTESIAN_POINT('',(-12.55,7.,0.));
#262 = LINE('',#263,#264);
#263 = CARTESIAN_POINT('',(-25.55,7.,0.));
#264 = VECTOR('',#265,1.);
#265 = DIRECTION('',(1.,0.,0.));
#266 = ORIENTED_EDGE('',*,*,#267,.F.);
#267 = EDGE_CURVE('',#207,#260,#268,.T.);
#268 = CIRCLE('',#269,0.5);
#269 = AXIS2_PLACEMENT_3D('',#270,#271,#272);
#270 = CARTESIAN_POINT('',(-12.55,6.5,0.));
#271 = DIRECTION('',(0.,0.,1.));
#272 = DIRECTION('',(1.,0.,0.));
#273 = FACE_BOUND('',#274,.F.);
#274 = EDGE_LOOP('',(#275,#285,#294,#302,#311,#319,#328,#336));
#275 = ORIENTED_EDGE('',*,*,#276,.F.);
#276 = EDGE_CURVE('',#277,#279,#281,.T.);
#277 = VERTEX_POINT('',#278);
#278 = CARTESIAN_POINT('',(-6.5,-7.,0.));
#279 = VERTEX_POINT('',#280);
#280 = CARTESIAN_POINT('',(6.5,-7.,0.));
#281 = LINE('',#282,#283);
#282 = CARTESIAN_POINT('',(-6.5,-7.,0.));
#283 = VECTOR('',#284,1.);
#284 = DIRECTION('',(1.,0.,0.));
#285 = ORIENTED_EDGE('',*,*,#286,.F.);
#286 = EDGE_CURVE('',#287,#277,#289,.T.);
#287 = VERTEX_POINT('',#288);
#288 = CARTESIAN_POINT('',(-7.,-6.5,0.));
#289 = CIRCLE('',#290,0.5);
#290 = AXIS2_PLACEMENT_3D('',#291,#292,#293);
#291 = CARTESIAN_POINT('',(-6.5,-6.5,0.));
#292 = DIRECTION('',(0.,0.,1.));
#293 = DIRECTION('',(1.,0.,0.));
#294 = ORIENTED_EDGE('',*,*,#295,.F.);
#295 = EDGE_CURVE('',#296,#287,#298,.T.);
#296 = VERTEX_POINT('',#297);
#297 = CARTESIAN_POINT('',(-7.,6.5,0.));
#298 = LINE('',#299,#300);
#299 = CARTESIAN_POINT('',(-7.,6.5,0.));
#300 = VECTOR('',#301,1.);
#301 = DIRECTION('',(0.,-1.,0.));
#302 = ORIENTED_EDGE('',*,*,#303,.F.);
#303 = EDGE_CURVE('',#304,#296,#306,.T.);
#304 = VERTEX_POINT('',#305);
#305 = CARTESIAN_POINT('',(-6.5,7.,0.));
#306 = CIRCLE('',#307,0.5);
#307 = AXIS2_PLACEMENT_3D('',#308,#309,#310);
#308 = CARTESIAN_POINT('',(-6.5,6.5,0.));
#309 = DIRECTION('',(0.,0.,1.));
#310 = DIRECTION('',(1.,0.,0.));
#311 = ORIENTED_EDGE('',*,*,#312,.F.);
#312 = EDGE_CURVE('',#313,#304,#315,.T.);
#313 = VERTEX_POINT('',#314);
#314 = CARTESIAN_POINT('',(6.5,7.,0.));
#315 = LINE('',#316,#317);
#316 = CARTESIAN_POINT('',(6.5,7.,0.));
#317 = VECTOR('',#318,1.);
#318 = DIRECTION('',(-1.,0.,0.));
#319 = ORIENTED_EDGE('',*,*,#320,.F.);
#320 = EDGE_CURVE('',#321,#313,#323,.T.);
#321 = VERTEX_POINT('',#322);
#322 = CARTESIAN_POINT('',(7.,6.5,0.));
#323 = CIRCLE('',#324,0.5);
#324 = AXIS2_PLACEMENT_3D('',#325,#326,#327);
#325 = CARTESIAN_POINT('',(6.5,6.5,0.));
#326 = DIRECTION('',(0.,0.,1.));
#327 = DIRECTION('',(1.,0.,0.));
#328 = ORIENTED_EDGE('',*,*,#329,.F.);
#329 = EDGE_CURVE('',#330,#321,#332,.T.);
#330 = VERTEX_POINT('',#331);
#331 = CARTESIAN_POINT('',(7.,-6.5,0.));
#332 = LINE('',#333,#334);
#333 = CARTESIAN_POINT('',(7.,-6.5,0.));
#334 = VECTOR('',#335,1.);
#335 = DIRECTION('',(0.,1.,0.));
#336 = ORIENTED_EDGE('',*,*,#337,.F.);
#337 = EDGE_CURVE('',#279,#330,#338,.T.);
#338 = CIRCLE('',#339,0.5);
#339 = AXIS2_PLACEMENT_3D('',#340,#341,#342);
#340 = CARTESIAN_POINT('',(6.5,-6.5,0.));
#341 = DIRECTION('',(0.,0.,1.));
#342 = DIRECTION('',(1.,0.,0.));
#343 = FACE_BOUND('',#344,.F.);
#344 = EDGE_LOOP('',(#345));
#345 = ORIENTED_EDGE('',*,*,#346,.F.);
#346 = EDGE_CURVE('',#347,#347,#349,.T.);
#347 = VERTEX_POINT('',#348);
#348 = CARTESIAN_POINT('',(46.75,-45.,0.));
#349 = CIRCLE('',#350,1.75);
#350 = AXIS2_PLACEMENT_3D('',#351,#352,#353);
#351 = CARTESIAN_POINT('',(45.,-45.,0.));
#352 = DIRECTION('',(0.,0.,1.));
#353 = DIRECTION('',(1.,0.,0.));
#354 = FACE_BOUND('',#355,.F.);
#355 = EDGE_LOOP('',(#356,#366,#375,#383,#392,#400,#409,#417));
#356 = ORIENTED_EDGE('',*,*,#357,.F.);
#357 = EDGE_CURVE('',#358,#360,#362,.T.);
#358 = VERTEX_POINT('',#359);
#359 = CARTESIAN_POINT('',(25.55,-12.05,0.));
#360 = VERTEX_POINT('',#361);
#361 = CARTESIAN_POINT('',(12.55,-12.05,0.));
#362 = LINE('',#363,#364);
#363 = CARTESIAN_POINT('',(25.55,-12.05,0.));
#364 = VECTOR('',#365,1.);
#365 = DIRECTION('',(-1.,0.,0.));
#366 = ORIENTED_EDGE('',*,*,#367,.F.);
#367 = EDGE_CURVE('',#368,#358,#370,.T.);
#368 = VERTEX_POINT('',#369);
#369 = CARTESIAN_POINT('',(26.05,-12.55,0.));
#370 = CIRCLE('',#371,0.5);
#371 = AXIS2_PLACEMENT_3D('',#372,#373,#374);
#372 = CARTESIAN_POINT('',(25.55,-12.55,0.));
#373 = DIRECTION('',(0.,0.,1.));
#374 = DIRECTION('',(1.,0.,0.));
#375 = ORIENTED_EDGE('',*,*,#376,.F.);
#376 = EDGE_CURVE('',#377,#368,#379,.T.);
#377 = VERTEX_POINT('',#378);
#378 = CARTESIAN_POINT('',(26.05,-25.55,0.));
#379 = LINE('',#380,#381);
#380 = CARTESIAN_POINT('',(26.05,-25.55,0.));
#381 = VECTOR('',#382,1.);
#382 = DIRECTION('',(0.,1.,0.));
#383 = ORIENTED_EDGE('',*,*,#384,.F.);
#384 = EDGE_CURVE('',#385,#377,#387,.T.);
#385 = VERTEX_POINT('',#386);
#386 = CARTESIAN_POINT('',(25.55,-26.05,0.));
#387 = CIRCLE('',#388,0.5);
#388 = AXIS2_PLACEMENT_3D('',#389,#390,#391);
#389 = CARTESIAN_POINT('',(25.55,-25.55,0.));
#390 = DIRECTION('',(0.,0.,1.));
#391 = DIRECTION('',(1.,0.,0.));
#392 = ORIENTED_EDGE('',*,*,#393,.F.);
#393 = EDGE_CURVE('',#394,#385,#396,.T.);
#394 = VERTEX_POINT('',#395);
#395 = CARTESIAN_POINT('',(12.55,-26.05,0.));
#396 = LINE('',#397,#398);
#397 = CARTESIAN_POINT('',(12.55,-26.05,0.));
#398 = VECTOR('',#399,1.);
#399 = DIRECTION('',(1.,0.,0.));
#400 = ORIENTED_EDGE('',*,*,#401,.F.);
#401 = EDGE_CURVE('',#402,#394,#404,.T.);
#402 = VERTEX_POINT('',#403);
#403 = CARTESIAN_POINT('',(12.05,-25.55,0.));
#404 = CIRCLE('',#405,0.5);
#405 = AXIS2_PLACEMENT_3D('',#406,#407,#408);
#406 = CARTESIAN_POINT('',(12.55,-25.55,0.));
#407 = DIRECTION('',(0.,0.,1.));
#408 = DIRECTION('',(1.,0.,0.));
#409 = ORIENTED_EDGE('',*,*,#410,.F.);
#410 = EDGE_CURVE('',#411,#402,#413,.T.);
#411 = VERTEX_POINT('',#412);
#412 = CARTESIAN_POINT('',(12.05,-12.55,0.));
#413 = LINE('',#414,#415);
#414 = CARTESIAN_POINT('',(12.05,-12.55,0.));
#415 = VECTOR('',#416,1.);
#416 = DIRECTION('',(0.,-1.,0.));
#417 = ORIENTED_EDGE('',*,*,#418,.F.);
#418 = EDGE_CURVE('',#360,#411,#419,.T.);
#419 = CIRCLE('',#420,0.5);
#420 = AXIS2_PLACEMENT_3D('',#421,#422,#423);
#421 = CARTESIAN_POINT('',(12.55,-12.55,0.));
#422 = DIRECTION('',(0.,0.,1.));
#423 = DIRECTION('',(1.,0.,0.));
#424 = FACE_BOUND('',#425,.F.);
#425 = EDGE_LOOP('',(#426,#436,#445,#453,#462,#470,#479,#487));
#426 = ORIENTED_EDGE('',*,*,#427,.F.);
#427 = EDGE_CURVE('',#428,#430,#432,.T.);
#428 = VERTEX_POINT('',#429);
#429 = CARTESIAN_POINT('',(12.55,-7.,0.));
#430 = VERTEX_POINT('',#431);
#431 = CARTESIAN_POINT('',(25.55,-7.,0.));
#432 = LINE('',#433,#434);
#433 = CARTESIAN_POINT('',(12.55,-7.,0.));
#434 = VECTOR('',#435,1.);
#435 = DIRECTION('',(1.,0.,0.));
#436 = ORIENTED_EDGE('',*,*,#437,.F.);
#437 = EDGE_CURVE('',#438,#428,#440,.T.);
#438 = VERTEX_POINT('',#439);
#439 = CARTESIAN_POINT('',(12.05,-6.5,0.));
#440 = CIRCLE('',#441,0.5);
#441 = AXIS2_PLACEMENT_3D('',#442,#443,#444);
#442 = CARTESIAN_POINT('',(12.55,-6.5,0.));
#443 = DIRECTION('',(0.,0.,1.));
#444 = DIRECTION('',(1.,0.,0.));
#445 = ORIENTED_EDGE('',*,*,#446,.F.);
#446 = EDGE_CURVE('',#447,#438,#449,.T.);
#447 = VERTEX_POINT('',#448);
#448 = CARTESIAN_POINT('',(12.05,6.5,0.));
#449 = LINE('',#450,#451);
#450 = CARTESIAN_POINT('',(12.05,6.5,0.));
#451 = VECTOR('',#452,1.);
#452 = DIRECTION('',(0.,-1.,0.));
#453 = ORIENTED_EDGE('',*,*,#454,.F.);
#454 = EDGE_CURVE('',#455,#447,#457,.T.);
#455 = VERTEX_POINT('',#456);
#456 = CARTESIAN_POINT('',(12.55,7.,0.));
#457 = CIRCLE('',#458,0.5);
#458 = AXIS2_PLACEMENT_3D('',#459,#460,#461);
#459 = CARTESIAN_POINT('',(12.55,6.5,0.));
#460 = DIRECTION('',(0.,0.,1.));
#461 = DIRECTION('',(1.,0.,0.));
#462 = ORIENTED_EDGE('',*,*,#463,.F.);
#463 = EDGE_CURVE('',#464,#455,#466,.T.);
#464 = VERTEX_POINT('',#465);
#465 = CARTESIAN_POINT('',(25.55,7.,0.));
#466 = LINE('',#467,#468);
#467 = CARTESIAN_POINT('',(25.55,7.,0.));
#468 = VECTOR('',#469,1.);
#469 = DIRECTION('',(-1.,0.,0.));
#470 = ORIENTED_EDGE('',*,*,#471,.F.);
#471 = EDGE_CURVE('',#472,#464,#474,.T.);
#472 = VERTEX_POINT('',#473);
#473 = CARTESIAN_POINT('',(26.05,6.5,0.));
#474 = CIRCLE('',#475,0.5);
#475 = AXIS2_PLACEMENT_3D('',#476,#477,#478);
#476 = CARTESIAN_POINT('',(25.55,6.5,0.));
#477 = DIRECTION('',(0.,0.,1.));
#478 = DIRECTION('',(1.,0.,0.));
#479 = ORIENTED_EDGE('',*,*,#480,.F.);
#480 = EDGE_CURVE('',#481,#472,#483,.T.);
#481 = VERTEX_POINT('',#482);
#482 = CARTESIAN_POINT('',(26.05,-6.5,0.));
#483 = LINE('',#484,#485);
#484 = CARTESIAN_POINT('',(26.05,-6.5,0.));
#485 = VECTOR('',#486,1.);
#486 = DIRECTION('',(0.,1.,0.));
#487 = ORIENTED_EDGE('',*,*,#488,.F.);
#488 = EDGE_CURVE('',#430,#481,#489,.T.);
#489 = CIRCLE('',#490,0.5);
#490 = AXIS2_PLACEMENT_3D('',#491,#492,#493);
#491 = CARTESIAN_POINT('',(25.55,-6.5,0.));
#492 = DIRECTION('',(0.,0.,1.));
#493 = DIRECTION('',(1.,0.,0.));
#494 = FACE_BOUND('',#495,.F.);
#495 = EDGE_LOOP('',(#496,#506,#515,#523,#532,#540,#549,#557));
#496 = ORIENTED_EDGE('',*,*,#497,.F.);
#497 = EDGE_CURVE('',#498,#500,#502,.T.);
#498 = VERTEX_POINT('',#499);
#499 = CARTESIAN_POINT('',(-25.55,12.05,0.));
#500 = VERTEX_POINT('',#501);
#501 = CARTESIAN_POINT('',(-12.55,12.05,0.));
#502 = LINE('',#503,#504);
#503 = CARTESIAN_POINT('',(-25.55,12.05,0.));
#504 = VECTOR('',#505,1.);
#505 = DIRECTION('',(1.,0.,0.));
#506 = ORIENTED_EDGE('',*,*,#507,.F.);
#507 = EDGE_CURVE('',#508,#498,#510,.T.);
#508 = VERTEX_POINT('',#509);
#509 = CARTESIAN_POINT('',(-26.05,12.55,0.));
#510 = CIRCLE('',#511,0.5);
#511 = AXIS2_PLACEMENT_3D('',#512,#513,#514);
#512 = CARTESIAN_POINT('',(-25.55,12.55,0.));
#513 = DIRECTION('',(0.,0.,1.));
#514 = DIRECTION('',(1.,0.,0.));
#515 = ORIENTED_EDGE('',*,*,#516,.F.);
#516 = EDGE_CURVE('',#517,#508,#519,.T.);
#517 = VERTEX_POINT('',#518);
#518 = CARTESIAN_POINT('',(-26.05,25.55,0.));
#519 = LINE('',#520,#521);
#520 = CARTESIAN_POINT('',(-26.05,25.55,0.));
#521 = VECTOR('',#522,1.);
#522 = DIRECTION('',(0.,-1.,0.));
#523 = ORIENTED_EDGE('',*,*,#524,.F.);
#524 = EDGE_CURVE('',#525,#517,#527,.T.);
#525 = VERTEX_POINT('',#526);
#526 = CARTESIAN_POINT('',(-25.55,26.05,0.));
#527 = CIRCLE('',#528,0.5);
#528 = AXIS2_PLACEMENT_3D('',#529,#530,#531);
#529 = CARTESIAN_POINT('',(-25.55,25.55,0.));
#530 = DIRECTION('',(0.,0.,1.));
#531 = DIRECTION('',(1.,0.,0.));
#532 = ORIENTED_EDGE('',*,*,#533,.F.);
#533 = EDGE_CURVE('',#534,#525,#536,.T.);
#534 = VERTEX_POINT('',#535);
#535 = CARTESIAN_POINT('',(-12.55,26.05,0.));
#536 = LINE('',#537,#538);
#537 = CARTESIAN_POINT('',(-12.55,26.05,0.));
#538 = VECTOR('',#539,1.);
#539 = DIRECTION('',(-1.,0.,0.));
#540 = ORIENTED_EDGE('',*,*,#541,.F.);
#541 = EDGE_CURVE('',#542,#534,#544,.T.);
#542 = VERTEX_POINT('',#543);
#543 = CARTESIAN_POINT('',(-12.05,25.55,0.));
#544 = CIRCLE('',#545,0.5);
#545 = AXIS2_PLACEMENT_3D('',#546,#547,#548);
#546 = CARTESIAN_POINT('',(-12.55,25.55,0.));
#547 = DIRECTION('',(0.,0.,1.));
#548 = DIRECTION('',(1.,0.,0.));
#549 = ORIENTED_EDGE('',*,*,#550,.F.);
#550 = EDGE_CURVE('',#551,#542,#553,.T.);
#551 = VERTEX_POINT('',#552);
#552 = CARTESIAN_POINT('',(-12.05,12.55,0.));
#553 = LINE('',#554,#555);
#554 = CARTESIAN_POINT('',(-12.05,12.55,0.));
#555 = VECTOR('',#556,1.);
#556 = DIRECTION('',(0.,1.,0.));
#557 = ORIENTED_EDGE('',*,*,#558,.F.);
#558 = EDGE_CURVE('',#500,#551,#559,.T.);
#559 = CIRCLE('',#560,0.5);
#560 = AXIS2_PLACEMENT_3D('',#561,#562,#563);
#561 = CARTESIAN_POINT('',(-12.55,12.55,0.));
#562 = DIRECTION('',(0.,0.,1.));
#563 = DIRECTION('',(1.,0.,0.));
#564 = FACE_BOUND('',#565,.F.);
#565 = EDGE_LOOP('',(#566,#576,#585,#593,#602,#610,#619,#627));
#566 = ORIENTED_EDGE('',*,*,#567,.F.);
#567 = EDGE_CURVE('',#568,#570,#572,.T.);
#568 = VERTEX_POINT('',#569);
#569 = CARTESIAN_POINT('',(-6.5,12.05,0.));
#570 = VERTEX_POINT('',#571);
#571 = CARTESIAN_POINT('',(6.5,12.05,0.));
#572 = LINE('',#573,#574);
#573 = CARTESIAN_POINT('',(-6.5,12.05,0.));
#574 = VECTOR('',#575,1.);
#575 = DIRECTION('',(1.,0.,0.));
#576 = ORIENTED_EDGE('',*,*,#577,.F.);
#577 = EDGE_CURVE('',#578,#568,#580,.T.);
#578 = VERTEX_POINT('',#579);
#579 = CARTESIAN_POINT('',(-7.,12.55,0.));
#580 = CIRCLE('',#581,0.5);
#581 = AXIS2_PLACEMENT_3D('',#582,#583,#584);
#582 = CARTESIAN_POINT('',(-6.5,12.55,0.));
#583 = DIRECTION('',(0.,0.,1.));
#584 = DIRECTION('',(1.,0.,0.));
#585 = ORIENTED_EDGE('',*,*,#586,.F.);
#586 = EDGE_CURVE('',#587,#578,#589,.T.);
#587 = VERTEX_POINT('',#588);
#588 = CARTESIAN_POINT('',(-7.,25.55,0.));
#589 = LINE('',#590,#591);
#590 = CARTESIAN_POINT('',(-7.,25.55,0.));
#591 = VECTOR('',#592,1.);
#592 = DIRECTION('',(0.,-1.,0.));
#593 = ORIENTED_EDGE('',*,*,#594,.F.);
#594 = EDGE_CURVE('',#595,#587,#597,.T.);
#595 = VERTEX_POINT('',#596);
#596 = CARTESIAN_POINT('',(-6.5,26.05,0.));
#597 = CIRCLE('',#598,0.5);
#598 = AXIS2_PLACEMENT_3D('',#599,#600,#601);
#599 = CARTESIAN_POINT('',(-6.5,25.55,0.));
#600 = DIRECTION('',(0.,0.,1.));
#601 = DIRECTION('',(1.,0.,0.));
#602 = ORIENTED_EDGE('',*,*,#603,.F.);
#603 = EDGE_CURVE('',#604,#595,#606,.T.);
#604 = VERTEX_POINT('',#605);
#605 = CARTESIAN_POINT('',(6.5,26.05,0.));
#606 = LINE('',#607,#608);
#607 = CARTESIAN_POINT('',(6.5,26.05,0.));
#608 = VECTOR('',#609,1.);
#609 = DIRECTION('',(-1.,0.,0.));
#610 = ORIENTED_EDGE('',*,*,#611,.F.);
#611 = EDGE_CURVE('',#612,#604,#614,.T.);
#612 = VERTEX_POINT('',#613);
#613 = CARTESIAN_POINT('',(7.,25.55,0.));
#614 = CIRCLE('',#615,0.5);
#615 = AXIS2_PLACEMENT_3D('',#616,#617,#618);
#616 = CARTESIAN_POINT('',(6.5,25.55,0.));
#617 = DIRECTION('',(0.,0.,1.));
#618 = DIRECTION('',(1.,0.,0.));
#619 = ORIENTED_EDGE('',*,*,#620,.F.);
#620 = EDGE_CURVE('',#621,#612,#623,.T.);
#621 = VERTEX_POINT('',#622);
#622 = CARTESIAN_POINT('',(7.,12.55,0.));
#623 = LINE('',#624,#625);
#624 = CARTESIAN_POINT('',(7.,12.55,0.));
#625 = VECTOR('',#626,1.);
#626 = DIRECTION('',(0.,1.,0.));
#627 = ORIENTED_EDGE('',*,*,#628,.F.);
#628 = EDGE_CURVE('',#570,#621,#629,.T.);
#629 = CIRCLE('',#630,0.5);
#630 = AXIS2_PLACEMENT_3D('',#631,#632,#633);
#631 = CARTESIAN_POINT('',(6.5,12.55,0.));
#632 = DIRECTION('',(0.,0.,1.));
#633 = DIRECTION('',(1.,0.,0.));
#634 = FACE_BOUND('',#635,.F.);
#635 = EDGE_LOOP('',(#636));
#636 = ORIENTED_EDGE('',*,*,#637,.F.);
#637 = EDGE_CURVE('',#638,#638,#640,.T.);
#638 = VERTEX_POINT('',#639);
#639 = CARTESIAN_POINT('',(-43.25,45.,0.));
#640 = CIRCLE('',#641,1.75);
#641 = AXIS2_PLACEMENT_3D('',#642,#643,#644);
#642 = CARTESIAN_POINT('',(-45.,45.,0.));
#643 = DIRECTION('',(0.,0.,1.));
#644 = DIRECTION('',(1.,0.,0.));
#645 = FACE_BOUND('',#646,.F.);
#646 = EDGE_LOOP('',(#647,#657,#665,#673));
#647 = ORIENTED_EDGE('',*,*,#648,.F.);
#648 = EDGE_CURVE('',#649,#651,#653,.T.);
#649 = VERTEX_POINT('',#650);
#650 = CARTESIAN_POINT('',(-32.48,36.32,0.));
#651 = VERTEX_POINT('',#652);
#652 = CARTESIAN_POINT('',(-6.1,36.32,0.));
#653 = LINE('',#654,#655);
#654 = CARTESIAN_POINT('',(-3.05,36.32,0.));
#655 = VECTOR('',#656,1.);
#656 = DIRECTION('',(1.,-1.2E-16,0.));
#657 = ORIENTED_EDGE('',*,*,#658,.F.);
#658 = EDGE_CURVE('',#659,#649,#661,.T.);
#659 = VERTEX_POINT('',#660);
#660 = CARTESIAN_POINT('',(-32.48,45.9,0.));
#661 = LINE('',#662,#663);
#662 = CARTESIAN_POINT('',(-32.48,18.16,0.));
#663 = VECTOR('',#664,1.);
#664 = DIRECTION('',(-1.2E-16,-1.,0.));
#665 = ORIENTED_EDGE('',*,*,#666,.F.);
#666 = EDGE_CURVE('',#667,#659,#669,.T.);
#667 = VERTEX_POINT('',#668);
#668 = CARTESIAN_POINT('',(-6.1,45.9,0.));
#669 = LINE('',#670,#671);
#670 = CARTESIAN_POINT('',(-16.24,45.9,0.));
#671 = VECTOR('',#672,1.);
#672 = DIRECTION('',(-1.,1.2E-16,0.));
#673 = ORIENTED_EDGE('',*,*,#674,.F.);
#674 = EDGE_CURVE('',#651,#667,#675,.T.);
#675 = LINE('',#676,#677);
#676 = CARTESIAN_POINT('',(-6.1,22.95,0.));
#677 = VECTOR('',#678,1.);
#678 = DIRECTION('',(1.2E-16,1.,-0.));
#679 = FACE_BOUND('',#680,.F.);
#680 = EDGE_LOOP('',(#681,#691,#700,#708,#717,#725,#734,#742));
#681 = ORIENTED_EDGE('',*,*,#682,.T.);
#682 = EDGE_CURVE('',#683,#685,#687,.T.);
#683 = VERTEX_POINT('',#684);
#684 = CARTESIAN_POINT('',(26.05,25.55,0.));
#685 = VERTEX_POINT('',#686);
#686 = CARTESIAN_POINT('',(26.05,12.55,0.));
#687 = LINE('',#688,#689);
#688 = CARTESIAN_POINT('',(26.05,25.55,0.));
#689 = VECTOR('',#690,1.);
#690 = DIRECTION('',(0.,-1.,0.));
#691 = ORIENTED_EDGE('',*,*,#692,.F.);
#692 = EDGE_CURVE('',#693,#685,#695,.T.);
#693 = VERTEX_POINT('',#694);
#694 = CARTESIAN_POINT('',(25.55,12.05,0.));
#695 = CIRCLE('',#696,0.5);
#696 = AXIS2_PLACEMENT_3D('',#697,#698,#699);
#697 = CARTESIAN_POINT('',(25.55,12.55,0.));
#698 = DIRECTION('',(0.,0.,1.));
#699 = DIRECTION('',(1.,0.,0.));
#700 = ORIENTED_EDGE('',*,*,#701,.T.);
#701 = EDGE_CURVE('',#693,#702,#704,.T.);
#702 = VERTEX_POINT('',#703);
#703 = CARTESIAN_POINT('',(12.55,12.05,0.));
#704 = LINE('',#705,#706);
#705 = CARTESIAN_POINT('',(25.55,12.05,0.));
#706 = VECTOR('',#707,1.);
#707 = DIRECTION('',(-1.,0.,0.));
#708 = ORIENTED_EDGE('',*,*,#709,.F.);
#709 = EDGE_CURVE('',#710,#702,#712,.T.);
#710 = VERTEX_POINT('',#711);
#711 = CARTESIAN_POINT('',(12.05,12.55,0.));
#712 = CIRCLE('',#713,0.5);
#713 = AXIS2_PLACEMENT_3D('',#714,#715,#716);
#714 = CARTESIAN_POINT('',(12.55,12.55,0.));
#715 = DIRECTION('',(0.,0.,1.));
#716 = DIRECTION('',(1.,0.,0.));
#717 = ORIENTED_EDGE('',*,*,#718,.T.);
#718 = EDGE_CURVE('',#710,#719,#721,.T.);
#719 = VERTEX_POINT('',#720);
#720 = CARTESIAN_POINT('',(12.05,25.55,0.));
#721 = LINE('',#722,#723);
#722 = CARTESIAN_POINT('',(12.05,12.55,0.));
#723 = VECTOR('',#724,1.);
#724 = DIRECTION('',(0.,1.,0.));
#725 = ORIENTED_EDGE('',*,*,#726,.F.);
#726 = EDGE_CURVE('',#727,#719,#729,.T.);
#727 = VERTEX_POINT('',#728);
#728 = CARTESIAN_POINT('',(12.55,26.05,0.));
#729 = CIRCLE('',#730,0.5);
#730 = AXIS2_PLACEMENT_3D('',#731,#732,#733);
#731 = CARTESIAN_POINT('',(12.55,25.55,0.));
#732 = DIRECTION('',(0.,0.,1.));
#733 = DIRECTION('',(1.,0.,0.));
#734 = ORIENTED_EDGE('',*,*,#735,.T.);
#735 = EDGE_CURVE('',#727,#736,#738,.T.);
#736 = VERTEX_POINT('',#737);
#737 = CARTESIAN_POINT('',(25.55,26.05,0.));
#738 = LINE('',#739,#740);
#739 = CARTESIAN_POINT('',(12.55,26.05,0.));
#740 = VECTOR('',#741,1.);
#741 = DIRECTION('',(1.,0.,0.));
#742 = ORIENTED_EDGE('',*,*,#743,.F.);
#743 = EDGE_CURVE('',#683,#736,#744,.T.);
#744 = CIRCLE('',#745,0.5);
#745 = AXIS2_PLACEMENT_3D('',#746,#747,#748);
#746 = CARTESIAN_POINT('',(25.55,25.55,0.));
#747 = DIRECTION('',(0.,0.,1.));
#748 = DIRECTION('',(1.,0.,0.));
#749 = FACE_BOUND('',#750,.F.);
#750 = EDGE_LOOP('',(#751));
#751 = ORIENTED_EDGE('',*,*,#752,.T.);
#752 = EDGE_CURVE('',#753,#753,#755,.T.);
#753 = VERTEX_POINT('',#754);
#754 = CARTESIAN_POINT('',(27.,39.9,0.));
#755 = CIRCLE('',#756,3.5);
#756 = AXIS2_PLACEMENT_3D('',#757,#758,#759);
#757 = CARTESIAN_POINT('',(30.5,39.9,0.));
#758 = DIRECTION('',(0.,0.,-1.));
#759 = DIRECTION('',(-1.,1.2E-16,0.));
#760 = FACE_BOUND('',#761,.F.);
#761 = EDGE_LOOP('',(#762));
#762 = ORIENTED_EDGE('',*,*,#763,.F.);
#763 = EDGE_CURVE('',#764,#764,#766,.T.);
#764 = VERTEX_POINT('',#765);
#765 = CARTESIAN_POINT('',(46.75,45.,0.));
#766 = CIRCLE('',#767,1.75);
#767 = AXIS2_PLACEMENT_3D('',#768,#769,#770);
#768 = CARTESIAN_POINT('',(45.,45.,0.));
#769 = DIRECTION('',(0.,0.,1.));
#770 = DIRECTION('',(1.,0.,0.));
#771 = PLANE('',#772);
#772 = AXIS2_PLACEMENT_3D('',#773,#774,#775);
#773 = CARTESIAN_POINT('',(-1.91E-15,1.91E-15,0.));
#774 = DIRECTION('',(0.,0.,1.));
#775 = DIRECTION('',(1.,0.,0.));
#776 = ADVANCED_FACE('',(#777),#834,.T.);
#777 = FACE_BOUND('',#778,.T.);
#778 = EDGE_LOOP('',(#779,#780,#788,#796,#804,#812,#820,#828));
#779 = ORIENTED_EDGE('',*,*,#21,.T.);
#780 = ORIENTED_EDGE('',*,*,#781,.T.);
#781 = EDGE_CURVE('',#24,#782,#784,.T.);
#782 = VERTEX_POINT('',#783);
#783 = CARTESIAN_POINT('',(50.,-50.,6.));
#784 = LINE('',#785,#786);
#785 = CARTESIAN_POINT('',(50.,-50.,0.));
#786 = VECTOR('',#787,1.);
#787 = DIRECTION('',(0.,0.,1.));
#788 = ORIENTED_EDGE('',*,*,#789,.F.);
#789 = EDGE_CURVE('',#790,#782,#792,.T.);
#790 = VERTEX_POINT('',#791);
#791 = CARTESIAN_POINT('',(40.,-50.,6.));
#792 = LINE('',#793,#794);
#793 = CARTESIAN_POINT('',(40.,-50.,6.));
#794 = VECTOR('',#795,1.);
#795 = DIRECTION('',(1.,0.,0.));
#796 = ORIENTED_EDGE('',*,*,#797,.F.);
#797 = EDGE_CURVE('',#798,#790,#800,.T.);
#798 = VERTEX_POINT('',#799);
#799 = CARTESIAN_POINT('',(40.,-50.,5.));
#800 = LINE('',#801,#802);
#801 = CARTESIAN_POINT('',(40.,-50.,3.));
#802 = VECTOR('',#803,1.);
#803 = DIRECTION('',(0.,0.,1.));
#804 = ORIENTED_EDGE('',*,*,#805,.F.);
#805 = EDGE_CURVE('',#806,#798,#808,.T.);
#806 = VERTEX_POINT('',#807);
#807 = CARTESIAN_POINT('',(-40.,-50.,5.));
#808 = LINE('',#809,#810);
#809 = CARTESIAN_POINT('',(-50.,-50.,5.));
#810 = VECTOR('',#811,1.);
#811 = DIRECTION('',(1.,0.,0.));
#812 = ORIENTED_EDGE('',*,*,#813,.T.);
#813 = EDGE_CURVE('',#806,#814,#816,.T.);
#814 = VERTEX_POINT('',#815);
#815 = CARTESIAN_POINT('',(-40.,-50.,6.));
#816 = LINE('',#817,#818);
#817 = CARTESIAN_POINT('',(-40.,-50.,3.));
#818 = VECTOR('',#819,1.);
#819 = DIRECTION('',(0.,0.,1.));
#820 = ORIENTED_EDGE('',*,*,#821,.F.);
#821 = EDGE_CURVE('',#822,#814,#824,.T.);
#822 = VERTEX_POINT('',#823);
#823 = CARTESIAN_POINT('',(-50.,-50.,6.));
#824 = LINE('',#825,#826);
#825 = CARTESIAN_POINT('',(-50.,-50.,6.));
#826 = VECTOR('',#827,1.);
#827 = DIRECTION('',(1.,0.,0.));
#828 = ORIENTED_EDGE('',*,*,#829,.F.);
#829 = EDGE_CURVE('',#22,#822,#830,.T.);
#830 = LINE('',#831,#832);
#831 = CARTESIAN_POINT('',(-50.,-50.,3.));
#832 = VECTOR('',#833,1.);
#833 = DIRECTION('',(0.,0.,1.));
#834 = PLANE('',#835);
#835 = AXIS2_PLACEMENT_3D('',#836,#837,#838);
#836 = CARTESIAN_POINT('',(0.,-50.,2.64953271028));
#837 = DIRECTION('',(-0.,-1.,-0.));
#838 = DIRECTION('',(0.,0.,-1.));
#839 = ADVANCED_FACE('',(#840),#890,.T.);
#840 = FACE_BOUND('',#841,.T.);
#841 = EDGE_LOOP('',(#842,#843,#844,#852,#860,#868,#876,#884));
#842 = ORIENTED_EDGE('',*,*,#47,.T.);
#843 = ORIENTED_EDGE('',*,*,#829,.T.);
#844 = ORIENTED_EDGE('',*,*,#845,.F.);
#845 = EDGE_CURVE('',#846,#822,#848,.T.);
#846 = VERTEX_POINT('',#847);
#847 = CARTESIAN_POINT('',(-50.,-40.,6.));
#848 = LINE('',#849,#850);
#849 = CARTESIAN_POINT('',(-50.,-40.,6.));
#850 = VECTOR('',#851,1.);
#851 = DIRECTION('',(0.,-1.,0.));
#852 = ORIENTED_EDGE('',*,*,#853,.F.);
#853 = EDGE_CURVE('',#854,#846,#856,.T.);
#854 = VERTEX_POINT('',#855);
#855 = CARTESIAN_POINT('',(-50.,-40.,5.));
#856 = LINE('',#857,#858);
#857 = CARTESIAN_POINT('',(-50.,-40.,3.));
#858 = VECTOR('',#859,1.);
#859 = DIRECTION('',(0.,0.,1.));
#860 = ORIENTED_EDGE('',*,*,#861,.F.);
#861 = EDGE_CURVE('',#862,#854,#864,.T.);
#862 = VERTEX_POINT('',#863);
#863 = CARTESIAN_POINT('',(-50.,40.,5.));
#864 = LINE('',#865,#866);
#865 = CARTESIAN_POINT('',(-50.,50.,5.));
#866 = VECTOR('',#867,1.);
#867 = DIRECTION('',(0.,-1.,0.));
#868 = ORIENTED_EDGE('',*,*,#869,.T.);
#869 = EDGE_CURVE('',#862,#870,#872,.T.);
#870 = VERTEX_POINT('',#871);
#871 = CARTESIAN_POINT('',(-50.,40.,6.));
#872 = LINE('',#873,#874);
#873 = CARTESIAN_POINT('',(-50.,40.,3.));
#874 = VECTOR('',#875,1.);
#875 = DIRECTION('',(0.,0.,1.));
#876 = ORIENTED_EDGE('',*,*,#877,.F.);
#877 = EDGE_CURVE('',#878,#870,#880,.T.);
#878 = VERTEX_POINT('',#879);
#879 = CARTESIAN_POINT('',(-50.,50.,6.));
#880 = LINE('',#881,#882);
#881 = CARTESIAN_POINT('',(-50.,50.,6.));
#882 = VECTOR('',#883,1.);
#883 = DIRECTION('',(0.,-1.,0.));
#884 = ORIENTED_EDGE('',*,*,#885,.F.);
#885 = EDGE_CURVE('',#40,#878,#886,.T.);
#886 = LINE('',#887,#888);
#887 = CARTESIAN_POINT('',(-50.,50.,3.));
#888 = VECTOR('',#889,1.);
#889 = DIRECTION('',(0.,0.,1.));
#890 = PLANE('',#891);
#891 = AXIS2_PLACEMENT_3D('',#892,#893,#894);
#892 = CARTESIAN_POINT('',(-50.,0.,2.64953271028));
#893 = DIRECTION('',(-1.,-0.,-0.));
#894 = DIRECTION('',(0.,0.,-1.));
#895 = ADVANCED_FACE('',(#896),#946,.T.);
#896 = FACE_BOUND('',#897,.T.);
#897 = EDGE_LOOP('',(#898,#899,#900,#908,#916,#924,#932,#940));
#898 = ORIENTED_EDGE('',*,*,#781,.F.);
#899 = ORIENTED_EDGE('',*,*,#31,.T.);
#900 = ORIENTED_EDGE('',*,*,#901,.T.);
#901 = EDGE_CURVE('',#32,#902,#904,.T.);
#902 = VERTEX_POINT('',#903);
#903 = CARTESIAN_POINT('',(50.,50.,6.));
#904 = LINE('',#905,#906);
#905 = CARTESIAN_POINT('',(50.,50.,0.));
#906 = VECTOR('',#907,1.);
#907 = DIRECTION('',(0.,0.,1.));
#908 = ORIENTED_EDGE('',*,*,#909,.F.);
#909 = EDGE_CURVE('',#910,#902,#912,.T.);
#910 = VERTEX_POINT('',#911);
#911 = CARTESIAN_POINT('',(50.,40.,6.));
#912 = LINE('',#913,#914);
#913 = CARTESIAN_POINT('',(50.,40.,6.));
#914 = VECTOR('',#915,1.);
#915 = DIRECTION('',(0.,1.,0.));
#916 = ORIENTED_EDGE('',*,*,#917,.F.);
#917 = EDGE_CURVE('',#918,#910,#920,.T.);
#918 = VERTEX_POINT('',#919);
#919 = CARTESIAN_POINT('',(50.,40.,5.));
#920 = LINE('',#921,#922);
#921 = CARTESIAN_POINT('',(50.,40.,3.));
#922 = VECTOR('',#923,1.);
#923 = DIRECTION('',(0.,0.,1.));
#924 = ORIENTED_EDGE('',*,*,#925,.F.);
#925 = EDGE_CURVE('',#926,#918,#928,.T.);
#926 = VERTEX_POINT('',#927);
#927 = CARTESIAN_POINT('',(50.,-40.,5.));
#928 = LINE('',#929,#930);
#929 = CARTESIAN_POINT('',(50.,-50.,5.));
#930 = VECTOR('',#931,1.);
#931 = DIRECTION('',(0.,1.,0.));
#932 = ORIENTED_EDGE('',*,*,#933,.T.);
#933 = EDGE_CURVE('',#926,#934,#936,.T.);
#934 = VERTEX_POINT('',#935);
#935 = CARTESIAN_POINT('',(50.,-40.,6.));
#936 = LINE('',#937,#938);
#937 = CARTESIAN_POINT('',(50.,-40.,3.));
#938 = VECTOR('',#939,1.);
#939 = DIRECTION('',(0.,0.,1.));
#940 = ORIENTED_EDGE('',*,*,#941,.F.);
#941 = EDGE_CURVE('',#782,#934,#942,.T.);
#942 = LINE('',#943,#944);
#943 = CARTESIAN_POINT('',(50.,-50.,6.));
#944 = VECTOR('',#945,1.);
#945 = DIRECTION('',(0.,1.,0.));
#946 = PLANE('',#947);
#947 = AXIS2_PLACEMENT_3D('',#948,#949,#950);
#948 = CARTESIAN_POINT('',(50.,0.,2.64953271028));
#949 = DIRECTION('',(1.,0.,0.));
#950 = DIRECTION('',(0.,0.,1.));
#951 = ADVANCED_FACE('',(#952),#995,.T.);
#952 = FACE_BOUND('',#953,.T.);
#953 = EDGE_LOOP('',(#954,#955,#956,#957,#965,#973,#981,#989));
#954 = ORIENTED_EDGE('',*,*,#901,.F.);
#955 = ORIENTED_EDGE('',*,*,#39,.T.);
#956 = ORIENTED_EDGE('',*,*,#885,.T.);
#957 = ORIENTED_EDGE('',*,*,#958,.F.);
#958 = EDGE_CURVE('',#959,#878,#961,.T.);
#959 = VERTEX_POINT('',#960);
#960 = CARTESIAN_POINT('',(-40.,50.,6.));
#961 = LINE('',#962,#963);
#962 = CARTESIAN_POINT('',(-40.,50.,6.));
#963 = VECTOR('',#964,1.);
#964 = DIRECTION('',(-1.,0.,0.));
#965 = ORIENTED_EDGE('',*,*,#966,.F.);
#966 = EDGE_CURVE('',#967,#959,#969,.T.);
#967 = VERTEX_POINT('',#968);
#968 = CARTESIAN_POINT('',(-40.,50.,5.));
#969 = LINE('',#970,#971);
#970 = CARTESIAN_POINT('',(-40.,50.,3.));
#971 = VECTOR('',#972,1.);
#972 = DIRECTION('',(0.,0.,1.));
#973 = ORIENTED_EDGE('',*,*,#974,.F.);
#974 = EDGE_CURVE('',#975,#967,#977,.T.);
#975 = VERTEX_POINT('',#976);
#976 = CARTESIAN_POINT('',(40.,50.,5.));
#977 = LINE('',#978,#979);
#978 = CARTESIAN_POINT('',(50.,50.,5.));
#979 = VECTOR('',#980,1.);
#980 = DIRECTION('',(-1.,0.,0.));
#981 = ORIENTED_EDGE('',*,*,#982,.T.);
#982 = EDGE_CURVE('',#975,#983,#985,.T.);
#983 = VERTEX_POINT('',#984);
#984 = CARTESIAN_POINT('',(40.,50.,6.));
#985 = LINE('',#986,#987);
#986 = CARTESIAN_POINT('',(40.,50.,3.));
#987 = VECTOR('',#988,1.);
#988 = DIRECTION('',(0.,0.,1.));
#989 = ORIENTED_EDGE('',*,*,#990,.F.);
#990 = EDGE_CURVE('',#902,#983,#991,.T.);
#991 = LINE('',#992,#993);
#992 = CARTESIAN_POINT('',(50.,50.,6.));
#993 = VECTOR('',#994,1.);
#994 = DIRECTION('',(-1.,0.,0.));
#995 = PLANE('',#996);
#996 = AXIS2_PLACEMENT_3D('',#997,#998,#999);
#997 = CARTESIAN_POINT('',(0.,50.,2.64953271028));
#998 = DIRECTION('',(0.,1.,0.));
#999 = DIRECTION('',(0.,0.,1.));
#1000 = ADVANCED_FACE('',(#1001),#1019,.F.);
#1001 = FACE_BOUND('',#1002,.T.);
#1002 = EDGE_LOOP('',(#1003,#1012,#1017,#1018));
#1003 = ORIENTED_EDGE('',*,*,#1004,.T.);
#1004 = EDGE_CURVE('',#1005,#1005,#1007,.T.);
#1005 = VERTEX_POINT('',#1006);
#1006 = CARTESIAN_POINT('',(-43.25,-45.,6.));
#1007 = CIRCLE('',#1008,1.75);
#1008 = AXIS2_PLACEMENT_3D('',#1009,#1010,#1011);
#1009 = CARTESIAN_POINT('',(-45.,-45.,6.));
#1010 = DIRECTION('',(0.,0.,1.));
#1011 = DIRECTION('',(1.,0.,0.));
#1012 = ORIENTED_EDGE('',*,*,#1013,.T.);
#1013 = EDGE_CURVE('',#1005,#56,#1014,.T.);
#1014 = B_SPLINE_CURVE_WITH_KNOTS('',1,(#1015,#1016),.UNSPECIFIED.,.F.,
  .F.,(2,2),(-6.,0.),.PIECEWISE_BEZIER_KNOTS.);
#1015 = CARTESIAN_POINT('',(-43.25,-45.,6.));
#1016 = CARTESIAN_POINT('',(-43.25,-45.,0.));
#1017 = ORIENTED_EDGE('',*,*,#55,.F.);
#1018 = ORIENTED_EDGE('',*,*,#1013,.F.);
#1019 = CYLINDRICAL_SURFACE('',#1020,1.75);
#1020 = AXIS2_PLACEMENT_3D('',#1021,#1022,#1023);
#1021 = CARTESIAN_POINT('',(-45.,-45.,0.));
#1022 = DIRECTION('',(-0.,-0.,-1.));
#1023 = DIRECTION('',(1.,0.,0.));
#1024 = ADVANCED_FACE('',(#1025),#1050,.F.);
#1025 = FACE_BOUND('',#1026,.F.);
#1026 = EDGE_LOOP('',(#1027,#1035,#1043,#1049));
#1027 = ORIENTED_EDGE('',*,*,#1028,.T.);
#1028 = EDGE_CURVE('',#67,#1029,#1031,.T.);
#1029 = VERTEX_POINT('',#1030);
#1030 = CARTESIAN_POINT('',(-26.05,-25.55,3.));
#1031 = LINE('',#1032,#1033);
#1032 = CARTESIAN_POINT('',(-26.05,-25.55,0.));
#1033 = VECTOR('',#1034,1.);
#1034 = DIRECTION('',(0.,0.,1.));
#1035 = ORIENTED_EDGE('',*,*,#1036,.T.);
#1036 = EDGE_CURVE('',#1029,#1037,#1039,.T.);
#1037 = VERTEX_POINT('',#1038);
#1038 = CARTESIAN_POINT('',(-26.05,-12.55,3.));
#1039 = LINE('',#1040,#1041);
#1040 = CARTESIAN_POINT('',(-26.05,-25.55,3.));
#1041 = VECTOR('',#1042,1.);
#1042 = DIRECTION('',(0.,1.,0.));
#1043 = ORIENTED_EDGE('',*,*,#1044,.F.);
#1044 = EDGE_CURVE('',#69,#1037,#1045,.T.);
#1045 = LINE('',#1046,#1047);
#1046 = CARTESIAN_POINT('',(-26.05,-12.55,0.));
#1047 = VECTOR('',#1048,1.);
#1048 = DIRECTION('',(0.,0.,1.));
#1049 = ORIENTED_EDGE('',*,*,#66,.F.);
#1050 = PLANE('',#1051);
#1051 = AXIS2_PLACEMENT_3D('',#1052,#1053,#1054);
#1052 = CARTESIAN_POINT('',(-26.05,-25.55,0.));
#1053 = DIRECTION('',(-1.,0.,0.));
#1054 = DIRECTION('',(0.,1.,0.));
#1055 = ADVANCED_FACE('',(#1056),#1075,.F.);
#1056 = FACE_BOUND('',#1057,.T.);
#1057 = EDGE_LOOP('',(#1058,#1059,#1068,#1074));
#1058 = ORIENTED_EDGE('',*,*,#1028,.T.);
#1059 = ORIENTED_EDGE('',*,*,#1060,.T.);
#1060 = EDGE_CURVE('',#1029,#1061,#1063,.T.);
#1061 = VERTEX_POINT('',#1062);
#1062 = CARTESIAN_POINT('',(-25.55,-26.05,3.));
#1063 = CIRCLE('',#1064,0.5);
#1064 = AXIS2_PLACEMENT_3D('',#1065,#1066,#1067);
#1065 = CARTESIAN_POINT('',(-25.55,-25.55,3.));
#1066 = DIRECTION('',(0.,0.,1.));
#1067 = DIRECTION('',(1.,0.,0.));
#1068 = ORIENTED_EDGE('',*,*,#1069,.F.);
#1069 = EDGE_CURVE('',#120,#1061,#1070,.T.);
#1070 = LINE('',#1071,#1072);
#1071 = CARTESIAN_POINT('',(-25.55,-26.05,0.));
#1072 = VECTOR('',#1073,1.);
#1073 = DIRECTION('',(0.,0.,1.));
#1074 = ORIENTED_EDGE('',*,*,#127,.F.);
#1075 = CYLINDRICAL_SURFACE('',#1076,0.5);
#1076 = AXIS2_PLACEMENT_3D('',#1077,#1078,#1079);
#1077 = CARTESIAN_POINT('',(-25.55,-25.55,0.));
#1078 = DIRECTION('',(-0.,-0.,-1.));
#1079 = DIRECTION('',(1.,0.,0.));
#1080 = ADVANCED_FACE('',(#1081),#1100,.F.);
#1081 = FACE_BOUND('',#1082,.T.);
#1082 = EDGE_LOOP('',(#1083,#1091,#1098,#1099));
#1083 = ORIENTED_EDGE('',*,*,#1084,.T.);
#1084 = EDGE_CURVE('',#77,#1085,#1087,.T.);
#1085 = VERTEX_POINT('',#1086);
#1086 = CARTESIAN_POINT('',(-25.55,-12.05,3.));
#1087 = LINE('',#1088,#1089);
#1088 = CARTESIAN_POINT('',(-25.55,-12.05,0.));
#1089 = VECTOR('',#1090,1.);
#1090 = DIRECTION('',(0.,0.,1.));
#1091 = ORIENTED_EDGE('',*,*,#1092,.T.);
#1092 = EDGE_CURVE('',#1085,#1037,#1093,.T.);
#1093 = CIRCLE('',#1094,0.5);
#1094 = AXIS2_PLACEMENT_3D('',#1095,#1096,#1097);
#1095 = CARTESIAN_POINT('',(-25.55,-12.55,3.));
#1096 = DIRECTION('',(0.,0.,1.));
#1097 = DIRECTION('',(1.,0.,0.));
#1098 = ORIENTED_EDGE('',*,*,#1044,.F.);
#1099 = ORIENTED_EDGE('',*,*,#76,.F.);
#1100 = CYLINDRICAL_SURFACE('',#1101,0.5);
#1101 = AXIS2_PLACEMENT_3D('',#1102,#1103,#1104);
#1102 = CARTESIAN_POINT('',(-25.55,-12.55,0.));
#1103 = DIRECTION('',(-0.,-0.,-1.));
#1104 = DIRECTION('',(1.,0.,0.));
#1105 = ADVANCED_FACE('',(#1106),#1124,.F.);
#1106 = FACE_BOUND('',#1107,.F.);
#1107 = EDGE_LOOP('',(#1108,#1116,#1122,#1123));
#1108 = ORIENTED_EDGE('',*,*,#1109,.T.);
#1109 = EDGE_CURVE('',#111,#1110,#1112,.T.);
#1110 = VERTEX_POINT('',#1111);
#1111 = CARTESIAN_POINT('',(-12.55,-26.05,3.));
#1112 = LINE('',#1113,#1114);
#1113 = CARTESIAN_POINT('',(-12.55,-26.05,0.));
#1114 = VECTOR('',#1115,1.);
#1115 = DIRECTION('',(0.,0.,1.));
#1116 = ORIENTED_EDGE('',*,*,#1117,.T.);
#1117 = EDGE_CURVE('',#1110,#1061,#1118,.T.);
#1118 = LINE('',#1119,#1120);
#1119 = CARTESIAN_POINT('',(-12.55,-26.05,3.));
#1120 = VECTOR('',#1121,1.);
#1121 = DIRECTION('',(-1.,0.,0.));
#1122 = ORIENTED_EDGE('',*,*,#1069,.F.);
#1123 = ORIENTED_EDGE('',*,*,#119,.F.);
#1124 = PLANE('',#1125);
#1125 = AXIS2_PLACEMENT_3D('',#1126,#1127,#1128);
#1126 = CARTESIAN_POINT('',(-12.55,-26.05,0.));
#1127 = DIRECTION('',(0.,-1.,0.));
#1128 = DIRECTION('',(-1.,0.,0.));
#1129 = ADVANCED_FACE('',(#1130),#1148,.F.);
#1130 = FACE_BOUND('',#1131,.F.);
#1131 = EDGE_LOOP('',(#1132,#1133,#1141,#1147));
#1132 = ORIENTED_EDGE('',*,*,#1084,.T.);
#1133 = ORIENTED_EDGE('',*,*,#1134,.T.);
#1134 = EDGE_CURVE('',#1085,#1135,#1137,.T.);
#1135 = VERTEX_POINT('',#1136);
#1136 = CARTESIAN_POINT('',(-12.55,-12.05,3.));
#1137 = LINE('',#1138,#1139);
#1138 = CARTESIAN_POINT('',(-25.55,-12.05,3.));
#1139 = VECTOR('',#1140,1.);
#1140 = DIRECTION('',(1.,0.,0.));
#1141 = ORIENTED_EDGE('',*,*,#1142,.F.);
#1142 = EDGE_CURVE('',#86,#1135,#1143,.T.);
#1143 = LINE('',#1144,#1145);
#1144 = CARTESIAN_POINT('',(-12.55,-12.05,0.));
#1145 = VECTOR('',#1146,1.);
#1146 = DIRECTION('',(0.,0.,1.));
#1147 = ORIENTED_EDGE('',*,*,#85,.F.);
#1148 = PLANE('',#1149);
#1149 = AXIS2_PLACEMENT_3D('',#1150,#1151,#1152);
#1150 = CARTESIAN_POINT('',(-25.55,-12.05,0.));
#1151 = DIRECTION('',(0.,1.,0.));
#1152 = DIRECTION('',(1.,0.,0.));
#1153 = ADVANCED_FACE('',(#1154),#1173,.F.);
#1154 = FACE_BOUND('',#1155,.T.);
#1155 = EDGE_LOOP('',(#1156,#1157,#1166,#1172));
#1156 = ORIENTED_EDGE('',*,*,#1109,.T.);
#1157 = ORIENTED_EDGE('',*,*,#1158,.T.);
#1158 = EDGE_CURVE('',#1110,#1159,#1161,.T.);
#1159 = VERTEX_POINT('',#1160);
#1160 = CARTESIAN_POINT('',(-12.05,-25.55,3.));
#1161 = CIRCLE('',#1162,0.5);
#1162 = AXIS2_PLACEMENT_3D('',#1163,#1164,#1165);
#1163 = CARTESIAN_POINT('',(-12.55,-25.55,3.));
#1164 = DIRECTION('',(0.,0.,1.));
#1165 = DIRECTION('',(1.,0.,0.));
#1166 = ORIENTED_EDGE('',*,*,#1167,.F.);
#1167 = EDGE_CURVE('',#103,#1159,#1168,.T.);
#1168 = LINE('',#1169,#1170);
#1169 = CARTESIAN_POINT('',(-12.05,-25.55,0.));
#1170 = VECTOR('',#1171,1.);
#1171 = DIRECTION('',(0.,0.,1.));
#1172 = ORIENTED_EDGE('',*,*,#110,.F.);
#1173 = CYLINDRICAL_SURFACE('',#1174,0.5);
#1174 = AXIS2_PLACEMENT_3D('',#1175,#1176,#1177);
#1175 = CARTESIAN_POINT('',(-12.55,-25.55,0.));
#1176 = DIRECTION('',(-0.,-0.,-1.));
#1177 = DIRECTION('',(1.,0.,0.));
#1178 = ADVANCED_FACE('',(#1179),#1198,.F.);
#1179 = FACE_BOUND('',#1180,.T.);
#1180 = EDGE_LOOP('',(#1181,#1189,#1196,#1197));
#1181 = ORIENTED_EDGE('',*,*,#1182,.T.);
#1182 = EDGE_CURVE('',#94,#1183,#1185,.T.);
#1183 = VERTEX_POINT('',#1184);
#1184 = CARTESIAN_POINT('',(-12.05,-12.55,3.));
#1185 = LINE('',#1186,#1187);
#1186 = CARTESIAN_POINT('',(-12.05,-12.55,0.));
#1187 = VECTOR('',#1188,1.);
#1188 = DIRECTION('',(0.,0.,1.));
#1189 = ORIENTED_EDGE('',*,*,#1190,.T.);
#1190 = EDGE_CURVE('',#1183,#1135,#1191,.T.);
#1191 = CIRCLE('',#1192,0.5);
#1192 = AXIS2_PLACEMENT_3D('',#1193,#1194,#1195);
#1193 = CARTESIAN_POINT('',(-12.55,-12.55,3.));
#1194 = DIRECTION('',(0.,0.,1.));
#1195 = DIRECTION('',(1.,0.,0.));
#1196 = ORIENTED_EDGE('',*,*,#1142,.F.);
#1197 = ORIENTED_EDGE('',*,*,#93,.F.);
#1198 = CYLINDRICAL_SURFACE('',#1199,0.5);
#1199 = AXIS2_PLACEMENT_3D('',#1200,#1201,#1202);
#1200 = CARTESIAN_POINT('',(-12.55,-12.55,0.));
#1201 = DIRECTION('',(-0.,-0.,-1.));
#1202 = DIRECTION('',(1.,0.,0.));
#1203 = ADVANCED_FACE('',(#1204),#1215,.F.);
#1204 = FACE_BOUND('',#1205,.F.);
#1205 = EDGE_LOOP('',(#1206,#1207,#1213,#1214));
#1206 = ORIENTED_EDGE('',*,*,#1182,.T.);
#1207 = ORIENTED_EDGE('',*,*,#1208,.T.);
#1208 = EDGE_CURVE('',#1183,#1159,#1209,.T.);
#1209 = LINE('',#1210,#1211);
#1210 = CARTESIAN_POINT('',(-12.05,-12.55,3.));
#1211 = VECTOR('',#1212,1.);
#1212 = DIRECTION('',(0.,-1.,0.));
#1213 = ORIENTED_EDGE('',*,*,#1167,.F.);
#1214 = ORIENTED_EDGE('',*,*,#102,.F.);
#1215 = PLANE('',#1216);
#1216 = AXIS2_PLACEMENT_3D('',#1217,#1218,#1219);
#1217 = CARTESIAN_POINT('',(-12.05,-12.55,0.));
#1218 = DIRECTION('',(1.,0.,0.));
#1219 = DIRECTION('',(0.,-1.,0.));
#1220 = ADVANCED_FACE('',(#1221),#1246,.F.);
#1221 = FACE_BOUND('',#1222,.F.);
#1222 = EDGE_LOOP('',(#1223,#1231,#1239,#1245));
#1223 = ORIENTED_EDGE('',*,*,#1224,.T.);
#1224 = EDGE_CURVE('',#137,#1225,#1227,.T.);
#1225 = VERTEX_POINT('',#1226);
#1226 = CARTESIAN_POINT('',(-7.,-25.55,3.));
#1227 = LINE('',#1228,#1229);
#1228 = CARTESIAN_POINT('',(-7.,-25.55,0.));
#1229 = VECTOR('',#1230,1.);
#1230 = DIRECTION('',(0.,0.,1.));
#1231 = ORIENTED_EDGE('',*,*,#1232,.T.);
#1232 = EDGE_CURVE('',#1225,#1233,#1235,.T.);
#1233 = VERTEX_POINT('',#1234);
#1234 = CARTESIAN_POINT('',(-7.,-12.55,3.));
#1235 = LINE('',#1236,#1237);
#1236 = CARTESIAN_POINT('',(-7.,-25.55,3.));
#1237 = VECTOR('',#1238,1.);
#1238 = DIRECTION('',(0.,1.,0.));
#1239 = ORIENTED_EDGE('',*,*,#1240,.F.);
#1240 = EDGE_CURVE('',#139,#1233,#1241,.T.);
#1241 = LINE('',#1242,#1243);
#1242 = CARTESIAN_POINT('',(-7.,-12.55,0.));
#1243 = VECTOR('',#1244,1.);
#1244 = DIRECTION('',(0.,0.,1.));
#1245 = ORIENTED_EDGE('',*,*,#136,.F.);
#1246 = PLANE('',#1247);
#1247 = AXIS2_PLACEMENT_3D('',#1248,#1249,#1250);
#1248 = CARTESIAN_POINT('',(-7.,-25.55,0.));
#1249 = DIRECTION('',(-1.,0.,0.));
#1250 = DIRECTION('',(0.,1.,0.));
#1251 = ADVANCED_FACE('',(#1252),#1271,.F.);
#1252 = FACE_BOUND('',#1253,.T.);
#1253 = EDGE_LOOP('',(#1254,#1255,#1264,#1270));
#1254 = ORIENTED_EDGE('',*,*,#1224,.T.);
#1255 = ORIENTED_EDGE('',*,*,#1256,.T.);
#1256 = EDGE_CURVE('',#1225,#1257,#1259,.T.);
#1257 = VERTEX_POINT('',#1258);
#1258 = CARTESIAN_POINT('',(-6.5,-26.05,3.));
#1259 = CIRCLE('',#1260,0.5);
#1260 = AXIS2_PLACEMENT_3D('',#1261,#1262,#1263);
#1261 = CARTESIAN_POINT('',(-6.5,-25.55,3.));
#1262 = DIRECTION('',(0.,0.,1.));
#1263 = DIRECTION('',(1.,0.,0.));
#1264 = ORIENTED_EDGE('',*,*,#1265,.F.);
#1265 = EDGE_CURVE('',#190,#1257,#1266,.T.);
#1266 = LINE('',#1267,#1268);
#1267 = CARTESIAN_POINT('',(-6.5,-26.05,0.));
#1268 = VECTOR('',#1269,1.);
#1269 = DIRECTION('',(0.,0.,1.));
#1270 = ORIENTED_EDGE('',*,*,#197,.F.);
#1271 = CYLINDRICAL_SURFACE('',#1272,0.5);
#1272 = AXIS2_PLACEMENT_3D('',#1273,#1274,#1275);
#1273 = CARTESIAN_POINT('',(-6.5,-25.55,0.));
#1274 = DIRECTION('',(-0.,-0.,-1.));
#1275 = DIRECTION('',(1.,0.,0.));
#1276 = ADVANCED_FACE('',(#1277),#1296,.F.);
#1277 = FACE_BOUND('',#1278,.T.);
#1278 = EDGE_LOOP('',(#1279,#1287,#1294,#1295));
#1279 = ORIENTED_EDGE('',*,*,#1280,.T.);
#1280 = EDGE_CURVE('',#147,#1281,#1283,.T.);
#1281 = VERTEX_POINT('',#1282);
#1282 = CARTESIAN_POINT('',(-6.5,-12.05,3.));
#1283 = LINE('',#1284,#1285);
#1284 = CARTESIAN_POINT('',(-6.5,-12.05,0.));
#1285 = VECTOR('',#1286,1.);
#1286 = DIRECTION('',(0.,0.,1.));
#1287 = ORIENTED_EDGE('',*,*,#1288,.T.);
#1288 = EDGE_CURVE('',#1281,#1233,#1289,.T.);
#1289 = CIRCLE('',#1290,0.5);
#1290 = AXIS2_PLACEMENT_3D('',#1291,#1292,#1293);
#1291 = CARTESIAN_POINT('',(-6.5,-12.55,3.));
#1292 = DIRECTION('',(0.,0.,1.));
#1293 = DIRECTION('',(1.,0.,0.));
#1294 = ORIENTED_EDGE('',*,*,#1240,.F.);
#1295 = ORIENTED_EDGE('',*,*,#146,.F.);
#1296 = CYLINDRICAL_SURFACE('',#1297,0.5);
#1297 = AXIS2_PLACEMENT_3D('',#1298,#1299,#1300);
#1298 = CARTESIAN_POINT('',(-6.5,-12.55,0.));
#1299 = DIRECTION('',(-0.,-0.,-1.));
#1300 = DIRECTION('',(1.,0.,0.));
#1301 = ADVANCED_FACE('',(#1302),#1320,.F.);
#1302 = FACE_BOUND('',#1303,.F.);
#1303 = EDGE_LOOP('',(#1304,#1312,#1318,#1319));
#1304 = ORIENTED_EDGE('',*,*,#1305,.T.);
#1305 = EDGE_CURVE('',#181,#1306,#1308,.T.);
#1306 = VERTEX_POINT('',#1307);
#1307 = CARTESIAN_POINT('',(6.5,-26.05,3.));
#1308 = LINE('',#1309,#1310);
#1309 = CARTESIAN_POINT('',(6.5,-26.05,0.));
#1310 = VECTOR('',#1311,1.);
#1311 = DIRECTION('',(0.,0.,1.));
#1312 = ORIENTED_EDGE('',*,*,#1313,.T.);
#1313 = EDGE_CURVE('',#1306,#1257,#1314,.T.);
#1314 = LINE('',#1315,#1316);
#1315 = CARTESIAN_POINT('',(6.5,-26.05,3.));
#1316 = VECTOR('',#1317,1.);
#1317 = DIRECTION('',(-1.,0.,0.));
#1318 = ORIENTED_EDGE('',*,*,#1265,.F.);
#1319 = ORIENTED_EDGE('',*,*,#189,.F.);
#1320 = PLANE('',#1321);
#1321 = AXIS2_PLACEMENT_3D('',#1322,#1323,#1324);
#1322 = CARTESIAN_POINT('',(6.5,-26.05,0.));
#1323 = DIRECTION('',(0.,-1.,0.));
#1324 = DIRECTION('',(-1.,0.,0.));
#1325 = ADVANCED_FACE('',(#1326),#1344,.F.);
#1326 = FACE_BOUND('',#1327,.F.);
#1327 = EDGE_LOOP('',(#1328,#1329,#1337,#1343));
#1328 = ORIENTED_EDGE('',*,*,#1280,.T.);
#1329 = ORIENTED_EDGE('',*,*,#1330,.T.);
#1330 = EDGE_CURVE('',#1281,#1331,#1333,.T.);
#1331 = VERTEX_POINT('',#1332);
#1332 = CARTESIAN_POINT('',(6.5,-12.05,3.));
#1333 = LINE('',#1334,#1335);
#1334 = CARTESIAN_POINT('',(-6.5,-12.05,3.));
#1335 = VECTOR('',#1336,1.);
#1336 = DIRECTION('',(1.,0.,0.));
#1337 = ORIENTED_EDGE('',*,*,#1338,.F.);
#1338 = EDGE_CURVE('',#156,#1331,#1339,.T.);
#1339 = LINE('',#1340,#1341);
#1340 = CARTESIAN_POINT('',(6.5,-12.05,0.));
#1341 = VECTOR('',#1342,1.);
#1342 = DIRECTION('',(0.,0.,1.));
#1343 = ORIENTED_EDGE('',*,*,#155,.F.);
#1344 = PLANE('',#1345);
#1345 = AXIS2_PLACEMENT_3D('',#1346,#1347,#1348);
#1346 = CARTESIAN_POINT('',(-6.5,-12.05,0.));
#1347 = DIRECTION('',(0.,1.,0.));
#1348 = DIRECTION('',(1.,0.,0.));
#1349 = ADVANCED_FACE('',(#1350),#1369,.F.);
#1350 = FACE_BOUND('',#1351,.T.);
#1351 = EDGE_LOOP('',(#1352,#1353,#1362,#1368));
#1352 = ORIENTED_EDGE('',*,*,#1305,.T.);
#1353 = ORIENTED_EDGE('',*,*,#1354,.T.);
#1354 = EDGE_CURVE('',#1306,#1355,#1357,.T.);
#1355 = VERTEX_POINT('',#1356);
#1356 = CARTESIAN_POINT('',(7.,-25.55,3.));
#1357 = CIRCLE('',#1358,0.5);
#1358 = AXIS2_PLACEMENT_3D('',#1359,#1360,#1361);
#1359 = CARTESIAN_POINT('',(6.5,-25.55,3.));
#1360 = DIRECTION('',(0.,0.,1.));
#1361 = DIRECTION('',(1.,0.,0.));
#1362 = ORIENTED_EDGE('',*,*,#1363,.F.);
#1363 = EDGE_CURVE('',#173,#1355,#1364,.T.);
#1364 = LINE('',#1365,#1366);
#1365 = CARTESIAN_POINT('',(7.,-25.55,0.));
#1366 = VECTOR('',#1367,1.);
#1367 = DIRECTION('',(0.,0.,1.));
#1368 = ORIENTED_EDGE('',*,*,#180,.F.);
#1369 = CYLINDRICAL_SURFACE('',#1370,0.5);
#1370 = AXIS2_PLACEMENT_3D('',#1371,#1372,#1373);
#1371 = CARTESIAN_POINT('',(6.5,-25.55,0.));
#1372 = DIRECTION('',(-0.,-0.,-1.));
#1373 = DIRECTION('',(1.,0.,0.));
#1374 = ADVANCED_FACE('',(#1375),#1394,.F.);
#1375 = FACE_BOUND('',#1376,.T.);
#1376 = EDGE_LOOP('',(#1377,#1385,#1392,#1393));
#1377 = ORIENTED_EDGE('',*,*,#1378,.T.);
#1378 = EDGE_CURVE('',#164,#1379,#1381,.T.);
#1379 = VERTEX_POINT('',#1380);
#1380 = CARTESIAN_POINT('',(7.,-12.55,3.));
#1381 = LINE('',#1382,#1383);
#1382 = CARTESIAN_POINT('',(7.,-12.55,0.));
#1383 = VECTOR('',#1384,1.);
#1384 = DIRECTION('',(0.,0.,1.));
#1385 = ORIENTED_EDGE('',*,*,#1386,.T.);
#1386 = EDGE_CURVE('',#1379,#1331,#1387,.T.);
#1387 = CIRCLE('',#1388,0.5);
#1388 = AXIS2_PLACEMENT_3D('',#1389,#1390,#1391);
#1389 = CARTESIAN_POINT('',(6.5,-12.55,3.));
#1390 = DIRECTION('',(0.,0.,1.));
#1391 = DIRECTION('',(1.,0.,0.));
#1392 = ORIENTED_EDGE('',*,*,#1338,.F.);
#1393 = ORIENTED_EDGE('',*,*,#163,.F.);
#1394 = CYLINDRICAL_SURFACE('',#1395,0.5);
#1395 = AXIS2_PLACEMENT_3D('',#1396,#1397,#1398);
#1396 = CARTESIAN_POINT('',(6.5,-12.55,0.));
#1397 = DIRECTION('',(-0.,-0.,-1.));
#1398 = DIRECTION('',(1.,0.,0.));
#1399 = ADVANCED_FACE('',(#1400),#1411,.F.);
#1400 = FACE_BOUND('',#1401,.F.);
#1401 = EDGE_LOOP('',(#1402,#1403,#1409,#1410));
#1402 = ORIENTED_EDGE('',*,*,#1378,.T.);
#1403 = ORIENTED_EDGE('',*,*,#1404,.T.);
#1404 = EDGE_CURVE('',#1379,#1355,#1405,.T.);
#1405 = LINE('',#1406,#1407);
#1406 = CARTESIAN_POINT('',(7.,-12.55,3.));
#1407 = VECTOR('',#1408,1.);
#1408 = DIRECTION('',(0.,-1.,0.));
#1409 = ORIENTED_EDGE('',*,*,#1363,.F.);
#1410 = ORIENTED_EDGE('',*,*,#172,.F.);
#1411 = PLANE('',#1412);
#1412 = AXIS2_PLACEMENT_3D('',#1413,#1414,#1415);
#1413 = CARTESIAN_POINT('',(7.,-12.55,0.));
#1414 = DIRECTION('',(1.,0.,0.));
#1415 = DIRECTION('',(0.,-1.,0.));
#1416 = ADVANCED_FACE('',(#1417),#1442,.F.);
#1417 = FACE_BOUND('',#1418,.F.);
#1418 = EDGE_LOOP('',(#1419,#1427,#1435,#1441));
#1419 = ORIENTED_EDGE('',*,*,#1420,.T.);
#1420 = EDGE_CURVE('',#207,#1421,#1423,.T.);
#1421 = VERTEX_POINT('',#1422);
#1422 = CARTESIAN_POINT('',(-12.05,6.5,3.));
#1423 = LINE('',#1424,#1425);
#1424 = CARTESIAN_POINT('',(-12.05,6.5,0.));
#1425 = VECTOR('',#1426,1.);
#1426 = DIRECTION('',(0.,0.,1.));
#1427 = ORIENTED_EDGE('',*,*,#1428,.T.);
#1428 = EDGE_CURVE('',#1421,#1429,#1431,.T.);
#1429 = VERTEX_POINT('',#1430);
#1430 = CARTESIAN_POINT('',(-12.05,-6.5,3.));
#1431 = LINE('',#1432,#1433);
#1432 = CARTESIAN_POINT('',(-12.05,6.5,3.));
#1433 = VECTOR('',#1434,1.);
#1434 = DIRECTION('',(0.,-1.,0.));
#1435 = ORIENTED_EDGE('',*,*,#1436,.F.);
#1436 = EDGE_CURVE('',#209,#1429,#1437,.T.);
#1437 = LINE('',#1438,#1439);
#1438 = CARTESIAN_POINT('',(-12.05,-6.5,0.));
#1439 = VECTOR('',#1440,1.);
#1440 = DIRECTION('',(0.,0.,1.));
#1441 = ORIENTED_EDGE('',*,*,#206,.F.);
#1442 = PLANE('',#1443);
#1443 = AXIS2_PLACEMENT_3D('',#1444,#1445,#1446);
#1444 = CARTESIAN_POINT('',(-12.05,6.5,0.));
#1445 = DIRECTION('',(1.,0.,0.));
#1446 = DIRECTION('',(0.,-1.,0.));
#1447 = ADVANCED_FACE('',(#1448),#1467,.F.);
#1448 = FACE_BOUND('',#1449,.T.);
#1449 = EDGE_LOOP('',(#1450,#1451,#1460,#1466));
#1450 = ORIENTED_EDGE('',*,*,#1420,.T.);
#1451 = ORIENTED_EDGE('',*,*,#1452,.T.);
#1452 = EDGE_CURVE('',#1421,#1453,#1455,.T.);
#1453 = VERTEX_POINT('',#1454);
#1454 = CARTESIAN_POINT('',(-12.55,7.,3.));
#1455 = CIRCLE('',#1456,0.5);
#1456 = AXIS2_PLACEMENT_3D('',#1457,#1458,#1459);
#1457 = CARTESIAN_POINT('',(-12.55,6.5,3.));
#1458 = DIRECTION('',(0.,0.,1.));
#1459 = DIRECTION('',(1.,0.,0.));
#1460 = ORIENTED_EDGE('',*,*,#1461,.F.);
#1461 = EDGE_CURVE('',#260,#1453,#1462,.T.);
#1462 = LINE('',#1463,#1464);
#1463 = CARTESIAN_POINT('',(-12.55,7.,0.));
#1464 = VECTOR('',#1465,1.);
#1465 = DIRECTION('',(0.,0.,1.));
#1466 = ORIENTED_EDGE('',*,*,#267,.F.);
#1467 = CYLINDRICAL_SURFACE('',#1468,0.5);
#1468 = AXIS2_PLACEMENT_3D('',#1469,#1470,#1471);
#1469 = CARTESIAN_POINT('',(-12.55,6.5,0.));
#1470 = DIRECTION('',(-0.,-0.,-1.));
#1471 = DIRECTION('',(1.,0.,0.));
#1472 = ADVANCED_FACE('',(#1473),#1492,.F.);
#1473 = FACE_BOUND('',#1474,.T.);
#1474 = EDGE_LOOP('',(#1475,#1483,#1490,#1491));
#1475 = ORIENTED_EDGE('',*,*,#1476,.T.);
#1476 = EDGE_CURVE('',#217,#1477,#1479,.T.);
#1477 = VERTEX_POINT('',#1478);
#1478 = CARTESIAN_POINT('',(-12.55,-7.,3.));
#1479 = LINE('',#1480,#1481);
#1480 = CARTESIAN_POINT('',(-12.55,-7.,0.));
#1481 = VECTOR('',#1482,1.);
#1482 = DIRECTION('',(0.,0.,1.));
#1483 = ORIENTED_EDGE('',*,*,#1484,.T.);
#1484 = EDGE_CURVE('',#1477,#1429,#1485,.T.);
#1485 = CIRCLE('',#1486,0.5);
#1486 = AXIS2_PLACEMENT_3D('',#1487,#1488,#1489);
#1487 = CARTESIAN_POINT('',(-12.55,-6.5,3.));
#1488 = DIRECTION('',(0.,0.,1.));
#1489 = DIRECTION('',(1.,0.,0.));
#1490 = ORIENTED_EDGE('',*,*,#1436,.F.);
#1491 = ORIENTED_EDGE('',*,*,#216,.F.);
#1492 = CYLINDRICAL_SURFACE('',#1493,0.5);
#1493 = AXIS2_PLACEMENT_3D('',#1494,#1495,#1496);
#1494 = CARTESIAN_POINT('',(-12.55,-6.5,0.));
#1495 = DIRECTION('',(-0.,-0.,-1.));
#1496 = DIRECTION('',(1.,0.,0.));
#1497 = ADVANCED_FACE('',(#1498),#1516,.F.);
#1498 = FACE_BOUND('',#1499,.F.);
#1499 = EDGE_LOOP('',(#1500,#1508,#1514,#1515));
#1500 = ORIENTED_EDGE('',*,*,#1501,.T.);
#1501 = EDGE_CURVE('',#251,#1502,#1504,.T.);
#1502 = VERTEX_POINT('',#1503);
#1503 = CARTESIAN_POINT('',(-25.55,7.,3.));
#1504 = LINE('',#1505,#1506);
#1505 = CARTESIAN_POINT('',(-25.55,7.,0.));
#1506 = VECTOR('',#1507,1.);
#1507 = DIRECTION('',(0.,0.,1.));
#1508 = ORIENTED_EDGE('',*,*,#1509,.T.);
#1509 = EDGE_CURVE('',#1502,#1453,#1510,.T.);
#1510 = LINE('',#1511,#1512);
#1511 = CARTESIAN_POINT('',(-25.55,7.,3.));
#1512 = VECTOR('',#1513,1.);
#1513 = DIRECTION('',(1.,0.,0.));
#1514 = ORIENTED_EDGE('',*,*,#1461,.F.);
#1515 = ORIENTED_EDGE('',*,*,#259,.F.);
#1516 = PLANE('',#1517);
#1517 = AXIS2_PLACEMENT_3D('',#1518,#1519,#1520);
#1518 = CARTESIAN_POINT('',(-25.55,7.,0.));
#1519 = DIRECTION('',(0.,1.,0.));
#1520 = DIRECTION('',(1.,0.,0.));
#1521 = ADVANCED_FACE('',(#1522),#1540,.F.);
#1522 = FACE_BOUND('',#1523,.F.);
#1523 = EDGE_LOOP('',(#1524,#1525,#1533,#1539));
#1524 = ORIENTED_EDGE('',*,*,#1476,.T.);
#1525 = ORIENTED_EDGE('',*,*,#1526,.T.);
#1526 = EDGE_CURVE('',#1477,#1527,#1529,.T.);
#1527 = VERTEX_POINT('',#1528);
#1528 = CARTESIAN_POINT('',(-25.55,-7.,3.));
#1529 = LINE('',#1530,#1531);
#1530 = CARTESIAN_POINT('',(-12.55,-7.,3.));
#1531 = VECTOR('',#1532,1.);
#1532 = DIRECTION('',(-1.,0.,0.));
#1533 = ORIENTED_EDGE('',*,*,#1534,.F.);
#1534 = EDGE_CURVE('',#226,#1527,#1535,.T.);
#1535 = LINE('',#1536,#1537);
#1536 = CARTESIAN_POINT('',(-25.55,-7.,0.));
#1537 = VECTOR('',#1538,1.);
#1538 = DIRECTION('',(0.,0.,1.));
#1539 = ORIENTED_EDGE('',*,*,#225,.F.);
#1540 = PLANE('',#1541);
#1541 = AXIS2_PLACEMENT_3D('',#1542,#1543,#1544);
#1542 = CARTESIAN_POINT('',(-12.55,-7.,0.));
#1543 = DIRECTION('',(0.,-1.,0.));
#1544 = DIRECTION('',(-1.,0.,0.));
#1545 = ADVANCED_FACE('',(#1546),#1565,.F.);
#1546 = FACE_BOUND('',#1547,.T.);
#1547 = EDGE_LOOP('',(#1548,#1549,#1558,#1564));
#1548 = ORIENTED_EDGE('',*,*,#1501,.T.);
#1549 = ORIENTED_EDGE('',*,*,#1550,.T.);
#1550 = EDGE_CURVE('',#1502,#1551,#1553,.T.);
#1551 = VERTEX_POINT('',#1552);
#1552 = CARTESIAN_POINT('',(-26.05,6.5,3.));
#1553 = CIRCLE('',#1554,0.5);
#1554 = AXIS2_PLACEMENT_3D('',#1555,#1556,#1557);
#1555 = CARTESIAN_POINT('',(-25.55,6.5,3.));
#1556 = DIRECTION('',(0.,0.,1.));
#1557 = DIRECTION('',(1.,0.,0.));
#1558 = ORIENTED_EDGE('',*,*,#1559,.F.);
#1559 = EDGE_CURVE('',#243,#1551,#1560,.T.);
#1560 = LINE('',#1561,#1562);
#1561 = CARTESIAN_POINT('',(-26.05,6.5,0.));
#1562 = VECTOR('',#1563,1.);
#1563 = DIRECTION('',(0.,0.,1.));
#1564 = ORIENTED_EDGE('',*,*,#250,.F.);
#1565 = CYLINDRICAL_SURFACE('',#1566,0.5);
#1566 = AXIS2_PLACEMENT_3D('',#1567,#1568,#1569);
#1567 = CARTESIAN_POINT('',(-25.55,6.5,0.));
#1568 = DIRECTION('',(-0.,-0.,-1.));
#1569 = DIRECTION('',(1.,0.,0.));
#1570 = ADVANCED_FACE('',(#1571),#1590,.F.);
#1571 = FACE_BOUND('',#1572,.T.);
#1572 = EDGE_LOOP('',(#1573,#1581,#1588,#1589));
#1573 = ORIENTED_EDGE('',*,*,#1574,.T.);
#1574 = EDGE_CURVE('',#234,#1575,#1577,.T.);
#1575 = VERTEX_POINT('',#1576);
#1576 = CARTESIAN_POINT('',(-26.05,-6.5,3.));
#1577 = LINE('',#1578,#1579);
#1578 = CARTESIAN_POINT('',(-26.05,-6.5,0.));
#1579 = VECTOR('',#1580,1.);
#1580 = DIRECTION('',(0.,0.,1.));
#1581 = ORIENTED_EDGE('',*,*,#1582,.T.);
#1582 = EDGE_CURVE('',#1575,#1527,#1583,.T.);
#1583 = CIRCLE('',#1584,0.5);
#1584 = AXIS2_PLACEMENT_3D('',#1585,#1586,#1587);
#1585 = CARTESIAN_POINT('',(-25.55,-6.5,3.));
#1586 = DIRECTION('',(0.,0.,1.));
#1587 = DIRECTION('',(1.,0.,0.));
#1588 = ORIENTED_EDGE('',*,*,#1534,.F.);
#1589 = ORIENTED_EDGE('',*,*,#233,.F.);
#1590 = CYLINDRICAL_SURFACE('',#1591,0.5);
#1591 = AXIS2_PLACEMENT_3D('',#1592,#1593,#1594);
#1592 = CARTESIAN_POINT('',(-25.55,-6.5,0.));
#1593 = DIRECTION('',(-0.,-0.,-1.));
#1594 = DIRECTION('',(1.,0.,0.));
#1595 = ADVANCED_FACE('',(#1596),#1607,.F.);
#1596 = FACE_BOUND('',#1597,.F.);
#1597 = EDGE_LOOP('',(#1598,#1599,#1605,#1606));
#1598 = ORIENTED_EDGE('',*,*,#1574,.T.);
#1599 = ORIENTED_EDGE('',*,*,#1600,.T.);
#1600 = EDGE_CURVE('',#1575,#1551,#1601,.T.);
#1601 = LINE('',#1602,#1603);
#1602 = CARTESIAN_POINT('',(-26.05,-6.5,3.));
#1603 = VECTOR('',#1604,1.);
#1604 = DIRECTION('',(0.,1.,0.));
#1605 = ORIENTED_EDGE('',*,*,#1559,.F.);
#1606 = ORIENTED_EDGE('',*,*,#242,.F.);
#1607 = PLANE('',#1608);
#1608 = AXIS2_PLACEMENT_3D('',#1609,#1610,#1611);
#1609 = CARTESIAN_POINT('',(-26.05,-6.5,0.));
#1610 = DIRECTION('',(-1.,0.,0.));
#1611 = DIRECTION('',(0.,1.,0.));
#1612 = ADVANCED_FACE('',(#1613),#1638,.T.);
#1613 = FACE_BOUND('',#1614,.T.);
#1614 = EDGE_LOOP('',(#1615,#1623,#1631,#1637));
#1615 = ORIENTED_EDGE('',*,*,#1616,.T.);
#1616 = EDGE_CURVE('',#277,#1617,#1619,.T.);
#1617 = VERTEX_POINT('',#1618);
#1618 = CARTESIAN_POINT('',(-6.5,-7.,3.));
#1619 = LINE('',#1620,#1621);
#1620 = CARTESIAN_POINT('',(-6.5,-7.,0.));
#1621 = VECTOR('',#1622,1.);
#1622 = DIRECTION('',(0.,0.,1.));
#1623 = ORIENTED_EDGE('',*,*,#1624,.T.);
#1624 = EDGE_CURVE('',#1617,#1625,#1627,.T.);
#1625 = VERTEX_POINT('',#1626);
#1626 = CARTESIAN_POINT('',(6.5,-7.,3.));
#1627 = LINE('',#1628,#1629);
#1628 = CARTESIAN_POINT('',(-6.5,-7.,3.));
#1629 = VECTOR('',#1630,1.);
#1630 = DIRECTION('',(1.,0.,0.));
#1631 = ORIENTED_EDGE('',*,*,#1632,.F.);
#1632 = EDGE_CURVE('',#279,#1625,#1633,.T.);
#1633 = LINE('',#1634,#1635);
#1634 = CARTESIAN_POINT('',(6.5,-7.,0.));
#1635 = VECTOR('',#1636,1.);
#1636 = DIRECTION('',(0.,0.,1.));
#1637 = ORIENTED_EDGE('',*,*,#276,.F.);
#1638 = PLANE('',#1639);
#1639 = AXIS2_PLACEMENT_3D('',#1640,#1641,#1642);
#1640 = CARTESIAN_POINT('',(-6.5,-7.,0.));
#1641 = DIRECTION('',(0.,1.,0.));
#1642 = DIRECTION('',(1.,0.,0.));
#1643 = ADVANCED_FACE('',(#1644),#1663,.F.);
#1644 = FACE_BOUND('',#1645,.T.);
#1645 = EDGE_LOOP('',(#1646,#1654,#1661,#1662));
#1646 = ORIENTED_EDGE('',*,*,#1647,.T.);
#1647 = EDGE_CURVE('',#287,#1648,#1650,.T.);
#1648 = VERTEX_POINT('',#1649);
#1649 = CARTESIAN_POINT('',(-7.,-6.5,3.));
#1650 = LINE('',#1651,#1652);
#1651 = CARTESIAN_POINT('',(-7.,-6.5,0.));
#1652 = VECTOR('',#1653,1.);
#1653 = DIRECTION('',(0.,0.,1.));
#1654 = ORIENTED_EDGE('',*,*,#1655,.T.);
#1655 = EDGE_CURVE('',#1648,#1617,#1656,.T.);
#1656 = CIRCLE('',#1657,0.5);
#1657 = AXIS2_PLACEMENT_3D('',#1658,#1659,#1660);
#1658 = CARTESIAN_POINT('',(-6.5,-6.5,3.));
#1659 = DIRECTION('',(0.,0.,1.));
#1660 = DIRECTION('',(1.,0.,0.));
#1661 = ORIENTED_EDGE('',*,*,#1616,.F.);
#1662 = ORIENTED_EDGE('',*,*,#286,.F.);
#1663 = CYLINDRICAL_SURFACE('',#1664,0.5);
#1664 = AXIS2_PLACEMENT_3D('',#1665,#1666,#1667);
#1665 = CARTESIAN_POINT('',(-6.5,-6.5,0.));
#1666 = DIRECTION('',(-0.,-0.,-1.));
#1667 = DIRECTION('',(1.,0.,0.));
#1668 = ADVANCED_FACE('',(#1669),#1688,.F.);
#1669 = FACE_BOUND('',#1670,.T.);
#1670 = EDGE_LOOP('',(#1671,#1672,#1681,#1687));
#1671 = ORIENTED_EDGE('',*,*,#1632,.T.);
#1672 = ORIENTED_EDGE('',*,*,#1673,.T.);
#1673 = EDGE_CURVE('',#1625,#1674,#1676,.T.);
#1674 = VERTEX_POINT('',#1675);
#1675 = CARTESIAN_POINT('',(7.,-6.5,3.));
#1676 = CIRCLE('',#1677,0.5);
#1677 = AXIS2_PLACEMENT_3D('',#1678,#1679,#1680);
#1678 = CARTESIAN_POINT('',(6.5,-6.5,3.));
#1679 = DIRECTION('',(0.,0.,1.));
#1680 = DIRECTION('',(1.,0.,0.));
#1681 = ORIENTED_EDGE('',*,*,#1682,.F.);
#1682 = EDGE_CURVE('',#330,#1674,#1683,.T.);
#1683 = LINE('',#1684,#1685);
#1684 = CARTESIAN_POINT('',(7.,-6.5,0.));
#1685 = VECTOR('',#1686,1.);
#1686 = DIRECTION('',(0.,0.,1.));
#1687 = ORIENTED_EDGE('',*,*,#337,.F.);
#1688 = CYLINDRICAL_SURFACE('',#1689,0.5);
#1689 = AXIS2_PLACEMENT_3D('',#1690,#1691,#1692);
#1690 = CARTESIAN_POINT('',(6.5,-6.5,0.));
#1691 = DIRECTION('',(-0.,-0.,-1.));
#1692 = DIRECTION('',(1.,0.,0.));
#1693 = ADVANCED_FACE('',(#1694),#1712,.T.);
#1694 = FACE_BOUND('',#1695,.T.);
#1695 = EDGE_LOOP('',(#1696,#1704,#1710,#1711));
#1696 = ORIENTED_EDGE('',*,*,#1697,.T.);
#1697 = EDGE_CURVE('',#296,#1698,#1700,.T.);
#1698 = VERTEX_POINT('',#1699);
#1699 = CARTESIAN_POINT('',(-7.,6.5,3.));
#1700 = LINE('',#1701,#1702);
#1701 = CARTESIAN_POINT('',(-7.,6.5,0.));
#1702 = VECTOR('',#1703,1.);
#1703 = DIRECTION('',(0.,0.,1.));
#1704 = ORIENTED_EDGE('',*,*,#1705,.T.);
#1705 = EDGE_CURVE('',#1698,#1648,#1706,.T.);
#1706 = LINE('',#1707,#1708);
#1707 = CARTESIAN_POINT('',(-7.,6.5,3.));
#1708 = VECTOR('',#1709,1.);
#1709 = DIRECTION('',(0.,-1.,0.));
#1710 = ORIENTED_EDGE('',*,*,#1647,.F.);
#1711 = ORIENTED_EDGE('',*,*,#295,.F.);
#1712 = PLANE('',#1713);
#1713 = AXIS2_PLACEMENT_3D('',#1714,#1715,#1716);
#1714 = CARTESIAN_POINT('',(-7.,6.5,0.));
#1715 = DIRECTION('',(1.,0.,0.));
#1716 = DIRECTION('',(0.,-1.,0.));
#1717 = ADVANCED_FACE('',(#1718),#1736,.T.);
#1718 = FACE_BOUND('',#1719,.T.);
#1719 = EDGE_LOOP('',(#1720,#1721,#1729,#1735));
#1720 = ORIENTED_EDGE('',*,*,#1682,.T.);
#1721 = ORIENTED_EDGE('',*,*,#1722,.T.);
#1722 = EDGE_CURVE('',#1674,#1723,#1725,.T.);
#1723 = VERTEX_POINT('',#1724);
#1724 = CARTESIAN_POINT('',(7.,6.5,3.));
#1725 = LINE('',#1726,#1727);
#1726 = CARTESIAN_POINT('',(7.,-6.5,3.));
#1727 = VECTOR('',#1728,1.);
#1728 = DIRECTION('',(0.,1.,0.));
#1729 = ORIENTED_EDGE('',*,*,#1730,.F.);
#1730 = EDGE_CURVE('',#321,#1723,#1731,.T.);
#1731 = LINE('',#1732,#1733);
#1732 = CARTESIAN_POINT('',(7.,6.5,0.));
#1733 = VECTOR('',#1734,1.);
#1734 = DIRECTION('',(0.,0.,1.));
#1735 = ORIENTED_EDGE('',*,*,#329,.F.);
#1736 = PLANE('',#1737);
#1737 = AXIS2_PLACEMENT_3D('',#1738,#1739,#1740);
#1738 = CARTESIAN_POINT('',(7.,-6.5,0.));
#1739 = DIRECTION('',(-1.,0.,0.));
#1740 = DIRECTION('',(0.,1.,0.));
#1741 = ADVANCED_FACE('',(#1742),#1761,.F.);
#1742 = FACE_BOUND('',#1743,.T.);
#1743 = EDGE_LOOP('',(#1744,#1752,#1759,#1760));
#1744 = ORIENTED_EDGE('',*,*,#1745,.T.);
#1745 = EDGE_CURVE('',#304,#1746,#1748,.T.);
#1746 = VERTEX_POINT('',#1747);
#1747 = CARTESIAN_POINT('',(-6.5,7.,3.));
#1748 = LINE('',#1749,#1750);
#1749 = CARTESIAN_POINT('',(-6.5,7.,0.));
#1750 = VECTOR('',#1751,1.);
#1751 = DIRECTION('',(0.,0.,1.));
#1752 = ORIENTED_EDGE('',*,*,#1753,.T.);
#1753 = EDGE_CURVE('',#1746,#1698,#1754,.T.);
#1754 = CIRCLE('',#1755,0.5);
#1755 = AXIS2_PLACEMENT_3D('',#1756,#1757,#1758);
#1756 = CARTESIAN_POINT('',(-6.5,6.5,3.));
#1757 = DIRECTION('',(0.,0.,1.));
#1758 = DIRECTION('',(1.,0.,0.));
#1759 = ORIENTED_EDGE('',*,*,#1697,.F.);
#1760 = ORIENTED_EDGE('',*,*,#303,.F.);
#1761 = CYLINDRICAL_SURFACE('',#1762,0.5);
#1762 = AXIS2_PLACEMENT_3D('',#1763,#1764,#1765);
#1763 = CARTESIAN_POINT('',(-6.5,6.5,0.));
#1764 = DIRECTION('',(-0.,-0.,-1.));
#1765 = DIRECTION('',(1.,0.,0.));
#1766 = ADVANCED_FACE('',(#1767),#1786,.F.);
#1767 = FACE_BOUND('',#1768,.T.);
#1768 = EDGE_LOOP('',(#1769,#1770,#1779,#1785));
#1769 = ORIENTED_EDGE('',*,*,#1730,.T.);
#1770 = ORIENTED_EDGE('',*,*,#1771,.T.);
#1771 = EDGE_CURVE('',#1723,#1772,#1774,.T.);
#1772 = VERTEX_POINT('',#1773);
#1773 = CARTESIAN_POINT('',(6.5,7.,3.));
#1774 = CIRCLE('',#1775,0.5);
#1775 = AXIS2_PLACEMENT_3D('',#1776,#1777,#1778);
#1776 = CARTESIAN_POINT('',(6.5,6.5,3.));
#1777 = DIRECTION('',(0.,0.,1.));
#1778 = DIRECTION('',(1.,0.,0.));
#1779 = ORIENTED_EDGE('',*,*,#1780,.F.);
#1780 = EDGE_CURVE('',#313,#1772,#1781,.T.);
#1781 = LINE('',#1782,#1783);
#1782 = CARTESIAN_POINT('',(6.5,7.,0.));
#1783 = VECTOR('',#1784,1.);
#1784 = DIRECTION('',(0.,0.,1.));
#1785 = ORIENTED_EDGE('',*,*,#320,.F.);
#1786 = CYLINDRICAL_SURFACE('',#1787,0.5);
#1787 = AXIS2_PLACEMENT_3D('',#1788,#1789,#1790);
#1788 = CARTESIAN_POINT('',(6.5,6.5,0.));
#1789 = DIRECTION('',(-0.,-0.,-1.));
#1790 = DIRECTION('',(1.,0.,0.));
#1791 = ADVANCED_FACE('',(#1792),#1803,.T.);
#1792 = FACE_BOUND('',#1793,.T.);
#1793 = EDGE_LOOP('',(#1794,#1795,#1801,#1802));
#1794 = ORIENTED_EDGE('',*,*,#1780,.T.);
#1795 = ORIENTED_EDGE('',*,*,#1796,.T.);
#1796 = EDGE_CURVE('',#1772,#1746,#1797,.T.);
#1797 = LINE('',#1798,#1799);
#1798 = CARTESIAN_POINT('',(6.5,7.,3.));
#1799 = VECTOR('',#1800,1.);
#1800 = DIRECTION('',(-1.,0.,0.));
#1801 = ORIENTED_EDGE('',*,*,#1745,.F.);
#1802 = ORIENTED_EDGE('',*,*,#312,.F.);
#1803 = PLANE('',#1804);
#1804 = AXIS2_PLACEMENT_3D('',#1805,#1806,#1807);
#1805 = CARTESIAN_POINT('',(6.5,7.,0.));
#1806 = DIRECTION('',(0.,-1.,0.));
#1807 = DIRECTION('',(-1.,0.,0.));
#1808 = ADVANCED_FACE('',(#1809),#1827,.F.);
#1809 = FACE_BOUND('',#1810,.T.);
#1810 = EDGE_LOOP('',(#1811,#1820,#1825,#1826));
#1811 = ORIENTED_EDGE('',*,*,#1812,.T.);
#1812 = EDGE_CURVE('',#1813,#1813,#1815,.T.);
#1813 = VERTEX_POINT('',#1814);
#1814 = CARTESIAN_POINT('',(46.75,-45.,6.));
#1815 = CIRCLE('',#1816,1.75);
#1816 = AXIS2_PLACEMENT_3D('',#1817,#1818,#1819);
#1817 = CARTESIAN_POINT('',(45.,-45.,6.));
#1818 = DIRECTION('',(0.,0.,1.));
#1819 = DIRECTION('',(1.,0.,0.));
#1820 = ORIENTED_EDGE('',*,*,#1821,.T.);
#1821 = EDGE_CURVE('',#1813,#347,#1822,.T.);
#1822 = B_SPLINE_CURVE_WITH_KNOTS('',1,(#1823,#1824),.UNSPECIFIED.,.F.,
  .F.,(2,2),(-6.,0.),.PIECEWISE_BEZIER_KNOTS.);
#1823 = CARTESIAN_POINT('',(46.75,-45.,6.));
#1824 = CARTESIAN_POINT('',(46.75,-45.,0.));
#1825 = ORIENTED_EDGE('',*,*,#346,.F.);
#1826 = ORIENTED_EDGE('',*,*,#1821,.F.);
#1827 = CYLINDRICAL_SURFACE('',#1828,1.75);
#1828 = AXIS2_PLACEMENT_3D('',#1829,#1830,#1831);
#1829 = CARTESIAN_POINT('',(45.,-45.,0.));
#1830 = DIRECTION('',(-0.,-0.,-1.));
#1831 = DIRECTION('',(1.,0.,0.));
#1832 = ADVANCED_FACE('',(#1833),#1858,.T.);
#1833 = FACE_BOUND('',#1834,.T.);
#1834 = EDGE_LOOP('',(#1835,#1843,#1851,#1857));
#1835 = ORIENTED_EDGE('',*,*,#1836,.T.);
#1836 = EDGE_CURVE('',#358,#1837,#1839,.T.);
#1837 = VERTEX_POINT('',#1838);
#1838 = CARTESIAN_POINT('',(25.55,-12.05,3.));
#1839 = LINE('',#1840,#1841);
#1840 = CARTESIAN_POINT('',(25.55,-12.05,0.));
#1841 = VECTOR('',#1842,1.);
#1842 = DIRECTION('',(0.,0.,1.));
#1843 = ORIENTED_EDGE('',*,*,#1844,.T.);
#1844 = EDGE_CURVE('',#1837,#1845,#1847,.T.);
#1845 = VERTEX_POINT('',#1846);
#1846 = CARTESIAN_POINT('',(12.55,-12.05,3.));
#1847 = LINE('',#1848,#1849);
#1848 = CARTESIAN_POINT('',(25.55,-12.05,3.));
#1849 = VECTOR('',#1850,1.);
#1850 = DIRECTION('',(-1.,0.,0.));
#1851 = ORIENTED_EDGE('',*,*,#1852,.F.);
#1852 = EDGE_CURVE('',#360,#1845,#1853,.T.);
#1853 = LINE('',#1854,#1855);
#1854 = CARTESIAN_POINT('',(12.55,-12.05,0.));
#1855 = VECTOR('',#1856,1.);
#1856 = DIRECTION('',(0.,0.,1.));
#1857 = ORIENTED_EDGE('',*,*,#357,.F.);
#1858 = PLANE('',#1859);
#1859 = AXIS2_PLACEMENT_3D('',#1860,#1861,#1862);
#1860 = CARTESIAN_POINT('',(25.55,-12.05,0.));
#1861 = DIRECTION('',(0.,-1.,0.));
#1862 = DIRECTION('',(-1.,0.,0.));
#1863 = ADVANCED_FACE('',(#1864),#1883,.F.);
#1864 = FACE_BOUND('',#1865,.T.);
#1865 = EDGE_LOOP('',(#1866,#1874,#1881,#1882));
#1866 = ORIENTED_EDGE('',*,*,#1867,.T.);
#1867 = EDGE_CURVE('',#368,#1868,#1870,.T.);
#1868 = VERTEX_POINT('',#1869);
#1869 = CARTESIAN_POINT('',(26.05,-12.55,3.));
#1870 = LINE('',#1871,#1872);
#1871 = CARTESIAN_POINT('',(26.05,-12.55,0.));
#1872 = VECTOR('',#1873,1.);
#1873 = DIRECTION('',(0.,0.,1.));
#1874 = ORIENTED_EDGE('',*,*,#1875,.T.);
#1875 = EDGE_CURVE('',#1868,#1837,#1876,.T.);
#1876 = CIRCLE('',#1877,0.5);
#1877 = AXIS2_PLACEMENT_3D('',#1878,#1879,#1880);
#1878 = CARTESIAN_POINT('',(25.55,-12.55,3.));
#1879 = DIRECTION('',(0.,0.,1.));
#1880 = DIRECTION('',(1.,0.,0.));
#1881 = ORIENTED_EDGE('',*,*,#1836,.F.);
#1882 = ORIENTED_EDGE('',*,*,#367,.F.);
#1883 = CYLINDRICAL_SURFACE('',#1884,0.5);
#1884 = AXIS2_PLACEMENT_3D('',#1885,#1886,#1887);
#1885 = CARTESIAN_POINT('',(25.55,-12.55,0.));
#1886 = DIRECTION('',(-0.,-0.,-1.));
#1887 = DIRECTION('',(1.,0.,0.));
#1888 = ADVANCED_FACE('',(#1889),#1908,.F.);
#1889 = FACE_BOUND('',#1890,.T.);
#1890 = EDGE_LOOP('',(#1891,#1892,#1901,#1907));
#1891 = ORIENTED_EDGE('',*,*,#1852,.T.);
#1892 = ORIENTED_EDGE('',*,*,#1893,.T.);
#1893 = EDGE_CURVE('',#1845,#1894,#1896,.T.);
#1894 = VERTEX_POINT('',#1895);
#1895 = CARTESIAN_POINT('',(12.05,-12.55,3.));
#1896 = CIRCLE('',#1897,0.5);
#1897 = AXIS2_PLACEMENT_3D('',#1898,#1899,#1900);
#1898 = CARTESIAN_POINT('',(12.55,-12.55,3.));
#1899 = DIRECTION('',(0.,0.,1.));
#1900 = DIRECTION('',(1.,0.,0.));
#1901 = ORIENTED_EDGE('',*,*,#1902,.F.);
#1902 = EDGE_CURVE('',#411,#1894,#1903,.T.);
#1903 = LINE('',#1904,#1905);
#1904 = CARTESIAN_POINT('',(12.05,-12.55,0.));
#1905 = VECTOR('',#1906,1.);
#1906 = DIRECTION('',(0.,0.,1.));
#1907 = ORIENTED_EDGE('',*,*,#418,.F.);
#1908 = CYLINDRICAL_SURFACE('',#1909,0.5);
#1909 = AXIS2_PLACEMENT_3D('',#1910,#1911,#1912);
#1910 = CARTESIAN_POINT('',(12.55,-12.55,0.));
#1911 = DIRECTION('',(-0.,-0.,-1.));
#1912 = DIRECTION('',(1.,0.,0.));
#1913 = ADVANCED_FACE('',(#1914),#1932,.T.);
#1914 = FACE_BOUND('',#1915,.T.);
#1915 = EDGE_LOOP('',(#1916,#1924,#1930,#1931));
#1916 = ORIENTED_EDGE('',*,*,#1917,.T.);
#1917 = EDGE_CURVE('',#377,#1918,#1920,.T.);
#1918 = VERTEX_POINT('',#1919);
#1919 = CARTESIAN_POINT('',(26.05,-25.55,3.));
#1920 = LINE('',#1921,#1922);
#1921 = CARTESIAN_POINT('',(26.05,-25.55,0.));
#1922 = VECTOR('',#1923,1.);
#1923 = DIRECTION('',(0.,0.,1.));
#1924 = ORIENTED_EDGE('',*,*,#1925,.T.);
#1925 = EDGE_CURVE('',#1918,#1868,#1926,.T.);
#1926 = LINE('',#1927,#1928);
#1927 = CARTESIAN_POINT('',(26.05,-25.55,3.));
#1928 = VECTOR('',#1929,1.);
#1929 = DIRECTION('',(0.,1.,0.));
#1930 = ORIENTED_EDGE('',*,*,#1867,.F.);
#1931 = ORIENTED_EDGE('',*,*,#376,.F.);
#1932 = PLANE('',#1933);
#1933 = AXIS2_PLACEMENT_3D('',#1934,#1935,#1936);
#1934 = CARTESIAN_POINT('',(26.05,-25.55,0.));
#1935 = DIRECTION('',(-1.,0.,0.));
#1936 = DIRECTION('',(0.,1.,0.));
#1937 = ADVANCED_FACE('',(#1938),#1956,.T.);
#1938 = FACE_BOUND('',#1939,.T.);
#1939 = EDGE_LOOP('',(#1940,#1941,#1949,#1955));
#1940 = ORIENTED_EDGE('',*,*,#1902,.T.);
#1941 = ORIENTED_EDGE('',*,*,#1942,.T.);
#1942 = EDGE_CURVE('',#1894,#1943,#1945,.T.);
#1943 = VERTEX_POINT('',#1944);
#1944 = CARTESIAN_POINT('',(12.05,-25.55,3.));
#1945 = LINE('',#1946,#1947);
#1946 = CARTESIAN_POINT('',(12.05,-12.55,3.));
#1947 = VECTOR('',#1948,1.);
#1948 = DIRECTION('',(0.,-1.,0.));
#1949 = ORIENTED_EDGE('',*,*,#1950,.F.);
#1950 = EDGE_CURVE('',#402,#1943,#1951,.T.);
#1951 = LINE('',#1952,#1953);
#1952 = CARTESIAN_POINT('',(12.05,-25.55,0.));
#1953 = VECTOR('',#1954,1.);
#1954 = DIRECTION('',(0.,0.,1.));
#1955 = ORIENTED_EDGE('',*,*,#410,.F.);
#1956 = PLANE('',#1957);
#1957 = AXIS2_PLACEMENT_3D('',#1958,#1959,#1960);
#1958 = CARTESIAN_POINT('',(12.05,-12.55,0.));
#1959 = DIRECTION('',(1.,0.,0.));
#1960 = DIRECTION('',(0.,-1.,0.));
#1961 = ADVANCED_FACE('',(#1962),#1981,.F.);
#1962 = FACE_BOUND('',#1963,.T.);
#1963 = EDGE_LOOP('',(#1964,#1972,#1979,#1980));
#1964 = ORIENTED_EDGE('',*,*,#1965,.T.);
#1965 = EDGE_CURVE('',#385,#1966,#1968,.T.);
#1966 = VERTEX_POINT('',#1967);
#1967 = CARTESIAN_POINT('',(25.55,-26.05,3.));
#1968 = LINE('',#1969,#1970);
#1969 = CARTESIAN_POINT('',(25.55,-26.05,0.));
#1970 = VECTOR('',#1971,1.);
#1971 = DIRECTION('',(0.,0.,1.));
#1972 = ORIENTED_EDGE('',*,*,#1973,.T.);
#1973 = EDGE_CURVE('',#1966,#1918,#1974,.T.);
#1974 = CIRCLE('',#1975,0.5);
#1975 = AXIS2_PLACEMENT_3D('',#1976,#1977,#1978);
#1976 = CARTESIAN_POINT('',(25.55,-25.55,3.));
#1977 = DIRECTION('',(0.,0.,1.));
#1978 = DIRECTION('',(1.,0.,0.));
#1979 = ORIENTED_EDGE('',*,*,#1917,.F.);
#1980 = ORIENTED_EDGE('',*,*,#384,.F.);
#1981 = CYLINDRICAL_SURFACE('',#1982,0.5);
#1982 = AXIS2_PLACEMENT_3D('',#1983,#1984,#1985);
#1983 = CARTESIAN_POINT('',(25.55,-25.55,0.));
#1984 = DIRECTION('',(-0.,-0.,-1.));
#1985 = DIRECTION('',(1.,0.,0.));
#1986 = ADVANCED_FACE('',(#1987),#2006,.F.);
#1987 = FACE_BOUND('',#1988,.T.);
#1988 = EDGE_LOOP('',(#1989,#1990,#1999,#2005));
#1989 = ORIENTED_EDGE('',*,*,#1950,.T.);
#1990 = ORIENTED_EDGE('',*,*,#1991,.T.);
#1991 = EDGE_CURVE('',#1943,#1992,#1994,.T.);
#1992 = VERTEX_POINT('',#1993);
#1993 = CARTESIAN_POINT('',(12.55,-26.05,3.));
#1994 = CIRCLE('',#1995,0.5);
#1995 = AXIS2_PLACEMENT_3D('',#1996,#1997,#1998);
#1996 = CARTESIAN_POINT('',(12.55,-25.55,3.));
#1997 = DIRECTION('',(0.,0.,1.));
#1998 = DIRECTION('',(1.,0.,0.));
#1999 = ORIENTED_EDGE('',*,*,#2000,.F.);
#2000 = EDGE_CURVE('',#394,#1992,#2001,.T.);
#2001 = LINE('',#2002,#2003);
#2002 = CARTESIAN_POINT('',(12.55,-26.05,0.));
#2003 = VECTOR('',#2004,1.);
#2004 = DIRECTION('',(0.,0.,1.));
#2005 = ORIENTED_EDGE('',*,*,#401,.F.);
#2006 = CYLINDRICAL_SURFACE('',#2007,0.5);
#2007 = AXIS2_PLACEMENT_3D('',#2008,#2009,#2010);
#2008 = CARTESIAN_POINT('',(12.55,-25.55,0.));
#2009 = DIRECTION('',(-0.,-0.,-1.));
#2010 = DIRECTION('',(1.,0.,0.));
#2011 = ADVANCED_FACE('',(#2012),#2023,.T.);
#2012 = FACE_BOUND('',#2013,.T.);
#2013 = EDGE_LOOP('',(#2014,#2015,#2021,#2022));
#2014 = ORIENTED_EDGE('',*,*,#2000,.T.);
#2015 = ORIENTED_EDGE('',*,*,#2016,.T.);
#2016 = EDGE_CURVE('',#1992,#1966,#2017,.T.);
#2017 = LINE('',#2018,#2019);
#2018 = CARTESIAN_POINT('',(12.55,-26.05,3.));
#2019 = VECTOR('',#2020,1.);
#2020 = DIRECTION('',(1.,0.,0.));
#2021 = ORIENTED_EDGE('',*,*,#1965,.F.);
#2022 = ORIENTED_EDGE('',*,*,#393,.F.);
#2023 = PLANE('',#2024);
#2024 = AXIS2_PLACEMENT_3D('',#2025,#2026,#2027);
#2025 = CARTESIAN_POINT('',(12.55,-26.05,0.));
#2026 = DIRECTION('',(0.,1.,0.));
#2027 = DIRECTION('',(1.,0.,0.));
#2028 = ADVANCED_FACE('',(#2029),#2054,.T.);
#2029 = FACE_BOUND('',#2030,.T.);
#2030 = EDGE_LOOP('',(#2031,#2039,#2047,#2053));
#2031 = ORIENTED_EDGE('',*,*,#2032,.T.);
#2032 = EDGE_CURVE('',#428,#2033,#2035,.T.);
#2033 = VERTEX_POINT('',#2034);
#2034 = CARTESIAN_POINT('',(12.55,-7.,3.));
#2035 = LINE('',#2036,#2037);
#2036 = CARTESIAN_POINT('',(12.55,-7.,0.));
#2037 = VECTOR('',#2038,1.);
#2038 = DIRECTION('',(0.,0.,1.));
#2039 = ORIENTED_EDGE('',*,*,#2040,.T.);
#2040 = EDGE_CURVE('',#2033,#2041,#2043,.T.);
#2041 = VERTEX_POINT('',#2042);
#2042 = CARTESIAN_POINT('',(25.55,-7.,3.));
#2043 = LINE('',#2044,#2045);
#2044 = CARTESIAN_POINT('',(12.55,-7.,3.));
#2045 = VECTOR('',#2046,1.);
#2046 = DIRECTION('',(1.,0.,0.));
#2047 = ORIENTED_EDGE('',*,*,#2048,.F.);
#2048 = EDGE_CURVE('',#430,#2041,#2049,.T.);
#2049 = LINE('',#2050,#2051);
#2050 = CARTESIAN_POINT('',(25.55,-7.,0.));
#2051 = VECTOR('',#2052,1.);
#2052 = DIRECTION('',(0.,0.,1.));
#2053 = ORIENTED_EDGE('',*,*,#427,.F.);
#2054 = PLANE('',#2055);
#2055 = AXIS2_PLACEMENT_3D('',#2056,#2057,#2058);
#2056 = CARTESIAN_POINT('',(12.55,-7.,0.));
#2057 = DIRECTION('',(0.,1.,0.));
#2058 = DIRECTION('',(1.,0.,0.));
#2059 = ADVANCED_FACE('',(#2060),#2079,.F.);
#2060 = FACE_BOUND('',#2061,.T.);
#2061 = EDGE_LOOP('',(#2062,#2070,#2077,#2078));
#2062 = ORIENTED_EDGE('',*,*,#2063,.T.);
#2063 = EDGE_CURVE('',#438,#2064,#2066,.T.);
#2064 = VERTEX_POINT('',#2065);
#2065 = CARTESIAN_POINT('',(12.05,-6.5,3.));
#2066 = LINE('',#2067,#2068);
#2067 = CARTESIAN_POINT('',(12.05,-6.5,0.));
#2068 = VECTOR('',#2069,1.);
#2069 = DIRECTION('',(0.,0.,1.));
#2070 = ORIENTED_EDGE('',*,*,#2071,.T.);
#2071 = EDGE_CURVE('',#2064,#2033,#2072,.T.);
#2072 = CIRCLE('',#2073,0.5);
#2073 = AXIS2_PLACEMENT_3D('',#2074,#2075,#2076);
#2074 = CARTESIAN_POINT('',(12.55,-6.5,3.));
#2075 = DIRECTION('',(0.,0.,1.));
#2076 = DIRECTION('',(1.,0.,0.));
#2077 = ORIENTED_EDGE('',*,*,#2032,.F.);
#2078 = ORIENTED_EDGE('',*,*,#437,.F.);
#2079 = CYLINDRICAL_SURFACE('',#2080,0.5);
#2080 = AXIS2_PLACEMENT_3D('',#2081,#2082,#2083);
#2081 = CARTESIAN_POINT('',(12.55,-6.5,0.));
#2082 = DIRECTION('',(-0.,-0.,-1.));
#2083 = DIRECTION('',(1.,0.,0.));
#2084 = ADVANCED_FACE('',(#2085),#2104,.F.);
#2085 = FACE_BOUND('',#2086,.T.);
#2086 = EDGE_LOOP('',(#2087,#2088,#2097,#2103));
#2087 = ORIENTED_EDGE('',*,*,#2048,.T.);
#2088 = ORIENTED_EDGE('',*,*,#2089,.T.);
#2089 = EDGE_CURVE('',#2041,#2090,#2092,.T.);
#2090 = VERTEX_POINT('',#2091);
#2091 = CARTESIAN_POINT('',(26.05,-6.5,3.));
#2092 = CIRCLE('',#2093,0.5);
#2093 = AXIS2_PLACEMENT_3D('',#2094,#2095,#2096);
#2094 = CARTESIAN_POINT('',(25.55,-6.5,3.));
#2095 = DIRECTION('',(0.,0.,1.));
#2096 = DIRECTION('',(1.,0.,0.));
#2097 = ORIENTED_EDGE('',*,*,#2098,.F.);
#2098 = EDGE_CURVE('',#481,#2090,#2099,.T.);
#2099 = LINE('',#2100,#2101);
#2100 = CARTESIAN_POINT('',(26.05,-6.5,0.));
#2101 = VECTOR('',#2102,1.);
#2102 = DIRECTION('',(0.,0.,1.));
#2103 = ORIENTED_EDGE('',*,*,#488,.F.);
#2104 = CYLINDRICAL_SURFACE('',#2105,0.5);
#2105 = AXIS2_PLACEMENT_3D('',#2106,#2107,#2108);
#2106 = CARTESIAN_POINT('',(25.55,-6.5,0.));
#2107 = DIRECTION('',(-0.,-0.,-1.));
#2108 = DIRECTION('',(1.,0.,0.));
#2109 = ADVANCED_FACE('',(#2110),#2128,.T.);
#2110 = FACE_BOUND('',#2111,.T.);
#2111 = EDGE_LOOP('',(#2112,#2120,#2126,#2127));
#2112 = ORIENTED_EDGE('',*,*,#2113,.T.);
#2113 = EDGE_CURVE('',#447,#2114,#2116,.T.);
#2114 = VERTEX_POINT('',#2115);
#2115 = CARTESIAN_POINT('',(12.05,6.5,3.));
#2116 = LINE('',#2117,#2118);
#2117 = CARTESIAN_POINT('',(12.05,6.5,0.));
#2118 = VECTOR('',#2119,1.);
#2119 = DIRECTION('',(0.,0.,1.));
#2120 = ORIENTED_EDGE('',*,*,#2121,.T.);
#2121 = EDGE_CURVE('',#2114,#2064,#2122,.T.);
#2122 = LINE('',#2123,#2124);
#2123 = CARTESIAN_POINT('',(12.05,6.5,3.));
#2124 = VECTOR('',#2125,1.);
#2125 = DIRECTION('',(0.,-1.,0.));
#2126 = ORIENTED_EDGE('',*,*,#2063,.F.);
#2127 = ORIENTED_EDGE('',*,*,#446,.F.);
#2128 = PLANE('',#2129);
#2129 = AXIS2_PLACEMENT_3D('',#2130,#2131,#2132);
#2130 = CARTESIAN_POINT('',(12.05,6.5,0.));
#2131 = DIRECTION('',(1.,0.,0.));
#2132 = DIRECTION('',(0.,-1.,0.));
#2133 = ADVANCED_FACE('',(#2134),#2152,.T.);
#2134 = FACE_BOUND('',#2135,.T.);
#2135 = EDGE_LOOP('',(#2136,#2137,#2145,#2151));
#2136 = ORIENTED_EDGE('',*,*,#2098,.T.);
#2137 = ORIENTED_EDGE('',*,*,#2138,.T.);
#2138 = EDGE_CURVE('',#2090,#2139,#2141,.T.);
#2139 = VERTEX_POINT('',#2140);
#2140 = CARTESIAN_POINT('',(26.05,6.5,3.));
#2141 = LINE('',#2142,#2143);
#2142 = CARTESIAN_POINT('',(26.05,-6.5,3.));
#2143 = VECTOR('',#2144,1.);
#2144 = DIRECTION('',(0.,1.,0.));
#2145 = ORIENTED_EDGE('',*,*,#2146,.F.);
#2146 = EDGE_CURVE('',#472,#2139,#2147,.T.);
#2147 = LINE('',#2148,#2149);
#2148 = CARTESIAN_POINT('',(26.05,6.5,0.));
#2149 = VECTOR('',#2150,1.);
#2150 = DIRECTION('',(0.,0.,1.));
#2151 = ORIENTED_EDGE('',*,*,#480,.F.);
#2152 = PLANE('',#2153);
#2153 = AXIS2_PLACEMENT_3D('',#2154,#2155,#2156);
#2154 = CARTESIAN_POINT('',(26.05,-6.5,0.));
#2155 = DIRECTION('',(-1.,0.,0.));
#2156 = DIRECTION('',(0.,1.,0.));
#2157 = ADVANCED_FACE('',(#2158),#2177,.F.);
#2158 = FACE_BOUND('',#2159,.T.);
#2159 = EDGE_LOOP('',(#2160,#2168,#2175,#2176));
#2160 = ORIENTED_EDGE('',*,*,#2161,.T.);
#2161 = EDGE_CURVE('',#455,#2162,#2164,.T.);
#2162 = VERTEX_POINT('',#2163);
#2163 = CARTESIAN_POINT('',(12.55,7.,3.));
#2164 = LINE('',#2165,#2166);
#2165 = CARTESIAN_POINT('',(12.55,7.,0.));
#2166 = VECTOR('',#2167,1.);
#2167 = DIRECTION('',(0.,0.,1.));
#2168 = ORIENTED_EDGE('',*,*,#2169,.T.);
#2169 = EDGE_CURVE('',#2162,#2114,#2170,.T.);
#2170 = CIRCLE('',#2171,0.5);
#2171 = AXIS2_PLACEMENT_3D('',#2172,#2173,#2174);
#2172 = CARTESIAN_POINT('',(12.55,6.5,3.));
#2173 = DIRECTION('',(0.,0.,1.));
#2174 = DIRECTION('',(1.,0.,0.));
#2175 = ORIENTED_EDGE('',*,*,#2113,.F.);
#2176 = ORIENTED_EDGE('',*,*,#454,.F.);
#2177 = CYLINDRICAL_SURFACE('',#2178,0.5);
#2178 = AXIS2_PLACEMENT_3D('',#2179,#2180,#2181);
#2179 = CARTESIAN_POINT('',(12.55,6.5,0.));
#2180 = DIRECTION('',(-0.,-0.,-1.));
#2181 = DIRECTION('',(1.,0.,0.));
#2182 = ADVANCED_FACE('',(#2183),#2202,.F.);
#2183 = FACE_BOUND('',#2184,.T.);
#2184 = EDGE_LOOP('',(#2185,#2186,#2195,#2201));
#2185 = ORIENTED_EDGE('',*,*,#2146,.T.);
#2186 = ORIENTED_EDGE('',*,*,#2187,.T.);
#2187 = EDGE_CURVE('',#2139,#2188,#2190,.T.);
#2188 = VERTEX_POINT('',#2189);
#2189 = CARTESIAN_POINT('',(25.55,7.,3.));
#2190 = CIRCLE('',#2191,0.5);
#2191 = AXIS2_PLACEMENT_3D('',#2192,#2193,#2194);
#2192 = CARTESIAN_POINT('',(25.55,6.5,3.));
#2193 = DIRECTION('',(0.,0.,1.));
#2194 = DIRECTION('',(1.,0.,0.));
#2195 = ORIENTED_EDGE('',*,*,#2196,.F.);
#2196 = EDGE_CURVE('',#464,#2188,#2197,.T.);
#2197 = LINE('',#2198,#2199);
#2198 = CARTESIAN_POINT('',(25.55,7.,0.));
#2199 = VECTOR('',#2200,1.);
#2200 = DIRECTION('',(0.,0.,1.));
#2201 = ORIENTED_EDGE('',*,*,#471,.F.);
#2202 = CYLINDRICAL_SURFACE('',#2203,0.5);
#2203 = AXIS2_PLACEMENT_3D('',#2204,#2205,#2206);
#2204 = CARTESIAN_POINT('',(25.55,6.5,0.));
#2205 = DIRECTION('',(-0.,-0.,-1.));
#2206 = DIRECTION('',(1.,0.,0.));
#2207 = ADVANCED_FACE('',(#2208),#2219,.T.);
#2208 = FACE_BOUND('',#2209,.T.);
#2209 = EDGE_LOOP('',(#2210,#2211,#2217,#2218));
#2210 = ORIENTED_EDGE('',*,*,#2196,.T.);
#2211 = ORIENTED_EDGE('',*,*,#2212,.T.);
#2212 = EDGE_CURVE('',#2188,#2162,#2213,.T.);
#2213 = LINE('',#2214,#2215);
#2214 = CARTESIAN_POINT('',(25.55,7.,3.));
#2215 = VECTOR('',#2216,1.);
#2216 = DIRECTION('',(-1.,0.,0.));
#2217 = ORIENTED_EDGE('',*,*,#2161,.F.);
#2218 = ORIENTED_EDGE('',*,*,#463,.F.);
#2219 = PLANE('',#2220);
#2220 = AXIS2_PLACEMENT_3D('',#2221,#2222,#2223);
#2221 = CARTESIAN_POINT('',(25.55,7.,0.));
#2222 = DIRECTION('',(0.,-1.,0.));
#2223 = DIRECTION('',(-1.,0.,0.));
#2224 = ADVANCED_FACE('',(#2225),#2250,.T.);
#2225 = FACE_BOUND('',#2226,.T.);
#2226 = EDGE_LOOP('',(#2227,#2235,#2243,#2249));
#2227 = ORIENTED_EDGE('',*,*,#2228,.T.);
#2228 = EDGE_CURVE('',#498,#2229,#2231,.T.);
#2229 = VERTEX_POINT('',#2230);
#2230 = CARTESIAN_POINT('',(-25.55,12.05,3.));
#2231 = LINE('',#2232,#2233);
#2232 = CARTESIAN_POINT('',(-25.55,12.05,0.));
#2233 = VECTOR('',#2234,1.);
#2234 = DIRECTION('',(0.,0.,1.));
#2235 = ORIENTED_EDGE('',*,*,#2236,.T.);
#2236 = EDGE_CURVE('',#2229,#2237,#2239,.T.);
#2237 = VERTEX_POINT('',#2238);
#2238 = CARTESIAN_POINT('',(-12.55,12.05,3.));
#2239 = LINE('',#2240,#2241);
#2240 = CARTESIAN_POINT('',(-25.55,12.05,3.));
#2241 = VECTOR('',#2242,1.);
#2242 = DIRECTION('',(1.,0.,0.));
#2243 = ORIENTED_EDGE('',*,*,#2244,.F.);
#2244 = EDGE_CURVE('',#500,#2237,#2245,.T.);
#2245 = LINE('',#2246,#2247);
#2246 = CARTESIAN_POINT('',(-12.55,12.05,0.));
#2247 = VECTOR('',#2248,1.);
#2248 = DIRECTION('',(0.,0.,1.));
#2249 = ORIENTED_EDGE('',*,*,#497,.F.);
#2250 = PLANE('',#2251);
#2251 = AXIS2_PLACEMENT_3D('',#2252,#2253,#2254);
#2252 = CARTESIAN_POINT('',(-25.55,12.05,0.));
#2253 = DIRECTION('',(0.,1.,0.));
#2254 = DIRECTION('',(1.,0.,0.));
#2255 = ADVANCED_FACE('',(#2256),#2275,.F.);
#2256 = FACE_BOUND('',#2257,.T.);
#2257 = EDGE_LOOP('',(#2258,#2266,#2273,#2274));
#2258 = ORIENTED_EDGE('',*,*,#2259,.T.);
#2259 = EDGE_CURVE('',#508,#2260,#2262,.T.);
#2260 = VERTEX_POINT('',#2261);
#2261 = CARTESIAN_POINT('',(-26.05,12.55,3.));
#2262 = LINE('',#2263,#2264);
#2263 = CARTESIAN_POINT('',(-26.05,12.55,0.));
#2264 = VECTOR('',#2265,1.);
#2265 = DIRECTION('',(0.,0.,1.));
#2266 = ORIENTED_EDGE('',*,*,#2267,.T.);
#2267 = EDGE_CURVE('',#2260,#2229,#2268,.T.);
#2268 = CIRCLE('',#2269,0.5);
#2269 = AXIS2_PLACEMENT_3D('',#2270,#2271,#2272);
#2270 = CARTESIAN_POINT('',(-25.55,12.55,3.));
#2271 = DIRECTION('',(0.,0.,1.));
#2272 = DIRECTION('',(1.,0.,0.));
#2273 = ORIENTED_EDGE('',*,*,#2228,.F.);
#2274 = ORIENTED_EDGE('',*,*,#507,.F.);
#2275 = CYLINDRICAL_SURFACE('',#2276,0.5);
#2276 = AXIS2_PLACEMENT_3D('',#2277,#2278,#2279);
#2277 = CARTESIAN_POINT('',(-25.55,12.55,0.));
#2278 = DIRECTION('',(-0.,-0.,-1.));
#2279 = DIRECTION('',(1.,0.,0.));
#2280 = ADVANCED_FACE('',(#2281),#2300,.F.);
#2281 = FACE_BOUND('',#2282,.T.);
#2282 = EDGE_LOOP('',(#2283,#2284,#2293,#2299));
#2283 = ORIENTED_EDGE('',*,*,#2244,.T.);
#2284 = ORIENTED_EDGE('',*,*,#2285,.T.);
#2285 = EDGE_CURVE('',#2237,#2286,#2288,.T.);
#2286 = VERTEX_POINT('',#2287);
#2287 = CARTESIAN_POINT('',(-12.05,12.55,3.));
#2288 = CIRCLE('',#2289,0.5);
#2289 = AXIS2_PLACEMENT_3D('',#2290,#2291,#2292);
#2290 = CARTESIAN_POINT('',(-12.55,12.55,3.));
#2291 = DIRECTION('',(0.,0.,1.));
#2292 = DIRECTION('',(1.,0.,0.));
#2293 = ORIENTED_EDGE('',*,*,#2294,.F.);
#2294 = EDGE_CURVE('',#551,#2286,#2295,.T.);
#2295 = LINE('',#2296,#2297);
#2296 = CARTESIAN_POINT('',(-12.05,12.55,0.));
#2297 = VECTOR('',#2298,1.);
#2298 = DIRECTION('',(0.,0.,1.));
#2299 = ORIENTED_EDGE('',*,*,#558,.F.);
#2300 = CYLINDRICAL_SURFACE('',#2301,0.5);
#2301 = AXIS2_PLACEMENT_3D('',#2302,#2303,#2304);
#2302 = CARTESIAN_POINT('',(-12.55,12.55,0.));
#2303 = DIRECTION('',(-0.,-0.,-1.));
#2304 = DIRECTION('',(1.,0.,0.));
#2305 = ADVANCED_FACE('',(#2306),#2324,.T.);
#2306 = FACE_BOUND('',#2307,.T.);
#2307 = EDGE_LOOP('',(#2308,#2316,#2322,#2323));
#2308 = ORIENTED_EDGE('',*,*,#2309,.T.);
#2309 = EDGE_CURVE('',#517,#2310,#2312,.T.);
#2310 = VERTEX_POINT('',#2311);
#2311 = CARTESIAN_POINT('',(-26.05,25.55,3.));
#2312 = LINE('',#2313,#2314);
#2313 = CARTESIAN_POINT('',(-26.05,25.55,0.));
#2314 = VECTOR('',#2315,1.);
#2315 = DIRECTION('',(0.,0.,1.));
#2316 = ORIENTED_EDGE('',*,*,#2317,.T.);
#2317 = EDGE_CURVE('',#2310,#2260,#2318,.T.);
#2318 = LINE('',#2319,#2320);
#2319 = CARTESIAN_POINT('',(-26.05,25.55,3.));
#2320 = VECTOR('',#2321,1.);
#2321 = DIRECTION('',(0.,-1.,0.));
#2322 = ORIENTED_EDGE('',*,*,#2259,.F.);
#2323 = ORIENTED_EDGE('',*,*,#516,.F.);
#2324 = PLANE('',#2325);
#2325 = AXIS2_PLACEMENT_3D('',#2326,#2327,#2328);
#2326 = CARTESIAN_POINT('',(-26.05,25.55,0.));
#2327 = DIRECTION('',(1.,0.,0.));
#2328 = DIRECTION('',(0.,-1.,0.));
#2329 = ADVANCED_FACE('',(#2330),#2348,.T.);
#2330 = FACE_BOUND('',#2331,.T.);
#2331 = EDGE_LOOP('',(#2332,#2333,#2341,#2347));
#2332 = ORIENTED_EDGE('',*,*,#2294,.T.);
#2333 = ORIENTED_EDGE('',*,*,#2334,.T.);
#2334 = EDGE_CURVE('',#2286,#2335,#2337,.T.);
#2335 = VERTEX_POINT('',#2336);
#2336 = CARTESIAN_POINT('',(-12.05,25.55,3.));
#2337 = LINE('',#2338,#2339);
#2338 = CARTESIAN_POINT('',(-12.05,12.55,3.));
#2339 = VECTOR('',#2340,1.);
#2340 = DIRECTION('',(0.,1.,0.));
#2341 = ORIENTED_EDGE('',*,*,#2342,.F.);
#2342 = EDGE_CURVE('',#542,#2335,#2343,.T.);
#2343 = LINE('',#2344,#2345);
#2344 = CARTESIAN_POINT('',(-12.05,25.55,0.));
#2345 = VECTOR('',#2346,1.);
#2346 = DIRECTION('',(0.,0.,1.));
#2347 = ORIENTED_EDGE('',*,*,#550,.F.);
#2348 = PLANE('',#2349);
#2349 = AXIS2_PLACEMENT_3D('',#2350,#2351,#2352);
#2350 = CARTESIAN_POINT('',(-12.05,12.55,0.));
#2351 = DIRECTION('',(-1.,0.,0.));
#2352 = DIRECTION('',(0.,1.,0.));
#2353 = ADVANCED_FACE('',(#2354),#2373,.F.);
#2354 = FACE_BOUND('',#2355,.T.);
#2355 = EDGE_LOOP('',(#2356,#2364,#2371,#2372));
#2356 = ORIENTED_EDGE('',*,*,#2357,.T.);
#2357 = EDGE_CURVE('',#525,#2358,#2360,.T.);
#2358 = VERTEX_POINT('',#2359);
#2359 = CARTESIAN_POINT('',(-25.55,26.05,3.));
#2360 = LINE('',#2361,#2362);
#2361 = CARTESIAN_POINT('',(-25.55,26.05,0.));
#2362 = VECTOR('',#2363,1.);
#2363 = DIRECTION('',(0.,0.,1.));
#2364 = ORIENTED_EDGE('',*,*,#2365,.T.);
#2365 = EDGE_CURVE('',#2358,#2310,#2366,.T.);
#2366 = CIRCLE('',#2367,0.5);
#2367 = AXIS2_PLACEMENT_3D('',#2368,#2369,#2370);
#2368 = CARTESIAN_POINT('',(-25.55,25.55,3.));
#2369 = DIRECTION('',(0.,0.,1.));
#2370 = DIRECTION('',(1.,0.,0.));
#2371 = ORIENTED_EDGE('',*,*,#2309,.F.);
#2372 = ORIENTED_EDGE('',*,*,#524,.F.);
#2373 = CYLINDRICAL_SURFACE('',#2374,0.5);
#2374 = AXIS2_PLACEMENT_3D('',#2375,#2376,#2377);
#2375 = CARTESIAN_POINT('',(-25.55,25.55,0.));
#2376 = DIRECTION('',(-0.,-0.,-1.));
#2377 = DIRECTION('',(1.,0.,0.));
#2378 = ADVANCED_FACE('',(#2379),#2398,.F.);
#2379 = FACE_BOUND('',#2380,.T.);
#2380 = EDGE_LOOP('',(#2381,#2382,#2391,#2397));
#2381 = ORIENTED_EDGE('',*,*,#2342,.T.);
#2382 = ORIENTED_EDGE('',*,*,#2383,.T.);
#2383 = EDGE_CURVE('',#2335,#2384,#2386,.T.);
#2384 = VERTEX_POINT('',#2385);
#2385 = CARTESIAN_POINT('',(-12.55,26.05,3.));
#2386 = CIRCLE('',#2387,0.5);
#2387 = AXIS2_PLACEMENT_3D('',#2388,#2389,#2390);
#2388 = CARTESIAN_POINT('',(-12.55,25.55,3.));
#2389 = DIRECTION('',(0.,0.,1.));
#2390 = DIRECTION('',(1.,0.,0.));
#2391 = ORIENTED_EDGE('',*,*,#2392,.F.);
#2392 = EDGE_CURVE('',#534,#2384,#2393,.T.);
#2393 = LINE('',#2394,#2395);
#2394 = CARTESIAN_POINT('',(-12.55,26.05,0.));
#2395 = VECTOR('',#2396,1.);
#2396 = DIRECTION('',(0.,0.,1.));
#2397 = ORIENTED_EDGE('',*,*,#541,.F.);
#2398 = CYLINDRICAL_SURFACE('',#2399,0.5);
#2399 = AXIS2_PLACEMENT_3D('',#2400,#2401,#2402);
#2400 = CARTESIAN_POINT('',(-12.55,25.55,0.));
#2401 = DIRECTION('',(-0.,-0.,-1.));
#2402 = DIRECTION('',(1.,0.,0.));
#2403 = ADVANCED_FACE('',(#2404),#2415,.T.);
#2404 = FACE_BOUND('',#2405,.T.);
#2405 = EDGE_LOOP('',(#2406,#2407,#2413,#2414));
#2406 = ORIENTED_EDGE('',*,*,#2392,.T.);
#2407 = ORIENTED_EDGE('',*,*,#2408,.T.);
#2408 = EDGE_CURVE('',#2384,#2358,#2409,.T.);
#2409 = LINE('',#2410,#2411);
#2410 = CARTESIAN_POINT('',(-12.55,26.05,3.));
#2411 = VECTOR('',#2412,1.);
#2412 = DIRECTION('',(-1.,0.,0.));
#2413 = ORIENTED_EDGE('',*,*,#2357,.F.);
#2414 = ORIENTED_EDGE('',*,*,#533,.F.);
#2415 = PLANE('',#2416);
#2416 = AXIS2_PLACEMENT_3D('',#2417,#2418,#2419);
#2417 = CARTESIAN_POINT('',(-12.55,26.05,0.));
#2418 = DIRECTION('',(0.,-1.,0.));
#2419 = DIRECTION('',(-1.,0.,0.));
#2420 = ADVANCED_FACE('',(#2421),#2446,.T.);
#2421 = FACE_BOUND('',#2422,.T.);
#2422 = EDGE_LOOP('',(#2423,#2431,#2439,#2445));
#2423 = ORIENTED_EDGE('',*,*,#2424,.T.);
#2424 = EDGE_CURVE('',#568,#2425,#2427,.T.);
#2425 = VERTEX_POINT('',#2426);
#2426 = CARTESIAN_POINT('',(-6.5,12.05,3.));
#2427 = LINE('',#2428,#2429);
#2428 = CARTESIAN_POINT('',(-6.5,12.05,0.));
#2429 = VECTOR('',#2430,1.);
#2430 = DIRECTION('',(0.,0.,1.));
#2431 = ORIENTED_EDGE('',*,*,#2432,.T.);
#2432 = EDGE_CURVE('',#2425,#2433,#2435,.T.);
#2433 = VERTEX_POINT('',#2434);
#2434 = CARTESIAN_POINT('',(6.5,12.05,3.));
#2435 = LINE('',#2436,#2437);
#2436 = CARTESIAN_POINT('',(-6.5,12.05,3.));
#2437 = VECTOR('',#2438,1.);
#2438 = DIRECTION('',(1.,0.,0.));
#2439 = ORIENTED_EDGE('',*,*,#2440,.F.);
#2440 = EDGE_CURVE('',#570,#2433,#2441,.T.);
#2441 = LINE('',#2442,#2443);
#2442 = CARTESIAN_POINT('',(6.5,12.05,0.));
#2443 = VECTOR('',#2444,1.);
#2444 = DIRECTION('',(0.,0.,1.));
#2445 = ORIENTED_EDGE('',*,*,#567,.F.);
#2446 = PLANE('',#2447);
#2447 = AXIS2_PLACEMENT_3D('',#2448,#2449,#2450);
#2448 = CARTESIAN_POINT('',(-6.5,12.05,0.));
#2449 = DIRECTION('',(0.,1.,0.));
#2450 = DIRECTION('',(1.,0.,0.));
#2451 = ADVANCED_FACE('',(#2452),#2471,.F.);
#2452 = FACE_BOUND('',#2453,.T.);
#2453 = EDGE_LOOP('',(#2454,#2462,#2469,#2470));
#2454 = ORIENTED_EDGE('',*,*,#2455,.T.);
#2455 = EDGE_CURVE('',#578,#2456,#2458,.T.);
#2456 = VERTEX_POINT('',#2457);
#2457 = CARTESIAN_POINT('',(-7.,12.55,3.));
#2458 = LINE('',#2459,#2460);
#2459 = CARTESIAN_POINT('',(-7.,12.55,0.));
#2460 = VECTOR('',#2461,1.);
#2461 = DIRECTION('',(0.,0.,1.));
#2462 = ORIENTED_EDGE('',*,*,#2463,.T.);
#2463 = EDGE_CURVE('',#2456,#2425,#2464,.T.);
#2464 = CIRCLE('',#2465,0.5);
#2465 = AXIS2_PLACEMENT_3D('',#2466,#2467,#2468);
#2466 = CARTESIAN_POINT('',(-6.5,12.55,3.));
#2467 = DIRECTION('',(0.,0.,1.));
#2468 = DIRECTION('',(1.,0.,0.));
#2469 = ORIENTED_EDGE('',*,*,#2424,.F.);
#2470 = ORIENTED_EDGE('',*,*,#577,.F.);
#2471 = CYLINDRICAL_SURFACE('',#2472,0.5);
#2472 = AXIS2_PLACEMENT_3D('',#2473,#2474,#2475);
#2473 = CARTESIAN_POINT('',(-6.5,12.55,0.));
#2474 = DIRECTION('',(-0.,-0.,-1.));
#2475 = DIRECTION('',(1.,0.,0.));
#2476 = ADVANCED_FACE('',(#2477),#2496,.F.);
#2477 = FACE_BOUND('',#2478,.T.);
#2478 = EDGE_LOOP('',(#2479,#2480,#2489,#2495));
#2479 = ORIENTED_EDGE('',*,*,#2440,.T.);
#2480 = ORIENTED_EDGE('',*,*,#2481,.T.);
#2481 = EDGE_CURVE('',#2433,#2482,#2484,.T.);
#2482 = VERTEX_POINT('',#2483);
#2483 = CARTESIAN_POINT('',(7.,12.55,3.));
#2484 = CIRCLE('',#2485,0.5);
#2485 = AXIS2_PLACEMENT_3D('',#2486,#2487,#2488);
#2486 = CARTESIAN_POINT('',(6.5,12.55,3.));
#2487 = DIRECTION('',(0.,0.,1.));
#2488 = DIRECTION('',(1.,0.,0.));
#2489 = ORIENTED_EDGE('',*,*,#2490,.F.);
#2490 = EDGE_CURVE('',#621,#2482,#2491,.T.);
#2491 = LINE('',#2492,#2493);
#2492 = CARTESIAN_POINT('',(7.,12.55,0.));
#2493 = VECTOR('',#2494,1.);
#2494 = DIRECTION('',(0.,0.,1.));
#2495 = ORIENTED_EDGE('',*,*,#628,.F.);
#2496 = CYLINDRICAL_SURFACE('',#2497,0.5);
#2497 = AXIS2_PLACEMENT_3D('',#2498,#2499,#2500);
#2498 = CARTESIAN_POINT('',(6.5,12.55,0.));
#2499 = DIRECTION('',(-0.,-0.,-1.));
#2500 = DIRECTION('',(1.,0.,0.));
#2501 = ADVANCED_FACE('',(#2502),#2520,.T.);
#2502 = FACE_BOUND('',#2503,.T.);
#2503 = EDGE_LOOP('',(#2504,#2512,#2518,#2519));
#2504 = ORIENTED_EDGE('',*,*,#2505,.T.);
#2505 = EDGE_CURVE('',#587,#2506,#2508,.T.);
#2506 = VERTEX_POINT('',#2507);
#2507 = CARTESIAN_POINT('',(-7.,25.55,3.));
#2508 = LINE('',#2509,#2510);
#2509 = CARTESIAN_POINT('',(-7.,25.55,0.));
#2510 = VECTOR('',#2511,1.);
#2511 = DIRECTION('',(0.,0.,1.));
#2512 = ORIENTED_EDGE('',*,*,#2513,.T.);
#2513 = EDGE_CURVE('',#2506,#2456,#2514,.T.);
#2514 = LINE('',#2515,#2516);
#2515 = CARTESIAN_POINT('',(-7.,25.55,3.));
#2516 = VECTOR('',#2517,1.);
#2517 = DIRECTION('',(0.,-1.,0.));
#2518 = ORIENTED_EDGE('',*,*,#2455,.F.);
#2519 = ORIENTED_EDGE('',*,*,#586,.F.);
#2520 = PLANE('',#2521);
#2521 = AXIS2_PLACEMENT_3D('',#2522,#2523,#2524);
#2522 = CARTESIAN_POINT('',(-7.,25.55,0.));
#2523 = DIRECTION('',(1.,0.,0.));
#2524 = DIRECTION('',(0.,-1.,0.));
#2525 = ADVANCED_FACE('',(#2526),#2544,.T.);
#2526 = FACE_BOUND('',#2527,.T.);
#2527 = EDGE_LOOP('',(#2528,#2529,#2537,#2543));
#2528 = ORIENTED_EDGE('',*,*,#2490,.T.);
#2529 = ORIENTED_EDGE('',*,*,#2530,.T.);
#2530 = EDGE_CURVE('',#2482,#2531,#2533,.T.);
#2531 = VERTEX_POINT('',#2532);
#2532 = CARTESIAN_POINT('',(7.,25.55,3.));
#2533 = LINE('',#2534,#2535);
#2534 = CARTESIAN_POINT('',(7.,12.55,3.));
#2535 = VECTOR('',#2536,1.);
#2536 = DIRECTION('',(0.,1.,0.));
#2537 = ORIENTED_EDGE('',*,*,#2538,.F.);
#2538 = EDGE_CURVE('',#612,#2531,#2539,.T.);
#2539 = LINE('',#2540,#2541);
#2540 = CARTESIAN_POINT('',(7.,25.55,0.));
#2541 = VECTOR('',#2542,1.);
#2542 = DIRECTION('',(0.,0.,1.));
#2543 = ORIENTED_EDGE('',*,*,#620,.F.);
#2544 = PLANE('',#2545);
#2545 = AXIS2_PLACEMENT_3D('',#2546,#2547,#2548);
#2546 = CARTESIAN_POINT('',(7.,12.55,0.));
#2547 = DIRECTION('',(-1.,0.,0.));
#2548 = DIRECTION('',(0.,1.,0.));
#2549 = ADVANCED_FACE('',(#2550),#2569,.F.);
#2550 = FACE_BOUND('',#2551,.T.);
#2551 = EDGE_LOOP('',(#2552,#2560,#2567,#2568));
#2552 = ORIENTED_EDGE('',*,*,#2553,.T.);
#2553 = EDGE_CURVE('',#595,#2554,#2556,.T.);
#2554 = VERTEX_POINT('',#2555);
#2555 = CARTESIAN_POINT('',(-6.5,26.05,3.));
#2556 = LINE('',#2557,#2558);
#2557 = CARTESIAN_POINT('',(-6.5,26.05,0.));
#2558 = VECTOR('',#2559,1.);
#2559 = DIRECTION('',(0.,0.,1.));
#2560 = ORIENTED_EDGE('',*,*,#2561,.T.);
#2561 = EDGE_CURVE('',#2554,#2506,#2562,.T.);
#2562 = CIRCLE('',#2563,0.5);
#2563 = AXIS2_PLACEMENT_3D('',#2564,#2565,#2566);
#2564 = CARTESIAN_POINT('',(-6.5,25.55,3.));
#2565 = DIRECTION('',(0.,0.,1.));
#2566 = DIRECTION('',(1.,0.,0.));
#2567 = ORIENTED_EDGE('',*,*,#2505,.F.);
#2568 = ORIENTED_EDGE('',*,*,#594,.F.);
#2569 = CYLINDRICAL_SURFACE('',#2570,0.5);
#2570 = AXIS2_PLACEMENT_3D('',#2571,#2572,#2573);
#2571 = CARTESIAN_POINT('',(-6.5,25.55,0.));
#2572 = DIRECTION('',(-0.,-0.,-1.));
#2573 = DIRECTION('',(1.,0.,0.));
#2574 = ADVANCED_FACE('',(#2575),#2594,.F.);
#2575 = FACE_BOUND('',#2576,.T.);
#2576 = EDGE_LOOP('',(#2577,#2578,#2587,#2593));
#2577 = ORIENTED_EDGE('',*,*,#2538,.T.);
#2578 = ORIENTED_EDGE('',*,*,#2579,.T.);
#2579 = EDGE_CURVE('',#2531,#2580,#2582,.T.);
#2580 = VERTEX_POINT('',#2581);
#2581 = CARTESIAN_POINT('',(6.5,26.05,3.));
#2582 = CIRCLE('',#2583,0.5);
#2583 = AXIS2_PLACEMENT_3D('',#2584,#2585,#2586);
#2584 = CARTESIAN_POINT('',(6.5,25.55,3.));
#2585 = DIRECTION('',(0.,0.,1.));
#2586 = DIRECTION('',(1.,0.,0.));
#2587 = ORIENTED_EDGE('',*,*,#2588,.F.);
#2588 = EDGE_CURVE('',#604,#2580,#2589,.T.);
#2589 = LINE('',#2590,#2591);
#2590 = CARTESIAN_POINT('',(6.5,26.05,0.));
#2591 = VECTOR('',#2592,1.);
#2592 = DIRECTION('',(0.,0.,1.));
#2593 = ORIENTED_EDGE('',*,*,#611,.F.);
#2594 = CYLINDRICAL_SURFACE('',#2595,0.5);
#2595 = AXIS2_PLACEMENT_3D('',#2596,#2597,#2598);
#2596 = CARTESIAN_POINT('',(6.5,25.55,0.));
#2597 = DIRECTION('',(-0.,-0.,-1.));
#2598 = DIRECTION('',(1.,0.,0.));
#2599 = ADVANCED_FACE('',(#2600),#2611,.T.);
#2600 = FACE_BOUND('',#2601,.T.);
#2601 = EDGE_LOOP('',(#2602,#2603,#2609,#2610));
#2602 = ORIENTED_EDGE('',*,*,#2588,.T.);
#2603 = ORIENTED_EDGE('',*,*,#2604,.T.);
#2604 = EDGE_CURVE('',#2580,#2554,#2605,.T.);
#2605 = LINE('',#2606,#2607);
#2606 = CARTESIAN_POINT('',(6.5,26.05,3.));
#2607 = VECTOR('',#2608,1.);
#2608 = DIRECTION('',(-1.,0.,0.));
#2609 = ORIENTED_EDGE('',*,*,#2553,.F.);
#2610 = ORIENTED_EDGE('',*,*,#603,.F.);
#2611 = PLANE('',#2612);
#2612 = AXIS2_PLACEMENT_3D('',#2613,#2614,#2615);
#2613 = CARTESIAN_POINT('',(6.5,26.05,0.));
#2614 = DIRECTION('',(0.,-1.,0.));
#2615 = DIRECTION('',(-1.,0.,0.));
#2616 = ADVANCED_FACE('',(#2617),#2635,.F.);
#2617 = FACE_BOUND('',#2618,.T.);
#2618 = EDGE_LOOP('',(#2619,#2628,#2633,#2634));
#2619 = ORIENTED_EDGE('',*,*,#2620,.T.);
#2620 = EDGE_CURVE('',#2621,#2621,#2623,.T.);
#2621 = VERTEX_POINT('',#2622);
#2622 = CARTESIAN_POINT('',(-43.25,45.,6.));
#2623 = CIRCLE('',#2624,1.75);
#2624 = AXIS2_PLACEMENT_3D('',#2625,#2626,#2627);
#2625 = CARTESIAN_POINT('',(-45.,45.,6.));
#2626 = DIRECTION('',(0.,0.,1.));
#2627 = DIRECTION('',(1.,0.,0.));
#2628 = ORIENTED_EDGE('',*,*,#2629,.T.);
#2629 = EDGE_CURVE('',#2621,#638,#2630,.T.);
#2630 = B_SPLINE_CURVE_WITH_KNOTS('',1,(#2631,#2632),.UNSPECIFIED.,.F.,
  .F.,(2,2),(-6.,0.),.PIECEWISE_BEZIER_KNOTS.);
#2631 = CARTESIAN_POINT('',(-43.25,45.,6.));
#2632 = CARTESIAN_POINT('',(-43.25,45.,0.));
#2633 = ORIENTED_EDGE('',*,*,#637,.F.);
#2634 = ORIENTED_EDGE('',*,*,#2629,.F.);
#2635 = CYLINDRICAL_SURFACE('',#2636,1.75);
#2636 = AXIS2_PLACEMENT_3D('',#2637,#2638,#2639);
#2637 = CARTESIAN_POINT('',(-45.,45.,0.));
#2638 = DIRECTION('',(-0.,-0.,-1.));
#2639 = DIRECTION('',(1.,0.,0.));
#2640 = ADVANCED_FACE('',(#2641),#2666,.F.);
#2641 = FACE_BOUND('',#2642,.F.);
#2642 = EDGE_LOOP('',(#2643,#2644,#2652,#2660));
#2643 = ORIENTED_EDGE('',*,*,#648,.T.);
#2644 = ORIENTED_EDGE('',*,*,#2645,.T.);
#2645 = EDGE_CURVE('',#651,#2646,#2648,.T.);
#2646 = VERTEX_POINT('',#2647);
#2647 = CARTESIAN_POINT('',(-6.1,36.32,3.));
#2648 = LINE('',#2649,#2650);
#2649 = CARTESIAN_POINT('',(-6.1,36.32,-4.));
#2650 = VECTOR('',#2651,1.);
#2651 = DIRECTION('',(0.,0.,1.));
#2652 = ORIENTED_EDGE('',*,*,#2653,.F.);
#2653 = EDGE_CURVE('',#2654,#2646,#2656,.T.);
#2654 = VERTEX_POINT('',#2655);
#2655 = CARTESIAN_POINT('',(-32.48,36.32,3.));
#2656 = LINE('',#2657,#2658);
#2657 = CARTESIAN_POINT('',(-3.05,36.32,3.));
#2658 = VECTOR('',#2659,1.);
#2659 = DIRECTION('',(1.,-1.2E-16,0.));
#2660 = ORIENTED_EDGE('',*,*,#2661,.F.);
#2661 = EDGE_CURVE('',#649,#2654,#2662,.T.);
#2662 = LINE('',#2663,#2664);
#2663 = CARTESIAN_POINT('',(-32.48,36.32,-4.));
#2664 = VECTOR('',#2665,1.);
#2665 = DIRECTION('',(0.,0.,1.));
#2666 = PLANE('',#2667);
#2667 = AXIS2_PLACEMENT_3D('',#2668,#2669,#2670);
#2668 = CARTESIAN_POINT('',(-6.1,36.32,-4.));
#2669 = DIRECTION('',(0.,-1.,0.));
#2670 = DIRECTION('',(-1.,0.,0.));
#2671 = ADVANCED_FACE('',(#2672),#2706,.F.);
#2672 = FACE_BOUND('',#2673,.F.);
#2673 = EDGE_LOOP('',(#2674,#2675,#2683,#2691,#2699,#2705));
#2674 = ORIENTED_EDGE('',*,*,#674,.T.);
#2675 = ORIENTED_EDGE('',*,*,#2676,.T.);
#2676 = EDGE_CURVE('',#667,#2677,#2679,.T.);
#2677 = VERTEX_POINT('',#2678);
#2678 = CARTESIAN_POINT('',(-6.1,45.9,5.));
#2679 = LINE('',#2680,#2681);
#2680 = CARTESIAN_POINT('',(-6.1,45.9,-4.));
#2681 = VECTOR('',#2682,1.);
#2682 = DIRECTION('',(0.,0.,1.));
#2683 = ORIENTED_EDGE('',*,*,#2684,.F.);
#2684 = EDGE_CURVE('',#2685,#2677,#2687,.T.);
#2685 = VERTEX_POINT('',#2686);
#2686 = CARTESIAN_POINT('',(-6.1,40.,5.));
#2687 = LINE('',#2688,#2689);
#2688 = CARTESIAN_POINT('',(-6.1,22.95,5.));
#2689 = VECTOR('',#2690,1.);
#2690 = DIRECTION('',(1.2E-16,1.,-0.));
#2691 = ORIENTED_EDGE('',*,*,#2692,.F.);
#2692 = EDGE_CURVE('',#2693,#2685,#2695,.T.);
#2693 = VERTEX_POINT('',#2694);
#2694 = CARTESIAN_POINT('',(-6.1,40.,3.));
#2695 = LINE('',#2696,#2697);
#2696 = CARTESIAN_POINT('',(-6.1,40.,-0.5));
#2697 = VECTOR('',#2698,1.);
#2698 = DIRECTION('',(0.,0.,1.));
#2699 = ORIENTED_EDGE('',*,*,#2700,.F.);
#2700 = EDGE_CURVE('',#2646,#2693,#2701,.T.);
#2701 = LINE('',#2702,#2703);
#2702 = CARTESIAN_POINT('',(-6.1,22.95,3.));
#2703 = VECTOR('',#2704,1.);
#2704 = DIRECTION('',(1.2E-16,1.,-0.));
#2705 = ORIENTED_EDGE('',*,*,#2645,.F.);
#2706 = PLANE('',#2707);
#2707 = AXIS2_PLACEMENT_3D('',#2708,#2709,#2710);
#2708 = CARTESIAN_POINT('',(-6.1,45.9,-4.));
#2709 = DIRECTION('',(1.,0.,0.));
#2710 = DIRECTION('',(0.,-1.,0.));
#2711 = ADVANCED_FACE('',(#2712),#2730,.F.);
#2712 = FACE_BOUND('',#2713,.F.);
#2713 = EDGE_LOOP('',(#2714,#2715,#2723,#2729));
#2714 = ORIENTED_EDGE('',*,*,#666,.T.);
#2715 = ORIENTED_EDGE('',*,*,#2716,.T.);
#2716 = EDGE_CURVE('',#659,#2717,#2719,.T.);
#2717 = VERTEX_POINT('',#2718);
#2718 = CARTESIAN_POINT('',(-32.48,45.9,5.));
#2719 = LINE('',#2720,#2721);
#2720 = CARTESIAN_POINT('',(-32.48,45.9,-4.));
#2721 = VECTOR('',#2722,1.);
#2722 = DIRECTION('',(0.,0.,1.));
#2723 = ORIENTED_EDGE('',*,*,#2724,.F.);
#2724 = EDGE_CURVE('',#2677,#2717,#2725,.T.);
#2725 = LINE('',#2726,#2727);
#2726 = CARTESIAN_POINT('',(-16.24,45.9,5.));
#2727 = VECTOR('',#2728,1.);
#2728 = DIRECTION('',(-1.,1.2E-16,0.));
#2729 = ORIENTED_EDGE('',*,*,#2676,.F.);
#2730 = PLANE('',#2731);
#2731 = AXIS2_PLACEMENT_3D('',#2732,#2733,#2734);
#2732 = CARTESIAN_POINT('',(-32.48,45.9,-4.));
#2733 = DIRECTION('',(0.,1.,0.));
#2734 = DIRECTION('',(1.,0.,0.));
#2735 = ADVANCED_FACE('',(#2736),#2763,.F.);
#2736 = FACE_BOUND('',#2737,.F.);
#2737 = EDGE_LOOP('',(#2738,#2739,#2740,#2748,#2756,#2762));
#2738 = ORIENTED_EDGE('',*,*,#658,.T.);
#2739 = ORIENTED_EDGE('',*,*,#2661,.T.);
#2740 = ORIENTED_EDGE('',*,*,#2741,.F.);
#2741 = EDGE_CURVE('',#2742,#2654,#2744,.T.);
#2742 = VERTEX_POINT('',#2743);
#2743 = CARTESIAN_POINT('',(-32.48,40.,3.));
#2744 = LINE('',#2745,#2746);
#2745 = CARTESIAN_POINT('',(-32.48,18.16,3.));
#2746 = VECTOR('',#2747,1.);
#2747 = DIRECTION('',(-1.2E-16,-1.,0.));
#2748 = ORIENTED_EDGE('',*,*,#2749,.F.);
#2749 = EDGE_CURVE('',#2750,#2742,#2752,.T.);
#2750 = VERTEX_POINT('',#2751);
#2751 = CARTESIAN_POINT('',(-32.48,40.,5.));
#2752 = LINE('',#2753,#2754);
#2753 = CARTESIAN_POINT('',(-32.48,40.,-0.5));
#2754 = VECTOR('',#2755,1.);
#2755 = DIRECTION('',(-0.,-0.,-1.));
#2756 = ORIENTED_EDGE('',*,*,#2757,.F.);
#2757 = EDGE_CURVE('',#2717,#2750,#2758,.T.);
#2758 = LINE('',#2759,#2760);
#2759 = CARTESIAN_POINT('',(-32.48,18.16,5.));
#2760 = VECTOR('',#2761,1.);
#2761 = DIRECTION('',(-1.2E-16,-1.,0.));
#2762 = ORIENTED_EDGE('',*,*,#2716,.F.);
#2763 = PLANE('',#2764);
#2764 = AXIS2_PLACEMENT_3D('',#2765,#2766,#2767);
#2765 = CARTESIAN_POINT('',(-32.48,36.32,-4.));
#2766 = DIRECTION('',(-1.,0.,0.));
#2767 = DIRECTION('',(0.,1.,0.));
#2768 = ADVANCED_FACE('',(#2769),#2794,.F.);
#2769 = FACE_BOUND('',#2770,.F.);
#2770 = EDGE_LOOP('',(#2771,#2779,#2787,#2793));
#2771 = ORIENTED_EDGE('',*,*,#2772,.T.);
#2772 = EDGE_CURVE('',#683,#2773,#2775,.T.);
#2773 = VERTEX_POINT('',#2774);
#2774 = CARTESIAN_POINT('',(26.05,25.55,3.));
#2775 = LINE('',#2776,#2777);
#2776 = CARTESIAN_POINT('',(26.05,25.55,0.));
#2777 = VECTOR('',#2778,1.);
#2778 = DIRECTION('',(0.,0.,1.));
#2779 = ORIENTED_EDGE('',*,*,#2780,.T.);
#2780 = EDGE_CURVE('',#2773,#2781,#2783,.T.);
#2781 = VERTEX_POINT('',#2782);
#2782 = CARTESIAN_POINT('',(26.05,12.55,3.));
#2783 = LINE('',#2784,#2785);
#2784 = CARTESIAN_POINT('',(26.05,25.55,3.));
#2785 = VECTOR('',#2786,1.);
#2786 = DIRECTION('',(0.,-1.,0.));
#2787 = ORIENTED_EDGE('',*,*,#2788,.F.);
#2788 = EDGE_CURVE('',#685,#2781,#2789,.T.);
#2789 = LINE('',#2790,#2791);
#2790 = CARTESIAN_POINT('',(26.05,12.55,0.));
#2791 = VECTOR('',#2792,1.);
#2792 = DIRECTION('',(0.,0.,1.));
#2793 = ORIENTED_EDGE('',*,*,#682,.F.);
#2794 = PLANE('',#2795);
#2795 = AXIS2_PLACEMENT_3D('',#2796,#2797,#2798);
#2796 = CARTESIAN_POINT('',(26.05,25.55,0.));
#2797 = DIRECTION('',(1.,0.,0.));
#2798 = DIRECTION('',(0.,-1.,0.));
#2799 = ADVANCED_FACE('',(#2800),#2819,.F.);
#2800 = FACE_BOUND('',#2801,.T.);
#2801 = EDGE_LOOP('',(#2802,#2803,#2812,#2818));
#2802 = ORIENTED_EDGE('',*,*,#2772,.T.);
#2803 = ORIENTED_EDGE('',*,*,#2804,.T.);
#2804 = EDGE_CURVE('',#2773,#2805,#2807,.T.);
#2805 = VERTEX_POINT('',#2806);
#2806 = CARTESIAN_POINT('',(25.55,26.05,3.));
#2807 = CIRCLE('',#2808,0.5);
#2808 = AXIS2_PLACEMENT_3D('',#2809,#2810,#2811);
#2809 = CARTESIAN_POINT('',(25.55,25.55,3.));
#2810 = DIRECTION('',(0.,0.,1.));
#2811 = DIRECTION('',(1.,0.,0.));
#2812 = ORIENTED_EDGE('',*,*,#2813,.F.);
#2813 = EDGE_CURVE('',#736,#2805,#2814,.T.);
#2814 = LINE('',#2815,#2816);
#2815 = CARTESIAN_POINT('',(25.55,26.05,0.));
#2816 = VECTOR('',#2817,1.);
#2817 = DIRECTION('',(0.,0.,1.));
#2818 = ORIENTED_EDGE('',*,*,#743,.F.);
#2819 = CYLINDRICAL_SURFACE('',#2820,0.5);
#2820 = AXIS2_PLACEMENT_3D('',#2821,#2822,#2823);
#2821 = CARTESIAN_POINT('',(25.55,25.55,0.));
#2822 = DIRECTION('',(-0.,-0.,-1.));
#2823 = DIRECTION('',(1.,0.,0.));
#2824 = ADVANCED_FACE('',(#2825),#2844,.F.);
#2825 = FACE_BOUND('',#2826,.T.);
#2826 = EDGE_LOOP('',(#2827,#2835,#2842,#2843));
#2827 = ORIENTED_EDGE('',*,*,#2828,.T.);
#2828 = EDGE_CURVE('',#693,#2829,#2831,.T.);
#2829 = VERTEX_POINT('',#2830);
#2830 = CARTESIAN_POINT('',(25.55,12.05,3.));
#2831 = LINE('',#2832,#2833);
#2832 = CARTESIAN_POINT('',(25.55,12.05,0.));
#2833 = VECTOR('',#2834,1.);
#2834 = DIRECTION('',(0.,0.,1.));
#2835 = ORIENTED_EDGE('',*,*,#2836,.T.);
#2836 = EDGE_CURVE('',#2829,#2781,#2837,.T.);
#2837 = CIRCLE('',#2838,0.5);
#2838 = AXIS2_PLACEMENT_3D('',#2839,#2840,#2841);
#2839 = CARTESIAN_POINT('',(25.55,12.55,3.));
#2840 = DIRECTION('',(0.,0.,1.));
#2841 = DIRECTION('',(1.,0.,0.));
#2842 = ORIENTED_EDGE('',*,*,#2788,.F.);
#2843 = ORIENTED_EDGE('',*,*,#692,.F.);
#2844 = CYLINDRICAL_SURFACE('',#2845,0.5);
#2845 = AXIS2_PLACEMENT_3D('',#2846,#2847,#2848);
#2846 = CARTESIAN_POINT('',(25.55,12.55,0.));
#2847 = DIRECTION('',(-0.,-0.,-1.));
#2848 = DIRECTION('',(1.,0.,0.));
#2849 = ADVANCED_FACE('',(#2850),#2868,.F.);
#2850 = FACE_BOUND('',#2851,.F.);
#2851 = EDGE_LOOP('',(#2852,#2860,#2866,#2867));
#2852 = ORIENTED_EDGE('',*,*,#2853,.T.);
#2853 = EDGE_CURVE('',#727,#2854,#2856,.T.);
#2854 = VERTEX_POINT('',#2855);
#2855 = CARTESIAN_POINT('',(12.55,26.05,3.));
#2856 = LINE('',#2857,#2858);
#2857 = CARTESIAN_POINT('',(12.55,26.05,0.));
#2858 = VECTOR('',#2859,1.);
#2859 = DIRECTION('',(0.,0.,1.));
#2860 = ORIENTED_EDGE('',*,*,#2861,.T.);
#2861 = EDGE_CURVE('',#2854,#2805,#2862,.T.);
#2862 = LINE('',#2863,#2864);
#2863 = CARTESIAN_POINT('',(12.55,26.05,3.));
#2864 = VECTOR('',#2865,1.);
#2865 = DIRECTION('',(1.,0.,0.));
#2866 = ORIENTED_EDGE('',*,*,#2813,.F.);
#2867 = ORIENTED_EDGE('',*,*,#735,.F.);
#2868 = PLANE('',#2869);
#2869 = AXIS2_PLACEMENT_3D('',#2870,#2871,#2872);
#2870 = CARTESIAN_POINT('',(12.55,26.05,0.));
#2871 = DIRECTION('',(0.,1.,0.));
#2872 = DIRECTION('',(1.,0.,0.));
#2873 = ADVANCED_FACE('',(#2874),#2892,.F.);
#2874 = FACE_BOUND('',#2875,.F.);
#2875 = EDGE_LOOP('',(#2876,#2877,#2885,#2891));
#2876 = ORIENTED_EDGE('',*,*,#2828,.T.);
#2877 = ORIENTED_EDGE('',*,*,#2878,.T.);
#2878 = EDGE_CURVE('',#2829,#2879,#2881,.T.);
#2879 = VERTEX_POINT('',#2880);
#2880 = CARTESIAN_POINT('',(12.55,12.05,3.));
#2881 = LINE('',#2882,#2883);
#2882 = CARTESIAN_POINT('',(25.55,12.05,3.));
#2883 = VECTOR('',#2884,1.);
#2884 = DIRECTION('',(-1.,0.,0.));
#2885 = ORIENTED_EDGE('',*,*,#2886,.F.);
#2886 = EDGE_CURVE('',#702,#2879,#2887,.T.);
#2887 = LINE('',#2888,#2889);
#2888 = CARTESIAN_POINT('',(12.55,12.05,0.));
#2889 = VECTOR('',#2890,1.);
#2890 = DIRECTION('',(0.,0.,1.));
#2891 = ORIENTED_EDGE('',*,*,#701,.F.);
#2892 = PLANE('',#2893);
#2893 = AXIS2_PLACEMENT_3D('',#2894,#2895,#2896);
#2894 = CARTESIAN_POINT('',(25.55,12.05,0.));
#2895 = DIRECTION('',(0.,-1.,0.));
#2896 = DIRECTION('',(-1.,0.,0.));
#2897 = ADVANCED_FACE('',(#2898),#2917,.F.);
#2898 = FACE_BOUND('',#2899,.T.);
#2899 = EDGE_LOOP('',(#2900,#2901,#2910,#2916));
#2900 = ORIENTED_EDGE('',*,*,#2853,.T.);
#2901 = ORIENTED_EDGE('',*,*,#2902,.T.);
#2902 = EDGE_CURVE('',#2854,#2903,#2905,.T.);
#2903 = VERTEX_POINT('',#2904);
#2904 = CARTESIAN_POINT('',(12.05,25.55,3.));
#2905 = CIRCLE('',#2906,0.5);
#2906 = AXIS2_PLACEMENT_3D('',#2907,#2908,#2909);
#2907 = CARTESIAN_POINT('',(12.55,25.55,3.));
#2908 = DIRECTION('',(0.,0.,1.));
#2909 = DIRECTION('',(1.,0.,0.));
#2910 = ORIENTED_EDGE('',*,*,#2911,.F.);
#2911 = EDGE_CURVE('',#719,#2903,#2912,.T.);
#2912 = LINE('',#2913,#2914);
#2913 = CARTESIAN_POINT('',(12.05,25.55,0.));
#2914 = VECTOR('',#2915,1.);
#2915 = DIRECTION('',(0.,0.,1.));
#2916 = ORIENTED_EDGE('',*,*,#726,.F.);
#2917 = CYLINDRICAL_SURFACE('',#2918,0.5);
#2918 = AXIS2_PLACEMENT_3D('',#2919,#2920,#2921);
#2919 = CARTESIAN_POINT('',(12.55,25.55,0.));
#2920 = DIRECTION('',(-0.,-0.,-1.));
#2921 = DIRECTION('',(1.,0.,0.));
#2922 = ADVANCED_FACE('',(#2923),#2942,.F.);
#2923 = FACE_BOUND('',#2924,.T.);
#2924 = EDGE_LOOP('',(#2925,#2933,#2940,#2941));
#2925 = ORIENTED_EDGE('',*,*,#2926,.T.);
#2926 = EDGE_CURVE('',#710,#2927,#2929,.T.);
#2927 = VERTEX_POINT('',#2928);
#2928 = CARTESIAN_POINT('',(12.05,12.55,3.));
#2929 = LINE('',#2930,#2931);
#2930 = CARTESIAN_POINT('',(12.05,12.55,0.));
#2931 = VECTOR('',#2932,1.);
#2932 = DIRECTION('',(0.,0.,1.));
#2933 = ORIENTED_EDGE('',*,*,#2934,.T.);
#2934 = EDGE_CURVE('',#2927,#2879,#2935,.T.);
#2935 = CIRCLE('',#2936,0.5);
#2936 = AXIS2_PLACEMENT_3D('',#2937,#2938,#2939);
#2937 = CARTESIAN_POINT('',(12.55,12.55,3.));
#2938 = DIRECTION('',(0.,0.,1.));
#2939 = DIRECTION('',(1.,0.,0.));
#2940 = ORIENTED_EDGE('',*,*,#2886,.F.);
#2941 = ORIENTED_EDGE('',*,*,#709,.F.);
#2942 = CYLINDRICAL_SURFACE('',#2943,0.5);
#2943 = AXIS2_PLACEMENT_3D('',#2944,#2945,#2946);
#2944 = CARTESIAN_POINT('',(12.55,12.55,0.));
#2945 = DIRECTION('',(-0.,-0.,-1.));
#2946 = DIRECTION('',(1.,0.,0.));
#2947 = ADVANCED_FACE('',(#2948),#2959,.F.);
#2948 = FACE_BOUND('',#2949,.F.);
#2949 = EDGE_LOOP('',(#2950,#2951,#2957,#2958));
#2950 = ORIENTED_EDGE('',*,*,#2926,.T.);
#2951 = ORIENTED_EDGE('',*,*,#2952,.T.);
#2952 = EDGE_CURVE('',#2927,#2903,#2953,.T.);
#2953 = LINE('',#2954,#2955);
#2954 = CARTESIAN_POINT('',(12.05,12.55,3.));
#2955 = VECTOR('',#2956,1.);
#2956 = DIRECTION('',(0.,1.,0.));
#2957 = ORIENTED_EDGE('',*,*,#2911,.F.);
#2958 = ORIENTED_EDGE('',*,*,#718,.F.);
#2959 = PLANE('',#2960);
#2960 = AXIS2_PLACEMENT_3D('',#2961,#2962,#2963);
#2961 = CARTESIAN_POINT('',(12.05,12.55,0.));
#2962 = DIRECTION('',(-1.,0.,0.));
#2963 = DIRECTION('',(0.,1.,0.));
#2964 = ADVANCED_FACE('',(#2965),#3018,.F.);
#2965 = FACE_BOUND('',#2966,.T.);
#2966 = EDGE_LOOP('',(#2967,#2968,#2976,#2985,#2993,#3002,#3010,#3017));
#2967 = ORIENTED_EDGE('',*,*,#752,.T.);
#2968 = ORIENTED_EDGE('',*,*,#2969,.T.);
#2969 = EDGE_CURVE('',#753,#2970,#2972,.T.);
#2970 = VERTEX_POINT('',#2971);
#2971 = CARTESIAN_POINT('',(27.,39.9,3.));
#2972 = LINE('',#2973,#2974);
#2973 = CARTESIAN_POINT('',(27.,39.9,-4.));
#2974 = VECTOR('',#2975,1.);
#2975 = DIRECTION('',(0.,0.,1.));
#2976 = ORIENTED_EDGE('',*,*,#2977,.F.);
#2977 = EDGE_CURVE('',#2978,#2970,#2980,.T.);
#2978 = VERTEX_POINT('',#2979);
#2979 = CARTESIAN_POINT('',(33.998571136907,40.,3.));
#2980 = CIRCLE('',#2981,3.5);
#2981 = AXIS2_PLACEMENT_3D('',#2982,#2983,#2984);
#2982 = CARTESIAN_POINT('',(30.5,39.9,3.));
#2983 = DIRECTION('',(0.,0.,-1.));
#2984 = DIRECTION('',(-1.,1.2E-16,0.));
#2985 = ORIENTED_EDGE('',*,*,#2986,.F.);
#2986 = EDGE_CURVE('',#2987,#2978,#2989,.T.);
#2987 = VERTEX_POINT('',#2988);
#2988 = CARTESIAN_POINT('',(33.998571136907,40.,5.));
#2989 = LINE('',#2990,#2991);
#2990 = CARTESIAN_POINT('',(33.998571136907,40.,-4.));
#2991 = VECTOR('',#2992,1.);
#2992 = DIRECTION('',(0.,0.,-1.));
#2993 = ORIENTED_EDGE('',*,*,#2994,.F.);
#2994 = EDGE_CURVE('',#2995,#2987,#2997,.T.);
#2995 = VERTEX_POINT('',#2996);
#2996 = CARTESIAN_POINT('',(27.001428863093,40.,5.));
#2997 = CIRCLE('',#2998,3.5);
#2998 = AXIS2_PLACEMENT_3D('',#2999,#3000,#3001);
#2999 = CARTESIAN_POINT('',(30.5,39.9,5.));
#3000 = DIRECTION('',(0.,0.,-1.));
#3001 = DIRECTION('',(-1.,1.2E-16,0.));
#3002 = ORIENTED_EDGE('',*,*,#3003,.T.);
#3003 = EDGE_CURVE('',#2995,#3004,#3006,.T.);
#3004 = VERTEX_POINT('',#3005);
#3005 = CARTESIAN_POINT('',(27.001428863093,40.,3.));
#3006 = LINE('',#3007,#3008);
#3007 = CARTESIAN_POINT('',(27.001428863093,40.,-4.));
#3008 = VECTOR('',#3009,1.);
#3009 = DIRECTION('',(0.,0.,-1.));
#3010 = ORIENTED_EDGE('',*,*,#3011,.F.);
#3011 = EDGE_CURVE('',#2970,#3004,#3012,.T.);
#3012 = CIRCLE('',#3013,3.5);
#3013 = AXIS2_PLACEMENT_3D('',#3014,#3015,#3016);
#3014 = CARTESIAN_POINT('',(30.5,39.9,3.));
#3015 = DIRECTION('',(0.,0.,-1.));
#3016 = DIRECTION('',(-1.,1.2E-16,0.));
#3017 = ORIENTED_EDGE('',*,*,#2969,.F.);
#3018 = CYLINDRICAL_SURFACE('',#3019,3.5);
#3019 = AXIS2_PLACEMENT_3D('',#3020,#3021,#3022);
#3020 = CARTESIAN_POINT('',(30.5,39.9,-4.));
#3021 = DIRECTION('',(0.,0.,-1.));
#3022 = DIRECTION('',(-1.,0.,0.));
#3023 = ADVANCED_FACE('',(#3024),#3042,.F.);
#3024 = FACE_BOUND('',#3025,.T.);
#3025 = EDGE_LOOP('',(#3026,#3035,#3040,#3041));
#3026 = ORIENTED_EDGE('',*,*,#3027,.T.);
#3027 = EDGE_CURVE('',#3028,#3028,#3030,.T.);
#3028 = VERTEX_POINT('',#3029);
#3029 = CARTESIAN_POINT('',(46.75,45.,6.));
#3030 = CIRCLE('',#3031,1.75);
#3031 = AXIS2_PLACEMENT_3D('',#3032,#3033,#3034);
#3032 = CARTESIAN_POINT('',(45.,45.,6.));
#3033 = DIRECTION('',(0.,0.,1.));
#3034 = DIRECTION('',(1.,0.,0.));
#3035 = ORIENTED_EDGE('',*,*,#3036,.T.);
#3036 = EDGE_CURVE('',#3028,#764,#3037,.T.);
#3037 = B_SPLINE_CURVE_WITH_KNOTS('',1,(#3038,#3039),.UNSPECIFIED.,.F.,
  .F.,(2,2),(-6.,0.),.PIECEWISE_BEZIER_KNOTS.);
#3038 = CARTESIAN_POINT('',(46.75,45.,6.));
#3039 = CARTESIAN_POINT('',(46.75,45.,0.));
#3040 = ORIENTED_EDGE('',*,*,#763,.F.);
#3041 = ORIENTED_EDGE('',*,*,#3036,.F.);
#3042 = CYLINDRICAL_SURFACE('',#3043,1.75);
#3043 = AXIS2_PLACEMENT_3D('',#3044,#3045,#3046);
#3044 = CARTESIAN_POINT('',(45.,45.,0.));
#3045 = DIRECTION('',(-0.,-0.,-1.));
#3046 = DIRECTION('',(1.,0.,0.));
#3047 = ADVANCED_FACE('',(#3048,#3066),#3069,.T.);
#3048 = FACE_BOUND('',#3049,.T.);
#3049 = EDGE_LOOP('',(#3050,#3051,#3052,#3060));
#3050 = ORIENTED_EDGE('',*,*,#789,.T.);
#3051 = ORIENTED_EDGE('',*,*,#941,.T.);
#3052 = ORIENTED_EDGE('',*,*,#3053,.T.);
#3053 = EDGE_CURVE('',#934,#3054,#3056,.T.);
#3054 = VERTEX_POINT('',#3055);
#3055 = CARTESIAN_POINT('',(40.,-40.,6.));
#3056 = LINE('',#3057,#3058);
#3057 = CARTESIAN_POINT('',(50.,-40.,6.));
#3058 = VECTOR('',#3059,1.);
#3059 = DIRECTION('',(-1.,0.,0.));
#3060 = ORIENTED_EDGE('',*,*,#3061,.T.);
#3061 = EDGE_CURVE('',#3054,#790,#3062,.T.);
#3062 = LINE('',#3063,#3064);
#3063 = CARTESIAN_POINT('',(40.,-40.,6.));
#3064 = VECTOR('',#3065,1.);
#3065 = DIRECTION('',(0.,-1.,0.));
#3066 = FACE_BOUND('',#3067,.F.);
#3067 = EDGE_LOOP('',(#3068));
#3068 = ORIENTED_EDGE('',*,*,#1812,.T.);
#3069 = PLANE('',#3070);
#3070 = AXIS2_PLACEMENT_3D('',#3071,#3072,#3073);
#3071 = CARTESIAN_POINT('',(45.,-45.,6.));
#3072 = DIRECTION('',(0.,0.,1.));
#3073 = DIRECTION('',(1.,0.,0.));
#3074 = ADVANCED_FACE('',(#3075),#3093,.F.);
#3075 = FACE_BOUND('',#3076,.F.);
#3076 = EDGE_LOOP('',(#3077,#3085,#3091,#3092));
#3077 = ORIENTED_EDGE('',*,*,#3078,.T.);
#3078 = EDGE_CURVE('',#798,#3079,#3081,.T.);
#3079 = VERTEX_POINT('',#3080);
#3080 = CARTESIAN_POINT('',(40.,-40.,5.));
#3081 = LINE('',#3082,#3083);
#3082 = CARTESIAN_POINT('',(40.,-20.,5.));
#3083 = VECTOR('',#3084,1.);
#3084 = DIRECTION('',(0.,1.,0.));
#3085 = ORIENTED_EDGE('',*,*,#3086,.T.);
#3086 = EDGE_CURVE('',#3079,#3054,#3087,.T.);
#3087 = LINE('',#3088,#3089);
#3088 = CARTESIAN_POINT('',(40.,-40.,3.));
#3089 = VECTOR('',#3090,1.);
#3090 = DIRECTION('',(0.,0.,1.));
#3091 = ORIENTED_EDGE('',*,*,#3061,.T.);
#3092 = ORIENTED_EDGE('',*,*,#797,.F.);
#3093 = PLANE('',#3094);
#3094 = AXIS2_PLACEMENT_3D('',#3095,#3096,#3097);
#3095 = CARTESIAN_POINT('',(40.,-40.,3.));
#3096 = DIRECTION('',(1.,0.,0.));
#3097 = DIRECTION('',(0.,-1.,0.));
#3098 = ADVANCED_FACE('',(#3099),#3117,.T.);
#3099 = FACE_BOUND('',#3100,.T.);
#3100 = EDGE_LOOP('',(#3101,#3109,#3110,#3111));
#3101 = ORIENTED_EDGE('',*,*,#3102,.T.);
#3102 = EDGE_CURVE('',#3103,#806,#3105,.T.);
#3103 = VERTEX_POINT('',#3104);
#3104 = CARTESIAN_POINT('',(-40.,-40.,5.));
#3105 = LINE('',#3106,#3107);
#3106 = CARTESIAN_POINT('',(-40.,-25.,5.));
#3107 = VECTOR('',#3108,1.);
#3108 = DIRECTION('',(0.,-1.,0.));
#3109 = ORIENTED_EDGE('',*,*,#805,.T.);
#3110 = ORIENTED_EDGE('',*,*,#3078,.T.);
#3111 = ORIENTED_EDGE('',*,*,#3112,.F.);
#3112 = EDGE_CURVE('',#3103,#3079,#3113,.T.);
#3113 = LINE('',#3114,#3115);
#3114 = CARTESIAN_POINT('',(-40.,-40.,5.));
#3115 = VECTOR('',#3116,1.);
#3116 = DIRECTION('',(1.,0.,0.));
#3117 = PLANE('',#3118);
#3118 = AXIS2_PLACEMENT_3D('',#3119,#3120,#3121);
#3119 = CARTESIAN_POINT('',(6.E-17,-6.E-17,5.));
#3120 = DIRECTION('',(0.,0.,1.));
#3121 = DIRECTION('',(1.,0.,0.));
#3122 = ADVANCED_FACE('',(#3123),#3141,.F.);
#3123 = FACE_BOUND('',#3124,.F.);
#3124 = EDGE_LOOP('',(#3125,#3126,#3127,#3135));
#3125 = ORIENTED_EDGE('',*,*,#3102,.T.);
#3126 = ORIENTED_EDGE('',*,*,#813,.T.);
#3127 = ORIENTED_EDGE('',*,*,#3128,.T.);
#3128 = EDGE_CURVE('',#814,#3129,#3131,.T.);
#3129 = VERTEX_POINT('',#3130);
#3130 = CARTESIAN_POINT('',(-40.,-40.,6.));
#3131 = LINE('',#3132,#3133);
#3132 = CARTESIAN_POINT('',(-40.,-50.,6.));
#3133 = VECTOR('',#3134,1.);
#3134 = DIRECTION('',(0.,1.,0.));
#3135 = ORIENTED_EDGE('',*,*,#3136,.F.);
#3136 = EDGE_CURVE('',#3103,#3129,#3137,.T.);
#3137 = LINE('',#3138,#3139);
#3138 = CARTESIAN_POINT('',(-40.,-40.,3.));
#3139 = VECTOR('',#3140,1.);
#3140 = DIRECTION('',(0.,0.,1.));
#3141 = PLANE('',#3142);
#3142 = AXIS2_PLACEMENT_3D('',#3143,#3144,#3145);
#3143 = CARTESIAN_POINT('',(-40.,-50.,3.));
#3144 = DIRECTION('',(-1.,0.,0.));
#3145 = DIRECTION('',(0.,1.,0.));
#3146 = ADVANCED_FACE('',(#3147,#3158),#3161,.T.);
#3147 = FACE_BOUND('',#3148,.T.);
#3148 = EDGE_LOOP('',(#3149,#3150,#3151,#3157));
#3149 = ORIENTED_EDGE('',*,*,#821,.T.);
#3150 = ORIENTED_EDGE('',*,*,#3128,.T.);
#3151 = ORIENTED_EDGE('',*,*,#3152,.T.);
#3152 = EDGE_CURVE('',#3129,#846,#3153,.T.);
#3153 = LINE('',#3154,#3155);
#3154 = CARTESIAN_POINT('',(-40.,-40.,6.));
#3155 = VECTOR('',#3156,1.);
#3156 = DIRECTION('',(-1.,0.,0.));
#3157 = ORIENTED_EDGE('',*,*,#845,.T.);
#3158 = FACE_BOUND('',#3159,.F.);
#3159 = EDGE_LOOP('',(#3160));
#3160 = ORIENTED_EDGE('',*,*,#1004,.T.);
#3161 = PLANE('',#3162);
#3162 = AXIS2_PLACEMENT_3D('',#3163,#3164,#3165);
#3163 = CARTESIAN_POINT('',(-45.,-45.,6.));
#3164 = DIRECTION('',(0.,0.,1.));
#3165 = DIRECTION('',(1.,0.,0.));
#3166 = ADVANCED_FACE('',(#3167),#3178,.F.);
#3167 = FACE_BOUND('',#3168,.F.);
#3168 = EDGE_LOOP('',(#3169,#3175,#3176,#3177));
#3169 = ORIENTED_EDGE('',*,*,#3170,.T.);
#3170 = EDGE_CURVE('',#854,#3103,#3171,.T.);
#3171 = LINE('',#3172,#3173);
#3172 = CARTESIAN_POINT('',(-20.,-40.,5.));
#3173 = VECTOR('',#3174,1.);
#3174 = DIRECTION('',(1.,0.,0.));
#3175 = ORIENTED_EDGE('',*,*,#3136,.T.);
#3176 = ORIENTED_EDGE('',*,*,#3152,.T.);
#3177 = ORIENTED_EDGE('',*,*,#853,.F.);
#3178 = PLANE('',#3179);
#3179 = AXIS2_PLACEMENT_3D('',#3180,#3181,#3182);
#3180 = CARTESIAN_POINT('',(-40.,-40.,3.));
#3181 = DIRECTION('',(0.,-1.,0.));
#3182 = DIRECTION('',(-1.,0.,0.));
#3183 = ADVANCED_FACE('',(#3184),#3202,.T.);
#3184 = FACE_BOUND('',#3185,.T.);
#3185 = EDGE_LOOP('',(#3186,#3187,#3188,#3196));
#3186 = ORIENTED_EDGE('',*,*,#861,.T.);
#3187 = ORIENTED_EDGE('',*,*,#3170,.T.);
#3188 = ORIENTED_EDGE('',*,*,#3189,.F.);
#3189 = EDGE_CURVE('',#3190,#3103,#3192,.T.);
#3190 = VERTEX_POINT('',#3191);
#3191 = CARTESIAN_POINT('',(-40.,40.,5.));
#3192 = LINE('',#3193,#3194);
#3193 = CARTESIAN_POINT('',(-40.,40.,5.));
#3194 = VECTOR('',#3195,1.);
#3195 = DIRECTION('',(0.,-1.,0.));
#3196 = ORIENTED_EDGE('',*,*,#3197,.T.);
#3197 = EDGE_CURVE('',#3190,#862,#3198,.T.);
#3198 = LINE('',#3199,#3200);
#3199 = CARTESIAN_POINT('',(-25.,40.,5.));
#3200 = VECTOR('',#3201,1.);
#3201 = DIRECTION('',(-1.,0.,0.));
#3202 = PLANE('',#3203);
#3203 = AXIS2_PLACEMENT_3D('',#3204,#3205,#3206);
#3204 = CARTESIAN_POINT('',(6.E-17,-6.E-17,5.));
#3205 = DIRECTION('',(0.,0.,1.));
#3206 = DIRECTION('',(1.,0.,0.));
#3207 = ADVANCED_FACE('',(#3208),#3226,.F.);
#3208 = FACE_BOUND('',#3209,.F.);
#3209 = EDGE_LOOP('',(#3210,#3211,#3212,#3220));
#3210 = ORIENTED_EDGE('',*,*,#3197,.T.);
#3211 = ORIENTED_EDGE('',*,*,#869,.T.);
#3212 = ORIENTED_EDGE('',*,*,#3213,.T.);
#3213 = EDGE_CURVE('',#870,#3214,#3216,.T.);
#3214 = VERTEX_POINT('',#3215);
#3215 = CARTESIAN_POINT('',(-40.,40.,6.));
#3216 = LINE('',#3217,#3218);
#3217 = CARTESIAN_POINT('',(-50.,40.,6.));
#3218 = VECTOR('',#3219,1.);
#3219 = DIRECTION('',(1.,0.,0.));
#3220 = ORIENTED_EDGE('',*,*,#3221,.F.);
#3221 = EDGE_CURVE('',#3190,#3214,#3222,.T.);
#3222 = LINE('',#3223,#3224);
#3223 = CARTESIAN_POINT('',(-40.,40.,3.));
#3224 = VECTOR('',#3225,1.);
#3225 = DIRECTION('',(0.,0.,1.));
#3226 = PLANE('',#3227);
#3227 = AXIS2_PLACEMENT_3D('',#3228,#3229,#3230);
#3228 = CARTESIAN_POINT('',(-50.,40.,3.));
#3229 = DIRECTION('',(0.,1.,0.));
#3230 = DIRECTION('',(1.,0.,0.));
#3231 = ADVANCED_FACE('',(#3232,#3243),#3246,.T.);
#3232 = FACE_BOUND('',#3233,.T.);
#3233 = EDGE_LOOP('',(#3234,#3235,#3241,#3242));
#3234 = ORIENTED_EDGE('',*,*,#3213,.T.);
#3235 = ORIENTED_EDGE('',*,*,#3236,.T.);
#3236 = EDGE_CURVE('',#3214,#959,#3237,.T.);
#3237 = LINE('',#3238,#3239);
#3238 = CARTESIAN_POINT('',(-40.,40.,6.));
#3239 = VECTOR('',#3240,1.);
#3240 = DIRECTION('',(0.,1.,0.));
#3241 = ORIENTED_EDGE('',*,*,#958,.T.);
#3242 = ORIENTED_EDGE('',*,*,#877,.T.);
#3243 = FACE_BOUND('',#3244,.F.);
#3244 = EDGE_LOOP('',(#3245));
#3245 = ORIENTED_EDGE('',*,*,#2620,.T.);
#3246 = PLANE('',#3247);
#3247 = AXIS2_PLACEMENT_3D('',#3248,#3249,#3250);
#3248 = CARTESIAN_POINT('',(-45.,45.,6.));
#3249 = DIRECTION('',(0.,0.,1.));
#3250 = DIRECTION('',(1.,0.,0.));
#3251 = ADVANCED_FACE('',(#3252,#3270),#3273,.T.);
#3252 = FACE_BOUND('',#3253,.T.);
#3253 = EDGE_LOOP('',(#3254,#3262,#3263,#3264));
#3254 = ORIENTED_EDGE('',*,*,#3255,.T.);
#3255 = EDGE_CURVE('',#3256,#910,#3258,.T.);
#3256 = VERTEX_POINT('',#3257);
#3257 = CARTESIAN_POINT('',(40.,40.,6.));
#3258 = LINE('',#3259,#3260);
#3259 = CARTESIAN_POINT('',(40.,40.,6.));
#3260 = VECTOR('',#3261,1.);
#3261 = DIRECTION('',(1.,0.,0.));
#3262 = ORIENTED_EDGE('',*,*,#909,.T.);
#3263 = ORIENTED_EDGE('',*,*,#990,.T.);
#3264 = ORIENTED_EDGE('',*,*,#3265,.T.);
#3265 = EDGE_CURVE('',#983,#3256,#3266,.T.);
#3266 = LINE('',#3267,#3268);
#3267 = CARTESIAN_POINT('',(40.,50.,6.));
#3268 = VECTOR('',#3269,1.);
#3269 = DIRECTION('',(0.,-1.,0.));
#3270 = FACE_BOUND('',#3271,.F.);
#3271 = EDGE_LOOP('',(#3272));
#3272 = ORIENTED_EDGE('',*,*,#3027,.T.);
#3273 = PLANE('',#3274);
#3274 = AXIS2_PLACEMENT_3D('',#3275,#3276,#3277);
#3275 = CARTESIAN_POINT('',(45.,45.,6.));
#3276 = DIRECTION('',(0.,0.,1.));
#3277 = DIRECTION('',(1.,0.,0.));
#3278 = ADVANCED_FACE('',(#3279),#3297,.F.);
#3279 = FACE_BOUND('',#3280,.F.);
#3280 = EDGE_LOOP('',(#3281,#3289,#3295,#3296));
#3281 = ORIENTED_EDGE('',*,*,#3282,.T.);
#3282 = EDGE_CURVE('',#918,#3283,#3285,.T.);
#3283 = VERTEX_POINT('',#3284);
#3284 = CARTESIAN_POINT('',(40.,40.,5.));
#3285 = LINE('',#3286,#3287);
#3286 = CARTESIAN_POINT('',(20.,40.,5.));
#3287 = VECTOR('',#3288,1.);
#3288 = DIRECTION('',(-1.,0.,0.));
#3289 = ORIENTED_EDGE('',*,*,#3290,.T.);
#3290 = EDGE_CURVE('',#3283,#3256,#3291,.T.);
#3291 = LINE('',#3292,#3293);
#3292 = CARTESIAN_POINT('',(40.,40.,3.));
#3293 = VECTOR('',#3294,1.);
#3294 = DIRECTION('',(0.,0.,1.));
#3295 = ORIENTED_EDGE('',*,*,#3255,.T.);
#3296 = ORIENTED_EDGE('',*,*,#917,.F.);
#3297 = PLANE('',#3298);
#3298 = AXIS2_PLACEMENT_3D('',#3299,#3300,#3301);
#3299 = CARTESIAN_POINT('',(40.,40.,3.));
#3300 = DIRECTION('',(0.,1.,0.));
#3301 = DIRECTION('',(1.,0.,0.));
#3302 = ADVANCED_FACE('',(#3303),#3319,.T.);
#3303 = FACE_BOUND('',#3304,.T.);
#3304 = EDGE_LOOP('',(#3305,#3311,#3317,#3318));
#3305 = ORIENTED_EDGE('',*,*,#3306,.F.);
#3306 = EDGE_CURVE('',#3079,#3283,#3307,.T.);
#3307 = LINE('',#3308,#3309);
#3308 = CARTESIAN_POINT('',(40.,-40.,5.));
#3309 = VECTOR('',#3310,1.);
#3310 = DIRECTION('',(0.,1.,0.));
#3311 = ORIENTED_EDGE('',*,*,#3312,.T.);
#3312 = EDGE_CURVE('',#3079,#926,#3313,.T.);
#3313 = LINE('',#3314,#3315);
#3314 = CARTESIAN_POINT('',(25.,-40.,5.));
#3315 = VECTOR('',#3316,1.);
#3316 = DIRECTION('',(1.,0.,0.));
#3317 = ORIENTED_EDGE('',*,*,#925,.T.);
#3318 = ORIENTED_EDGE('',*,*,#3282,.T.);
#3319 = PLANE('',#3320);
#3320 = AXIS2_PLACEMENT_3D('',#3321,#3322,#3323);
#3321 = CARTESIAN_POINT('',(6.E-17,-6.E-17,5.));
#3322 = DIRECTION('',(0.,0.,1.));
#3323 = DIRECTION('',(1.,0.,0.));
#3324 = ADVANCED_FACE('',(#3325),#3331,.F.);
#3325 = FACE_BOUND('',#3326,.F.);
#3326 = EDGE_LOOP('',(#3327,#3328,#3329,#3330));
#3327 = ORIENTED_EDGE('',*,*,#3312,.T.);
#3328 = ORIENTED_EDGE('',*,*,#933,.T.);
#3329 = ORIENTED_EDGE('',*,*,#3053,.T.);
#3330 = ORIENTED_EDGE('',*,*,#3086,.F.);
#3331 = PLANE('',#3332);
#3332 = AXIS2_PLACEMENT_3D('',#3333,#3334,#3335);
#3333 = CARTESIAN_POINT('',(50.,-40.,3.));
#3334 = DIRECTION('',(0.,-1.,0.));
#3335 = DIRECTION('',(-1.,0.,0.));
#3336 = ADVANCED_FACE('',(#3337),#3348,.F.);
#3337 = FACE_BOUND('',#3338,.F.);
#3338 = EDGE_LOOP('',(#3339,#3345,#3346,#3347));
#3339 = ORIENTED_EDGE('',*,*,#3340,.T.);
#3340 = EDGE_CURVE('',#967,#3190,#3341,.T.);
#3341 = LINE('',#3342,#3343);
#3342 = CARTESIAN_POINT('',(-40.,20.,5.));
#3343 = VECTOR('',#3344,1.);
#3344 = DIRECTION('',(0.,-1.,0.));
#3345 = ORIENTED_EDGE('',*,*,#3221,.T.);
#3346 = ORIENTED_EDGE('',*,*,#3236,.T.);
#3347 = ORIENTED_EDGE('',*,*,#966,.F.);
#3348 = PLANE('',#3349);
#3349 = AXIS2_PLACEMENT_3D('',#3350,#3351,#3352);
#3350 = CARTESIAN_POINT('',(-40.,40.,3.));
#3351 = DIRECTION('',(-1.,0.,0.));
#3352 = DIRECTION('',(0.,1.,0.));
#3353 = ADVANCED_FACE('',(#3354),#3386,.T.);
#3354 = FACE_BOUND('',#3355,.T.);
#3355 = EDGE_LOOP('',(#3356,#3357,#3358,#3364,#3365,#3366,#3367,#3373,
    #3374,#3380));
#3356 = ORIENTED_EDGE('',*,*,#974,.T.);
#3357 = ORIENTED_EDGE('',*,*,#3340,.T.);
#3358 = ORIENTED_EDGE('',*,*,#3359,.F.);
#3359 = EDGE_CURVE('',#2750,#3190,#3360,.T.);
#3360 = LINE('',#3361,#3362);
#3361 = CARTESIAN_POINT('',(40.,40.,5.));
#3362 = VECTOR('',#3363,1.);
#3363 = DIRECTION('',(-1.,0.,0.));
#3364 = ORIENTED_EDGE('',*,*,#2757,.F.);
#3365 = ORIENTED_EDGE('',*,*,#2724,.F.);
#3366 = ORIENTED_EDGE('',*,*,#2684,.F.);
#3367 = ORIENTED_EDGE('',*,*,#3368,.F.);
#3368 = EDGE_CURVE('',#2995,#2685,#3369,.T.);
#3369 = LINE('',#3370,#3371);
#3370 = CARTESIAN_POINT('',(40.,40.,5.));
#3371 = VECTOR('',#3372,1.);
#3372 = DIRECTION('',(-1.,0.,0.));
#3373 = ORIENTED_EDGE('',*,*,#2994,.T.);
#3374 = ORIENTED_EDGE('',*,*,#3375,.F.);
#3375 = EDGE_CURVE('',#3283,#2987,#3376,.T.);
#3376 = LINE('',#3377,#3378);
#3377 = CARTESIAN_POINT('',(40.,40.,5.));
#3378 = VECTOR('',#3379,1.);
#3379 = DIRECTION('',(-1.,0.,0.));
#3380 = ORIENTED_EDGE('',*,*,#3381,.T.);
#3381 = EDGE_CURVE('',#3283,#975,#3382,.T.);
#3382 = LINE('',#3383,#3384);
#3383 = CARTESIAN_POINT('',(40.,25.,5.));
#3384 = VECTOR('',#3385,1.);
#3385 = DIRECTION('',(0.,1.,0.));
#3386 = PLANE('',#3387);
#3387 = AXIS2_PLACEMENT_3D('',#3388,#3389,#3390);
#3388 = CARTESIAN_POINT('',(6.E-17,-6.E-17,5.));
#3389 = DIRECTION('',(0.,0.,1.));
#3390 = DIRECTION('',(1.,0.,0.));
#3391 = ADVANCED_FACE('',(#3392),#3398,.F.);
#3392 = FACE_BOUND('',#3393,.F.);
#3393 = EDGE_LOOP('',(#3394,#3395,#3396,#3397));
#3394 = ORIENTED_EDGE('',*,*,#3381,.T.);
#3395 = ORIENTED_EDGE('',*,*,#982,.T.);
#3396 = ORIENTED_EDGE('',*,*,#3265,.T.);
#3397 = ORIENTED_EDGE('',*,*,#3290,.F.);
#3398 = PLANE('',#3399);
#3399 = AXIS2_PLACEMENT_3D('',#3400,#3401,#3402);
#3400 = CARTESIAN_POINT('',(40.,50.,3.));
#3401 = DIRECTION('',(1.,0.,0.));
#3402 = DIRECTION('',(0.,-1.,0.));
#3403 = ADVANCED_FACE('',(#3404,#3455,#3465,#3475,#3485,#3495,#3505,
    #3515,#3525,#3535),#3545,.T.);
#3404 = FACE_BOUND('',#3405,.T.);
#3405 = EDGE_LOOP('',(#3406,#3416,#3422,#3423,#3424,#3430,#3431,#3432,
    #3433,#3441,#3449));
#3406 = ORIENTED_EDGE('',*,*,#3407,.T.);
#3407 = EDGE_CURVE('',#3408,#3410,#3412,.T.);
#3408 = VERTEX_POINT('',#3409);
#3409 = CARTESIAN_POINT('',(40.,-40.,3.));
#3410 = VERTEX_POINT('',#3411);
#3411 = CARTESIAN_POINT('',(40.,40.,3.));
#3412 = LINE('',#3413,#3414);
#3413 = CARTESIAN_POINT('',(40.,-40.,3.));
#3414 = VECTOR('',#3415,1.);
#3415 = DIRECTION('',(0.,1.,0.));
#3416 = ORIENTED_EDGE('',*,*,#3417,.T.);
#3417 = EDGE_CURVE('',#3410,#2978,#3418,.T.);
#3418 = LINE('',#3419,#3420);
#3419 = CARTESIAN_POINT('',(40.,40.,3.));
#3420 = VECTOR('',#3421,1.);
#3421 = DIRECTION('',(-1.,0.,0.));
#3422 = ORIENTED_EDGE('',*,*,#2977,.T.);
#3423 = ORIENTED_EDGE('',*,*,#3011,.T.);
#3424 = ORIENTED_EDGE('',*,*,#3425,.T.);
#3425 = EDGE_CURVE('',#3004,#2693,#3426,.T.);
#3426 = LINE('',#3427,#3428);
#3427 = CARTESIAN_POINT('',(40.,40.,3.));
#3428 = VECTOR('',#3429,1.);
#3429 = DIRECTION('',(-1.,0.,0.));
#3430 = ORIENTED_EDGE('',*,*,#2700,.F.);
#3431 = ORIENTED_EDGE('',*,*,#2653,.F.);
#3432 = ORIENTED_EDGE('',*,*,#2741,.F.);
#3433 = ORIENTED_EDGE('',*,*,#3434,.T.);
#3434 = EDGE_CURVE('',#2742,#3435,#3437,.T.);
#3435 = VERTEX_POINT('',#3436);
#3436 = CARTESIAN_POINT('',(-40.,40.,3.));
#3437 = LINE('',#3438,#3439);
#3438 = CARTESIAN_POINT('',(40.,40.,3.));
#3439 = VECTOR('',#3440,1.);
#3440 = DIRECTION('',(-1.,0.,0.));
#3441 = ORIENTED_EDGE('',*,*,#3442,.T.);
#3442 = EDGE_CURVE('',#3435,#3443,#3445,.T.);
#3443 = VERTEX_POINT('',#3444);
#3444 = CARTESIAN_POINT('',(-40.,-40.,3.));
#3445 = LINE('',#3446,#3447);
#3446 = CARTESIAN_POINT('',(-40.,40.,3.));
#3447 = VECTOR('',#3448,1.);
#3448 = DIRECTION('',(0.,-1.,0.));
#3449 = ORIENTED_EDGE('',*,*,#3450,.T.);
#3450 = EDGE_CURVE('',#3443,#3408,#3451,.T.);
#3451 = LINE('',#3452,#3453);
#3452 = CARTESIAN_POINT('',(-40.,-40.,3.));
#3453 = VECTOR('',#3454,1.);
#3454 = DIRECTION('',(1.,0.,0.));
#3455 = FACE_BOUND('',#3456,.T.);
#3456 = EDGE_LOOP('',(#3457,#3458,#3459,#3460,#3461,#3462,#3463,#3464));
#3457 = ORIENTED_EDGE('',*,*,#1036,.T.);
#3458 = ORIENTED_EDGE('',*,*,#1092,.F.);
#3459 = ORIENTED_EDGE('',*,*,#1134,.T.);
#3460 = ORIENTED_EDGE('',*,*,#1190,.F.);
#3461 = ORIENTED_EDGE('',*,*,#1208,.T.);
#3462 = ORIENTED_EDGE('',*,*,#1158,.F.);
#3463 = ORIENTED_EDGE('',*,*,#1117,.T.);
#3464 = ORIENTED_EDGE('',*,*,#1060,.F.);
#3465 = FACE_BOUND('',#3466,.T.);
#3466 = EDGE_LOOP('',(#3467,#3468,#3469,#3470,#3471,#3472,#3473,#3474));
#3467 = ORIENTED_EDGE('',*,*,#1428,.T.);
#3468 = ORIENTED_EDGE('',*,*,#1484,.F.);
#3469 = ORIENTED_EDGE('',*,*,#1526,.T.);
#3470 = ORIENTED_EDGE('',*,*,#1582,.F.);
#3471 = ORIENTED_EDGE('',*,*,#1600,.T.);
#3472 = ORIENTED_EDGE('',*,*,#1550,.F.);
#3473 = ORIENTED_EDGE('',*,*,#1509,.T.);
#3474 = ORIENTED_EDGE('',*,*,#1452,.F.);
#3475 = FACE_BOUND('',#3476,.T.);
#3476 = EDGE_LOOP('',(#3477,#3478,#3479,#3480,#3481,#3482,#3483,#3484));
#3477 = ORIENTED_EDGE('',*,*,#1232,.T.);
#3478 = ORIENTED_EDGE('',*,*,#1288,.F.);
#3479 = ORIENTED_EDGE('',*,*,#1330,.T.);
#3480 = ORIENTED_EDGE('',*,*,#1386,.F.);
#3481 = ORIENTED_EDGE('',*,*,#1404,.T.);
#3482 = ORIENTED_EDGE('',*,*,#1354,.F.);
#3483 = ORIENTED_EDGE('',*,*,#1313,.T.);
#3484 = ORIENTED_EDGE('',*,*,#1256,.F.);
#3485 = FACE_BOUND('',#3486,.T.);
#3486 = EDGE_LOOP('',(#3487,#3488,#3489,#3490,#3491,#3492,#3493,#3494));
#3487 = ORIENTED_EDGE('',*,*,#1844,.F.);
#3488 = ORIENTED_EDGE('',*,*,#1875,.F.);
#3489 = ORIENTED_EDGE('',*,*,#1925,.F.);
#3490 = ORIENTED_EDGE('',*,*,#1973,.F.);
#3491 = ORIENTED_EDGE('',*,*,#2016,.F.);
#3492 = ORIENTED_EDGE('',*,*,#1991,.F.);
#3493 = ORIENTED_EDGE('',*,*,#1942,.F.);
#3494 = ORIENTED_EDGE('',*,*,#1893,.F.);
#3495 = FACE_BOUND('',#3496,.T.);
#3496 = EDGE_LOOP('',(#3497,#3498,#3499,#3500,#3501,#3502,#3503,#3504));
#3497 = ORIENTED_EDGE('',*,*,#1624,.F.);
#3498 = ORIENTED_EDGE('',*,*,#1655,.F.);
#3499 = ORIENTED_EDGE('',*,*,#1705,.F.);
#3500 = ORIENTED_EDGE('',*,*,#1753,.F.);
#3501 = ORIENTED_EDGE('',*,*,#1796,.F.);
#3502 = ORIENTED_EDGE('',*,*,#1771,.F.);
#3503 = ORIENTED_EDGE('',*,*,#1722,.F.);
#3504 = ORIENTED_EDGE('',*,*,#1673,.F.);
#3505 = FACE_BOUND('',#3506,.T.);
#3506 = EDGE_LOOP('',(#3507,#3508,#3509,#3510,#3511,#3512,#3513,#3514));
#3507 = ORIENTED_EDGE('',*,*,#2040,.F.);
#3508 = ORIENTED_EDGE('',*,*,#2071,.F.);
#3509 = ORIENTED_EDGE('',*,*,#2121,.F.);
#3510 = ORIENTED_EDGE('',*,*,#2169,.F.);
#3511 = ORIENTED_EDGE('',*,*,#2212,.F.);
#3512 = ORIENTED_EDGE('',*,*,#2187,.F.);
#3513 = ORIENTED_EDGE('',*,*,#2138,.F.);
#3514 = ORIENTED_EDGE('',*,*,#2089,.F.);
#3515 = FACE_BOUND('',#3516,.T.);
#3516 = EDGE_LOOP('',(#3517,#3518,#3519,#3520,#3521,#3522,#3523,#3524));
#3517 = ORIENTED_EDGE('',*,*,#2236,.F.);
#3518 = ORIENTED_EDGE('',*,*,#2267,.F.);
#3519 = ORIENTED_EDGE('',*,*,#2317,.F.);
#3520 = ORIENTED_EDGE('',*,*,#2365,.F.);
#3521 = ORIENTED_EDGE('',*,*,#2408,.F.);
#3522 = ORIENTED_EDGE('',*,*,#2383,.F.);
#3523 = ORIENTED_EDGE('',*,*,#2334,.F.);
#3524 = ORIENTED_EDGE('',*,*,#2285,.F.);
#3525 = FACE_BOUND('',#3526,.T.);
#3526 = EDGE_LOOP('',(#3527,#3528,#3529,#3530,#3531,#3532,#3533,#3534));
#3527 = ORIENTED_EDGE('',*,*,#2432,.F.);
#3528 = ORIENTED_EDGE('',*,*,#2463,.F.);
#3529 = ORIENTED_EDGE('',*,*,#2513,.F.);
#3530 = ORIENTED_EDGE('',*,*,#2561,.F.);
#3531 = ORIENTED_EDGE('',*,*,#2604,.F.);
#3532 = ORIENTED_EDGE('',*,*,#2579,.F.);
#3533 = ORIENTED_EDGE('',*,*,#2530,.F.);
#3534 = ORIENTED_EDGE('',*,*,#2481,.F.);
#3535 = FACE_BOUND('',#3536,.T.);
#3536 = EDGE_LOOP('',(#3537,#3538,#3539,#3540,#3541,#3542,#3543,#3544));
#3537 = ORIENTED_EDGE('',*,*,#2780,.T.);
#3538 = ORIENTED_EDGE('',*,*,#2836,.F.);
#3539 = ORIENTED_EDGE('',*,*,#2878,.T.);
#3540 = ORIENTED_EDGE('',*,*,#2934,.F.);
#3541 = ORIENTED_EDGE('',*,*,#2952,.T.);
#3542 = ORIENTED_EDGE('',*,*,#2902,.F.);
#3543 = ORIENTED_EDGE('',*,*,#2861,.T.);
#3544 = ORIENTED_EDGE('',*,*,#2804,.F.);
#3545 = PLANE('',#3546);
#3546 = AXIS2_PLACEMENT_3D('',#3547,#3548,#3549);
#3547 = CARTESIAN_POINT('',(-1.91E-15,1.91E-15,3.));
#3548 = DIRECTION('',(0.,0.,1.));
#3549 = DIRECTION('',(1.,0.,0.));
#3550 = ADVANCED_FACE('',(#3551),#3557,.T.);
#3551 = FACE_BOUND('',#3552,.T.);
#3552 = EDGE_LOOP('',(#3553,#3554,#3555,#3556));
#3553 = ORIENTED_EDGE('',*,*,#3425,.F.);
#3554 = ORIENTED_EDGE('',*,*,#3003,.F.);
#3555 = ORIENTED_EDGE('',*,*,#3368,.T.);
#3556 = ORIENTED_EDGE('',*,*,#2692,.F.);
#3557 = PLANE('',#3558);
#3558 = AXIS2_PLACEMENT_3D('',#3559,#3560,#3561);
#3559 = CARTESIAN_POINT('',(40.,40.,3.));
#3560 = DIRECTION('',(0.,-1.,0.));
#3561 = DIRECTION('',(-1.,0.,0.));
#3562 = ADVANCED_FACE('',(#3563),#3574,.T.);
#3563 = FACE_BOUND('',#3564,.T.);
#3564 = EDGE_LOOP('',(#3565,#3566,#3567,#3568));
#3565 = ORIENTED_EDGE('',*,*,#3434,.F.);
#3566 = ORIENTED_EDGE('',*,*,#2749,.F.);
#3567 = ORIENTED_EDGE('',*,*,#3359,.T.);
#3568 = ORIENTED_EDGE('',*,*,#3569,.F.);
#3569 = EDGE_CURVE('',#3435,#3190,#3570,.T.);
#3570 = LINE('',#3571,#3572);
#3571 = CARTESIAN_POINT('',(-40.,40.,3.));
#3572 = VECTOR('',#3573,1.);
#3573 = DIRECTION('',(0.,0.,1.));
#3574 = PLANE('',#3575);
#3575 = AXIS2_PLACEMENT_3D('',#3576,#3577,#3578);
#3576 = CARTESIAN_POINT('',(40.,40.,3.));
#3577 = DIRECTION('',(0.,-1.,0.));
#3578 = DIRECTION('',(-1.,0.,0.));
#3579 = ADVANCED_FACE('',(#3580),#3591,.T.);
#3580 = FACE_BOUND('',#3581,.T.);
#3581 = EDGE_LOOP('',(#3582,#3583,#3589,#3590));
#3582 = ORIENTED_EDGE('',*,*,#3417,.F.);
#3583 = ORIENTED_EDGE('',*,*,#3584,.T.);
#3584 = EDGE_CURVE('',#3410,#3283,#3585,.T.);
#3585 = LINE('',#3586,#3587);
#3586 = CARTESIAN_POINT('',(40.,40.,3.));
#3587 = VECTOR('',#3588,1.);
#3588 = DIRECTION('',(0.,0.,1.));
#3589 = ORIENTED_EDGE('',*,*,#3375,.T.);
#3590 = ORIENTED_EDGE('',*,*,#2986,.T.);
#3591 = PLANE('',#3592);
#3592 = AXIS2_PLACEMENT_3D('',#3593,#3594,#3595);
#3593 = CARTESIAN_POINT('',(40.,40.,3.));
#3594 = DIRECTION('',(0.,-1.,0.));
#3595 = DIRECTION('',(-1.,0.,0.));
#3596 = ADVANCED_FACE('',(#3597),#3613,.T.);
#3597 = FACE_BOUND('',#3598,.T.);
#3598 = EDGE_LOOP('',(#3599,#3605,#3606,#3612));
#3599 = ORIENTED_EDGE('',*,*,#3600,.T.);
#3600 = EDGE_CURVE('',#3443,#3103,#3601,.T.);
#3601 = LINE('',#3602,#3603);
#3602 = CARTESIAN_POINT('',(-40.,-40.,3.));
#3603 = VECTOR('',#3604,1.);
#3604 = DIRECTION('',(0.,0.,1.));
#3605 = ORIENTED_EDGE('',*,*,#3112,.T.);
#3606 = ORIENTED_EDGE('',*,*,#3607,.F.);
#3607 = EDGE_CURVE('',#3408,#3079,#3608,.T.);
#3608 = LINE('',#3609,#3610);
#3609 = CARTESIAN_POINT('',(40.,-40.,3.));
#3610 = VECTOR('',#3611,1.);
#3611 = DIRECTION('',(0.,0.,1.));
#3612 = ORIENTED_EDGE('',*,*,#3450,.F.);
#3613 = PLANE('',#3614);
#3614 = AXIS2_PLACEMENT_3D('',#3615,#3616,#3617);
#3615 = CARTESIAN_POINT('',(-40.,-40.,3.));
#3616 = DIRECTION('',(0.,1.,0.));
#3617 = DIRECTION('',(1.,0.,0.));
#3618 = ADVANCED_FACE('',(#3619),#3625,.T.);
#3619 = FACE_BOUND('',#3620,.T.);
#3620 = EDGE_LOOP('',(#3621,#3622,#3623,#3624));
#3621 = ORIENTED_EDGE('',*,*,#3569,.T.);
#3622 = ORIENTED_EDGE('',*,*,#3189,.T.);
#3623 = ORIENTED_EDGE('',*,*,#3600,.F.);
#3624 = ORIENTED_EDGE('',*,*,#3442,.F.);
#3625 = PLANE('',#3626);
#3626 = AXIS2_PLACEMENT_3D('',#3627,#3628,#3629);
#3627 = CARTESIAN_POINT('',(-40.,40.,3.));
#3628 = DIRECTION('',(1.,0.,0.));
#3629 = DIRECTION('',(0.,-1.,0.));
#3630 = ADVANCED_FACE('',(#3631),#3637,.T.);
#3631 = FACE_BOUND('',#3632,.T.);
#3632 = EDGE_LOOP('',(#3633,#3634,#3635,#3636));
#3633 = ORIENTED_EDGE('',*,*,#3607,.T.);
#3634 = ORIENTED_EDGE('',*,*,#3306,.T.);
#3635 = ORIENTED_EDGE('',*,*,#3584,.F.);
#3636 = ORIENTED_EDGE('',*,*,#3407,.F.);
#3637 = PLANE('',#3638);
#3638 = AXIS2_PLACEMENT_3D('',#3639,#3640,#3641);
#3639 = CARTESIAN_POINT('',(40.,-40.,3.));
#3640 = DIRECTION('',(-1.,0.,0.));
#3641 = DIRECTION('',(0.,1.,0.));
#3642 = ( GEOMETRIC_REPRESENTATION_CONTEXT(3) 
GLOBAL_UNCERTAINTY_ASSIGNED_CONTEXT((#3646)) 
GLOBAL_UNIT_ASSIGNED_CONTEXT((#3643,#3644,#3645)) REPRESENTATION_CONTEXT
('Context #1','3D Context with UNIT and UNCERTAINTY') );
#3643 = ( LENGTH_UNIT() NAMED_UNIT(*) SI_UNIT(.MILLI.,.METRE.) );
#3644 = ( NAMED_UNIT(*) PLANE_ANGLE_UNIT() SI_UNIT($,.RADIAN.) );
#3645 = ( NAMED_UNIT(*) SI_UNIT($,.STERADIAN.) SOLID_ANGLE_UNIT() );
#3646 = UNCERTAINTY_MEASURE_WITH_UNIT(LENGTH_MEASURE(1.E-05),#3643,
  'distance_accuracy_value','confusion accuracy');
#3647 = PRODUCT_RELATED_PRODUCT_CATEGORY('part',$,(#7));
#3648 = MECHANICAL_DESIGN_GEOMETRIC_PRESENTATION_REPRESENTATION('',(
    #3649),#3642);
#3649 = STYLED_ITEM('color',(#3650),#15);
#3650 = PRESENTATION_STYLE_ASSIGNMENT((#3651,#3657));
#3651 = SURFACE_STYLE_USAGE(.BOTH.,#3652);
#3652 = SURFACE_SIDE_STYLE('',(#3653));
#3653 = SURFACE_STYLE_FILL_AREA(#3654);
#3654 = FILL_AREA_STYLE('',(#3655));
#3655 = FILL_AREA_STYLE_COLOUR('',#3656);
#3656 = COLOUR_RGB('',1.,0.525490220889,0.839215683236);
#3657 = CURVE_STYLE('',#3658,POSITIVE_LENGTH_MEASURE(0.1),#3659);
#3658 = DRAUGHTING_PRE_DEFINED_CURVE_FONT('continuous');
#3659 = COLOUR_RGB('',9.803921802644E-02,9.803921802644E-02,
  9.803921802644E-02);
ENDSEC;
END-ISO-10303-21;
