ISO-10303-21;
HEADER;
FILE_DESCRIPTION(('FreeCAD Model'),'2;1');
FILE_NAME('Open CASCADE Shape Model','2026-06-25T13:43:20',(''),(''),
  'Open CASCADE STEP processor 7.8','FreeCAD','Unknown');
FILE_SCHEMA(('AUTOMOTIVE_DESIGN { 1 0 10303 214 1 1 1 1 }'));
ENDSEC;
DATA;
#1 = APPLICATION_PROTOCOL_DEFINITION('international standard',
  'automotive_design',2000,#2);
#2 = APPLICATION_CONTEXT(
  'core data for automotive mechanical design processes');
#3 = SHAPE_DEFINITION_REPRESENTATION(#4,#10);
#4 = PRODUCT_DEFINITION_SHAPE('','',#5);
#5 = PRODUCT_DEFINITION('design','',#6,#9);
#6 = PRODUCT_DEFINITION_FORMATION('','',#7);
#7 = PRODUCT('macropad','macropad','',(#8));
#8 = PRODUCT_CONTEXT('',#2,'mechanical');
#9 = PRODUCT_DEFINITION_CONTEXT('part definition',#2,'design');
#10 = SHAPE_REPRESENTATION('',(#11,#15,#19,#23,#27),#31);
#11 = AXIS2_PLACEMENT_3D('',#12,#13,#14);
#12 = CARTESIAN_POINT('',(0.,0.,0.));
#13 = DIRECTION('',(0.,0.,1.));
#14 = DIRECTION('',(1.,0.,-0.));
#15 = AXIS2_PLACEMENT_3D('',#16,#17,#18);
#16 = CARTESIAN_POINT('',(0.,6.E-16,12.));
#17 = DIRECTION('',(0.,0.,1.));
#18 = DIRECTION('',(1.,0.,0.));
#19 = AXIS2_PLACEMENT_3D('',#20,#21,#22);
#20 = CARTESIAN_POINT('',(0.,-3.E-15,12.));
#21 = DIRECTION('',(0.,-1.224646799147E-16,-1.));
#22 = DIRECTION('',(1.,0.,0.));
#23 = AXIS2_PLACEMENT_3D('',#24,#25,#26);
#24 = CARTESIAN_POINT('',(0.,0.,0.));
#25 = DIRECTION('',(0.,0.,1.));
#26 = DIRECTION('',(1.,0.,0.));
#27 = AXIS2_PLACEMENT_3D('',#28,#29,#30);
#28 = CARTESIAN_POINT('',(3.1E-15,0.,4.));
#29 = DIRECTION('',(0.,0.,1.));
#30 = DIRECTION('',(1.,0.,0.));
#31 = ( GEOMETRIC_REPRESENTATION_CONTEXT(3) 
GLOBAL_UNCERTAINTY_ASSIGNED_CONTEXT((#35)) GLOBAL_UNIT_ASSIGNED_CONTEXT(
(#32,#33,#34)) REPRESENTATION_CONTEXT('Context #1',
  '3D Context with UNIT and UNCERTAINTY') );
#32 = ( LENGTH_UNIT() NAMED_UNIT(*) SI_UNIT(.MILLI.,.METRE.) );
#33 = ( NAMED_UNIT(*) PLANE_ANGLE_UNIT() SI_UNIT($,.RADIAN.) );
#34 = ( NAMED_UNIT(*) SI_UNIT($,.STERADIAN.) SOLID_ANGLE_UNIT() );
#35 = UNCERTAINTY_MEASURE_WITH_UNIT(LENGTH_MEASURE(1.E-05),#32,
  'distance_accuracy_value','confusion accuracy');
#36 = PRODUCT_RELATED_PRODUCT_CATEGORY('part',$,(#7));
#37 = SHAPE_DEFINITION_REPRESENTATION(#38,#44);
#38 = PRODUCT_DEFINITION_SHAPE('','',#39);
#39 = PRODUCT_DEFINITION('design','',#40,#43);
#40 = PRODUCT_DEFINITION_FORMATION('','',#41);
#41 = PRODUCT('Top Plate','Top Plate','',(#42));
#42 = PRODUCT_CONTEXT('',#2,'mechanical');
#43 = PRODUCT_DEFINITION_CONTEXT('part definition',#2,'design');
#44 = ADVANCED_BREP_SHAPE_REPRESENTATION('',(#11,#45),#942);
#45 = MANIFOLD_SOLID_BREP('',#46);
#46 = CLOSED_SHELL('',(#47,#87,#120,#153,#363,#573,#590,#607,#624,#641,
    #653,#670,#692,#709,#726,#738,#755,#772,#789,#811,#828,#845,#862,
    #879,#896,#913,#925));
#47 = ADVANCED_FACE('',(#48),#82,.F.);
#48 = FACE_BOUND('',#49,.F.);
#49 = EDGE_LOOP('',(#50,#60,#68,#76));
#50 = ORIENTED_EDGE('',*,*,#51,.T.);
#51 = EDGE_CURVE('',#52,#54,#56,.T.);
#52 = VERTEX_POINT('',#53);
#53 = CARTESIAN_POINT('',(-50.,-55.,0.));
#54 = VERTEX_POINT('',#55);
#55 = CARTESIAN_POINT('',(-50.,-55.,2.));
#56 = LINE('',#57,#58);
#57 = CARTESIAN_POINT('',(-50.,-55.,0.));
#58 = VECTOR('',#59,1.);
#59 = DIRECTION('',(0.,0.,1.));
#60 = ORIENTED_EDGE('',*,*,#61,.T.);
#61 = EDGE_CURVE('',#54,#62,#64,.T.);
#62 = VERTEX_POINT('',#63);
#63 = CARTESIAN_POINT('',(50.,-55.,2.));
#64 = LINE('',#65,#66);
#65 = CARTESIAN_POINT('',(-50.,-55.,2.));
#66 = VECTOR('',#67,1.);
#67 = DIRECTION('',(1.,0.,0.));
#68 = ORIENTED_EDGE('',*,*,#69,.F.);
#69 = EDGE_CURVE('',#70,#62,#72,.T.);
#70 = VERTEX_POINT('',#71);
#71 = CARTESIAN_POINT('',(50.,-55.,0.));
#72 = LINE('',#73,#74);
#73 = CARTESIAN_POINT('',(50.,-55.,0.));
#74 = VECTOR('',#75,1.);
#75 = DIRECTION('',(0.,0.,1.));
#76 = ORIENTED_EDGE('',*,*,#77,.F.);
#77 = EDGE_CURVE('',#52,#70,#78,.T.);
#78 = LINE('',#79,#80);
#79 = CARTESIAN_POINT('',(-50.,-55.,0.));
#80 = VECTOR('',#81,1.);
#81 = DIRECTION('',(1.,0.,0.));
#82 = PLANE('',#83);
#83 = AXIS2_PLACEMENT_3D('',#84,#85,#86);
#84 = CARTESIAN_POINT('',(-50.,-55.,0.));
#85 = DIRECTION('',(0.,1.,0.));
#86 = DIRECTION('',(1.,0.,0.));
#87 = ADVANCED_FACE('',(#88),#115,.T.);
#88 = FACE_BOUND('',#89,.F.);
#89 = EDGE_LOOP('',(#90,#100,#107,#108));
#90 = ORIENTED_EDGE('',*,*,#91,.T.);
#91 = EDGE_CURVE('',#92,#94,#96,.T.);
#92 = VERTEX_POINT('',#93);
#93 = CARTESIAN_POINT('',(-55.,-50.,0.));
#94 = VERTEX_POINT('',#95);
#95 = CARTESIAN_POINT('',(-55.,-50.,2.));
#96 = LINE('',#97,#98);
#97 = CARTESIAN_POINT('',(-55.,-50.,0.));
#98 = VECTOR('',#99,1.);
#99 = DIRECTION('',(0.,0.,1.));
#100 = ORIENTED_EDGE('',*,*,#101,.T.);
#101 = EDGE_CURVE('',#94,#54,#102,.T.);
#102 = CIRCLE('',#103,5.);
#103 = AXIS2_PLACEMENT_3D('',#104,#105,#106);
#104 = CARTESIAN_POINT('',(-50.,-50.,2.));
#105 = DIRECTION('',(0.,0.,1.));
#106 = DIRECTION('',(1.,0.,0.));
#107 = ORIENTED_EDGE('',*,*,#51,.F.);
#108 = ORIENTED_EDGE('',*,*,#109,.F.);
#109 = EDGE_CURVE('',#92,#52,#110,.T.);
#110 = CIRCLE('',#111,5.);
#111 = AXIS2_PLACEMENT_3D('',#112,#113,#114);
#112 = CARTESIAN_POINT('',(-50.,-50.,0.));
#113 = DIRECTION('',(0.,0.,1.));
#114 = DIRECTION('',(1.,0.,0.));
#115 = CYLINDRICAL_SURFACE('',#116,5.);
#116 = AXIS2_PLACEMENT_3D('',#117,#118,#119);
#117 = CARTESIAN_POINT('',(-50.,-50.,0.));
#118 = DIRECTION('',(-0.,-0.,-1.));
#119 = DIRECTION('',(1.,0.,0.));
#120 = ADVANCED_FACE('',(#121),#148,.T.);
#121 = FACE_BOUND('',#122,.F.);
#122 = EDGE_LOOP('',(#123,#124,#133,#141));
#123 = ORIENTED_EDGE('',*,*,#69,.T.);
#124 = ORIENTED_EDGE('',*,*,#125,.T.);
#125 = EDGE_CURVE('',#62,#126,#128,.T.);
#126 = VERTEX_POINT('',#127);
#127 = CARTESIAN_POINT('',(55.,-50.,2.));
#128 = CIRCLE('',#129,5.);
#129 = AXIS2_PLACEMENT_3D('',#130,#131,#132);
#130 = CARTESIAN_POINT('',(50.,-50.,2.));
#131 = DIRECTION('',(0.,0.,1.));
#132 = DIRECTION('',(1.,0.,0.));
#133 = ORIENTED_EDGE('',*,*,#134,.F.);
#134 = EDGE_CURVE('',#135,#126,#137,.T.);
#135 = VERTEX_POINT('',#136);
#136 = CARTESIAN_POINT('',(55.,-50.,0.));
#137 = LINE('',#138,#139);
#138 = CARTESIAN_POINT('',(55.,-50.,0.));
#139 = VECTOR('',#140,1.);
#140 = DIRECTION('',(0.,0.,1.));
#141 = ORIENTED_EDGE('',*,*,#142,.F.);
#142 = EDGE_CURVE('',#70,#135,#143,.T.);
#143 = CIRCLE('',#144,5.);
#144 = AXIS2_PLACEMENT_3D('',#145,#146,#147);
#145 = CARTESIAN_POINT('',(50.,-50.,0.));
#146 = DIRECTION('',(0.,0.,1.));
#147 = DIRECTION('',(1.,0.,0.));
#148 = CYLINDRICAL_SURFACE('',#149,5.);
#149 = AXIS2_PLACEMENT_3D('',#150,#151,#152);
#150 = CARTESIAN_POINT('',(50.,-50.,0.));
#151 = DIRECTION('',(-0.,-0.,-1.));
#152 = DIRECTION('',(1.,0.,0.));
#153 = ADVANCED_FACE('',(#154,#199,#210,#244,#255,#266,#277,#347),#358,
  .F.);
#154 = FACE_BOUND('',#155,.F.);
#155 = EDGE_LOOP('',(#156,#157,#158,#166,#175,#183,#192,#198));
#156 = ORIENTED_EDGE('',*,*,#77,.T.);
#157 = ORIENTED_EDGE('',*,*,#142,.T.);
#158 = ORIENTED_EDGE('',*,*,#159,.T.);
#159 = EDGE_CURVE('',#135,#160,#162,.T.);
#160 = VERTEX_POINT('',#161);
#161 = CARTESIAN_POINT('',(55.,50.,0.));
#162 = LINE('',#163,#164);
#163 = CARTESIAN_POINT('',(55.,-50.,0.));
#164 = VECTOR('',#165,1.);
#165 = DIRECTION('',(0.,1.,0.));
#166 = ORIENTED_EDGE('',*,*,#167,.T.);
#167 = EDGE_CURVE('',#160,#168,#170,.T.);
#168 = VERTEX_POINT('',#169);
#169 = CARTESIAN_POINT('',(50.,55.,0.));
#170 = CIRCLE('',#171,5.);
#171 = AXIS2_PLACEMENT_3D('',#172,#173,#174);
#172 = CARTESIAN_POINT('',(50.,50.,0.));
#173 = DIRECTION('',(0.,0.,1.));
#174 = DIRECTION('',(1.,0.,0.));
#175 = ORIENTED_EDGE('',*,*,#176,.T.);
#176 = EDGE_CURVE('',#168,#177,#179,.T.);
#177 = VERTEX_POINT('',#178);
#178 = CARTESIAN_POINT('',(-50.,55.,0.));
#179 = LINE('',#180,#181);
#180 = CARTESIAN_POINT('',(50.,55.,0.));
#181 = VECTOR('',#182,1.);
#182 = DIRECTION('',(-1.,0.,0.));
#183 = ORIENTED_EDGE('',*,*,#184,.T.);
#184 = EDGE_CURVE('',#177,#185,#187,.T.);
#185 = VERTEX_POINT('',#186);
#186 = CARTESIAN_POINT('',(-55.,50.,0.));
#187 = CIRCLE('',#188,5.);
#188 = AXIS2_PLACEMENT_3D('',#189,#190,#191);
#189 = CARTESIAN_POINT('',(-50.,50.,0.));
#190 = DIRECTION('',(0.,0.,1.));
#191 = DIRECTION('',(1.,0.,0.));
#192 = ORIENTED_EDGE('',*,*,#193,.T.);
#193 = EDGE_CURVE('',#185,#92,#194,.T.);
#194 = LINE('',#195,#196);
#195 = CARTESIAN_POINT('',(-55.,50.,0.));
#196 = VECTOR('',#197,1.);
#197 = DIRECTION('',(0.,-1.,0.));
#198 = ORIENTED_EDGE('',*,*,#109,.T.);
#199 = FACE_BOUND('',#200,.F.);
#200 = EDGE_LOOP('',(#201));
#201 = ORIENTED_EDGE('',*,*,#202,.F.);
#202 = EDGE_CURVE('',#203,#203,#205,.T.);
#203 = VERTEX_POINT('',#204);
#204 = CARTESIAN_POINT('',(-43.3,-45.,0.));
#205 = CIRCLE('',#206,1.7);
#206 = AXIS2_PLACEMENT_3D('',#207,#208,#209);
#207 = CARTESIAN_POINT('',(-45.,-45.,0.));
#208 = DIRECTION('',(0.,0.,1.));
#209 = DIRECTION('',(1.,0.,0.));
#210 = FACE_BOUND('',#211,.F.);
#211 = EDGE_LOOP('',(#212,#222,#230,#238));
#212 = ORIENTED_EDGE('',*,*,#213,.T.);
#213 = EDGE_CURVE('',#214,#216,#218,.T.);
#214 = VERTEX_POINT('',#215);
#215 = CARTESIAN_POINT('',(-32.48,-45.9,0.));
#216 = VERTEX_POINT('',#217);
#217 = CARTESIAN_POINT('',(-32.48,-36.32,0.));
#218 = LINE('',#219,#220);
#219 = CARTESIAN_POINT('',(-32.48,-18.16,0.));
#220 = VECTOR('',#221,1.);
#221 = DIRECTION('',(1.2E-16,1.,-0.));
#222 = ORIENTED_EDGE('',*,*,#223,.T.);
#223 = EDGE_CURVE('',#216,#224,#226,.T.);
#224 = VERTEX_POINT('',#225);
#225 = CARTESIAN_POINT('',(-6.1,-36.32,0.));
#226 = LINE('',#227,#228);
#227 = CARTESIAN_POINT('',(-3.05,-36.32,0.));
#228 = VECTOR('',#229,1.);
#229 = DIRECTION('',(1.,-1.2E-16,0.));
#230 = ORIENTED_EDGE('',*,*,#231,.T.);
#231 = EDGE_CURVE('',#224,#232,#234,.T.);
#232 = VERTEX_POINT('',#233);
#233 = CARTESIAN_POINT('',(-6.1,-45.9,0.));
#234 = LINE('',#235,#236);
#235 = CARTESIAN_POINT('',(-6.1,-22.95,0.));
#236 = VECTOR('',#237,1.);
#237 = DIRECTION('',(-1.2E-16,-1.,0.));
#238 = ORIENTED_EDGE('',*,*,#239,.T.);
#239 = EDGE_CURVE('',#232,#214,#240,.T.);
#240 = LINE('',#241,#242);
#241 = CARTESIAN_POINT('',(-16.24,-45.9,0.));
#242 = VECTOR('',#243,1.);
#243 = DIRECTION('',(-1.,1.2E-16,0.));
#244 = FACE_BOUND('',#245,.F.);
#245 = EDGE_LOOP('',(#246));
#246 = ORIENTED_EDGE('',*,*,#247,.T.);
#247 = EDGE_CURVE('',#248,#248,#250,.T.);
#248 = VERTEX_POINT('',#249);
#249 = CARTESIAN_POINT('',(27.,-39.9,0.));
#250 = CIRCLE('',#251,3.5);
#251 = AXIS2_PLACEMENT_3D('',#252,#253,#254);
#252 = CARTESIAN_POINT('',(30.5,-39.9,0.));
#253 = DIRECTION('',(0.,0.,-1.));
#254 = DIRECTION('',(-1.,1.2E-16,0.));
#255 = FACE_BOUND('',#256,.F.);
#256 = EDGE_LOOP('',(#257));
#257 = ORIENTED_EDGE('',*,*,#258,.F.);
#258 = EDGE_CURVE('',#259,#259,#261,.T.);
#259 = VERTEX_POINT('',#260);
#260 = CARTESIAN_POINT('',(46.7,-45.,0.));
#261 = CIRCLE('',#262,1.7);
#262 = AXIS2_PLACEMENT_3D('',#263,#264,#265);
#263 = CARTESIAN_POINT('',(45.,-45.,0.));
#264 = DIRECTION('',(0.,0.,1.));
#265 = DIRECTION('',(1.,0.,0.));
#266 = FACE_BOUND('',#267,.F.);
#267 = EDGE_LOOP('',(#268));
#268 = ORIENTED_EDGE('',*,*,#269,.F.);
#269 = EDGE_CURVE('',#270,#270,#272,.T.);
#270 = VERTEX_POINT('',#271);
#271 = CARTESIAN_POINT('',(-43.3,45.,0.));
#272 = CIRCLE('',#273,1.7);
#273 = AXIS2_PLACEMENT_3D('',#274,#275,#276);
#274 = CARTESIAN_POINT('',(-45.,45.,0.));
#275 = DIRECTION('',(0.,0.,1.));
#276 = DIRECTION('',(1.,0.,0.));
#277 = FACE_BOUND('',#278,.F.);
#278 = EDGE_LOOP('',(#279,#289,#298,#306,#315,#323,#332,#340));
#279 = ORIENTED_EDGE('',*,*,#280,.F.);
#280 = EDGE_CURVE('',#281,#283,#285,.T.);
#281 = VERTEX_POINT('',#282);
#282 = CARTESIAN_POINT('',(-30.,-32.5,0.));
#283 = VERTEX_POINT('',#284);
#284 = CARTESIAN_POINT('',(30.,-32.5,0.));
#285 = LINE('',#286,#287);
#286 = CARTESIAN_POINT('',(-30.,-32.5,0.));
#287 = VECTOR('',#288,1.);
#288 = DIRECTION('',(1.,0.,0.));
#289 = ORIENTED_EDGE('',*,*,#290,.F.);
#290 = EDGE_CURVE('',#291,#281,#293,.T.);
#291 = VERTEX_POINT('',#292);
#292 = CARTESIAN_POINT('',(-32.5,-30.,0.));
#293 = CIRCLE('',#294,2.5);
#294 = AXIS2_PLACEMENT_3D('',#295,#296,#297);
#295 = CARTESIAN_POINT('',(-30.,-30.,0.));
#296 = DIRECTION('',(0.,0.,1.));
#297 = DIRECTION('',(1.,0.,0.));
#298 = ORIENTED_EDGE('',*,*,#299,.F.);
#299 = EDGE_CURVE('',#300,#291,#302,.T.);
#300 = VERTEX_POINT('',#301);
#301 = CARTESIAN_POINT('',(-32.5,30.,0.));
#302 = LINE('',#303,#304);
#303 = CARTESIAN_POINT('',(-32.5,30.,0.));
#304 = VECTOR('',#305,1.);
#305 = DIRECTION('',(0.,-1.,0.));
#306 = ORIENTED_EDGE('',*,*,#307,.F.);
#307 = EDGE_CURVE('',#308,#300,#310,.T.);
#308 = VERTEX_POINT('',#309);
#309 = CARTESIAN_POINT('',(-30.,32.5,0.));
#310 = CIRCLE('',#311,2.5);
#311 = AXIS2_PLACEMENT_3D('',#312,#313,#314);
#312 = CARTESIAN_POINT('',(-30.,30.,0.));
#313 = DIRECTION('',(0.,0.,1.));
#314 = DIRECTION('',(1.,0.,0.));
#315 = ORIENTED_EDGE('',*,*,#316,.F.);
#316 = EDGE_CURVE('',#317,#308,#319,.T.);
#317 = VERTEX_POINT('',#318);
#318 = CARTESIAN_POINT('',(30.,32.5,0.));
#319 = LINE('',#320,#321);
#320 = CARTESIAN_POINT('',(30.,32.5,0.));
#321 = VECTOR('',#322,1.);
#322 = DIRECTION('',(-1.,0.,0.));
#323 = ORIENTED_EDGE('',*,*,#324,.F.);
#324 = EDGE_CURVE('',#325,#317,#327,.T.);
#325 = VERTEX_POINT('',#326);
#326 = CARTESIAN_POINT('',(32.5,30.,0.));
#327 = CIRCLE('',#328,2.5);
#328 = AXIS2_PLACEMENT_3D('',#329,#330,#331);
#329 = CARTESIAN_POINT('',(30.,30.,0.));
#330 = DIRECTION('',(0.,0.,1.));
#331 = DIRECTION('',(1.,0.,0.));
#332 = ORIENTED_EDGE('',*,*,#333,.F.);
#333 = EDGE_CURVE('',#334,#325,#336,.T.);
#334 = VERTEX_POINT('',#335);
#335 = CARTESIAN_POINT('',(32.5,-30.,0.));
#336 = LINE('',#337,#338);
#337 = CARTESIAN_POINT('',(32.5,-30.,0.));
#338 = VECTOR('',#339,1.);
#339 = DIRECTION('',(0.,1.,0.));
#340 = ORIENTED_EDGE('',*,*,#341,.F.);
#341 = EDGE_CURVE('',#283,#334,#342,.T.);
#342 = CIRCLE('',#343,2.5);
#343 = AXIS2_PLACEMENT_3D('',#344,#345,#346);
#344 = CARTESIAN_POINT('',(30.,-30.,0.));
#345 = DIRECTION('',(0.,0.,1.));
#346 = DIRECTION('',(1.,0.,0.));
#347 = FACE_BOUND('',#348,.F.);
#348 = EDGE_LOOP('',(#349));
#349 = ORIENTED_EDGE('',*,*,#350,.F.);
#350 = EDGE_CURVE('',#351,#351,#353,.T.);
#351 = VERTEX_POINT('',#352);
#352 = CARTESIAN_POINT('',(46.7,45.,0.));
#353 = CIRCLE('',#354,1.7);
#354 = AXIS2_PLACEMENT_3D('',#355,#356,#357);
#355 = CARTESIAN_POINT('',(45.,45.,0.));
#356 = DIRECTION('',(0.,0.,1.));
#357 = DIRECTION('',(1.,0.,0.));
#358 = PLANE('',#359);
#359 = AXIS2_PLACEMENT_3D('',#360,#361,#362);
#360 = CARTESIAN_POINT('',(1.99E-15,-4.31E-15,0.));
#361 = DIRECTION('',(0.,0.,1.));
#362 = DIRECTION('',(1.,0.,0.));
#363 = ADVANCED_FACE('',(#364,#409,#420,#454,#465,#476,#487,#557),#568,
  .T.);
#364 = FACE_BOUND('',#365,.T.);
#365 = EDGE_LOOP('',(#366,#367,#368,#376,#385,#393,#402,#408));
#366 = ORIENTED_EDGE('',*,*,#61,.T.);
#367 = ORIENTED_EDGE('',*,*,#125,.T.);
#368 = ORIENTED_EDGE('',*,*,#369,.T.);
#369 = EDGE_CURVE('',#126,#370,#372,.T.);
#370 = VERTEX_POINT('',#371);
#371 = CARTESIAN_POINT('',(55.,50.,2.));
#372 = LINE('',#373,#374);
#373 = CARTESIAN_POINT('',(55.,-50.,2.));
#374 = VECTOR('',#375,1.);
#375 = DIRECTION('',(0.,1.,0.));
#376 = ORIENTED_EDGE('',*,*,#377,.T.);
#377 = EDGE_CURVE('',#370,#378,#380,.T.);
#378 = VERTEX_POINT('',#379);
#379 = CARTESIAN_POINT('',(50.,55.,2.));
#380 = CIRCLE('',#381,5.);
#381 = AXIS2_PLACEMENT_3D('',#382,#383,#384);
#382 = CARTESIAN_POINT('',(50.,50.,2.));
#383 = DIRECTION('',(0.,0.,1.));
#384 = DIRECTION('',(1.,0.,0.));
#385 = ORIENTED_EDGE('',*,*,#386,.T.);
#386 = EDGE_CURVE('',#378,#387,#389,.T.);
#387 = VERTEX_POINT('',#388);
#388 = CARTESIAN_POINT('',(-50.,55.,2.));
#389 = LINE('',#390,#391);
#390 = CARTESIAN_POINT('',(50.,55.,2.));
#391 = VECTOR('',#392,1.);
#392 = DIRECTION('',(-1.,0.,0.));
#393 = ORIENTED_EDGE('',*,*,#394,.T.);
#394 = EDGE_CURVE('',#387,#395,#397,.T.);
#395 = VERTEX_POINT('',#396);
#396 = CARTESIAN_POINT('',(-55.,50.,2.));
#397 = CIRCLE('',#398,5.);
#398 = AXIS2_PLACEMENT_3D('',#399,#400,#401);
#399 = CARTESIAN_POINT('',(-50.,50.,2.));
#400 = DIRECTION('',(0.,0.,1.));
#401 = DIRECTION('',(1.,0.,0.));
#402 = ORIENTED_EDGE('',*,*,#403,.T.);
#403 = EDGE_CURVE('',#395,#94,#404,.T.);
#404 = LINE('',#405,#406);
#405 = CARTESIAN_POINT('',(-55.,50.,2.));
#406 = VECTOR('',#407,1.);
#407 = DIRECTION('',(0.,-1.,0.));
#408 = ORIENTED_EDGE('',*,*,#101,.T.);
#409 = FACE_BOUND('',#410,.T.);
#410 = EDGE_LOOP('',(#411));
#411 = ORIENTED_EDGE('',*,*,#412,.F.);
#412 = EDGE_CURVE('',#413,#413,#415,.T.);
#413 = VERTEX_POINT('',#414);
#414 = CARTESIAN_POINT('',(-43.3,-45.,2.));
#415 = CIRCLE('',#416,1.7);
#416 = AXIS2_PLACEMENT_3D('',#417,#418,#419);
#417 = CARTESIAN_POINT('',(-45.,-45.,2.));
#418 = DIRECTION('',(0.,0.,1.));
#419 = DIRECTION('',(1.,0.,0.));
#420 = FACE_BOUND('',#421,.T.);
#421 = EDGE_LOOP('',(#422,#432,#440,#448));
#422 = ORIENTED_EDGE('',*,*,#423,.T.);
#423 = EDGE_CURVE('',#424,#426,#428,.T.);
#424 = VERTEX_POINT('',#425);
#425 = CARTESIAN_POINT('',(-32.48,-45.9,2.));
#426 = VERTEX_POINT('',#427);
#427 = CARTESIAN_POINT('',(-32.48,-36.32,2.));
#428 = LINE('',#429,#430);
#429 = CARTESIAN_POINT('',(-32.48,-18.16,2.));
#430 = VECTOR('',#431,1.);
#431 = DIRECTION('',(1.2E-16,1.,-0.));
#432 = ORIENTED_EDGE('',*,*,#433,.T.);
#433 = EDGE_CURVE('',#426,#434,#436,.T.);
#434 = VERTEX_POINT('',#435);
#435 = CARTESIAN_POINT('',(-6.1,-36.32,2.));
#436 = LINE('',#437,#438);
#437 = CARTESIAN_POINT('',(-3.05,-36.32,2.));
#438 = VECTOR('',#439,1.);
#439 = DIRECTION('',(1.,-1.2E-16,0.));
#440 = ORIENTED_EDGE('',*,*,#441,.T.);
#441 = EDGE_CURVE('',#434,#442,#444,.T.);
#442 = VERTEX_POINT('',#443);
#443 = CARTESIAN_POINT('',(-6.1,-45.9,2.));
#444 = LINE('',#445,#446);
#445 = CARTESIAN_POINT('',(-6.1,-22.95,2.));
#446 = VECTOR('',#447,1.);
#447 = DIRECTION('',(-1.2E-16,-1.,0.));
#448 = ORIENTED_EDGE('',*,*,#449,.T.);
#449 = EDGE_CURVE('',#442,#424,#450,.T.);
#450 = LINE('',#451,#452);
#451 = CARTESIAN_POINT('',(-16.24,-45.9,2.));
#452 = VECTOR('',#453,1.);
#453 = DIRECTION('',(-1.,1.2E-16,0.));
#454 = FACE_BOUND('',#455,.T.);
#455 = EDGE_LOOP('',(#456));
#456 = ORIENTED_EDGE('',*,*,#457,.T.);
#457 = EDGE_CURVE('',#458,#458,#460,.T.);
#458 = VERTEX_POINT('',#459);
#459 = CARTESIAN_POINT('',(27.,-39.9,2.));
#460 = CIRCLE('',#461,3.5);
#461 = AXIS2_PLACEMENT_3D('',#462,#463,#464);
#462 = CARTESIAN_POINT('',(30.5,-39.9,2.));
#463 = DIRECTION('',(0.,0.,-1.));
#464 = DIRECTION('',(-1.,1.2E-16,0.));
#465 = FACE_BOUND('',#466,.T.);
#466 = EDGE_LOOP('',(#467));
#467 = ORIENTED_EDGE('',*,*,#468,.F.);
#468 = EDGE_CURVE('',#469,#469,#471,.T.);
#469 = VERTEX_POINT('',#470);
#470 = CARTESIAN_POINT('',(46.7,-45.,2.));
#471 = CIRCLE('',#472,1.7);
#472 = AXIS2_PLACEMENT_3D('',#473,#474,#475);
#473 = CARTESIAN_POINT('',(45.,-45.,2.));
#474 = DIRECTION('',(0.,0.,1.));
#475 = DIRECTION('',(1.,0.,0.));
#476 = FACE_BOUND('',#477,.T.);
#477 = EDGE_LOOP('',(#478));
#478 = ORIENTED_EDGE('',*,*,#479,.F.);
#479 = EDGE_CURVE('',#480,#480,#482,.T.);
#480 = VERTEX_POINT('',#481);
#481 = CARTESIAN_POINT('',(-43.3,45.,2.));
#482 = CIRCLE('',#483,1.7);
#483 = AXIS2_PLACEMENT_3D('',#484,#485,#486);
#484 = CARTESIAN_POINT('',(-45.,45.,2.));
#485 = DIRECTION('',(0.,0.,1.));
#486 = DIRECTION('',(1.,0.,0.));
#487 = FACE_BOUND('',#488,.T.);
#488 = EDGE_LOOP('',(#489,#499,#508,#516,#525,#533,#542,#550));
#489 = ORIENTED_EDGE('',*,*,#490,.F.);
#490 = EDGE_CURVE('',#491,#493,#495,.T.);
#491 = VERTEX_POINT('',#492);
#492 = CARTESIAN_POINT('',(-30.,-32.5,2.));
#493 = VERTEX_POINT('',#494);
#494 = CARTESIAN_POINT('',(30.,-32.5,2.));
#495 = LINE('',#496,#497);
#496 = CARTESIAN_POINT('',(-30.,-32.5,2.));
#497 = VECTOR('',#498,1.);
#498 = DIRECTION('',(1.,0.,0.));
#499 = ORIENTED_EDGE('',*,*,#500,.F.);
#500 = EDGE_CURVE('',#501,#491,#503,.T.);
#501 = VERTEX_POINT('',#502);
#502 = CARTESIAN_POINT('',(-32.5,-30.,2.));
#503 = CIRCLE('',#504,2.5);
#504 = AXIS2_PLACEMENT_3D('',#505,#506,#507);
#505 = CARTESIAN_POINT('',(-30.,-30.,2.));
#506 = DIRECTION('',(0.,0.,1.));
#507 = DIRECTION('',(1.,0.,0.));
#508 = ORIENTED_EDGE('',*,*,#509,.F.);
#509 = EDGE_CURVE('',#510,#501,#512,.T.);
#510 = VERTEX_POINT('',#511);
#511 = CARTESIAN_POINT('',(-32.5,30.,2.));
#512 = LINE('',#513,#514);
#513 = CARTESIAN_POINT('',(-32.5,30.,2.));
#514 = VECTOR('',#515,1.);
#515 = DIRECTION('',(0.,-1.,0.));
#516 = ORIENTED_EDGE('',*,*,#517,.F.);
#517 = EDGE_CURVE('',#518,#510,#520,.T.);
#518 = VERTEX_POINT('',#519);
#519 = CARTESIAN_POINT('',(-30.,32.5,2.));
#520 = CIRCLE('',#521,2.5);
#521 = AXIS2_PLACEMENT_3D('',#522,#523,#524);
#522 = CARTESIAN_POINT('',(-30.,30.,2.));
#523 = DIRECTION('',(0.,0.,1.));
#524 = DIRECTION('',(1.,0.,0.));
#525 = ORIENTED_EDGE('',*,*,#526,.F.);
#526 = EDGE_CURVE('',#527,#518,#529,.T.);
#527 = VERTEX_POINT('',#528);
#528 = CARTESIAN_POINT('',(30.,32.5,2.));
#529 = LINE('',#530,#531);
#530 = CARTESIAN_POINT('',(30.,32.5,2.));
#531 = VECTOR('',#532,1.);
#532 = DIRECTION('',(-1.,0.,0.));
#533 = ORIENTED_EDGE('',*,*,#534,.F.);
#534 = EDGE_CURVE('',#535,#527,#537,.T.);
#535 = VERTEX_POINT('',#536);
#536 = CARTESIAN_POINT('',(32.5,30.,2.));
#537 = CIRCLE('',#538,2.5);
#538 = AXIS2_PLACEMENT_3D('',#539,#540,#541);
#539 = CARTESIAN_POINT('',(30.,30.,2.));
#540 = DIRECTION('',(0.,0.,1.));
#541 = DIRECTION('',(1.,0.,0.));
#542 = ORIENTED_EDGE('',*,*,#543,.F.);
#543 = EDGE_CURVE('',#544,#535,#546,.T.);
#544 = VERTEX_POINT('',#545);
#545 = CARTESIAN_POINT('',(32.5,-30.,2.));
#546 = LINE('',#547,#548);
#547 = CARTESIAN_POINT('',(32.5,-30.,2.));
#548 = VECTOR('',#549,1.);
#549 = DIRECTION('',(0.,1.,0.));
#550 = ORIENTED_EDGE('',*,*,#551,.F.);
#551 = EDGE_CURVE('',#493,#544,#552,.T.);
#552 = CIRCLE('',#553,2.5);
#553 = AXIS2_PLACEMENT_3D('',#554,#555,#556);
#554 = CARTESIAN_POINT('',(30.,-30.,2.));
#555 = DIRECTION('',(0.,0.,1.));
#556 = DIRECTION('',(1.,0.,0.));
#557 = FACE_BOUND('',#558,.T.);
#558 = EDGE_LOOP('',(#559));
#559 = ORIENTED_EDGE('',*,*,#560,.F.);
#560 = EDGE_CURVE('',#561,#561,#563,.T.);
#561 = VERTEX_POINT('',#562);
#562 = CARTESIAN_POINT('',(46.7,45.,2.));
#563 = CIRCLE('',#564,1.7);
#564 = AXIS2_PLACEMENT_3D('',#565,#566,#567);
#565 = CARTESIAN_POINT('',(45.,45.,2.));
#566 = DIRECTION('',(0.,0.,1.));
#567 = DIRECTION('',(1.,0.,0.));
#568 = PLANE('',#569);
#569 = AXIS2_PLACEMENT_3D('',#570,#571,#572);
#570 = CARTESIAN_POINT('',(1.99E-15,-4.31E-15,2.));
#571 = DIRECTION('',(0.,0.,1.));
#572 = DIRECTION('',(1.,0.,0.));
#573 = ADVANCED_FACE('',(#574),#585,.F.);
#574 = FACE_BOUND('',#575,.F.);
#575 = EDGE_LOOP('',(#576,#582,#583,#584));
#576 = ORIENTED_EDGE('',*,*,#577,.T.);
#577 = EDGE_CURVE('',#185,#395,#578,.T.);
#578 = LINE('',#579,#580);
#579 = CARTESIAN_POINT('',(-55.,50.,0.));
#580 = VECTOR('',#581,1.);
#581 = DIRECTION('',(0.,0.,1.));
#582 = ORIENTED_EDGE('',*,*,#403,.T.);
#583 = ORIENTED_EDGE('',*,*,#91,.F.);
#584 = ORIENTED_EDGE('',*,*,#193,.F.);
#585 = PLANE('',#586);
#586 = AXIS2_PLACEMENT_3D('',#587,#588,#589);
#587 = CARTESIAN_POINT('',(-55.,50.,0.));
#588 = DIRECTION('',(1.,0.,0.));
#589 = DIRECTION('',(0.,-1.,0.));
#590 = ADVANCED_FACE('',(#591),#602,.F.);
#591 = FACE_BOUND('',#592,.F.);
#592 = EDGE_LOOP('',(#593,#594,#595,#601));
#593 = ORIENTED_EDGE('',*,*,#134,.T.);
#594 = ORIENTED_EDGE('',*,*,#369,.T.);
#595 = ORIENTED_EDGE('',*,*,#596,.F.);
#596 = EDGE_CURVE('',#160,#370,#597,.T.);
#597 = LINE('',#598,#599);
#598 = CARTESIAN_POINT('',(55.,50.,0.));
#599 = VECTOR('',#600,1.);
#600 = DIRECTION('',(0.,0.,1.));
#601 = ORIENTED_EDGE('',*,*,#159,.F.);
#602 = PLANE('',#603);
#603 = AXIS2_PLACEMENT_3D('',#604,#605,#606);
#604 = CARTESIAN_POINT('',(55.,-50.,0.));
#605 = DIRECTION('',(-1.,0.,0.));
#606 = DIRECTION('',(0.,1.,0.));
#607 = ADVANCED_FACE('',(#608),#619,.T.);
#608 = FACE_BOUND('',#609,.F.);
#609 = EDGE_LOOP('',(#610,#616,#617,#618));
#610 = ORIENTED_EDGE('',*,*,#611,.T.);
#611 = EDGE_CURVE('',#177,#387,#612,.T.);
#612 = LINE('',#613,#614);
#613 = CARTESIAN_POINT('',(-50.,55.,0.));
#614 = VECTOR('',#615,1.);
#615 = DIRECTION('',(0.,0.,1.));
#616 = ORIENTED_EDGE('',*,*,#394,.T.);
#617 = ORIENTED_EDGE('',*,*,#577,.F.);
#618 = ORIENTED_EDGE('',*,*,#184,.F.);
#619 = CYLINDRICAL_SURFACE('',#620,5.);
#620 = AXIS2_PLACEMENT_3D('',#621,#622,#623);
#621 = CARTESIAN_POINT('',(-50.,50.,0.));
#622 = DIRECTION('',(-0.,-0.,-1.));
#623 = DIRECTION('',(1.,0.,0.));
#624 = ADVANCED_FACE('',(#625),#636,.T.);
#625 = FACE_BOUND('',#626,.F.);
#626 = EDGE_LOOP('',(#627,#628,#629,#635));
#627 = ORIENTED_EDGE('',*,*,#596,.T.);
#628 = ORIENTED_EDGE('',*,*,#377,.T.);
#629 = ORIENTED_EDGE('',*,*,#630,.F.);
#630 = EDGE_CURVE('',#168,#378,#631,.T.);
#631 = LINE('',#632,#633);
#632 = CARTESIAN_POINT('',(50.,55.,0.));
#633 = VECTOR('',#634,1.);
#634 = DIRECTION('',(0.,0.,1.));
#635 = ORIENTED_EDGE('',*,*,#167,.F.);
#636 = CYLINDRICAL_SURFACE('',#637,5.);
#637 = AXIS2_PLACEMENT_3D('',#638,#639,#640);
#638 = CARTESIAN_POINT('',(50.,50.,0.));
#639 = DIRECTION('',(-0.,-0.,-1.));
#640 = DIRECTION('',(1.,0.,0.));
#641 = ADVANCED_FACE('',(#642),#648,.F.);
#642 = FACE_BOUND('',#643,.F.);
#643 = EDGE_LOOP('',(#644,#645,#646,#647));
#644 = ORIENTED_EDGE('',*,*,#630,.T.);
#645 = ORIENTED_EDGE('',*,*,#386,.T.);
#646 = ORIENTED_EDGE('',*,*,#611,.F.);
#647 = ORIENTED_EDGE('',*,*,#176,.F.);
#648 = PLANE('',#649);
#649 = AXIS2_PLACEMENT_3D('',#650,#651,#652);
#650 = CARTESIAN_POINT('',(50.,55.,0.));
#651 = DIRECTION('',(0.,-1.,0.));
#652 = DIRECTION('',(-1.,0.,0.));
#653 = ADVANCED_FACE('',(#654),#665,.F.);
#654 = FACE_BOUND('',#655,.T.);
#655 = EDGE_LOOP('',(#656,#662,#663,#664));
#656 = ORIENTED_EDGE('',*,*,#657,.T.);
#657 = EDGE_CURVE('',#203,#413,#658,.T.);
#658 = LINE('',#659,#660);
#659 = CARTESIAN_POINT('',(-43.3,-45.,0.));
#660 = VECTOR('',#661,1.);
#661 = DIRECTION('',(0.,0.,1.));
#662 = ORIENTED_EDGE('',*,*,#412,.T.);
#663 = ORIENTED_EDGE('',*,*,#657,.F.);
#664 = ORIENTED_EDGE('',*,*,#202,.F.);
#665 = CYLINDRICAL_SURFACE('',#666,1.7);
#666 = AXIS2_PLACEMENT_3D('',#667,#668,#669);
#667 = CARTESIAN_POINT('',(-45.,-45.,0.));
#668 = DIRECTION('',(-0.,-0.,-1.));
#669 = DIRECTION('',(1.,0.,0.));
#670 = ADVANCED_FACE('',(#671),#687,.T.);
#671 = FACE_BOUND('',#672,.T.);
#672 = EDGE_LOOP('',(#673,#674,#680,#681));
#673 = ORIENTED_EDGE('',*,*,#213,.T.);
#674 = ORIENTED_EDGE('',*,*,#675,.T.);
#675 = EDGE_CURVE('',#216,#426,#676,.T.);
#676 = LINE('',#677,#678);
#677 = CARTESIAN_POINT('',(-32.48,-36.32,-4.));
#678 = VECTOR('',#679,1.);
#679 = DIRECTION('',(0.,0.,1.));
#680 = ORIENTED_EDGE('',*,*,#423,.F.);
#681 = ORIENTED_EDGE('',*,*,#682,.F.);
#682 = EDGE_CURVE('',#214,#424,#683,.T.);
#683 = LINE('',#684,#685);
#684 = CARTESIAN_POINT('',(-32.48,-45.9,-4.));
#685 = VECTOR('',#686,1.);
#686 = DIRECTION('',(0.,0.,1.));
#687 = PLANE('',#688);
#688 = AXIS2_PLACEMENT_3D('',#689,#690,#691);
#689 = CARTESIAN_POINT('',(-32.48,-36.32,-4.));
#690 = DIRECTION('',(1.,0.,0.));
#691 = DIRECTION('',(0.,-1.,0.));
#692 = ADVANCED_FACE('',(#693),#704,.T.);
#693 = FACE_BOUND('',#694,.T.);
#694 = EDGE_LOOP('',(#695,#696,#697,#698));
#695 = ORIENTED_EDGE('',*,*,#239,.T.);
#696 = ORIENTED_EDGE('',*,*,#682,.T.);
#697 = ORIENTED_EDGE('',*,*,#449,.F.);
#698 = ORIENTED_EDGE('',*,*,#699,.F.);
#699 = EDGE_CURVE('',#232,#442,#700,.T.);
#700 = LINE('',#701,#702);
#701 = CARTESIAN_POINT('',(-6.1,-45.9,-4.));
#702 = VECTOR('',#703,1.);
#703 = DIRECTION('',(0.,0.,1.));
#704 = PLANE('',#705);
#705 = AXIS2_PLACEMENT_3D('',#706,#707,#708);
#706 = CARTESIAN_POINT('',(-32.48,-45.9,-4.));
#707 = DIRECTION('',(0.,1.,0.));
#708 = DIRECTION('',(1.,0.,0.));
#709 = ADVANCED_FACE('',(#710),#721,.T.);
#710 = FACE_BOUND('',#711,.T.);
#711 = EDGE_LOOP('',(#712,#713,#714,#715));
#712 = ORIENTED_EDGE('',*,*,#231,.T.);
#713 = ORIENTED_EDGE('',*,*,#699,.T.);
#714 = ORIENTED_EDGE('',*,*,#441,.F.);
#715 = ORIENTED_EDGE('',*,*,#716,.F.);
#716 = EDGE_CURVE('',#224,#434,#717,.T.);
#717 = LINE('',#718,#719);
#718 = CARTESIAN_POINT('',(-6.1,-36.32,-4.));
#719 = VECTOR('',#720,1.);
#720 = DIRECTION('',(0.,0.,1.));
#721 = PLANE('',#722);
#722 = AXIS2_PLACEMENT_3D('',#723,#724,#725);
#723 = CARTESIAN_POINT('',(-6.1,-45.9,-4.));
#724 = DIRECTION('',(-1.,0.,0.));
#725 = DIRECTION('',(0.,1.,0.));
#726 = ADVANCED_FACE('',(#727),#733,.T.);
#727 = FACE_BOUND('',#728,.T.);
#728 = EDGE_LOOP('',(#729,#730,#731,#732));
#729 = ORIENTED_EDGE('',*,*,#223,.T.);
#730 = ORIENTED_EDGE('',*,*,#716,.T.);
#731 = ORIENTED_EDGE('',*,*,#433,.F.);
#732 = ORIENTED_EDGE('',*,*,#675,.F.);
#733 = PLANE('',#734);
#734 = AXIS2_PLACEMENT_3D('',#735,#736,#737);
#735 = CARTESIAN_POINT('',(-6.1,-36.32,-4.));
#736 = DIRECTION('',(0.,-1.,0.));
#737 = DIRECTION('',(-1.,0.,0.));
#738 = ADVANCED_FACE('',(#739),#750,.F.);
#739 = FACE_BOUND('',#740,.T.);
#740 = EDGE_LOOP('',(#741,#742,#748,#749));
#741 = ORIENTED_EDGE('',*,*,#247,.T.);
#742 = ORIENTED_EDGE('',*,*,#743,.T.);
#743 = EDGE_CURVE('',#248,#458,#744,.T.);
#744 = LINE('',#745,#746);
#745 = CARTESIAN_POINT('',(27.,-39.9,-4.));
#746 = VECTOR('',#747,1.);
#747 = DIRECTION('',(0.,0.,1.));
#748 = ORIENTED_EDGE('',*,*,#457,.F.);
#749 = ORIENTED_EDGE('',*,*,#743,.F.);
#750 = CYLINDRICAL_SURFACE('',#751,3.5);
#751 = AXIS2_PLACEMENT_3D('',#752,#753,#754);
#752 = CARTESIAN_POINT('',(30.5,-39.9,-4.));
#753 = DIRECTION('',(0.,0.,-1.));
#754 = DIRECTION('',(-1.,0.,0.));
#755 = ADVANCED_FACE('',(#756),#767,.F.);
#756 = FACE_BOUND('',#757,.T.);
#757 = EDGE_LOOP('',(#758,#764,#765,#766));
#758 = ORIENTED_EDGE('',*,*,#759,.T.);
#759 = EDGE_CURVE('',#259,#469,#760,.T.);
#760 = LINE('',#761,#762);
#761 = CARTESIAN_POINT('',(46.7,-45.,0.));
#762 = VECTOR('',#763,1.);
#763 = DIRECTION('',(0.,0.,1.));
#764 = ORIENTED_EDGE('',*,*,#468,.T.);
#765 = ORIENTED_EDGE('',*,*,#759,.F.);
#766 = ORIENTED_EDGE('',*,*,#258,.F.);
#767 = CYLINDRICAL_SURFACE('',#768,1.7);
#768 = AXIS2_PLACEMENT_3D('',#769,#770,#771);
#769 = CARTESIAN_POINT('',(45.,-45.,0.));
#770 = DIRECTION('',(-0.,-0.,-1.));
#771 = DIRECTION('',(1.,0.,0.));
#772 = ADVANCED_FACE('',(#773),#784,.F.);
#773 = FACE_BOUND('',#774,.T.);
#774 = EDGE_LOOP('',(#775,#781,#782,#783));
#775 = ORIENTED_EDGE('',*,*,#776,.T.);
#776 = EDGE_CURVE('',#270,#480,#777,.T.);
#777 = LINE('',#778,#779);
#778 = CARTESIAN_POINT('',(-43.3,45.,0.));
#779 = VECTOR('',#780,1.);
#780 = DIRECTION('',(0.,0.,1.));
#781 = ORIENTED_EDGE('',*,*,#479,.T.);
#782 = ORIENTED_EDGE('',*,*,#776,.F.);
#783 = ORIENTED_EDGE('',*,*,#269,.F.);
#784 = CYLINDRICAL_SURFACE('',#785,1.7);
#785 = AXIS2_PLACEMENT_3D('',#786,#787,#788);
#786 = CARTESIAN_POINT('',(-45.,45.,0.));
#787 = DIRECTION('',(-0.,-0.,-1.));
#788 = DIRECTION('',(1.,0.,0.));
#789 = ADVANCED_FACE('',(#790),#806,.T.);
#790 = FACE_BOUND('',#791,.T.);
#791 = EDGE_LOOP('',(#792,#798,#799,#805));
#792 = ORIENTED_EDGE('',*,*,#793,.T.);
#793 = EDGE_CURVE('',#281,#491,#794,.T.);
#794 = LINE('',#795,#796);
#795 = CARTESIAN_POINT('',(-30.,-32.5,0.));
#796 = VECTOR('',#797,1.);
#797 = DIRECTION('',(0.,0.,1.));
#798 = ORIENTED_EDGE('',*,*,#490,.T.);
#799 = ORIENTED_EDGE('',*,*,#800,.F.);
#800 = EDGE_CURVE('',#283,#493,#801,.T.);
#801 = LINE('',#802,#803);
#802 = CARTESIAN_POINT('',(30.,-32.5,0.));
#803 = VECTOR('',#804,1.);
#804 = DIRECTION('',(0.,0.,1.));
#805 = ORIENTED_EDGE('',*,*,#280,.F.);
#806 = PLANE('',#807);
#807 = AXIS2_PLACEMENT_3D('',#808,#809,#810);
#808 = CARTESIAN_POINT('',(-30.,-32.5,0.));
#809 = DIRECTION('',(0.,1.,0.));
#810 = DIRECTION('',(1.,0.,0.));
#811 = ADVANCED_FACE('',(#812),#823,.F.);
#812 = FACE_BOUND('',#813,.T.);
#813 = EDGE_LOOP('',(#814,#820,#821,#822));
#814 = ORIENTED_EDGE('',*,*,#815,.T.);
#815 = EDGE_CURVE('',#291,#501,#816,.T.);
#816 = LINE('',#817,#818);
#817 = CARTESIAN_POINT('',(-32.5,-30.,0.));
#818 = VECTOR('',#819,1.);
#819 = DIRECTION('',(0.,0.,1.));
#820 = ORIENTED_EDGE('',*,*,#500,.T.);
#821 = ORIENTED_EDGE('',*,*,#793,.F.);
#822 = ORIENTED_EDGE('',*,*,#290,.F.);
#823 = CYLINDRICAL_SURFACE('',#824,2.5);
#824 = AXIS2_PLACEMENT_3D('',#825,#826,#827);
#825 = CARTESIAN_POINT('',(-30.,-30.,0.));
#826 = DIRECTION('',(-0.,-0.,-1.));
#827 = DIRECTION('',(1.,0.,0.));
#828 = ADVANCED_FACE('',(#829),#840,.F.);
#829 = FACE_BOUND('',#830,.T.);
#830 = EDGE_LOOP('',(#831,#832,#833,#839));
#831 = ORIENTED_EDGE('',*,*,#800,.T.);
#832 = ORIENTED_EDGE('',*,*,#551,.T.);
#833 = ORIENTED_EDGE('',*,*,#834,.F.);
#834 = EDGE_CURVE('',#334,#544,#835,.T.);
#835 = LINE('',#836,#837);
#836 = CARTESIAN_POINT('',(32.5,-30.,0.));
#837 = VECTOR('',#838,1.);
#838 = DIRECTION('',(0.,0.,1.));
#839 = ORIENTED_EDGE('',*,*,#341,.F.);
#840 = CYLINDRICAL_SURFACE('',#841,2.5);
#841 = AXIS2_PLACEMENT_3D('',#842,#843,#844);
#842 = CARTESIAN_POINT('',(30.,-30.,0.));
#843 = DIRECTION('',(-0.,-0.,-1.));
#844 = DIRECTION('',(1.,0.,0.));
#845 = ADVANCED_FACE('',(#846),#857,.T.);
#846 = FACE_BOUND('',#847,.T.);
#847 = EDGE_LOOP('',(#848,#854,#855,#856));
#848 = ORIENTED_EDGE('',*,*,#849,.T.);
#849 = EDGE_CURVE('',#300,#510,#850,.T.);
#850 = LINE('',#851,#852);
#851 = CARTESIAN_POINT('',(-32.5,30.,0.));
#852 = VECTOR('',#853,1.);
#853 = DIRECTION('',(0.,0.,1.));
#854 = ORIENTED_EDGE('',*,*,#509,.T.);
#855 = ORIENTED_EDGE('',*,*,#815,.F.);
#856 = ORIENTED_EDGE('',*,*,#299,.F.);
#857 = PLANE('',#858);
#858 = AXIS2_PLACEMENT_3D('',#859,#860,#861);
#859 = CARTESIAN_POINT('',(-32.5,30.,0.));
#860 = DIRECTION('',(1.,0.,0.));
#861 = DIRECTION('',(0.,-1.,0.));
#862 = ADVANCED_FACE('',(#863),#874,.T.);
#863 = FACE_BOUND('',#864,.T.);
#864 = EDGE_LOOP('',(#865,#866,#867,#873));
#865 = ORIENTED_EDGE('',*,*,#834,.T.);
#866 = ORIENTED_EDGE('',*,*,#543,.T.);
#867 = ORIENTED_EDGE('',*,*,#868,.F.);
#868 = EDGE_CURVE('',#325,#535,#869,.T.);
#869 = LINE('',#870,#871);
#870 = CARTESIAN_POINT('',(32.5,30.,0.));
#871 = VECTOR('',#872,1.);
#872 = DIRECTION('',(0.,0.,1.));
#873 = ORIENTED_EDGE('',*,*,#333,.F.);
#874 = PLANE('',#875);
#875 = AXIS2_PLACEMENT_3D('',#876,#877,#878);
#876 = CARTESIAN_POINT('',(32.5,-30.,0.));
#877 = DIRECTION('',(-1.,0.,0.));
#878 = DIRECTION('',(0.,1.,0.));
#879 = ADVANCED_FACE('',(#880),#891,.F.);
#880 = FACE_BOUND('',#881,.T.);
#881 = EDGE_LOOP('',(#882,#888,#889,#890));
#882 = ORIENTED_EDGE('',*,*,#883,.T.);
#883 = EDGE_CURVE('',#308,#518,#884,.T.);
#884 = LINE('',#885,#886);
#885 = CARTESIAN_POINT('',(-30.,32.5,0.));
#886 = VECTOR('',#887,1.);
#887 = DIRECTION('',(0.,0.,1.));
#888 = ORIENTED_EDGE('',*,*,#517,.T.);
#889 = ORIENTED_EDGE('',*,*,#849,.F.);
#890 = ORIENTED_EDGE('',*,*,#307,.F.);
#891 = CYLINDRICAL_SURFACE('',#892,2.5);
#892 = AXIS2_PLACEMENT_3D('',#893,#894,#895);
#893 = CARTESIAN_POINT('',(-30.,30.,0.));
#894 = DIRECTION('',(-0.,-0.,-1.));
#895 = DIRECTION('',(1.,0.,0.));
#896 = ADVANCED_FACE('',(#897),#908,.F.);
#897 = FACE_BOUND('',#898,.T.);
#898 = EDGE_LOOP('',(#899,#900,#901,#907));
#899 = ORIENTED_EDGE('',*,*,#868,.T.);
#900 = ORIENTED_EDGE('',*,*,#534,.T.);
#901 = ORIENTED_EDGE('',*,*,#902,.F.);
#902 = EDGE_CURVE('',#317,#527,#903,.T.);
#903 = LINE('',#904,#905);
#904 = CARTESIAN_POINT('',(30.,32.5,0.));
#905 = VECTOR('',#906,1.);
#906 = DIRECTION('',(0.,0.,1.));
#907 = ORIENTED_EDGE('',*,*,#324,.F.);
#908 = CYLINDRICAL_SURFACE('',#909,2.5);
#909 = AXIS2_PLACEMENT_3D('',#910,#911,#912);
#910 = CARTESIAN_POINT('',(30.,30.,0.));
#911 = DIRECTION('',(-0.,-0.,-1.));
#912 = DIRECTION('',(1.,0.,0.));
#913 = ADVANCED_FACE('',(#914),#920,.T.);
#914 = FACE_BOUND('',#915,.T.);
#915 = EDGE_LOOP('',(#916,#917,#918,#919));
#916 = ORIENTED_EDGE('',*,*,#902,.T.);
#917 = ORIENTED_EDGE('',*,*,#526,.T.);
#918 = ORIENTED_EDGE('',*,*,#883,.F.);
#919 = ORIENTED_EDGE('',*,*,#316,.F.);
#920 = PLANE('',#921);
#921 = AXIS2_PLACEMENT_3D('',#922,#923,#924);
#922 = CARTESIAN_POINT('',(30.,32.5,0.));
#923 = DIRECTION('',(0.,-1.,0.));
#924 = DIRECTION('',(-1.,0.,0.));
#925 = ADVANCED_FACE('',(#926),#937,.F.);
#926 = FACE_BOUND('',#927,.T.);
#927 = EDGE_LOOP('',(#928,#934,#935,#936));
#928 = ORIENTED_EDGE('',*,*,#929,.T.);
#929 = EDGE_CURVE('',#351,#561,#930,.T.);
#930 = LINE('',#931,#932);
#931 = CARTESIAN_POINT('',(46.7,45.,0.));
#932 = VECTOR('',#933,1.);
#933 = DIRECTION('',(0.,0.,1.));
#934 = ORIENTED_EDGE('',*,*,#560,.T.);
#935 = ORIENTED_EDGE('',*,*,#929,.F.);
#936 = ORIENTED_EDGE('',*,*,#350,.F.);
#937 = CYLINDRICAL_SURFACE('',#938,1.7);
#938 = AXIS2_PLACEMENT_3D('',#939,#940,#941);
#939 = CARTESIAN_POINT('',(45.,45.,0.));
#940 = DIRECTION('',(-0.,-0.,-1.));
#941 = DIRECTION('',(1.,0.,0.));
#942 = ( GEOMETRIC_REPRESENTATION_CONTEXT(3) 
GLOBAL_UNCERTAINTY_ASSIGNED_CONTEXT((#946)) GLOBAL_UNIT_ASSIGNED_CONTEXT
((#943,#944,#945)) REPRESENTATION_CONTEXT('Context #1',
  '3D Context with UNIT and UNCERTAINTY') );
#943 = ( LENGTH_UNIT() NAMED_UNIT(*) SI_UNIT(.MILLI.,.METRE.) );
#944 = ( NAMED_UNIT(*) PLANE_ANGLE_UNIT() SI_UNIT($,.RADIAN.) );
#945 = ( NAMED_UNIT(*) SI_UNIT($,.STERADIAN.) SOLID_ANGLE_UNIT() );
#946 = UNCERTAINTY_MEASURE_WITH_UNIT(LENGTH_MEASURE(1.E-05),#943,
  'distance_accuracy_value','confusion accuracy');
#947 = CONTEXT_DEPENDENT_SHAPE_REPRESENTATION(#948,#950);
#948 = ( REPRESENTATION_RELATIONSHIP('','',#44,#10) 
REPRESENTATION_RELATIONSHIP_WITH_TRANSFORMATION(#949) 
SHAPE_REPRESENTATION_RELATIONSHIP() );
#949 = ITEM_DEFINED_TRANSFORMATION('','',#11,#15);
#950 = PRODUCT_DEFINITION_SHAPE('Placement','Placement of an item',#951
  );
#951 = NEXT_ASSEMBLY_USAGE_OCCURRENCE('1','Top Plate001','',#5,#39,$);
#952 = PRODUCT_RELATED_PRODUCT_CATEGORY('part',$,(#41));
#953 = SHAPE_DEFINITION_REPRESENTATION(#954,#960);
#954 = PRODUCT_DEFINITION_SHAPE('','',#955);
#955 = PRODUCT_DEFINITION('design','',#956,#959);
#956 = PRODUCT_DEFINITION_FORMATION('','',#957);
#957 = PRODUCT('Cut Risen Plate','Cut Risen Plate','',(#958));
#958 = PRODUCT_CONTEXT('',#2,'mechanical');
#959 = PRODUCT_DEFINITION_CONTEXT('part definition',#2,'design');
#960 = ADVANCED_BREP_SHAPE_REPRESENTATION('',(#11,#961),#4588);
#961 = MANIFOLD_SOLID_BREP('',#962);
#962 = CLOSED_SHELL('',(#963,#1722,#1785,#1841,#1897,#1946,#1970,#2001,
    #2026,#2051,#2075,#2099,#2124,#2149,#2166,#2197,#2222,#2247,#2271,
    #2295,#2320,#2345,#2362,#2393,#2418,#2443,#2467,#2491,#2516,#2541,
    #2558,#2589,#2614,#2639,#2663,#2687,#2712,#2737,#2754,#2778,#2809,
    #2834,#2859,#2883,#2907,#2932,#2957,#2974,#3005,#3030,#3055,#3079,
    #3103,#3128,#3153,#3170,#3201,#3226,#3251,#3275,#3299,#3324,#3349,
    #3366,#3397,#3422,#3447,#3471,#3495,#3520,#3545,#3562,#3586,#3617,
    #3657,#3681,#3714,#3745,#3770,#3795,#3819,#3843,#3868,#3893,#3910,
    #3969,#3993,#4020,#4044,#4068,#4092,#4112,#4129,#4153,#4177,#4197,
    #4224,#4248,#4270,#4282,#4299,#4337,#4349,#4496,#4508,#4525,#4542,
    #4564,#4576));
#963 = ADVANCED_FACE('',(#964,#998,#1009,#1079,#1149,#1219,#1289,#1300,
    #1370,#1440,#1510,#1580,#1591,#1625,#1695,#1706),#1717,.F.);
#964 = FACE_BOUND('',#965,.F.);
#965 = EDGE_LOOP('',(#966,#976,#984,#992));
#966 = ORIENTED_EDGE('',*,*,#967,.T.);
#967 = EDGE_CURVE('',#968,#970,#972,.T.);
#968 = VERTEX_POINT('',#969);
#969 = CARTESIAN_POINT('',(-50.,-50.,0.));
#970 = VERTEX_POINT('',#971);
#971 = CARTESIAN_POINT('',(50.,-50.,0.));
#972 = LINE('',#973,#974);
#973 = CARTESIAN_POINT('',(-50.,-50.,0.));
#974 = VECTOR('',#975,1.);
#975 = DIRECTION('',(1.,0.,0.));
#976 = ORIENTED_EDGE('',*,*,#977,.T.);
#977 = EDGE_CURVE('',#970,#978,#980,.T.);
#978 = VERTEX_POINT('',#979);
#979 = CARTESIAN_POINT('',(50.,50.,0.));
#980 = LINE('',#981,#982);
#981 = CARTESIAN_POINT('',(50.,-50.,0.));
#982 = VECTOR('',#983,1.);
#983 = DIRECTION('',(0.,1.,0.));
#984 = ORIENTED_EDGE('',*,*,#985,.T.);
#985 = EDGE_CURVE('',#978,#986,#988,.T.);
#986 = VERTEX_POINT('',#987);
#987 = CARTESIAN_POINT('',(-50.,50.,0.));
#988 = LINE('',#989,#990);
#989 = CARTESIAN_POINT('',(50.,50.,0.));
#990 = VECTOR('',#991,1.);
#991 = DIRECTION('',(-1.,0.,0.));
#992 = ORIENTED_EDGE('',*,*,#993,.T.);
#993 = EDGE_CURVE('',#986,#968,#994,.T.);
#994 = LINE('',#995,#996);
#995 = CARTESIAN_POINT('',(-50.,50.,0.));
#996 = VECTOR('',#997,1.);
#997 = DIRECTION('',(0.,-1.,0.));
#998 = FACE_BOUND('',#999,.F.);
#999 = EDGE_LOOP('',(#1000));
#1000 = ORIENTED_EDGE('',*,*,#1001,.F.);
#1001 = EDGE_CURVE('',#1002,#1002,#1004,.T.);
#1002 = VERTEX_POINT('',#1003);
#1003 = CARTESIAN_POINT('',(-43.25,-45.,0.));
#1004 = CIRCLE('',#1005,1.75);
#1005 = AXIS2_PLACEMENT_3D('',#1006,#1007,#1008);
#1006 = CARTESIAN_POINT('',(-45.,-45.,0.));
#1007 = DIRECTION('',(0.,0.,1.));
#1008 = DIRECTION('',(1.,0.,0.));
#1009 = FACE_BOUND('',#1010,.F.);
#1010 = EDGE_LOOP('',(#1011,#1021,#1030,#1038,#1047,#1055,#1064,#1072));
#1011 = ORIENTED_EDGE('',*,*,#1012,.T.);
#1012 = EDGE_CURVE('',#1013,#1015,#1017,.T.);
#1013 = VERTEX_POINT('',#1014);
#1014 = CARTESIAN_POINT('',(-26.05,-25.55,0.));
#1015 = VERTEX_POINT('',#1016);
#1016 = CARTESIAN_POINT('',(-26.05,-12.55,0.));
#1017 = LINE('',#1018,#1019);
#1018 = CARTESIAN_POINT('',(-26.05,-25.55,0.));
#1019 = VECTOR('',#1020,1.);
#1020 = DIRECTION('',(0.,1.,0.));
#1021 = ORIENTED_EDGE('',*,*,#1022,.F.);
#1022 = EDGE_CURVE('',#1023,#1015,#1025,.T.);
#1023 = VERTEX_POINT('',#1024);
#1024 = CARTESIAN_POINT('',(-25.55,-12.05,0.));
#1025 = CIRCLE('',#1026,0.5);
#1026 = AXIS2_PLACEMENT_3D('',#1027,#1028,#1029);
#1027 = CARTESIAN_POINT('',(-25.55,-12.55,0.));
#1028 = DIRECTION('',(0.,0.,1.));
#1029 = DIRECTION('',(1.,0.,0.));
#1030 = ORIENTED_EDGE('',*,*,#1031,.T.);
#1031 = EDGE_CURVE('',#1023,#1032,#1034,.T.);
#1032 = VERTEX_POINT('',#1033);
#1033 = CARTESIAN_POINT('',(-12.55,-12.05,0.));
#1034 = LINE('',#1035,#1036);
#1035 = CARTESIAN_POINT('',(-25.55,-12.05,0.));
#1036 = VECTOR('',#1037,1.);
#1037 = DIRECTION('',(1.,0.,0.));
#1038 = ORIENTED_EDGE('',*,*,#1039,.F.);
#1039 = EDGE_CURVE('',#1040,#1032,#1042,.T.);
#1040 = VERTEX_POINT('',#1041);
#1041 = CARTESIAN_POINT('',(-12.05,-12.55,0.));
#1042 = CIRCLE('',#1043,0.5);
#1043 = AXIS2_PLACEMENT_3D('',#1044,#1045,#1046);
#1044 = CARTESIAN_POINT('',(-12.55,-12.55,0.));
#1045 = DIRECTION('',(0.,0.,1.));
#1046 = DIRECTION('',(1.,0.,0.));
#1047 = ORIENTED_EDGE('',*,*,#1048,.T.);
#1048 = EDGE_CURVE('',#1040,#1049,#1051,.T.);
#1049 = VERTEX_POINT('',#1050);
#1050 = CARTESIAN_POINT('',(-12.05,-25.55,0.));
#1051 = LINE('',#1052,#1053);
#1052 = CARTESIAN_POINT('',(-12.05,-12.55,0.));
#1053 = VECTOR('',#1054,1.);
#1054 = DIRECTION('',(0.,-1.,0.));
#1055 = ORIENTED_EDGE('',*,*,#1056,.F.);
#1056 = EDGE_CURVE('',#1057,#1049,#1059,.T.);
#1057 = VERTEX_POINT('',#1058);
#1058 = CARTESIAN_POINT('',(-12.55,-26.05,0.));
#1059 = CIRCLE('',#1060,0.5);
#1060 = AXIS2_PLACEMENT_3D('',#1061,#1062,#1063);
#1061 = CARTESIAN_POINT('',(-12.55,-25.55,0.));
#1062 = DIRECTION('',(0.,0.,1.));
#1063 = DIRECTION('',(1.,0.,0.));
#1064 = ORIENTED_EDGE('',*,*,#1065,.T.);
#1065 = EDGE_CURVE('',#1057,#1066,#1068,.T.);
#1066 = VERTEX_POINT('',#1067);
#1067 = CARTESIAN_POINT('',(-25.55,-26.05,0.));
#1068 = LINE('',#1069,#1070);
#1069 = CARTESIAN_POINT('',(-12.55,-26.05,0.));
#1070 = VECTOR('',#1071,1.);
#1071 = DIRECTION('',(-1.,0.,0.));
#1072 = ORIENTED_EDGE('',*,*,#1073,.F.);
#1073 = EDGE_CURVE('',#1013,#1066,#1074,.T.);
#1074 = CIRCLE('',#1075,0.5);
#1075 = AXIS2_PLACEMENT_3D('',#1076,#1077,#1078);
#1076 = CARTESIAN_POINT('',(-25.55,-25.55,0.));
#1077 = DIRECTION('',(0.,0.,1.));
#1078 = DIRECTION('',(1.,0.,0.));
#1079 = FACE_BOUND('',#1080,.F.);
#1080 = EDGE_LOOP('',(#1081,#1091,#1100,#1108,#1117,#1125,#1134,#1142));
#1081 = ORIENTED_EDGE('',*,*,#1082,.T.);
#1082 = EDGE_CURVE('',#1083,#1085,#1087,.T.);
#1083 = VERTEX_POINT('',#1084);
#1084 = CARTESIAN_POINT('',(-7.,-25.55,0.));
#1085 = VERTEX_POINT('',#1086);
#1086 = CARTESIAN_POINT('',(-7.,-12.55,0.));
#1087 = LINE('',#1088,#1089);
#1088 = CARTESIAN_POINT('',(-7.,-25.55,0.));
#1089 = VECTOR('',#1090,1.);
#1090 = DIRECTION('',(0.,1.,0.));
#1091 = ORIENTED_EDGE('',*,*,#1092,.F.);
#1092 = EDGE_CURVE('',#1093,#1085,#1095,.T.);
#1093 = VERTEX_POINT('',#1094);
#1094 = CARTESIAN_POINT('',(-6.5,-12.05,0.));
#1095 = CIRCLE('',#1096,0.5);
#1096 = AXIS2_PLACEMENT_3D('',#1097,#1098,#1099);
#1097 = CARTESIAN_POINT('',(-6.5,-12.55,0.));
#1098 = DIRECTION('',(0.,0.,1.));
#1099 = DIRECTION('',(1.,0.,0.));
#1100 = ORIENTED_EDGE('',*,*,#1101,.T.);
#1101 = EDGE_CURVE('',#1093,#1102,#1104,.T.);
#1102 = VERTEX_POINT('',#1103);
#1103 = CARTESIAN_POINT('',(6.5,-12.05,0.));
#1104 = LINE('',#1105,#1106);
#1105 = CARTESIAN_POINT('',(-6.5,-12.05,0.));
#1106 = VECTOR('',#1107,1.);
#1107 = DIRECTION('',(1.,0.,0.));
#1108 = ORIENTED_EDGE('',*,*,#1109,.F.);
#1109 = EDGE_CURVE('',#1110,#1102,#1112,.T.);
#1110 = VERTEX_POINT('',#1111);
#1111 = CARTESIAN_POINT('',(7.,-12.55,0.));
#1112 = CIRCLE('',#1113,0.5);
#1113 = AXIS2_PLACEMENT_3D('',#1114,#1115,#1116);
#1114 = CARTESIAN_POINT('',(6.5,-12.55,0.));
#1115 = DIRECTION('',(0.,0.,1.));
#1116 = DIRECTION('',(1.,0.,0.));
#1117 = ORIENTED_EDGE('',*,*,#1118,.T.);
#1118 = EDGE_CURVE('',#1110,#1119,#1121,.T.);
#1119 = VERTEX_POINT('',#1120);
#1120 = CARTESIAN_POINT('',(7.,-25.55,0.));
#1121 = LINE('',#1122,#1123);
#1122 = CARTESIAN_POINT('',(7.,-12.55,0.));
#1123 = VECTOR('',#1124,1.);
#1124 = DIRECTION('',(0.,-1.,0.));
#1125 = ORIENTED_EDGE('',*,*,#1126,.F.);
#1126 = EDGE_CURVE('',#1127,#1119,#1129,.T.);
#1127 = VERTEX_POINT('',#1128);
#1128 = CARTESIAN_POINT('',(6.5,-26.05,0.));
#1129 = CIRCLE('',#1130,0.5);
#1130 = AXIS2_PLACEMENT_3D('',#1131,#1132,#1133);
#1131 = CARTESIAN_POINT('',(6.5,-25.55,0.));
#1132 = DIRECTION('',(0.,0.,1.));
#1133 = DIRECTION('',(1.,0.,0.));
#1134 = ORIENTED_EDGE('',*,*,#1135,.T.);
#1135 = EDGE_CURVE('',#1127,#1136,#1138,.T.);
#1136 = VERTEX_POINT('',#1137);
#1137 = CARTESIAN_POINT('',(-6.5,-26.05,0.));
#1138 = LINE('',#1139,#1140);
#1139 = CARTESIAN_POINT('',(6.5,-26.05,0.));
#1140 = VECTOR('',#1141,1.);
#1141 = DIRECTION('',(-1.,0.,0.));
#1142 = ORIENTED_EDGE('',*,*,#1143,.F.);
#1143 = EDGE_CURVE('',#1083,#1136,#1144,.T.);
#1144 = CIRCLE('',#1145,0.5);
#1145 = AXIS2_PLACEMENT_3D('',#1146,#1147,#1148);
#1146 = CARTESIAN_POINT('',(-6.5,-25.55,0.));
#1147 = DIRECTION('',(0.,0.,1.));
#1148 = DIRECTION('',(1.,0.,0.));
#1149 = FACE_BOUND('',#1150,.F.);
#1150 = EDGE_LOOP('',(#1151,#1161,#1170,#1178,#1187,#1195,#1204,#1212));
#1151 = ORIENTED_EDGE('',*,*,#1152,.T.);
#1152 = EDGE_CURVE('',#1153,#1155,#1157,.T.);
#1153 = VERTEX_POINT('',#1154);
#1154 = CARTESIAN_POINT('',(-12.05,6.5,0.));
#1155 = VERTEX_POINT('',#1156);
#1156 = CARTESIAN_POINT('',(-12.05,-6.5,0.));
#1157 = LINE('',#1158,#1159);
#1158 = CARTESIAN_POINT('',(-12.05,6.5,0.));
#1159 = VECTOR('',#1160,1.);
#1160 = DIRECTION('',(0.,-1.,0.));
#1161 = ORIENTED_EDGE('',*,*,#1162,.F.);
#1162 = EDGE_CURVE('',#1163,#1155,#1165,.T.);
#1163 = VERTEX_POINT('',#1164);
#1164 = CARTESIAN_POINT('',(-12.55,-7.,0.));
#1165 = CIRCLE('',#1166,0.5);
#1166 = AXIS2_PLACEMENT_3D('',#1167,#1168,#1169);
#1167 = CARTESIAN_POINT('',(-12.55,-6.5,0.));
#1168 = DIRECTION('',(0.,0.,1.));
#1169 = DIRECTION('',(1.,0.,0.));
#1170 = ORIENTED_EDGE('',*,*,#1171,.T.);
#1171 = EDGE_CURVE('',#1163,#1172,#1174,.T.);
#1172 = VERTEX_POINT('',#1173);
#1173 = CARTESIAN_POINT('',(-25.55,-7.,0.));
#1174 = LINE('',#1175,#1176);
#1175 = CARTESIAN_POINT('',(-12.55,-7.,0.));
#1176 = VECTOR('',#1177,1.);
#1177 = DIRECTION('',(-1.,0.,0.));
#1178 = ORIENTED_EDGE('',*,*,#1179,.F.);
#1179 = EDGE_CURVE('',#1180,#1172,#1182,.T.);
#1180 = VERTEX_POINT('',#1181);
#1181 = CARTESIAN_POINT('',(-26.05,-6.5,0.));
#1182 = CIRCLE('',#1183,0.5);
#1183 = AXIS2_PLACEMENT_3D('',#1184,#1185,#1186);
#1184 = CARTESIAN_POINT('',(-25.55,-6.5,0.));
#1185 = DIRECTION('',(0.,0.,1.));
#1186 = DIRECTION('',(1.,0.,0.));
#1187 = ORIENTED_EDGE('',*,*,#1188,.T.);
#1188 = EDGE_CURVE('',#1180,#1189,#1191,.T.);
#1189 = VERTEX_POINT('',#1190);
#1190 = CARTESIAN_POINT('',(-26.05,6.5,0.));
#1191 = LINE('',#1192,#1193);
#1192 = CARTESIAN_POINT('',(-26.05,-6.5,0.));
#1193 = VECTOR('',#1194,1.);
#1194 = DIRECTION('',(0.,1.,0.));
#1195 = ORIENTED_EDGE('',*,*,#1196,.F.);
#1196 = EDGE_CURVE('',#1197,#1189,#1199,.T.);
#1197 = VERTEX_POINT('',#1198);
#1198 = CARTESIAN_POINT('',(-25.55,7.,0.));
#1199 = CIRCLE('',#1200,0.5);
#1200 = AXIS2_PLACEMENT_3D('',#1201,#1202,#1203);
#1201 = CARTESIAN_POINT('',(-25.55,6.5,0.));
#1202 = DIRECTION('',(0.,0.,1.));
#1203 = DIRECTION('',(1.,0.,0.));
#1204 = ORIENTED_EDGE('',*,*,#1205,.T.);
#1205 = EDGE_CURVE('',#1197,#1206,#1208,.T.);
#1206 = VERTEX_POINT('',#1207);
#1207 = CARTESIAN_POINT('',(-12.55,7.,0.));
#1208 = LINE('',#1209,#1210);
#1209 = CARTESIAN_POINT('',(-25.55,7.,0.));
#1210 = VECTOR('',#1211,1.);
#1211 = DIRECTION('',(1.,0.,0.));
#1212 = ORIENTED_EDGE('',*,*,#1213,.F.);
#1213 = EDGE_CURVE('',#1153,#1206,#1214,.T.);
#1214 = CIRCLE('',#1215,0.5);
#1215 = AXIS2_PLACEMENT_3D('',#1216,#1217,#1218);
#1216 = CARTESIAN_POINT('',(-12.55,6.5,0.));
#1217 = DIRECTION('',(0.,0.,1.));
#1218 = DIRECTION('',(1.,0.,0.));
#1219 = FACE_BOUND('',#1220,.F.);
#1220 = EDGE_LOOP('',(#1221,#1231,#1240,#1248,#1257,#1265,#1274,#1282));
#1221 = ORIENTED_EDGE('',*,*,#1222,.F.);
#1222 = EDGE_CURVE('',#1223,#1225,#1227,.T.);
#1223 = VERTEX_POINT('',#1224);
#1224 = CARTESIAN_POINT('',(-6.5,-7.,0.));
#1225 = VERTEX_POINT('',#1226);
#1226 = CARTESIAN_POINT('',(6.5,-7.,0.));
#1227 = LINE('',#1228,#1229);
#1228 = CARTESIAN_POINT('',(-6.5,-7.,0.));
#1229 = VECTOR('',#1230,1.);
#1230 = DIRECTION('',(1.,0.,0.));
#1231 = ORIENTED_EDGE('',*,*,#1232,.F.);
#1232 = EDGE_CURVE('',#1233,#1223,#1235,.T.);
#1233 = VERTEX_POINT('',#1234);
#1234 = CARTESIAN_POINT('',(-7.,-6.5,0.));
#1235 = CIRCLE('',#1236,0.5);
#1236 = AXIS2_PLACEMENT_3D('',#1237,#1238,#1239);
#1237 = CARTESIAN_POINT('',(-6.5,-6.5,0.));
#1238 = DIRECTION('',(0.,0.,1.));
#1239 = DIRECTION('',(1.,0.,0.));
#1240 = ORIENTED_EDGE('',*,*,#1241,.F.);
#1241 = EDGE_CURVE('',#1242,#1233,#1244,.T.);
#1242 = VERTEX_POINT('',#1243);
#1243 = CARTESIAN_POINT('',(-7.,6.5,0.));
#1244 = LINE('',#1245,#1246);
#1245 = CARTESIAN_POINT('',(-7.,6.5,0.));
#1246 = VECTOR('',#1247,1.);
#1247 = DIRECTION('',(0.,-1.,0.));
#1248 = ORIENTED_EDGE('',*,*,#1249,.F.);
#1249 = EDGE_CURVE('',#1250,#1242,#1252,.T.);
#1250 = VERTEX_POINT('',#1251);
#1251 = CARTESIAN_POINT('',(-6.5,7.,0.));
#1252 = CIRCLE('',#1253,0.5);
#1253 = AXIS2_PLACEMENT_3D('',#1254,#1255,#1256);
#1254 = CARTESIAN_POINT('',(-6.5,6.5,0.));
#1255 = DIRECTION('',(0.,0.,1.));
#1256 = DIRECTION('',(1.,0.,0.));
#1257 = ORIENTED_EDGE('',*,*,#1258,.F.);
#1258 = EDGE_CURVE('',#1259,#1250,#1261,.T.);
#1259 = VERTEX_POINT('',#1260);
#1260 = CARTESIAN_POINT('',(6.5,7.,0.));
#1261 = LINE('',#1262,#1263);
#1262 = CARTESIAN_POINT('',(6.5,7.,0.));
#1263 = VECTOR('',#1264,1.);
#1264 = DIRECTION('',(-1.,0.,0.));
#1265 = ORIENTED_EDGE('',*,*,#1266,.F.);
#1266 = EDGE_CURVE('',#1267,#1259,#1269,.T.);
#1267 = VERTEX_POINT('',#1268);
#1268 = CARTESIAN_POINT('',(7.,6.5,0.));
#1269 = CIRCLE('',#1270,0.5);
#1270 = AXIS2_PLACEMENT_3D('',#1271,#1272,#1273);
#1271 = CARTESIAN_POINT('',(6.5,6.5,0.));
#1272 = DIRECTION('',(0.,0.,1.));
#1273 = DIRECTION('',(1.,0.,0.));
#1274 = ORIENTED_EDGE('',*,*,#1275,.F.);
#1275 = EDGE_CURVE('',#1276,#1267,#1278,.T.);
#1276 = VERTEX_POINT('',#1277);
#1277 = CARTESIAN_POINT('',(7.,-6.5,0.));
#1278 = LINE('',#1279,#1280);
#1279 = CARTESIAN_POINT('',(7.,-6.5,0.));
#1280 = VECTOR('',#1281,1.);
#1281 = DIRECTION('',(0.,1.,0.));
#1282 = ORIENTED_EDGE('',*,*,#1283,.F.);
#1283 = EDGE_CURVE('',#1225,#1276,#1284,.T.);
#1284 = CIRCLE('',#1285,0.5);
#1285 = AXIS2_PLACEMENT_3D('',#1286,#1287,#1288);
#1286 = CARTESIAN_POINT('',(6.5,-6.5,0.));
#1287 = DIRECTION('',(0.,0.,1.));
#1288 = DIRECTION('',(1.,0.,0.));
#1289 = FACE_BOUND('',#1290,.F.);
#1290 = EDGE_LOOP('',(#1291));
#1291 = ORIENTED_EDGE('',*,*,#1292,.F.);
#1292 = EDGE_CURVE('',#1293,#1293,#1295,.T.);
#1293 = VERTEX_POINT('',#1294);
#1294 = CARTESIAN_POINT('',(46.75,-45.,0.));
#1295 = CIRCLE('',#1296,1.75);
#1296 = AXIS2_PLACEMENT_3D('',#1297,#1298,#1299);
#1297 = CARTESIAN_POINT('',(45.,-45.,0.));
#1298 = DIRECTION('',(0.,0.,1.));
#1299 = DIRECTION('',(1.,0.,0.));
#1300 = FACE_BOUND('',#1301,.F.);
#1301 = EDGE_LOOP('',(#1302,#1312,#1321,#1329,#1338,#1346,#1355,#1363));
#1302 = ORIENTED_EDGE('',*,*,#1303,.F.);
#1303 = EDGE_CURVE('',#1304,#1306,#1308,.T.);
#1304 = VERTEX_POINT('',#1305);
#1305 = CARTESIAN_POINT('',(25.55,-12.05,0.));
#1306 = VERTEX_POINT('',#1307);
#1307 = CARTESIAN_POINT('',(12.55,-12.05,0.));
#1308 = LINE('',#1309,#1310);
#1309 = CARTESIAN_POINT('',(25.55,-12.05,0.));
#1310 = VECTOR('',#1311,1.);
#1311 = DIRECTION('',(-1.,0.,0.));
#1312 = ORIENTED_EDGE('',*,*,#1313,.F.);
#1313 = EDGE_CURVE('',#1314,#1304,#1316,.T.);
#1314 = VERTEX_POINT('',#1315);
#1315 = CARTESIAN_POINT('',(26.05,-12.55,0.));
#1316 = CIRCLE('',#1317,0.5);
#1317 = AXIS2_PLACEMENT_3D('',#1318,#1319,#1320);
#1318 = CARTESIAN_POINT('',(25.55,-12.55,0.));
#1319 = DIRECTION('',(0.,0.,1.));
#1320 = DIRECTION('',(1.,0.,0.));
#1321 = ORIENTED_EDGE('',*,*,#1322,.F.);
#1322 = EDGE_CURVE('',#1323,#1314,#1325,.T.);
#1323 = VERTEX_POINT('',#1324);
#1324 = CARTESIAN_POINT('',(26.05,-25.55,0.));
#1325 = LINE('',#1326,#1327);
#1326 = CARTESIAN_POINT('',(26.05,-25.55,0.));
#1327 = VECTOR('',#1328,1.);
#1328 = DIRECTION('',(0.,1.,0.));
#1329 = ORIENTED_EDGE('',*,*,#1330,.F.);
#1330 = EDGE_CURVE('',#1331,#1323,#1333,.T.);
#1331 = VERTEX_POINT('',#1332);
#1332 = CARTESIAN_POINT('',(25.55,-26.05,0.));
#1333 = CIRCLE('',#1334,0.5);
#1334 = AXIS2_PLACEMENT_3D('',#1335,#1336,#1337);
#1335 = CARTESIAN_POINT('',(25.55,-25.55,0.));
#1336 = DIRECTION('',(0.,0.,1.));
#1337 = DIRECTION('',(1.,0.,0.));
#1338 = ORIENTED_EDGE('',*,*,#1339,.F.);
#1339 = EDGE_CURVE('',#1340,#1331,#1342,.T.);
#1340 = VERTEX_POINT('',#1341);
#1341 = CARTESIAN_POINT('',(12.55,-26.05,0.));
#1342 = LINE('',#1343,#1344);
#1343 = CARTESIAN_POINT('',(12.55,-26.05,0.));
#1344 = VECTOR('',#1345,1.);
#1345 = DIRECTION('',(1.,0.,0.));
#1346 = ORIENTED_EDGE('',*,*,#1347,.F.);
#1347 = EDGE_CURVE('',#1348,#1340,#1350,.T.);
#1348 = VERTEX_POINT('',#1349);
#1349 = CARTESIAN_POINT('',(12.05,-25.55,0.));
#1350 = CIRCLE('',#1351,0.5);
#1351 = AXIS2_PLACEMENT_3D('',#1352,#1353,#1354);
#1352 = CARTESIAN_POINT('',(12.55,-25.55,0.));
#1353 = DIRECTION('',(0.,0.,1.));
#1354 = DIRECTION('',(1.,0.,0.));
#1355 = ORIENTED_EDGE('',*,*,#1356,.F.);
#1356 = EDGE_CURVE('',#1357,#1348,#1359,.T.);
#1357 = VERTEX_POINT('',#1358);
#1358 = CARTESIAN_POINT('',(12.05,-12.55,0.));
#1359 = LINE('',#1360,#1361);
#1360 = CARTESIAN_POINT('',(12.05,-12.55,0.));
#1361 = VECTOR('',#1362,1.);
#1362 = DIRECTION('',(0.,-1.,0.));
#1363 = ORIENTED_EDGE('',*,*,#1364,.F.);
#1364 = EDGE_CURVE('',#1306,#1357,#1365,.T.);
#1365 = CIRCLE('',#1366,0.5);
#1366 = AXIS2_PLACEMENT_3D('',#1367,#1368,#1369);
#1367 = CARTESIAN_POINT('',(12.55,-12.55,0.));
#1368 = DIRECTION('',(0.,0.,1.));
#1369 = DIRECTION('',(1.,0.,0.));
#1370 = FACE_BOUND('',#1371,.F.);
#1371 = EDGE_LOOP('',(#1372,#1382,#1391,#1399,#1408,#1416,#1425,#1433));
#1372 = ORIENTED_EDGE('',*,*,#1373,.F.);
#1373 = EDGE_CURVE('',#1374,#1376,#1378,.T.);
#1374 = VERTEX_POINT('',#1375);
#1375 = CARTESIAN_POINT('',(12.55,-7.,0.));
#1376 = VERTEX_POINT('',#1377);
#1377 = CARTESIAN_POINT('',(25.55,-7.,0.));
#1378 = LINE('',#1379,#1380);
#1379 = CARTESIAN_POINT('',(12.55,-7.,0.));
#1380 = VECTOR('',#1381,1.);
#1381 = DIRECTION('',(1.,0.,0.));
#1382 = ORIENTED_EDGE('',*,*,#1383,.F.);
#1383 = EDGE_CURVE('',#1384,#1374,#1386,.T.);
#1384 = VERTEX_POINT('',#1385);
#1385 = CARTESIAN_POINT('',(12.05,-6.5,0.));
#1386 = CIRCLE('',#1387,0.5);
#1387 = AXIS2_PLACEMENT_3D('',#1388,#1389,#1390);
#1388 = CARTESIAN_POINT('',(12.55,-6.5,0.));
#1389 = DIRECTION('',(0.,0.,1.));
#1390 = DIRECTION('',(1.,0.,0.));
#1391 = ORIENTED_EDGE('',*,*,#1392,.F.);
#1392 = EDGE_CURVE('',#1393,#1384,#1395,.T.);
#1393 = VERTEX_POINT('',#1394);
#1394 = CARTESIAN_POINT('',(12.05,6.5,0.));
#1395 = LINE('',#1396,#1397);
#1396 = CARTESIAN_POINT('',(12.05,6.5,0.));
#1397 = VECTOR('',#1398,1.);
#1398 = DIRECTION('',(0.,-1.,0.));
#1399 = ORIENTED_EDGE('',*,*,#1400,.F.);
#1400 = EDGE_CURVE('',#1401,#1393,#1403,.T.);
#1401 = VERTEX_POINT('',#1402);
#1402 = CARTESIAN_POINT('',(12.55,7.,0.));
#1403 = CIRCLE('',#1404,0.5);
#1404 = AXIS2_PLACEMENT_3D('',#1405,#1406,#1407);
#1405 = CARTESIAN_POINT('',(12.55,6.5,0.));
#1406 = DIRECTION('',(0.,0.,1.));
#1407 = DIRECTION('',(1.,0.,0.));
#1408 = ORIENTED_EDGE('',*,*,#1409,.F.);
#1409 = EDGE_CURVE('',#1410,#1401,#1412,.T.);
#1410 = VERTEX_POINT('',#1411);
#1411 = CARTESIAN_POINT('',(25.55,7.,0.));
#1412 = LINE('',#1413,#1414);
#1413 = CARTESIAN_POINT('',(25.55,7.,0.));
#1414 = VECTOR('',#1415,1.);
#1415 = DIRECTION('',(-1.,0.,0.));
#1416 = ORIENTED_EDGE('',*,*,#1417,.F.);
#1417 = EDGE_CURVE('',#1418,#1410,#1420,.T.);
#1418 = VERTEX_POINT('',#1419);
#1419 = CARTESIAN_POINT('',(26.05,6.5,0.));
#1420 = CIRCLE('',#1421,0.5);
#1421 = AXIS2_PLACEMENT_3D('',#1422,#1423,#1424);
#1422 = CARTESIAN_POINT('',(25.55,6.5,0.));
#1423 = DIRECTION('',(0.,0.,1.));
#1424 = DIRECTION('',(1.,0.,0.));
#1425 = ORIENTED_EDGE('',*,*,#1426,.F.);
#1426 = EDGE_CURVE('',#1427,#1418,#1429,.T.);
#1427 = VERTEX_POINT('',#1428);
#1428 = CARTESIAN_POINT('',(26.05,-6.5,0.));
#1429 = LINE('',#1430,#1431);
#1430 = CARTESIAN_POINT('',(26.05,-6.5,0.));
#1431 = VECTOR('',#1432,1.);
#1432 = DIRECTION('',(0.,1.,0.));
#1433 = ORIENTED_EDGE('',*,*,#1434,.F.);
#1434 = EDGE_CURVE('',#1376,#1427,#1435,.T.);
#1435 = CIRCLE('',#1436,0.5);
#1436 = AXIS2_PLACEMENT_3D('',#1437,#1438,#1439);
#1437 = CARTESIAN_POINT('',(25.55,-6.5,0.));
#1438 = DIRECTION('',(0.,0.,1.));
#1439 = DIRECTION('',(1.,0.,0.));
#1440 = FACE_BOUND('',#1441,.F.);
#1441 = EDGE_LOOP('',(#1442,#1452,#1461,#1469,#1478,#1486,#1495,#1503));
#1442 = ORIENTED_EDGE('',*,*,#1443,.F.);
#1443 = EDGE_CURVE('',#1444,#1446,#1448,.T.);
#1444 = VERTEX_POINT('',#1445);
#1445 = CARTESIAN_POINT('',(-25.55,12.05,0.));
#1446 = VERTEX_POINT('',#1447);
#1447 = CARTESIAN_POINT('',(-12.55,12.05,0.));
#1448 = LINE('',#1449,#1450);
#1449 = CARTESIAN_POINT('',(-25.55,12.05,0.));
#1450 = VECTOR('',#1451,1.);
#1451 = DIRECTION('',(1.,0.,0.));
#1452 = ORIENTED_EDGE('',*,*,#1453,.F.);
#1453 = EDGE_CURVE('',#1454,#1444,#1456,.T.);
#1454 = VERTEX_POINT('',#1455);
#1455 = CARTESIAN_POINT('',(-26.05,12.55,0.));
#1456 = CIRCLE('',#1457,0.5);
#1457 = AXIS2_PLACEMENT_3D('',#1458,#1459,#1460);
#1458 = CARTESIAN_POINT('',(-25.55,12.55,0.));
#1459 = DIRECTION('',(0.,0.,1.));
#1460 = DIRECTION('',(1.,0.,0.));
#1461 = ORIENTED_EDGE('',*,*,#1462,.F.);
#1462 = EDGE_CURVE('',#1463,#1454,#1465,.T.);
#1463 = VERTEX_POINT('',#1464);
#1464 = CARTESIAN_POINT('',(-26.05,25.55,0.));
#1465 = LINE('',#1466,#1467);
#1466 = CARTESIAN_POINT('',(-26.05,25.55,0.));
#1467 = VECTOR('',#1468,1.);
#1468 = DIRECTION('',(0.,-1.,0.));
#1469 = ORIENTED_EDGE('',*,*,#1470,.F.);
#1470 = EDGE_CURVE('',#1471,#1463,#1473,.T.);
#1471 = VERTEX_POINT('',#1472);
#1472 = CARTESIAN_POINT('',(-25.55,26.05,0.));
#1473 = CIRCLE('',#1474,0.5);
#1474 = AXIS2_PLACEMENT_3D('',#1475,#1476,#1477);
#1475 = CARTESIAN_POINT('',(-25.55,25.55,0.));
#1476 = DIRECTION('',(0.,0.,1.));
#1477 = DIRECTION('',(1.,0.,0.));
#1478 = ORIENTED_EDGE('',*,*,#1479,.F.);
#1479 = EDGE_CURVE('',#1480,#1471,#1482,.T.);
#1480 = VERTEX_POINT('',#1481);
#1481 = CARTESIAN_POINT('',(-12.55,26.05,0.));
#1482 = LINE('',#1483,#1484);
#1483 = CARTESIAN_POINT('',(-12.55,26.05,0.));
#1484 = VECTOR('',#1485,1.);
#1485 = DIRECTION('',(-1.,0.,0.));
#1486 = ORIENTED_EDGE('',*,*,#1487,.F.);
#1487 = EDGE_CURVE('',#1488,#1480,#1490,.T.);
#1488 = VERTEX_POINT('',#1489);
#1489 = CARTESIAN_POINT('',(-12.05,25.55,0.));
#1490 = CIRCLE('',#1491,0.5);
#1491 = AXIS2_PLACEMENT_3D('',#1492,#1493,#1494);
#1492 = CARTESIAN_POINT('',(-12.55,25.55,0.));
#1493 = DIRECTION('',(0.,0.,1.));
#1494 = DIRECTION('',(1.,0.,0.));
#1495 = ORIENTED_EDGE('',*,*,#1496,.F.);
#1496 = EDGE_CURVE('',#1497,#1488,#1499,.T.);
#1497 = VERTEX_POINT('',#1498);
#1498 = CARTESIAN_POINT('',(-12.05,12.55,0.));
#1499 = LINE('',#1500,#1501);
#1500 = CARTESIAN_POINT('',(-12.05,12.55,0.));
#1501 = VECTOR('',#1502,1.);
#1502 = DIRECTION('',(0.,1.,0.));
#1503 = ORIENTED_EDGE('',*,*,#1504,.F.);
#1504 = EDGE_CURVE('',#1446,#1497,#1505,.T.);
#1505 = CIRCLE('',#1506,0.5);
#1506 = AXIS2_PLACEMENT_3D('',#1507,#1508,#1509);
#1507 = CARTESIAN_POINT('',(-12.55,12.55,0.));
#1508 = DIRECTION('',(0.,0.,1.));
#1509 = DIRECTION('',(1.,0.,0.));
#1510 = FACE_BOUND('',#1511,.F.);
#1511 = EDGE_LOOP('',(#1512,#1522,#1531,#1539,#1548,#1556,#1565,#1573));
#1512 = ORIENTED_EDGE('',*,*,#1513,.F.);
#1513 = EDGE_CURVE('',#1514,#1516,#1518,.T.);
#1514 = VERTEX_POINT('',#1515);
#1515 = CARTESIAN_POINT('',(-6.5,12.05,0.));
#1516 = VERTEX_POINT('',#1517);
#1517 = CARTESIAN_POINT('',(6.5,12.05,0.));
#1518 = LINE('',#1519,#1520);
#1519 = CARTESIAN_POINT('',(-6.5,12.05,0.));
#1520 = VECTOR('',#1521,1.);
#1521 = DIRECTION('',(1.,0.,0.));
#1522 = ORIENTED_EDGE('',*,*,#1523,.F.);
#1523 = EDGE_CURVE('',#1524,#1514,#1526,.T.);
#1524 = VERTEX_POINT('',#1525);
#1525 = CARTESIAN_POINT('',(-7.,12.55,0.));
#1526 = CIRCLE('',#1527,0.5);
#1527 = AXIS2_PLACEMENT_3D('',#1528,#1529,#1530);
#1528 = CARTESIAN_POINT('',(-6.5,12.55,0.));
#1529 = DIRECTION('',(0.,0.,1.));
#1530 = DIRECTION('',(1.,0.,0.));
#1531 = ORIENTED_EDGE('',*,*,#1532,.F.);
#1532 = EDGE_CURVE('',#1533,#1524,#1535,.T.);
#1533 = VERTEX_POINT('',#1534);
#1534 = CARTESIAN_POINT('',(-7.,25.55,0.));
#1535 = LINE('',#1536,#1537);
#1536 = CARTESIAN_POINT('',(-7.,25.55,0.));
#1537 = VECTOR('',#1538,1.);
#1538 = DIRECTION('',(0.,-1.,0.));
#1539 = ORIENTED_EDGE('',*,*,#1540,.F.);
#1540 = EDGE_CURVE('',#1541,#1533,#1543,.T.);
#1541 = VERTEX_POINT('',#1542);
#1542 = CARTESIAN_POINT('',(-6.5,26.05,0.));
#1543 = CIRCLE('',#1544,0.5);
#1544 = AXIS2_PLACEMENT_3D('',#1545,#1546,#1547);
#1545 = CARTESIAN_POINT('',(-6.5,25.55,0.));
#1546 = DIRECTION('',(0.,0.,1.));
#1547 = DIRECTION('',(1.,0.,0.));
#1548 = ORIENTED_EDGE('',*,*,#1549,.F.);
#1549 = EDGE_CURVE('',#1550,#1541,#1552,.T.);
#1550 = VERTEX_POINT('',#1551);
#1551 = CARTESIAN_POINT('',(6.5,26.05,0.));
#1552 = LINE('',#1553,#1554);
#1553 = CARTESIAN_POINT('',(6.5,26.05,0.));
#1554 = VECTOR('',#1555,1.);
#1555 = DIRECTION('',(-1.,0.,0.));
#1556 = ORIENTED_EDGE('',*,*,#1557,.F.);
#1557 = EDGE_CURVE('',#1558,#1550,#1560,.T.);
#1558 = VERTEX_POINT('',#1559);
#1559 = CARTESIAN_POINT('',(7.,25.55,0.));
#1560 = CIRCLE('',#1561,0.5);
#1561 = AXIS2_PLACEMENT_3D('',#1562,#1563,#1564);
#1562 = CARTESIAN_POINT('',(6.5,25.55,0.));
#1563 = DIRECTION('',(0.,0.,1.));
#1564 = DIRECTION('',(1.,0.,0.));
#1565 = ORIENTED_EDGE('',*,*,#1566,.F.);
#1566 = EDGE_CURVE('',#1567,#1558,#1569,.T.);
#1567 = VERTEX_POINT('',#1568);
#1568 = CARTESIAN_POINT('',(7.,12.55,0.));
#1569 = LINE('',#1570,#1571);
#1570 = CARTESIAN_POINT('',(7.,12.55,0.));
#1571 = VECTOR('',#1572,1.);
#1572 = DIRECTION('',(0.,1.,0.));
#1573 = ORIENTED_EDGE('',*,*,#1574,.F.);
#1574 = EDGE_CURVE('',#1516,#1567,#1575,.T.);
#1575 = CIRCLE('',#1576,0.5);
#1576 = AXIS2_PLACEMENT_3D('',#1577,#1578,#1579);
#1577 = CARTESIAN_POINT('',(6.5,12.55,0.));
#1578 = DIRECTION('',(0.,0.,1.));
#1579 = DIRECTION('',(1.,0.,0.));
#1580 = FACE_BOUND('',#1581,.F.);
#1581 = EDGE_LOOP('',(#1582));
#1582 = ORIENTED_EDGE('',*,*,#1583,.F.);
#1583 = EDGE_CURVE('',#1584,#1584,#1586,.T.);
#1584 = VERTEX_POINT('',#1585);
#1585 = CARTESIAN_POINT('',(-43.25,45.,0.));
#1586 = CIRCLE('',#1587,1.75);
#1587 = AXIS2_PLACEMENT_3D('',#1588,#1589,#1590);
#1588 = CARTESIAN_POINT('',(-45.,45.,0.));
#1589 = DIRECTION('',(0.,0.,1.));
#1590 = DIRECTION('',(1.,0.,0.));
#1591 = FACE_BOUND('',#1592,.F.);
#1592 = EDGE_LOOP('',(#1593,#1603,#1611,#1619));
#1593 = ORIENTED_EDGE('',*,*,#1594,.F.);
#1594 = EDGE_CURVE('',#1595,#1597,#1599,.T.);
#1595 = VERTEX_POINT('',#1596);
#1596 = CARTESIAN_POINT('',(-32.48,36.32,0.));
#1597 = VERTEX_POINT('',#1598);
#1598 = CARTESIAN_POINT('',(-6.1,36.32,0.));
#1599 = LINE('',#1600,#1601);
#1600 = CARTESIAN_POINT('',(-3.05,36.32,0.));
#1601 = VECTOR('',#1602,1.);
#1602 = DIRECTION('',(1.,-1.2E-16,0.));
#1603 = ORIENTED_EDGE('',*,*,#1604,.F.);
#1604 = EDGE_CURVE('',#1605,#1595,#1607,.T.);
#1605 = VERTEX_POINT('',#1606);
#1606 = CARTESIAN_POINT('',(-32.48,45.9,0.));
#1607 = LINE('',#1608,#1609);
#1608 = CARTESIAN_POINT('',(-32.48,18.16,0.));
#1609 = VECTOR('',#1610,1.);
#1610 = DIRECTION('',(-1.2E-16,-1.,0.));
#1611 = ORIENTED_EDGE('',*,*,#1612,.F.);
#1612 = EDGE_CURVE('',#1613,#1605,#1615,.T.);
#1613 = VERTEX_POINT('',#1614);
#1614 = CARTESIAN_POINT('',(-6.1,45.9,0.));
#1615 = LINE('',#1616,#1617);
#1616 = CARTESIAN_POINT('',(-16.24,45.9,0.));
#1617 = VECTOR('',#1618,1.);
#1618 = DIRECTION('',(-1.,1.2E-16,0.));
#1619 = ORIENTED_EDGE('',*,*,#1620,.F.);
#1620 = EDGE_CURVE('',#1597,#1613,#1621,.T.);
#1621 = LINE('',#1622,#1623);
#1622 = CARTESIAN_POINT('',(-6.1,22.95,0.));
#1623 = VECTOR('',#1624,1.);
#1624 = DIRECTION('',(1.2E-16,1.,-0.));
#1625 = FACE_BOUND('',#1626,.F.);
#1626 = EDGE_LOOP('',(#1627,#1637,#1646,#1654,#1663,#1671,#1680,#1688));
#1627 = ORIENTED_EDGE('',*,*,#1628,.T.);
#1628 = EDGE_CURVE('',#1629,#1631,#1633,.T.);
#1629 = VERTEX_POINT('',#1630);
#1630 = CARTESIAN_POINT('',(26.05,25.55,0.));
#1631 = VERTEX_POINT('',#1632);
#1632 = CARTESIAN_POINT('',(26.05,12.55,0.));
#1633 = LINE('',#1634,#1635);
#1634 = CARTESIAN_POINT('',(26.05,25.55,0.));
#1635 = VECTOR('',#1636,1.);
#1636 = DIRECTION('',(0.,-1.,0.));
#1637 = ORIENTED_EDGE('',*,*,#1638,.F.);
#1638 = EDGE_CURVE('',#1639,#1631,#1641,.T.);
#1639 = VERTEX_POINT('',#1640);
#1640 = CARTESIAN_POINT('',(25.55,12.05,0.));
#1641 = CIRCLE('',#1642,0.5);
#1642 = AXIS2_PLACEMENT_3D('',#1643,#1644,#1645);
#1643 = CARTESIAN_POINT('',(25.55,12.55,0.));
#1644 = DIRECTION('',(0.,0.,1.));
#1645 = DIRECTION('',(1.,0.,0.));
#1646 = ORIENTED_EDGE('',*,*,#1647,.T.);
#1647 = EDGE_CURVE('',#1639,#1648,#1650,.T.);
#1648 = VERTEX_POINT('',#1649);
#1649 = CARTESIAN_POINT('',(12.55,12.05,0.));
#1650 = LINE('',#1651,#1652);
#1651 = CARTESIAN_POINT('',(25.55,12.05,0.));
#1652 = VECTOR('',#1653,1.);
#1653 = DIRECTION('',(-1.,0.,0.));
#1654 = ORIENTED_EDGE('',*,*,#1655,.F.);
#1655 = EDGE_CURVE('',#1656,#1648,#1658,.T.);
#1656 = VERTEX_POINT('',#1657);
#1657 = CARTESIAN_POINT('',(12.05,12.55,0.));
#1658 = CIRCLE('',#1659,0.5);
#1659 = AXIS2_PLACEMENT_3D('',#1660,#1661,#1662);
#1660 = CARTESIAN_POINT('',(12.55,12.55,0.));
#1661 = DIRECTION('',(0.,0.,1.));
#1662 = DIRECTION('',(1.,0.,0.));
#1663 = ORIENTED_EDGE('',*,*,#1664,.T.);
#1664 = EDGE_CURVE('',#1656,#1665,#1667,.T.);
#1665 = VERTEX_POINT('',#1666);
#1666 = CARTESIAN_POINT('',(12.05,25.55,0.));
#1667 = LINE('',#1668,#1669);
#1668 = CARTESIAN_POINT('',(12.05,12.55,0.));
#1669 = VECTOR('',#1670,1.);
#1670 = DIRECTION('',(0.,1.,0.));
#1671 = ORIENTED_EDGE('',*,*,#1672,.F.);
#1672 = EDGE_CURVE('',#1673,#1665,#1675,.T.);
#1673 = VERTEX_POINT('',#1674);
#1674 = CARTESIAN_POINT('',(12.55,26.05,0.));
#1675 = CIRCLE('',#1676,0.5);
#1676 = AXIS2_PLACEMENT_3D('',#1677,#1678,#1679);
#1677 = CARTESIAN_POINT('',(12.55,25.55,0.));
#1678 = DIRECTION('',(0.,0.,1.));
#1679 = DIRECTION('',(1.,0.,0.));
#1680 = ORIENTED_EDGE('',*,*,#1681,.T.);
#1681 = EDGE_CURVE('',#1673,#1682,#1684,.T.);
#1682 = VERTEX_POINT('',#1683);
#1683 = CARTESIAN_POINT('',(25.55,26.05,0.));
#1684 = LINE('',#1685,#1686);
#1685 = CARTESIAN_POINT('',(12.55,26.05,0.));
#1686 = VECTOR('',#1687,1.);
#1687 = DIRECTION('',(1.,0.,0.));
#1688 = ORIENTED_EDGE('',*,*,#1689,.F.);
#1689 = EDGE_CURVE('',#1629,#1682,#1690,.T.);
#1690 = CIRCLE('',#1691,0.5);
#1691 = AXIS2_PLACEMENT_3D('',#1692,#1693,#1694);
#1692 = CARTESIAN_POINT('',(25.55,25.55,0.));
#1693 = DIRECTION('',(0.,0.,1.));
#1694 = DIRECTION('',(1.,0.,0.));
#1695 = FACE_BOUND('',#1696,.F.);
#1696 = EDGE_LOOP('',(#1697));
#1697 = ORIENTED_EDGE('',*,*,#1698,.T.);
#1698 = EDGE_CURVE('',#1699,#1699,#1701,.T.);
#1699 = VERTEX_POINT('',#1700);
#1700 = CARTESIAN_POINT('',(27.,39.9,0.));
#1701 = CIRCLE('',#1702,3.5);
#1702 = AXIS2_PLACEMENT_3D('',#1703,#1704,#1705);
#1703 = CARTESIAN_POINT('',(30.5,39.9,0.));
#1704 = DIRECTION('',(0.,0.,-1.));
#1705 = DIRECTION('',(-1.,1.2E-16,0.));
#1706 = FACE_BOUND('',#1707,.F.);
#1707 = EDGE_LOOP('',(#1708));
#1708 = ORIENTED_EDGE('',*,*,#1709,.F.);
#1709 = EDGE_CURVE('',#1710,#1710,#1712,.T.);
#1710 = VERTEX_POINT('',#1711);
#1711 = CARTESIAN_POINT('',(46.75,45.,0.));
#1712 = CIRCLE('',#1713,1.75);
#1713 = AXIS2_PLACEMENT_3D('',#1714,#1715,#1716);
#1714 = CARTESIAN_POINT('',(45.,45.,0.));
#1715 = DIRECTION('',(0.,0.,1.));
#1716 = DIRECTION('',(1.,0.,0.));
#1717 = PLANE('',#1718);
#1718 = AXIS2_PLACEMENT_3D('',#1719,#1720,#1721);
#1719 = CARTESIAN_POINT('',(-1.91E-15,1.91E-15,0.));
#1720 = DIRECTION('',(0.,0.,1.));
#1721 = DIRECTION('',(1.,0.,0.));
#1722 = ADVANCED_FACE('',(#1723),#1780,.T.);
#1723 = FACE_BOUND('',#1724,.T.);
#1724 = EDGE_LOOP('',(#1725,#1726,#1734,#1742,#1750,#1758,#1766,#1774));
#1725 = ORIENTED_EDGE('',*,*,#967,.T.);
#1726 = ORIENTED_EDGE('',*,*,#1727,.T.);
#1727 = EDGE_CURVE('',#970,#1728,#1730,.T.);
#1728 = VERTEX_POINT('',#1729);
#1729 = CARTESIAN_POINT('',(50.,-50.,6.));
#1730 = LINE('',#1731,#1732);
#1731 = CARTESIAN_POINT('',(50.,-50.,0.));
#1732 = VECTOR('',#1733,1.);
#1733 = DIRECTION('',(0.,0.,1.));
#1734 = ORIENTED_EDGE('',*,*,#1735,.F.);
#1735 = EDGE_CURVE('',#1736,#1728,#1738,.T.);
#1736 = VERTEX_POINT('',#1737);
#1737 = CARTESIAN_POINT('',(40.,-50.,6.));
#1738 = LINE('',#1739,#1740);
#1739 = CARTESIAN_POINT('',(40.,-50.,6.));
#1740 = VECTOR('',#1741,1.);
#1741 = DIRECTION('',(1.,0.,0.));
#1742 = ORIENTED_EDGE('',*,*,#1743,.F.);
#1743 = EDGE_CURVE('',#1744,#1736,#1746,.T.);
#1744 = VERTEX_POINT('',#1745);
#1745 = CARTESIAN_POINT('',(40.,-50.,5.));
#1746 = LINE('',#1747,#1748);
#1747 = CARTESIAN_POINT('',(40.,-50.,3.));
#1748 = VECTOR('',#1749,1.);
#1749 = DIRECTION('',(0.,0.,1.));
#1750 = ORIENTED_EDGE('',*,*,#1751,.F.);
#1751 = EDGE_CURVE('',#1752,#1744,#1754,.T.);
#1752 = VERTEX_POINT('',#1753);
#1753 = CARTESIAN_POINT('',(-40.,-50.,5.));
#1754 = LINE('',#1755,#1756);
#1755 = CARTESIAN_POINT('',(-50.,-50.,5.));
#1756 = VECTOR('',#1757,1.);
#1757 = DIRECTION('',(1.,0.,0.));
#1758 = ORIENTED_EDGE('',*,*,#1759,.T.);
#1759 = EDGE_CURVE('',#1752,#1760,#1762,.T.);
#1760 = VERTEX_POINT('',#1761);
#1761 = CARTESIAN_POINT('',(-40.,-50.,6.));
#1762 = LINE('',#1763,#1764);
#1763 = CARTESIAN_POINT('',(-40.,-50.,3.));
#1764 = VECTOR('',#1765,1.);
#1765 = DIRECTION('',(0.,0.,1.));
#1766 = ORIENTED_EDGE('',*,*,#1767,.F.);
#1767 = EDGE_CURVE('',#1768,#1760,#1770,.T.);
#1768 = VERTEX_POINT('',#1769);
#1769 = CARTESIAN_POINT('',(-50.,-50.,6.));
#1770 = LINE('',#1771,#1772);
#1771 = CARTESIAN_POINT('',(-50.,-50.,6.));
#1772 = VECTOR('',#1773,1.);
#1773 = DIRECTION('',(1.,0.,0.));
#1774 = ORIENTED_EDGE('',*,*,#1775,.F.);
#1775 = EDGE_CURVE('',#968,#1768,#1776,.T.);
#1776 = LINE('',#1777,#1778);
#1777 = CARTESIAN_POINT('',(-50.,-50.,3.));
#1778 = VECTOR('',#1779,1.);
#1779 = DIRECTION('',(0.,0.,1.));
#1780 = PLANE('',#1781);
#1781 = AXIS2_PLACEMENT_3D('',#1782,#1783,#1784);
#1782 = CARTESIAN_POINT('',(0.,-50.,2.64953271028));
#1783 = DIRECTION('',(-0.,-1.,-0.));
#1784 = DIRECTION('',(0.,0.,-1.));
#1785 = ADVANCED_FACE('',(#1786),#1836,.T.);
#1786 = FACE_BOUND('',#1787,.T.);
#1787 = EDGE_LOOP('',(#1788,#1789,#1790,#1798,#1806,#1814,#1822,#1830));
#1788 = ORIENTED_EDGE('',*,*,#993,.T.);
#1789 = ORIENTED_EDGE('',*,*,#1775,.T.);
#1790 = ORIENTED_EDGE('',*,*,#1791,.F.);
#1791 = EDGE_CURVE('',#1792,#1768,#1794,.T.);
#1792 = VERTEX_POINT('',#1793);
#1793 = CARTESIAN_POINT('',(-50.,-40.,6.));
#1794 = LINE('',#1795,#1796);
#1795 = CARTESIAN_POINT('',(-50.,-40.,6.));
#1796 = VECTOR('',#1797,1.);
#1797 = DIRECTION('',(0.,-1.,0.));
#1798 = ORIENTED_EDGE('',*,*,#1799,.F.);
#1799 = EDGE_CURVE('',#1800,#1792,#1802,.T.);
#1800 = VERTEX_POINT('',#1801);
#1801 = CARTESIAN_POINT('',(-50.,-40.,5.));
#1802 = LINE('',#1803,#1804);
#1803 = CARTESIAN_POINT('',(-50.,-40.,3.));
#1804 = VECTOR('',#1805,1.);
#1805 = DIRECTION('',(0.,0.,1.));
#1806 = ORIENTED_EDGE('',*,*,#1807,.F.);
#1807 = EDGE_CURVE('',#1808,#1800,#1810,.T.);
#1808 = VERTEX_POINT('',#1809);
#1809 = CARTESIAN_POINT('',(-50.,40.,5.));
#1810 = LINE('',#1811,#1812);
#1811 = CARTESIAN_POINT('',(-50.,50.,5.));
#1812 = VECTOR('',#1813,1.);
#1813 = DIRECTION('',(0.,-1.,0.));
#1814 = ORIENTED_EDGE('',*,*,#1815,.T.);
#1815 = EDGE_CURVE('',#1808,#1816,#1818,.T.);
#1816 = VERTEX_POINT('',#1817);
#1817 = CARTESIAN_POINT('',(-50.,40.,6.));
#1818 = LINE('',#1819,#1820);
#1819 = CARTESIAN_POINT('',(-50.,40.,3.));
#1820 = VECTOR('',#1821,1.);
#1821 = DIRECTION('',(0.,0.,1.));
#1822 = ORIENTED_EDGE('',*,*,#1823,.F.);
#1823 = EDGE_CURVE('',#1824,#1816,#1826,.T.);
#1824 = VERTEX_POINT('',#1825);
#1825 = CARTESIAN_POINT('',(-50.,50.,6.));
#1826 = LINE('',#1827,#1828);
#1827 = CARTESIAN_POINT('',(-50.,50.,6.));
#1828 = VECTOR('',#1829,1.);
#1829 = DIRECTION('',(0.,-1.,0.));
#1830 = ORIENTED_EDGE('',*,*,#1831,.F.);
#1831 = EDGE_CURVE('',#986,#1824,#1832,.T.);
#1832 = LINE('',#1833,#1834);
#1833 = CARTESIAN_POINT('',(-50.,50.,3.));
#1834 = VECTOR('',#1835,1.);
#1835 = DIRECTION('',(0.,0.,1.));
#1836 = PLANE('',#1837);
#1837 = AXIS2_PLACEMENT_3D('',#1838,#1839,#1840);
#1838 = CARTESIAN_POINT('',(-50.,0.,2.64953271028));
#1839 = DIRECTION('',(-1.,-0.,-0.));
#1840 = DIRECTION('',(0.,0.,-1.));
#1841 = ADVANCED_FACE('',(#1842),#1892,.T.);
#1842 = FACE_BOUND('',#1843,.T.);
#1843 = EDGE_LOOP('',(#1844,#1845,#1846,#1854,#1862,#1870,#1878,#1886));
#1844 = ORIENTED_EDGE('',*,*,#1727,.F.);
#1845 = ORIENTED_EDGE('',*,*,#977,.T.);
#1846 = ORIENTED_EDGE('',*,*,#1847,.T.);
#1847 = EDGE_CURVE('',#978,#1848,#1850,.T.);
#1848 = VERTEX_POINT('',#1849);
#1849 = CARTESIAN_POINT('',(50.,50.,6.));
#1850 = LINE('',#1851,#1852);
#1851 = CARTESIAN_POINT('',(50.,50.,0.));
#1852 = VECTOR('',#1853,1.);
#1853 = DIRECTION('',(0.,0.,1.));
#1854 = ORIENTED_EDGE('',*,*,#1855,.F.);
#1855 = EDGE_CURVE('',#1856,#1848,#1858,.T.);
#1856 = VERTEX_POINT('',#1857);
#1857 = CARTESIAN_POINT('',(50.,40.,6.));
#1858 = LINE('',#1859,#1860);
#1859 = CARTESIAN_POINT('',(50.,40.,6.));
#1860 = VECTOR('',#1861,1.);
#1861 = DIRECTION('',(0.,1.,0.));
#1862 = ORIENTED_EDGE('',*,*,#1863,.F.);
#1863 = EDGE_CURVE('',#1864,#1856,#1866,.T.);
#1864 = VERTEX_POINT('',#1865);
#1865 = CARTESIAN_POINT('',(50.,40.,5.));
#1866 = LINE('',#1867,#1868);
#1867 = CARTESIAN_POINT('',(50.,40.,3.));
#1868 = VECTOR('',#1869,1.);
#1869 = DIRECTION('',(0.,0.,1.));
#1870 = ORIENTED_EDGE('',*,*,#1871,.F.);
#1871 = EDGE_CURVE('',#1872,#1864,#1874,.T.);
#1872 = VERTEX_POINT('',#1873);
#1873 = CARTESIAN_POINT('',(50.,-40.,5.));
#1874 = LINE('',#1875,#1876);
#1875 = CARTESIAN_POINT('',(50.,-50.,5.));
#1876 = VECTOR('',#1877,1.);
#1877 = DIRECTION('',(0.,1.,0.));
#1878 = ORIENTED_EDGE('',*,*,#1879,.T.);
#1879 = EDGE_CURVE('',#1872,#1880,#1882,.T.);
#1880 = VERTEX_POINT('',#1881);
#1881 = CARTESIAN_POINT('',(50.,-40.,6.));
#1882 = LINE('',#1883,#1884);
#1883 = CARTESIAN_POINT('',(50.,-40.,3.));
#1884 = VECTOR('',#1885,1.);
#1885 = DIRECTION('',(0.,0.,1.));
#1886 = ORIENTED_EDGE('',*,*,#1887,.F.);
#1887 = EDGE_CURVE('',#1728,#1880,#1888,.T.);
#1888 = LINE('',#1889,#1890);
#1889 = CARTESIAN_POINT('',(50.,-50.,6.));
#1890 = VECTOR('',#1891,1.);
#1891 = DIRECTION('',(0.,1.,0.));
#1892 = PLANE('',#1893);
#1893 = AXIS2_PLACEMENT_3D('',#1894,#1895,#1896);
#1894 = CARTESIAN_POINT('',(50.,0.,2.64953271028));
#1895 = DIRECTION('',(1.,0.,0.));
#1896 = DIRECTION('',(0.,0.,1.));
#1897 = ADVANCED_FACE('',(#1898),#1941,.T.);
#1898 = FACE_BOUND('',#1899,.T.);
#1899 = EDGE_LOOP('',(#1900,#1901,#1902,#1903,#1911,#1919,#1927,#1935));
#1900 = ORIENTED_EDGE('',*,*,#1847,.F.);
#1901 = ORIENTED_EDGE('',*,*,#985,.T.);
#1902 = ORIENTED_EDGE('',*,*,#1831,.T.);
#1903 = ORIENTED_EDGE('',*,*,#1904,.F.);
#1904 = EDGE_CURVE('',#1905,#1824,#1907,.T.);
#1905 = VERTEX_POINT('',#1906);
#1906 = CARTESIAN_POINT('',(-40.,50.,6.));
#1907 = LINE('',#1908,#1909);
#1908 = CARTESIAN_POINT('',(-40.,50.,6.));
#1909 = VECTOR('',#1910,1.);
#1910 = DIRECTION('',(-1.,0.,0.));
#1911 = ORIENTED_EDGE('',*,*,#1912,.F.);
#1912 = EDGE_CURVE('',#1913,#1905,#1915,.T.);
#1913 = VERTEX_POINT('',#1914);
#1914 = CARTESIAN_POINT('',(-40.,50.,5.));
#1915 = LINE('',#1916,#1917);
#1916 = CARTESIAN_POINT('',(-40.,50.,3.));
#1917 = VECTOR('',#1918,1.);
#1918 = DIRECTION('',(0.,0.,1.));
#1919 = ORIENTED_EDGE('',*,*,#1920,.F.);
#1920 = EDGE_CURVE('',#1921,#1913,#1923,.T.);
#1921 = VERTEX_POINT('',#1922);
#1922 = CARTESIAN_POINT('',(40.,50.,5.));
#1923 = LINE('',#1924,#1925);
#1924 = CARTESIAN_POINT('',(50.,50.,5.));
#1925 = VECTOR('',#1926,1.);
#1926 = DIRECTION('',(-1.,0.,0.));
#1927 = ORIENTED_EDGE('',*,*,#1928,.T.);
#1928 = EDGE_CURVE('',#1921,#1929,#1931,.T.);
#1929 = VERTEX_POINT('',#1930);
#1930 = CARTESIAN_POINT('',(40.,50.,6.));
#1931 = LINE('',#1932,#1933);
#1932 = CARTESIAN_POINT('',(40.,50.,3.));
#1933 = VECTOR('',#1934,1.);
#1934 = DIRECTION('',(0.,0.,1.));
#1935 = ORIENTED_EDGE('',*,*,#1936,.F.);
#1936 = EDGE_CURVE('',#1848,#1929,#1937,.T.);
#1937 = LINE('',#1938,#1939);
#1938 = CARTESIAN_POINT('',(50.,50.,6.));
#1939 = VECTOR('',#1940,1.);
#1940 = DIRECTION('',(-1.,0.,0.));
#1941 = PLANE('',#1942);
#1942 = AXIS2_PLACEMENT_3D('',#1943,#1944,#1945);
#1943 = CARTESIAN_POINT('',(0.,50.,2.64953271028));
#1944 = DIRECTION('',(0.,1.,0.));
#1945 = DIRECTION('',(0.,0.,1.));
#1946 = ADVANCED_FACE('',(#1947),#1965,.F.);
#1947 = FACE_BOUND('',#1948,.T.);
#1948 = EDGE_LOOP('',(#1949,#1958,#1963,#1964));
#1949 = ORIENTED_EDGE('',*,*,#1950,.T.);
#1950 = EDGE_CURVE('',#1951,#1951,#1953,.T.);
#1951 = VERTEX_POINT('',#1952);
#1952 = CARTESIAN_POINT('',(-43.25,-45.,6.));
#1953 = CIRCLE('',#1954,1.75);
#1954 = AXIS2_PLACEMENT_3D('',#1955,#1956,#1957);
#1955 = CARTESIAN_POINT('',(-45.,-45.,6.));
#1956 = DIRECTION('',(0.,0.,1.));
#1957 = DIRECTION('',(1.,0.,0.));
#1958 = ORIENTED_EDGE('',*,*,#1959,.T.);
#1959 = EDGE_CURVE('',#1951,#1002,#1960,.T.);
#1960 = B_SPLINE_CURVE_WITH_KNOTS('',1,(#1961,#1962),.UNSPECIFIED.,.F.,
  .F.,(2,2),(-6.,0.),.PIECEWISE_BEZIER_KNOTS.);
#1961 = CARTESIAN_POINT('',(-43.25,-45.,6.));
#1962 = CARTESIAN_POINT('',(-43.25,-45.,0.));
#1963 = ORIENTED_EDGE('',*,*,#1001,.F.);
#1964 = ORIENTED_EDGE('',*,*,#1959,.F.);
#1965 = CYLINDRICAL_SURFACE('',#1966,1.75);
#1966 = AXIS2_PLACEMENT_3D('',#1967,#1968,#1969);
#1967 = CARTESIAN_POINT('',(-45.,-45.,0.));
#1968 = DIRECTION('',(-0.,-0.,-1.));
#1969 = DIRECTION('',(1.,0.,0.));
#1970 = ADVANCED_FACE('',(#1971),#1996,.F.);
#1971 = FACE_BOUND('',#1972,.F.);
#1972 = EDGE_LOOP('',(#1973,#1981,#1989,#1995));
#1973 = ORIENTED_EDGE('',*,*,#1974,.T.);
#1974 = EDGE_CURVE('',#1013,#1975,#1977,.T.);
#1975 = VERTEX_POINT('',#1976);
#1976 = CARTESIAN_POINT('',(-26.05,-25.55,3.));
#1977 = LINE('',#1978,#1979);
#1978 = CARTESIAN_POINT('',(-26.05,-25.55,0.));
#1979 = VECTOR('',#1980,1.);
#1980 = DIRECTION('',(0.,0.,1.));
#1981 = ORIENTED_EDGE('',*,*,#1982,.T.);
#1982 = EDGE_CURVE('',#1975,#1983,#1985,.T.);
#1983 = VERTEX_POINT('',#1984);
#1984 = CARTESIAN_POINT('',(-26.05,-12.55,3.));
#1985 = LINE('',#1986,#1987);
#1986 = CARTESIAN_POINT('',(-26.05,-25.55,3.));
#1987 = VECTOR('',#1988,1.);
#1988 = DIRECTION('',(0.,1.,0.));
#1989 = ORIENTED_EDGE('',*,*,#1990,.F.);
#1990 = EDGE_CURVE('',#1015,#1983,#1991,.T.);
#1991 = LINE('',#1992,#1993);
#1992 = CARTESIAN_POINT('',(-26.05,-12.55,0.));
#1993 = VECTOR('',#1994,1.);
#1994 = DIRECTION('',(0.,0.,1.));
#1995 = ORIENTED_EDGE('',*,*,#1012,.F.);
#1996 = PLANE('',#1997);
#1997 = AXIS2_PLACEMENT_3D('',#1998,#1999,#2000);
#1998 = CARTESIAN_POINT('',(-26.05,-25.55,0.));
#1999 = DIRECTION('',(-1.,0.,0.));
#2000 = DIRECTION('',(0.,1.,0.));
#2001 = ADVANCED_FACE('',(#2002),#2021,.F.);
#2002 = FACE_BOUND('',#2003,.T.);
#2003 = EDGE_LOOP('',(#2004,#2005,#2014,#2020));
#2004 = ORIENTED_EDGE('',*,*,#1974,.T.);
#2005 = ORIENTED_EDGE('',*,*,#2006,.T.);
#2006 = EDGE_CURVE('',#1975,#2007,#2009,.T.);
#2007 = VERTEX_POINT('',#2008);
#2008 = CARTESIAN_POINT('',(-25.55,-26.05,3.));
#2009 = CIRCLE('',#2010,0.5);
#2010 = AXIS2_PLACEMENT_3D('',#2011,#2012,#2013);
#2011 = CARTESIAN_POINT('',(-25.55,-25.55,3.));
#2012 = DIRECTION('',(0.,0.,1.));
#2013 = DIRECTION('',(1.,0.,0.));
#2014 = ORIENTED_EDGE('',*,*,#2015,.F.);
#2015 = EDGE_CURVE('',#1066,#2007,#2016,.T.);
#2016 = LINE('',#2017,#2018);
#2017 = CARTESIAN_POINT('',(-25.55,-26.05,0.));
#2018 = VECTOR('',#2019,1.);
#2019 = DIRECTION('',(0.,0.,1.));
#2020 = ORIENTED_EDGE('',*,*,#1073,.F.);
#2021 = CYLINDRICAL_SURFACE('',#2022,0.5);
#2022 = AXIS2_PLACEMENT_3D('',#2023,#2024,#2025);
#2023 = CARTESIAN_POINT('',(-25.55,-25.55,0.));
#2024 = DIRECTION('',(-0.,-0.,-1.));
#2025 = DIRECTION('',(1.,0.,0.));
#2026 = ADVANCED_FACE('',(#2027),#2046,.F.);
#2027 = FACE_BOUND('',#2028,.T.);
#2028 = EDGE_LOOP('',(#2029,#2037,#2044,#2045));
#2029 = ORIENTED_EDGE('',*,*,#2030,.T.);
#2030 = EDGE_CURVE('',#1023,#2031,#2033,.T.);
#2031 = VERTEX_POINT('',#2032);
#2032 = CARTESIAN_POINT('',(-25.55,-12.05,3.));
#2033 = LINE('',#2034,#2035);
#2034 = CARTESIAN_POINT('',(-25.55,-12.05,0.));
#2035 = VECTOR('',#2036,1.);
#2036 = DIRECTION('',(0.,0.,1.));
#2037 = ORIENTED_EDGE('',*,*,#2038,.T.);
#2038 = EDGE_CURVE('',#2031,#1983,#2039,.T.);
#2039 = CIRCLE('',#2040,0.5);
#2040 = AXIS2_PLACEMENT_3D('',#2041,#2042,#2043);
#2041 = CARTESIAN_POINT('',(-25.55,-12.55,3.));
#2042 = DIRECTION('',(0.,0.,1.));
#2043 = DIRECTION('',(1.,0.,0.));
#2044 = ORIENTED_EDGE('',*,*,#1990,.F.);
#2045 = ORIENTED_EDGE('',*,*,#1022,.F.);
#2046 = CYLINDRICAL_SURFACE('',#2047,0.5);
#2047 = AXIS2_PLACEMENT_3D('',#2048,#2049,#2050);
#2048 = CARTESIAN_POINT('',(-25.55,-12.55,0.));
#2049 = DIRECTION('',(-0.,-0.,-1.));
#2050 = DIRECTION('',(1.,0.,0.));
#2051 = ADVANCED_FACE('',(#2052),#2070,.F.);
#2052 = FACE_BOUND('',#2053,.F.);
#2053 = EDGE_LOOP('',(#2054,#2062,#2068,#2069));
#2054 = ORIENTED_EDGE('',*,*,#2055,.T.);
#2055 = EDGE_CURVE('',#1057,#2056,#2058,.T.);
#2056 = VERTEX_POINT('',#2057);
#2057 = CARTESIAN_POINT('',(-12.55,-26.05,3.));
#2058 = LINE('',#2059,#2060);
#2059 = CARTESIAN_POINT('',(-12.55,-26.05,0.));
#2060 = VECTOR('',#2061,1.);
#2061 = DIRECTION('',(0.,0.,1.));
#2062 = ORIENTED_EDGE('',*,*,#2063,.T.);
#2063 = EDGE_CURVE('',#2056,#2007,#2064,.T.);
#2064 = LINE('',#2065,#2066);
#2065 = CARTESIAN_POINT('',(-12.55,-26.05,3.));
#2066 = VECTOR('',#2067,1.);
#2067 = DIRECTION('',(-1.,0.,0.));
#2068 = ORIENTED_EDGE('',*,*,#2015,.F.);
#2069 = ORIENTED_EDGE('',*,*,#1065,.F.);
#2070 = PLANE('',#2071);
#2071 = AXIS2_PLACEMENT_3D('',#2072,#2073,#2074);
#2072 = CARTESIAN_POINT('',(-12.55,-26.05,0.));
#2073 = DIRECTION('',(0.,-1.,0.));
#2074 = DIRECTION('',(-1.,0.,0.));
#2075 = ADVANCED_FACE('',(#2076),#2094,.F.);
#2076 = FACE_BOUND('',#2077,.F.);
#2077 = EDGE_LOOP('',(#2078,#2079,#2087,#2093));
#2078 = ORIENTED_EDGE('',*,*,#2030,.T.);
#2079 = ORIENTED_EDGE('',*,*,#2080,.T.);
#2080 = EDGE_CURVE('',#2031,#2081,#2083,.T.);
#2081 = VERTEX_POINT('',#2082);
#2082 = CARTESIAN_POINT('',(-12.55,-12.05,3.));
#2083 = LINE('',#2084,#2085);
#2084 = CARTESIAN_POINT('',(-25.55,-12.05,3.));
#2085 = VECTOR('',#2086,1.);
#2086 = DIRECTION('',(1.,0.,0.));
#2087 = ORIENTED_EDGE('',*,*,#2088,.F.);
#2088 = EDGE_CURVE('',#1032,#2081,#2089,.T.);
#2089 = LINE('',#2090,#2091);
#2090 = CARTESIAN_POINT('',(-12.55,-12.05,0.));
#2091 = VECTOR('',#2092,1.);
#2092 = DIRECTION('',(0.,0.,1.));
#2093 = ORIENTED_EDGE('',*,*,#1031,.F.);
#2094 = PLANE('',#2095);
#2095 = AXIS2_PLACEMENT_3D('',#2096,#2097,#2098);
#2096 = CARTESIAN_POINT('',(-25.55,-12.05,0.));
#2097 = DIRECTION('',(0.,1.,0.));
#2098 = DIRECTION('',(1.,0.,0.));
#2099 = ADVANCED_FACE('',(#2100),#2119,.F.);
#2100 = FACE_BOUND('',#2101,.T.);
#2101 = EDGE_LOOP('',(#2102,#2103,#2112,#2118));
#2102 = ORIENTED_EDGE('',*,*,#2055,.T.);
#2103 = ORIENTED_EDGE('',*,*,#2104,.T.);
#2104 = EDGE_CURVE('',#2056,#2105,#2107,.T.);
#2105 = VERTEX_POINT('',#2106);
#2106 = CARTESIAN_POINT('',(-12.05,-25.55,3.));
#2107 = CIRCLE('',#2108,0.5);
#2108 = AXIS2_PLACEMENT_3D('',#2109,#2110,#2111);
#2109 = CARTESIAN_POINT('',(-12.55,-25.55,3.));
#2110 = DIRECTION('',(0.,0.,1.));
#2111 = DIRECTION('',(1.,0.,0.));
#2112 = ORIENTED_EDGE('',*,*,#2113,.F.);
#2113 = EDGE_CURVE('',#1049,#2105,#2114,.T.);
#2114 = LINE('',#2115,#2116);
#2115 = CARTESIAN_POINT('',(-12.05,-25.55,0.));
#2116 = VECTOR('',#2117,1.);
#2117 = DIRECTION('',(0.,0.,1.));
#2118 = ORIENTED_EDGE('',*,*,#1056,.F.);
#2119 = CYLINDRICAL_SURFACE('',#2120,0.5);
#2120 = AXIS2_PLACEMENT_3D('',#2121,#2122,#2123);
#2121 = CARTESIAN_POINT('',(-12.55,-25.55,0.));
#2122 = DIRECTION('',(-0.,-0.,-1.));
#2123 = DIRECTION('',(1.,0.,0.));
#2124 = ADVANCED_FACE('',(#2125),#2144,.F.);
#2125 = FACE_BOUND('',#2126,.T.);
#2126 = EDGE_LOOP('',(#2127,#2135,#2142,#2143));
#2127 = ORIENTED_EDGE('',*,*,#2128,.T.);
#2128 = EDGE_CURVE('',#1040,#2129,#2131,.T.);
#2129 = VERTEX_POINT('',#2130);
#2130 = CARTESIAN_POINT('',(-12.05,-12.55,3.));
#2131 = LINE('',#2132,#2133);
#2132 = CARTESIAN_POINT('',(-12.05,-12.55,0.));
#2133 = VECTOR('',#2134,1.);
#2134 = DIRECTION('',(0.,0.,1.));
#2135 = ORIENTED_EDGE('',*,*,#2136,.T.);
#2136 = EDGE_CURVE('',#2129,#2081,#2137,.T.);
#2137 = CIRCLE('',#2138,0.5);
#2138 = AXIS2_PLACEMENT_3D('',#2139,#2140,#2141);
#2139 = CARTESIAN_POINT('',(-12.55,-12.55,3.));
#2140 = DIRECTION('',(0.,0.,1.));
#2141 = DIRECTION('',(1.,0.,0.));
#2142 = ORIENTED_EDGE('',*,*,#2088,.F.);
#2143 = ORIENTED_EDGE('',*,*,#1039,.F.);
#2144 = CYLINDRICAL_SURFACE('',#2145,0.5);
#2145 = AXIS2_PLACEMENT_3D('',#2146,#2147,#2148);
#2146 = CARTESIAN_POINT('',(-12.55,-12.55,0.));
#2147 = DIRECTION('',(-0.,-0.,-1.));
#2148 = DIRECTION('',(1.,0.,0.));
#2149 = ADVANCED_FACE('',(#2150),#2161,.F.);
#2150 = FACE_BOUND('',#2151,.F.);
#2151 = EDGE_LOOP('',(#2152,#2153,#2159,#2160));
#2152 = ORIENTED_EDGE('',*,*,#2128,.T.);
#2153 = ORIENTED_EDGE('',*,*,#2154,.T.);
#2154 = EDGE_CURVE('',#2129,#2105,#2155,.T.);
#2155 = LINE('',#2156,#2157);
#2156 = CARTESIAN_POINT('',(-12.05,-12.55,3.));
#2157 = VECTOR('',#2158,1.);
#2158 = DIRECTION('',(0.,-1.,0.));
#2159 = ORIENTED_EDGE('',*,*,#2113,.F.);
#2160 = ORIENTED_EDGE('',*,*,#1048,.F.);
#2161 = PLANE('',#2162);
#2162 = AXIS2_PLACEMENT_3D('',#2163,#2164,#2165);
#2163 = CARTESIAN_POINT('',(-12.05,-12.55,0.));
#2164 = DIRECTION('',(1.,0.,0.));
#2165 = DIRECTION('',(0.,-1.,0.));
#2166 = ADVANCED_FACE('',(#2167),#2192,.F.);
#2167 = FACE_BOUND('',#2168,.F.);
#2168 = EDGE_LOOP('',(#2169,#2177,#2185,#2191));
#2169 = ORIENTED_EDGE('',*,*,#2170,.T.);
#2170 = EDGE_CURVE('',#1083,#2171,#2173,.T.);
#2171 = VERTEX_POINT('',#2172);
#2172 = CARTESIAN_POINT('',(-7.,-25.55,3.));
#2173 = LINE('',#2174,#2175);
#2174 = CARTESIAN_POINT('',(-7.,-25.55,0.));
#2175 = VECTOR('',#2176,1.);
#2176 = DIRECTION('',(0.,0.,1.));
#2177 = ORIENTED_EDGE('',*,*,#2178,.T.);
#2178 = EDGE_CURVE('',#2171,#2179,#2181,.T.);
#2179 = VERTEX_POINT('',#2180);
#2180 = CARTESIAN_POINT('',(-7.,-12.55,3.));
#2181 = LINE('',#2182,#2183);
#2182 = CARTESIAN_POINT('',(-7.,-25.55,3.));
#2183 = VECTOR('',#2184,1.);
#2184 = DIRECTION('',(0.,1.,0.));
#2185 = ORIENTED_EDGE('',*,*,#2186,.F.);
#2186 = EDGE_CURVE('',#1085,#2179,#2187,.T.);
#2187 = LINE('',#2188,#2189);
#2188 = CARTESIAN_POINT('',(-7.,-12.55,0.));
#2189 = VECTOR('',#2190,1.);
#2190 = DIRECTION('',(0.,0.,1.));
#2191 = ORIENTED_EDGE('',*,*,#1082,.F.);
#2192 = PLANE('',#2193);
#2193 = AXIS2_PLACEMENT_3D('',#2194,#2195,#2196);
#2194 = CARTESIAN_POINT('',(-7.,-25.55,0.));
#2195 = DIRECTION('',(-1.,0.,0.));
#2196 = DIRECTION('',(0.,1.,0.));
#2197 = ADVANCED_FACE('',(#2198),#2217,.F.);
#2198 = FACE_BOUND('',#2199,.T.);
#2199 = EDGE_LOOP('',(#2200,#2201,#2210,#2216));
#2200 = ORIENTED_EDGE('',*,*,#2170,.T.);
#2201 = ORIENTED_EDGE('',*,*,#2202,.T.);
#2202 = EDGE_CURVE('',#2171,#2203,#2205,.T.);
#2203 = VERTEX_POINT('',#2204);
#2204 = CARTESIAN_POINT('',(-6.5,-26.05,3.));
#2205 = CIRCLE('',#2206,0.5);
#2206 = AXIS2_PLACEMENT_3D('',#2207,#2208,#2209);
#2207 = CARTESIAN_POINT('',(-6.5,-25.55,3.));
#2208 = DIRECTION('',(0.,0.,1.));
#2209 = DIRECTION('',(1.,0.,0.));
#2210 = ORIENTED_EDGE('',*,*,#2211,.F.);
#2211 = EDGE_CURVE('',#1136,#2203,#2212,.T.);
#2212 = LINE('',#2213,#2214);
#2213 = CARTESIAN_POINT('',(-6.5,-26.05,0.));
#2214 = VECTOR('',#2215,1.);
#2215 = DIRECTION('',(0.,0.,1.));
#2216 = ORIENTED_EDGE('',*,*,#1143,.F.);
#2217 = CYLINDRICAL_SURFACE('',#2218,0.5);
#2218 = AXIS2_PLACEMENT_3D('',#2219,#2220,#2221);
#2219 = CARTESIAN_POINT('',(-6.5,-25.55,0.));
#2220 = DIRECTION('',(-0.,-0.,-1.));
#2221 = DIRECTION('',(1.,0.,0.));
#2222 = ADVANCED_FACE('',(#2223),#2242,.F.);
#2223 = FACE_BOUND('',#2224,.T.);
#2224 = EDGE_LOOP('',(#2225,#2233,#2240,#2241));
#2225 = ORIENTED_EDGE('',*,*,#2226,.T.);
#2226 = EDGE_CURVE('',#1093,#2227,#2229,.T.);
#2227 = VERTEX_POINT('',#2228);
#2228 = CARTESIAN_POINT('',(-6.5,-12.05,3.));
#2229 = LINE('',#2230,#2231);
#2230 = CARTESIAN_POINT('',(-6.5,-12.05,0.));
#2231 = VECTOR('',#2232,1.);
#2232 = DIRECTION('',(0.,0.,1.));
#2233 = ORIENTED_EDGE('',*,*,#2234,.T.);
#2234 = EDGE_CURVE('',#2227,#2179,#2235,.T.);
#2235 = CIRCLE('',#2236,0.5);
#2236 = AXIS2_PLACEMENT_3D('',#2237,#2238,#2239);
#2237 = CARTESIAN_POINT('',(-6.5,-12.55,3.));
#2238 = DIRECTION('',(0.,0.,1.));
#2239 = DIRECTION('',(1.,0.,0.));
#2240 = ORIENTED_EDGE('',*,*,#2186,.F.);
#2241 = ORIENTED_EDGE('',*,*,#1092,.F.);
#2242 = CYLINDRICAL_SURFACE('',#2243,0.5);
#2243 = AXIS2_PLACEMENT_3D('',#2244,#2245,#2246);
#2244 = CARTESIAN_POINT('',(-6.5,-12.55,0.));
#2245 = DIRECTION('',(-0.,-0.,-1.));
#2246 = DIRECTION('',(1.,0.,0.));
#2247 = ADVANCED_FACE('',(#2248),#2266,.F.);
#2248 = FACE_BOUND('',#2249,.F.);
#2249 = EDGE_LOOP('',(#2250,#2258,#2264,#2265));
#2250 = ORIENTED_EDGE('',*,*,#2251,.T.);
#2251 = EDGE_CURVE('',#1127,#2252,#2254,.T.);
#2252 = VERTEX_POINT('',#2253);
#2253 = CARTESIAN_POINT('',(6.5,-26.05,3.));
#2254 = LINE('',#2255,#2256);
#2255 = CARTESIAN_POINT('',(6.5,-26.05,0.));
#2256 = VECTOR('',#2257,1.);
#2257 = DIRECTION('',(0.,0.,1.));
#2258 = ORIENTED_EDGE('',*,*,#2259,.T.);
#2259 = EDGE_CURVE('',#2252,#2203,#2260,.T.);
#2260 = LINE('',#2261,#2262);
#2261 = CARTESIAN_POINT('',(6.5,-26.05,3.));
#2262 = VECTOR('',#2263,1.);
#2263 = DIRECTION('',(-1.,0.,0.));
#2264 = ORIENTED_EDGE('',*,*,#2211,.F.);
#2265 = ORIENTED_EDGE('',*,*,#1135,.F.);
#2266 = PLANE('',#2267);
#2267 = AXIS2_PLACEMENT_3D('',#2268,#2269,#2270);
#2268 = CARTESIAN_POINT('',(6.5,-26.05,0.));
#2269 = DIRECTION('',(0.,-1.,0.));
#2270 = DIRECTION('',(-1.,0.,0.));
#2271 = ADVANCED_FACE('',(#2272),#2290,.F.);
#2272 = FACE_BOUND('',#2273,.F.);
#2273 = EDGE_LOOP('',(#2274,#2275,#2283,#2289));
#2274 = ORIENTED_EDGE('',*,*,#2226,.T.);
#2275 = ORIENTED_EDGE('',*,*,#2276,.T.);
#2276 = EDGE_CURVE('',#2227,#2277,#2279,.T.);
#2277 = VERTEX_POINT('',#2278);
#2278 = CARTESIAN_POINT('',(6.5,-12.05,3.));
#2279 = LINE('',#2280,#2281);
#2280 = CARTESIAN_POINT('',(-6.5,-12.05,3.));
#2281 = VECTOR('',#2282,1.);
#2282 = DIRECTION('',(1.,0.,0.));
#2283 = ORIENTED_EDGE('',*,*,#2284,.F.);
#2284 = EDGE_CURVE('',#1102,#2277,#2285,.T.);
#2285 = LINE('',#2286,#2287);
#2286 = CARTESIAN_POINT('',(6.5,-12.05,0.));
#2287 = VECTOR('',#2288,1.);
#2288 = DIRECTION('',(0.,0.,1.));
#2289 = ORIENTED_EDGE('',*,*,#1101,.F.);
#2290 = PLANE('',#2291);
#2291 = AXIS2_PLACEMENT_3D('',#2292,#2293,#2294);
#2292 = CARTESIAN_POINT('',(-6.5,-12.05,0.));
#2293 = DIRECTION('',(0.,1.,0.));
#2294 = DIRECTION('',(1.,0.,0.));
#2295 = ADVANCED_FACE('',(#2296),#2315,.F.);
#2296 = FACE_BOUND('',#2297,.T.);
#2297 = EDGE_LOOP('',(#2298,#2299,#2308,#2314));
#2298 = ORIENTED_EDGE('',*,*,#2251,.T.);
#2299 = ORIENTED_EDGE('',*,*,#2300,.T.);
#2300 = EDGE_CURVE('',#2252,#2301,#2303,.T.);
#2301 = VERTEX_POINT('',#2302);
#2302 = CARTESIAN_POINT('',(7.,-25.55,3.));
#2303 = CIRCLE('',#2304,0.5);
#2304 = AXIS2_PLACEMENT_3D('',#2305,#2306,#2307);
#2305 = CARTESIAN_POINT('',(6.5,-25.55,3.));
#2306 = DIRECTION('',(0.,0.,1.));
#2307 = DIRECTION('',(1.,0.,0.));
#2308 = ORIENTED_EDGE('',*,*,#2309,.F.);
#2309 = EDGE_CURVE('',#1119,#2301,#2310,.T.);
#2310 = LINE('',#2311,#2312);
#2311 = CARTESIAN_POINT('',(7.,-25.55,0.));
#2312 = VECTOR('',#2313,1.);
#2313 = DIRECTION('',(0.,0.,1.));
#2314 = ORIENTED_EDGE('',*,*,#1126,.F.);
#2315 = CYLINDRICAL_SURFACE('',#2316,0.5);
#2316 = AXIS2_PLACEMENT_3D('',#2317,#2318,#2319);
#2317 = CARTESIAN_POINT('',(6.5,-25.55,0.));
#2318 = DIRECTION('',(-0.,-0.,-1.));
#2319 = DIRECTION('',(1.,0.,0.));
#2320 = ADVANCED_FACE('',(#2321),#2340,.F.);
#2321 = FACE_BOUND('',#2322,.T.);
#2322 = EDGE_LOOP('',(#2323,#2331,#2338,#2339));
#2323 = ORIENTED_EDGE('',*,*,#2324,.T.);
#2324 = EDGE_CURVE('',#1110,#2325,#2327,.T.);
#2325 = VERTEX_POINT('',#2326);
#2326 = CARTESIAN_POINT('',(7.,-12.55,3.));
#2327 = LINE('',#2328,#2329);
#2328 = CARTESIAN_POINT('',(7.,-12.55,0.));
#2329 = VECTOR('',#2330,1.);
#2330 = DIRECTION('',(0.,0.,1.));
#2331 = ORIENTED_EDGE('',*,*,#2332,.T.);
#2332 = EDGE_CURVE('',#2325,#2277,#2333,.T.);
#2333 = CIRCLE('',#2334,0.5);
#2334 = AXIS2_PLACEMENT_3D('',#2335,#2336,#2337);
#2335 = CARTESIAN_POINT('',(6.5,-12.55,3.));
#2336 = DIRECTION('',(0.,0.,1.));
#2337 = DIRECTION('',(1.,0.,0.));
#2338 = ORIENTED_EDGE('',*,*,#2284,.F.);
#2339 = ORIENTED_EDGE('',*,*,#1109,.F.);
#2340 = CYLINDRICAL_SURFACE('',#2341,0.5);
#2341 = AXIS2_PLACEMENT_3D('',#2342,#2343,#2344);
#2342 = CARTESIAN_POINT('',(6.5,-12.55,0.));
#2343 = DIRECTION('',(-0.,-0.,-1.));
#2344 = DIRECTION('',(1.,0.,0.));
#2345 = ADVANCED_FACE('',(#2346),#2357,.F.);
#2346 = FACE_BOUND('',#2347,.F.);
#2347 = EDGE_LOOP('',(#2348,#2349,#2355,#2356));
#2348 = ORIENTED_EDGE('',*,*,#2324,.T.);
#2349 = ORIENTED_EDGE('',*,*,#2350,.T.);
#2350 = EDGE_CURVE('',#2325,#2301,#2351,.T.);
#2351 = LINE('',#2352,#2353);
#2352 = CARTESIAN_POINT('',(7.,-12.55,3.));
#2353 = VECTOR('',#2354,1.);
#2354 = DIRECTION('',(0.,-1.,0.));
#2355 = ORIENTED_EDGE('',*,*,#2309,.F.);
#2356 = ORIENTED_EDGE('',*,*,#1118,.F.);
#2357 = PLANE('',#2358);
#2358 = AXIS2_PLACEMENT_3D('',#2359,#2360,#2361);
#2359 = CARTESIAN_POINT('',(7.,-12.55,0.));
#2360 = DIRECTION('',(1.,0.,0.));
#2361 = DIRECTION('',(0.,-1.,0.));
#2362 = ADVANCED_FACE('',(#2363),#2388,.F.);
#2363 = FACE_BOUND('',#2364,.F.);
#2364 = EDGE_LOOP('',(#2365,#2373,#2381,#2387));
#2365 = ORIENTED_EDGE('',*,*,#2366,.T.);
#2366 = EDGE_CURVE('',#1153,#2367,#2369,.T.);
#2367 = VERTEX_POINT('',#2368);
#2368 = CARTESIAN_POINT('',(-12.05,6.5,3.));
#2369 = LINE('',#2370,#2371);
#2370 = CARTESIAN_POINT('',(-12.05,6.5,0.));
#2371 = VECTOR('',#2372,1.);
#2372 = DIRECTION('',(0.,0.,1.));
#2373 = ORIENTED_EDGE('',*,*,#2374,.T.);
#2374 = EDGE_CURVE('',#2367,#2375,#2377,.T.);
#2375 = VERTEX_POINT('',#2376);
#2376 = CARTESIAN_POINT('',(-12.05,-6.5,3.));
#2377 = LINE('',#2378,#2379);
#2378 = CARTESIAN_POINT('',(-12.05,6.5,3.));
#2379 = VECTOR('',#2380,1.);
#2380 = DIRECTION('',(0.,-1.,0.));
#2381 = ORIENTED_EDGE('',*,*,#2382,.F.);
#2382 = EDGE_CURVE('',#1155,#2375,#2383,.T.);
#2383 = LINE('',#2384,#2385);
#2384 = CARTESIAN_POINT('',(-12.05,-6.5,0.));
#2385 = VECTOR('',#2386,1.);
#2386 = DIRECTION('',(0.,0.,1.));
#2387 = ORIENTED_EDGE('',*,*,#1152,.F.);
#2388 = PLANE('',#2389);
#2389 = AXIS2_PLACEMENT_3D('',#2390,#2391,#2392);
#2390 = CARTESIAN_POINT('',(-12.05,6.5,0.));
#2391 = DIRECTION('',(1.,0.,0.));
#2392 = DIRECTION('',(0.,-1.,0.));
#2393 = ADVANCED_FACE('',(#2394),#2413,.F.);
#2394 = FACE_BOUND('',#2395,.T.);
#2395 = EDGE_LOOP('',(#2396,#2397,#2406,#2412));
#2396 = ORIENTED_EDGE('',*,*,#2366,.T.);
#2397 = ORIENTED_EDGE('',*,*,#2398,.T.);
#2398 = EDGE_CURVE('',#2367,#2399,#2401,.T.);
#2399 = VERTEX_POINT('',#2400);
#2400 = CARTESIAN_POINT('',(-12.55,7.,3.));
#2401 = CIRCLE('',#2402,0.5);
#2402 = AXIS2_PLACEMENT_3D('',#2403,#2404,#2405);
#2403 = CARTESIAN_POINT('',(-12.55,6.5,3.));
#2404 = DIRECTION('',(0.,0.,1.));
#2405 = DIRECTION('',(1.,0.,0.));
#2406 = ORIENTED_EDGE('',*,*,#2407,.F.);
#2407 = EDGE_CURVE('',#1206,#2399,#2408,.T.);
#2408 = LINE('',#2409,#2410);
#2409 = CARTESIAN_POINT('',(-12.55,7.,0.));
#2410 = VECTOR('',#2411,1.);
#2411 = DIRECTION('',(0.,0.,1.));
#2412 = ORIENTED_EDGE('',*,*,#1213,.F.);
#2413 = CYLINDRICAL_SURFACE('',#2414,0.5);
#2414 = AXIS2_PLACEMENT_3D('',#2415,#2416,#2417);
#2415 = CARTESIAN_POINT('',(-12.55,6.5,0.));
#2416 = DIRECTION('',(-0.,-0.,-1.));
#2417 = DIRECTION('',(1.,0.,0.));
#2418 = ADVANCED_FACE('',(#2419),#2438,.F.);
#2419 = FACE_BOUND('',#2420,.T.);
#2420 = EDGE_LOOP('',(#2421,#2429,#2436,#2437));
#2421 = ORIENTED_EDGE('',*,*,#2422,.T.);
#2422 = EDGE_CURVE('',#1163,#2423,#2425,.T.);
#2423 = VERTEX_POINT('',#2424);
#2424 = CARTESIAN_POINT('',(-12.55,-7.,3.));
#2425 = LINE('',#2426,#2427);
#2426 = CARTESIAN_POINT('',(-12.55,-7.,0.));
#2427 = VECTOR('',#2428,1.);
#2428 = DIRECTION('',(0.,0.,1.));
#2429 = ORIENTED_EDGE('',*,*,#2430,.T.);
#2430 = EDGE_CURVE('',#2423,#2375,#2431,.T.);
#2431 = CIRCLE('',#2432,0.5);
#2432 = AXIS2_PLACEMENT_3D('',#2433,#2434,#2435);
#2433 = CARTESIAN_POINT('',(-12.55,-6.5,3.));
#2434 = DIRECTION('',(0.,0.,1.));
#2435 = DIRECTION('',(1.,0.,0.));
#2436 = ORIENTED_EDGE('',*,*,#2382,.F.);
#2437 = ORIENTED_EDGE('',*,*,#1162,.F.);
#2438 = CYLINDRICAL_SURFACE('',#2439,0.5);
#2439 = AXIS2_PLACEMENT_3D('',#2440,#2441,#2442);
#2440 = CARTESIAN_POINT('',(-12.55,-6.5,0.));
#2441 = DIRECTION('',(-0.,-0.,-1.));
#2442 = DIRECTION('',(1.,0.,0.));
#2443 = ADVANCED_FACE('',(#2444),#2462,.F.);
#2444 = FACE_BOUND('',#2445,.F.);
#2445 = EDGE_LOOP('',(#2446,#2454,#2460,#2461));
#2446 = ORIENTED_EDGE('',*,*,#2447,.T.);
#2447 = EDGE_CURVE('',#1197,#2448,#2450,.T.);
#2448 = VERTEX_POINT('',#2449);
#2449 = CARTESIAN_POINT('',(-25.55,7.,3.));
#2450 = LINE('',#2451,#2452);
#2451 = CARTESIAN_POINT('',(-25.55,7.,0.));
#2452 = VECTOR('',#2453,1.);
#2453 = DIRECTION('',(0.,0.,1.));
#2454 = ORIENTED_EDGE('',*,*,#2455,.T.);
#2455 = EDGE_CURVE('',#2448,#2399,#2456,.T.);
#2456 = LINE('',#2457,#2458);
#2457 = CARTESIAN_POINT('',(-25.55,7.,3.));
#2458 = VECTOR('',#2459,1.);
#2459 = DIRECTION('',(1.,0.,0.));
#2460 = ORIENTED_EDGE('',*,*,#2407,.F.);
#2461 = ORIENTED_EDGE('',*,*,#1205,.F.);
#2462 = PLANE('',#2463);
#2463 = AXIS2_PLACEMENT_3D('',#2464,#2465,#2466);
#2464 = CARTESIAN_POINT('',(-25.55,7.,0.));
#2465 = DIRECTION('',(0.,1.,0.));
#2466 = DIRECTION('',(1.,0.,0.));
#2467 = ADVANCED_FACE('',(#2468),#2486,.F.);
#2468 = FACE_BOUND('',#2469,.F.);
#2469 = EDGE_LOOP('',(#2470,#2471,#2479,#2485));
#2470 = ORIENTED_EDGE('',*,*,#2422,.T.);
#2471 = ORIENTED_EDGE('',*,*,#2472,.T.);
#2472 = EDGE_CURVE('',#2423,#2473,#2475,.T.);
#2473 = VERTEX_POINT('',#2474);
#2474 = CARTESIAN_POINT('',(-25.55,-7.,3.));
#2475 = LINE('',#2476,#2477);
#2476 = CARTESIAN_POINT('',(-12.55,-7.,3.));
#2477 = VECTOR('',#2478,1.);
#2478 = DIRECTION('',(-1.,0.,0.));
#2479 = ORIENTED_EDGE('',*,*,#2480,.F.);
#2480 = EDGE_CURVE('',#1172,#2473,#2481,.T.);
#2481 = LINE('',#2482,#2483);
#2482 = CARTESIAN_POINT('',(-25.55,-7.,0.));
#2483 = VECTOR('',#2484,1.);
#2484 = DIRECTION('',(0.,0.,1.));
#2485 = ORIENTED_EDGE('',*,*,#1171,.F.);
#2486 = PLANE('',#2487);
#2487 = AXIS2_PLACEMENT_3D('',#2488,#2489,#2490);
#2488 = CARTESIAN_POINT('',(-12.55,-7.,0.));
#2489 = DIRECTION('',(0.,-1.,0.));
#2490 = DIRECTION('',(-1.,0.,0.));
#2491 = ADVANCED_FACE('',(#2492),#2511,.F.);
#2492 = FACE_BOUND('',#2493,.T.);
#2493 = EDGE_LOOP('',(#2494,#2495,#2504,#2510));
#2494 = ORIENTED_EDGE('',*,*,#2447,.T.);
#2495 = ORIENTED_EDGE('',*,*,#2496,.T.);
#2496 = EDGE_CURVE('',#2448,#2497,#2499,.T.);
#2497 = VERTEX_POINT('',#2498);
#2498 = CARTESIAN_POINT('',(-26.05,6.5,3.));
#2499 = CIRCLE('',#2500,0.5);
#2500 = AXIS2_PLACEMENT_3D('',#2501,#2502,#2503);
#2501 = CARTESIAN_POINT('',(-25.55,6.5,3.));
#2502 = DIRECTION('',(0.,0.,1.));
#2503 = DIRECTION('',(1.,0.,0.));
#2504 = ORIENTED_EDGE('',*,*,#2505,.F.);
#2505 = EDGE_CURVE('',#1189,#2497,#2506,.T.);
#2506 = LINE('',#2507,#2508);
#2507 = CARTESIAN_POINT('',(-26.05,6.5,0.));
#2508 = VECTOR('',#2509,1.);
#2509 = DIRECTION('',(0.,0.,1.));
#2510 = ORIENTED_EDGE('',*,*,#1196,.F.);
#2511 = CYLINDRICAL_SURFACE('',#2512,0.5);
#2512 = AXIS2_PLACEMENT_3D('',#2513,#2514,#2515);
#2513 = CARTESIAN_POINT('',(-25.55,6.5,0.));
#2514 = DIRECTION('',(-0.,-0.,-1.));
#2515 = DIRECTION('',(1.,0.,0.));
#2516 = ADVANCED_FACE('',(#2517),#2536,.F.);
#2517 = FACE_BOUND('',#2518,.T.);
#2518 = EDGE_LOOP('',(#2519,#2527,#2534,#2535));
#2519 = ORIENTED_EDGE('',*,*,#2520,.T.);
#2520 = EDGE_CURVE('',#1180,#2521,#2523,.T.);
#2521 = VERTEX_POINT('',#2522);
#2522 = CARTESIAN_POINT('',(-26.05,-6.5,3.));
#2523 = LINE('',#2524,#2525);
#2524 = CARTESIAN_POINT('',(-26.05,-6.5,0.));
#2525 = VECTOR('',#2526,1.);
#2526 = DIRECTION('',(0.,0.,1.));
#2527 = ORIENTED_EDGE('',*,*,#2528,.T.);
#2528 = EDGE_CURVE('',#2521,#2473,#2529,.T.);
#2529 = CIRCLE('',#2530,0.5);
#2530 = AXIS2_PLACEMENT_3D('',#2531,#2532,#2533);
#2531 = CARTESIAN_POINT('',(-25.55,-6.5,3.));
#2532 = DIRECTION('',(0.,0.,1.));
#2533 = DIRECTION('',(1.,0.,0.));
#2534 = ORIENTED_EDGE('',*,*,#2480,.F.);
#2535 = ORIENTED_EDGE('',*,*,#1179,.F.);
#2536 = CYLINDRICAL_SURFACE('',#2537,0.5);
#2537 = AXIS2_PLACEMENT_3D('',#2538,#2539,#2540);
#2538 = CARTESIAN_POINT('',(-25.55,-6.5,0.));
#2539 = DIRECTION('',(-0.,-0.,-1.));
#2540 = DIRECTION('',(1.,0.,0.));
#2541 = ADVANCED_FACE('',(#2542),#2553,.F.);
#2542 = FACE_BOUND('',#2543,.F.);
#2543 = EDGE_LOOP('',(#2544,#2545,#2551,#2552));
#2544 = ORIENTED_EDGE('',*,*,#2520,.T.);
#2545 = ORIENTED_EDGE('',*,*,#2546,.T.);
#2546 = EDGE_CURVE('',#2521,#2497,#2547,.T.);
#2547 = LINE('',#2548,#2549);
#2548 = CARTESIAN_POINT('',(-26.05,-6.5,3.));
#2549 = VECTOR('',#2550,1.);
#2550 = DIRECTION('',(0.,1.,0.));
#2551 = ORIENTED_EDGE('',*,*,#2505,.F.);
#2552 = ORIENTED_EDGE('',*,*,#1188,.F.);
#2553 = PLANE('',#2554);
#2554 = AXIS2_PLACEMENT_3D('',#2555,#2556,#2557);
#2555 = CARTESIAN_POINT('',(-26.05,-6.5,0.));
#2556 = DIRECTION('',(-1.,0.,0.));
#2557 = DIRECTION('',(0.,1.,0.));
#2558 = ADVANCED_FACE('',(#2559),#2584,.T.);
#2559 = FACE_BOUND('',#2560,.T.);
#2560 = EDGE_LOOP('',(#2561,#2569,#2577,#2583));
#2561 = ORIENTED_EDGE('',*,*,#2562,.T.);
#2562 = EDGE_CURVE('',#1223,#2563,#2565,.T.);
#2563 = VERTEX_POINT('',#2564);
#2564 = CARTESIAN_POINT('',(-6.5,-7.,3.));
#2565 = LINE('',#2566,#2567);
#2566 = CARTESIAN_POINT('',(-6.5,-7.,0.));
#2567 = VECTOR('',#2568,1.);
#2568 = DIRECTION('',(0.,0.,1.));
#2569 = ORIENTED_EDGE('',*,*,#2570,.T.);
#2570 = EDGE_CURVE('',#2563,#2571,#2573,.T.);
#2571 = VERTEX_POINT('',#2572);
#2572 = CARTESIAN_POINT('',(6.5,-7.,3.));
#2573 = LINE('',#2574,#2575);
#2574 = CARTESIAN_POINT('',(-6.5,-7.,3.));
#2575 = VECTOR('',#2576,1.);
#2576 = DIRECTION('',(1.,0.,0.));
#2577 = ORIENTED_EDGE('',*,*,#2578,.F.);
#2578 = EDGE_CURVE('',#1225,#2571,#2579,.T.);
#2579 = LINE('',#2580,#2581);
#2580 = CARTESIAN_POINT('',(6.5,-7.,0.));
#2581 = VECTOR('',#2582,1.);
#2582 = DIRECTION('',(0.,0.,1.));
#2583 = ORIENTED_EDGE('',*,*,#1222,.F.);
#2584 = PLANE('',#2585);
#2585 = AXIS2_PLACEMENT_3D('',#2586,#2587,#2588);
#2586 = CARTESIAN_POINT('',(-6.5,-7.,0.));
#2587 = DIRECTION('',(0.,1.,0.));
#2588 = DIRECTION('',(1.,0.,0.));
#2589 = ADVANCED_FACE('',(#2590),#2609,.F.);
#2590 = FACE_BOUND('',#2591,.T.);
#2591 = EDGE_LOOP('',(#2592,#2600,#2607,#2608));
#2592 = ORIENTED_EDGE('',*,*,#2593,.T.);
#2593 = EDGE_CURVE('',#1233,#2594,#2596,.T.);
#2594 = VERTEX_POINT('',#2595);
#2595 = CARTESIAN_POINT('',(-7.,-6.5,3.));
#2596 = LINE('',#2597,#2598);
#2597 = CARTESIAN_POINT('',(-7.,-6.5,0.));
#2598 = VECTOR('',#2599,1.);
#2599 = DIRECTION('',(0.,0.,1.));
#2600 = ORIENTED_EDGE('',*,*,#2601,.T.);
#2601 = EDGE_CURVE('',#2594,#2563,#2602,.T.);
#2602 = CIRCLE('',#2603,0.5);
#2603 = AXIS2_PLACEMENT_3D('',#2604,#2605,#2606);
#2604 = CARTESIAN_POINT('',(-6.5,-6.5,3.));
#2605 = DIRECTION('',(0.,0.,1.));
#2606 = DIRECTION('',(1.,0.,0.));
#2607 = ORIENTED_EDGE('',*,*,#2562,.F.);
#2608 = ORIENTED_EDGE('',*,*,#1232,.F.);
#2609 = CYLINDRICAL_SURFACE('',#2610,0.5);
#2610 = AXIS2_PLACEMENT_3D('',#2611,#2612,#2613);
#2611 = CARTESIAN_POINT('',(-6.5,-6.5,0.));
#2612 = DIRECTION('',(-0.,-0.,-1.));
#2613 = DIRECTION('',(1.,0.,0.));
#2614 = ADVANCED_FACE('',(#2615),#2634,.F.);
#2615 = FACE_BOUND('',#2616,.T.);
#2616 = EDGE_LOOP('',(#2617,#2618,#2627,#2633));
#2617 = ORIENTED_EDGE('',*,*,#2578,.T.);
#2618 = ORIENTED_EDGE('',*,*,#2619,.T.);
#2619 = EDGE_CURVE('',#2571,#2620,#2622,.T.);
#2620 = VERTEX_POINT('',#2621);
#2621 = CARTESIAN_POINT('',(7.,-6.5,3.));
#2622 = CIRCLE('',#2623,0.5);
#2623 = AXIS2_PLACEMENT_3D('',#2624,#2625,#2626);
#2624 = CARTESIAN_POINT('',(6.5,-6.5,3.));
#2625 = DIRECTION('',(0.,0.,1.));
#2626 = DIRECTION('',(1.,0.,0.));
#2627 = ORIENTED_EDGE('',*,*,#2628,.F.);
#2628 = EDGE_CURVE('',#1276,#2620,#2629,.T.);
#2629 = LINE('',#2630,#2631);
#2630 = CARTESIAN_POINT('',(7.,-6.5,0.));
#2631 = VECTOR('',#2632,1.);
#2632 = DIRECTION('',(0.,0.,1.));
#2633 = ORIENTED_EDGE('',*,*,#1283,.F.);
#2634 = CYLINDRICAL_SURFACE('',#2635,0.5);
#2635 = AXIS2_PLACEMENT_3D('',#2636,#2637,#2638);
#2636 = CARTESIAN_POINT('',(6.5,-6.5,0.));
#2637 = DIRECTION('',(-0.,-0.,-1.));
#2638 = DIRECTION('',(1.,0.,0.));
#2639 = ADVANCED_FACE('',(#2640),#2658,.T.);
#2640 = FACE_BOUND('',#2641,.T.);
#2641 = EDGE_LOOP('',(#2642,#2650,#2656,#2657));
#2642 = ORIENTED_EDGE('',*,*,#2643,.T.);
#2643 = EDGE_CURVE('',#1242,#2644,#2646,.T.);
#2644 = VERTEX_POINT('',#2645);
#2645 = CARTESIAN_POINT('',(-7.,6.5,3.));
#2646 = LINE('',#2647,#2648);
#2647 = CARTESIAN_POINT('',(-7.,6.5,0.));
#2648 = VECTOR('',#2649,1.);
#2649 = DIRECTION('',(0.,0.,1.));
#2650 = ORIENTED_EDGE('',*,*,#2651,.T.);
#2651 = EDGE_CURVE('',#2644,#2594,#2652,.T.);
#2652 = LINE('',#2653,#2654);
#2653 = CARTESIAN_POINT('',(-7.,6.5,3.));
#2654 = VECTOR('',#2655,1.);
#2655 = DIRECTION('',(0.,-1.,0.));
#2656 = ORIENTED_EDGE('',*,*,#2593,.F.);
#2657 = ORIENTED_EDGE('',*,*,#1241,.F.);
#2658 = PLANE('',#2659);
#2659 = AXIS2_PLACEMENT_3D('',#2660,#2661,#2662);
#2660 = CARTESIAN_POINT('',(-7.,6.5,0.));
#2661 = DIRECTION('',(1.,0.,0.));
#2662 = DIRECTION('',(0.,-1.,0.));
#2663 = ADVANCED_FACE('',(#2664),#2682,.T.);
#2664 = FACE_BOUND('',#2665,.T.);
#2665 = EDGE_LOOP('',(#2666,#2667,#2675,#2681));
#2666 = ORIENTED_EDGE('',*,*,#2628,.T.);
#2667 = ORIENTED_EDGE('',*,*,#2668,.T.);
#2668 = EDGE_CURVE('',#2620,#2669,#2671,.T.);
#2669 = VERTEX_POINT('',#2670);
#2670 = CARTESIAN_POINT('',(7.,6.5,3.));
#2671 = LINE('',#2672,#2673);
#2672 = CARTESIAN_POINT('',(7.,-6.5,3.));
#2673 = VECTOR('',#2674,1.);
#2674 = DIRECTION('',(0.,1.,0.));
#2675 = ORIENTED_EDGE('',*,*,#2676,.F.);
#2676 = EDGE_CURVE('',#1267,#2669,#2677,.T.);
#2677 = LINE('',#2678,#2679);
#2678 = CARTESIAN_POINT('',(7.,6.5,0.));
#2679 = VECTOR('',#2680,1.);
#2680 = DIRECTION('',(0.,0.,1.));
#2681 = ORIENTED_EDGE('',*,*,#1275,.F.);
#2682 = PLANE('',#2683);
#2683 = AXIS2_PLACEMENT_3D('',#2684,#2685,#2686);
#2684 = CARTESIAN_POINT('',(7.,-6.5,0.));
#2685 = DIRECTION('',(-1.,0.,0.));
#2686 = DIRECTION('',(0.,1.,0.));
#2687 = ADVANCED_FACE('',(#2688),#2707,.F.);
#2688 = FACE_BOUND('',#2689,.T.);
#2689 = EDGE_LOOP('',(#2690,#2698,#2705,#2706));
#2690 = ORIENTED_EDGE('',*,*,#2691,.T.);
#2691 = EDGE_CURVE('',#1250,#2692,#2694,.T.);
#2692 = VERTEX_POINT('',#2693);
#2693 = CARTESIAN_POINT('',(-6.5,7.,3.));
#2694 = LINE('',#2695,#2696);
#2695 = CARTESIAN_POINT('',(-6.5,7.,0.));
#2696 = VECTOR('',#2697,1.);
#2697 = DIRECTION('',(0.,0.,1.));
#2698 = ORIENTED_EDGE('',*,*,#2699,.T.);
#2699 = EDGE_CURVE('',#2692,#2644,#2700,.T.);
#2700 = CIRCLE('',#2701,0.5);
#2701 = AXIS2_PLACEMENT_3D('',#2702,#2703,#2704);
#2702 = CARTESIAN_POINT('',(-6.5,6.5,3.));
#2703 = DIRECTION('',(0.,0.,1.));
#2704 = DIRECTION('',(1.,0.,0.));
#2705 = ORIENTED_EDGE('',*,*,#2643,.F.);
#2706 = ORIENTED_EDGE('',*,*,#1249,.F.);
#2707 = CYLINDRICAL_SURFACE('',#2708,0.5);
#2708 = AXIS2_PLACEMENT_3D('',#2709,#2710,#2711);
#2709 = CARTESIAN_POINT('',(-6.5,6.5,0.));
#2710 = DIRECTION('',(-0.,-0.,-1.));
#2711 = DIRECTION('',(1.,0.,0.));
#2712 = ADVANCED_FACE('',(#2713),#2732,.F.);
#2713 = FACE_BOUND('',#2714,.T.);
#2714 = EDGE_LOOP('',(#2715,#2716,#2725,#2731));
#2715 = ORIENTED_EDGE('',*,*,#2676,.T.);
#2716 = ORIENTED_EDGE('',*,*,#2717,.T.);
#2717 = EDGE_CURVE('',#2669,#2718,#2720,.T.);
#2718 = VERTEX_POINT('',#2719);
#2719 = CARTESIAN_POINT('',(6.5,7.,3.));
#2720 = CIRCLE('',#2721,0.5);
#2721 = AXIS2_PLACEMENT_3D('',#2722,#2723,#2724);
#2722 = CARTESIAN_POINT('',(6.5,6.5,3.));
#2723 = DIRECTION('',(0.,0.,1.));
#2724 = DIRECTION('',(1.,0.,0.));
#2725 = ORIENTED_EDGE('',*,*,#2726,.F.);
#2726 = EDGE_CURVE('',#1259,#2718,#2727,.T.);
#2727 = LINE('',#2728,#2729);
#2728 = CARTESIAN_POINT('',(6.5,7.,0.));
#2729 = VECTOR('',#2730,1.);
#2730 = DIRECTION('',(0.,0.,1.));
#2731 = ORIENTED_EDGE('',*,*,#1266,.F.);
#2732 = CYLINDRICAL_SURFACE('',#2733,0.5);
#2733 = AXIS2_PLACEMENT_3D('',#2734,#2735,#2736);
#2734 = CARTESIAN_POINT('',(6.5,6.5,0.));
#2735 = DIRECTION('',(-0.,-0.,-1.));
#2736 = DIRECTION('',(1.,0.,0.));
#2737 = ADVANCED_FACE('',(#2738),#2749,.T.);
#2738 = FACE_BOUND('',#2739,.T.);
#2739 = EDGE_LOOP('',(#2740,#2741,#2747,#2748));
#2740 = ORIENTED_EDGE('',*,*,#2726,.T.);
#2741 = ORIENTED_EDGE('',*,*,#2742,.T.);
#2742 = EDGE_CURVE('',#2718,#2692,#2743,.T.);
#2743 = LINE('',#2744,#2745);
#2744 = CARTESIAN_POINT('',(6.5,7.,3.));
#2745 = VECTOR('',#2746,1.);
#2746 = DIRECTION('',(-1.,0.,0.));
#2747 = ORIENTED_EDGE('',*,*,#2691,.F.);
#2748 = ORIENTED_EDGE('',*,*,#1258,.F.);
#2749 = PLANE('',#2750);
#2750 = AXIS2_PLACEMENT_3D('',#2751,#2752,#2753);
#2751 = CARTESIAN_POINT('',(6.5,7.,0.));
#2752 = DIRECTION('',(0.,-1.,0.));
#2753 = DIRECTION('',(-1.,0.,0.));
#2754 = ADVANCED_FACE('',(#2755),#2773,.F.);
#2755 = FACE_BOUND('',#2756,.T.);
#2756 = EDGE_LOOP('',(#2757,#2766,#2771,#2772));
#2757 = ORIENTED_EDGE('',*,*,#2758,.T.);
#2758 = EDGE_CURVE('',#2759,#2759,#2761,.T.);
#2759 = VERTEX_POINT('',#2760);
#2760 = CARTESIAN_POINT('',(46.75,-45.,6.));
#2761 = CIRCLE('',#2762,1.75);
#2762 = AXIS2_PLACEMENT_3D('',#2763,#2764,#2765);
#2763 = CARTESIAN_POINT('',(45.,-45.,6.));
#2764 = DIRECTION('',(0.,0.,1.));
#2765 = DIRECTION('',(1.,0.,0.));
#2766 = ORIENTED_EDGE('',*,*,#2767,.T.);
#2767 = EDGE_CURVE('',#2759,#1293,#2768,.T.);
#2768 = B_SPLINE_CURVE_WITH_KNOTS('',1,(#2769,#2770),.UNSPECIFIED.,.F.,
  .F.,(2,2),(-6.,0.),.PIECEWISE_BEZIER_KNOTS.);
#2769 = CARTESIAN_POINT('',(46.75,-45.,6.));
#2770 = CARTESIAN_POINT('',(46.75,-45.,0.));
#2771 = ORIENTED_EDGE('',*,*,#1292,.F.);
#2772 = ORIENTED_EDGE('',*,*,#2767,.F.);
#2773 = CYLINDRICAL_SURFACE('',#2774,1.75);
#2774 = AXIS2_PLACEMENT_3D('',#2775,#2776,#2777);
#2775 = CARTESIAN_POINT('',(45.,-45.,0.));
#2776 = DIRECTION('',(-0.,-0.,-1.));
#2777 = DIRECTION('',(1.,0.,0.));
#2778 = ADVANCED_FACE('',(#2779),#2804,.T.);
#2779 = FACE_BOUND('',#2780,.T.);
#2780 = EDGE_LOOP('',(#2781,#2789,#2797,#2803));
#2781 = ORIENTED_EDGE('',*,*,#2782,.T.);
#2782 = EDGE_CURVE('',#1304,#2783,#2785,.T.);
#2783 = VERTEX_POINT('',#2784);
#2784 = CARTESIAN_POINT('',(25.55,-12.05,3.));
#2785 = LINE('',#2786,#2787);
#2786 = CARTESIAN_POINT('',(25.55,-12.05,0.));
#2787 = VECTOR('',#2788,1.);
#2788 = DIRECTION('',(0.,0.,1.));
#2789 = ORIENTED_EDGE('',*,*,#2790,.T.);
#2790 = EDGE_CURVE('',#2783,#2791,#2793,.T.);
#2791 = VERTEX_POINT('',#2792);
#2792 = CARTESIAN_POINT('',(12.55,-12.05,3.));
#2793 = LINE('',#2794,#2795);
#2794 = CARTESIAN_POINT('',(25.55,-12.05,3.));
#2795 = VECTOR('',#2796,1.);
#2796 = DIRECTION('',(-1.,0.,0.));
#2797 = ORIENTED_EDGE('',*,*,#2798,.F.);
#2798 = EDGE_CURVE('',#1306,#2791,#2799,.T.);
#2799 = LINE('',#2800,#2801);
#2800 = CARTESIAN_POINT('',(12.55,-12.05,0.));
#2801 = VECTOR('',#2802,1.);
#2802 = DIRECTION('',(0.,0.,1.));
#2803 = ORIENTED_EDGE('',*,*,#1303,.F.);
#2804 = PLANE('',#2805);
#2805 = AXIS2_PLACEMENT_3D('',#2806,#2807,#2808);
#2806 = CARTESIAN_POINT('',(25.55,-12.05,0.));
#2807 = DIRECTION('',(0.,-1.,0.));
#2808 = DIRECTION('',(-1.,0.,0.));
#2809 = ADVANCED_FACE('',(#2810),#2829,.F.);
#2810 = FACE_BOUND('',#2811,.T.);
#2811 = EDGE_LOOP('',(#2812,#2820,#2827,#2828));
#2812 = ORIENTED_EDGE('',*,*,#2813,.T.);
#2813 = EDGE_CURVE('',#1314,#2814,#2816,.T.);
#2814 = VERTEX_POINT('',#2815);
#2815 = CARTESIAN_POINT('',(26.05,-12.55,3.));
#2816 = LINE('',#2817,#2818);
#2817 = CARTESIAN_POINT('',(26.05,-12.55,0.));
#2818 = VECTOR('',#2819,1.);
#2819 = DIRECTION('',(0.,0.,1.));
#2820 = ORIENTED_EDGE('',*,*,#2821,.T.);
#2821 = EDGE_CURVE('',#2814,#2783,#2822,.T.);
#2822 = CIRCLE('',#2823,0.5);
#2823 = AXIS2_PLACEMENT_3D('',#2824,#2825,#2826);
#2824 = CARTESIAN_POINT('',(25.55,-12.55,3.));
#2825 = DIRECTION('',(0.,0.,1.));
#2826 = DIRECTION('',(1.,0.,0.));
#2827 = ORIENTED_EDGE('',*,*,#2782,.F.);
#2828 = ORIENTED_EDGE('',*,*,#1313,.F.);
#2829 = CYLINDRICAL_SURFACE('',#2830,0.5);
#2830 = AXIS2_PLACEMENT_3D('',#2831,#2832,#2833);
#2831 = CARTESIAN_POINT('',(25.55,-12.55,0.));
#2832 = DIRECTION('',(-0.,-0.,-1.));
#2833 = DIRECTION('',(1.,0.,0.));
#2834 = ADVANCED_FACE('',(#2835),#2854,.F.);
#2835 = FACE_BOUND('',#2836,.T.);
#2836 = EDGE_LOOP('',(#2837,#2838,#2847,#2853));
#2837 = ORIENTED_EDGE('',*,*,#2798,.T.);
#2838 = ORIENTED_EDGE('',*,*,#2839,.T.);
#2839 = EDGE_CURVE('',#2791,#2840,#2842,.T.);
#2840 = VERTEX_POINT('',#2841);
#2841 = CARTESIAN_POINT('',(12.05,-12.55,3.));
#2842 = CIRCLE('',#2843,0.5);
#2843 = AXIS2_PLACEMENT_3D('',#2844,#2845,#2846);
#2844 = CARTESIAN_POINT('',(12.55,-12.55,3.));
#2845 = DIRECTION('',(0.,0.,1.));
#2846 = DIRECTION('',(1.,0.,0.));
#2847 = ORIENTED_EDGE('',*,*,#2848,.F.);
#2848 = EDGE_CURVE('',#1357,#2840,#2849,.T.);
#2849 = LINE('',#2850,#2851);
#2850 = CARTESIAN_POINT('',(12.05,-12.55,0.));
#2851 = VECTOR('',#2852,1.);
#2852 = DIRECTION('',(0.,0.,1.));
#2853 = ORIENTED_EDGE('',*,*,#1364,.F.);
#2854 = CYLINDRICAL_SURFACE('',#2855,0.5);
#2855 = AXIS2_PLACEMENT_3D('',#2856,#2857,#2858);
#2856 = CARTESIAN_POINT('',(12.55,-12.55,0.));
#2857 = DIRECTION('',(-0.,-0.,-1.));
#2858 = DIRECTION('',(1.,0.,0.));
#2859 = ADVANCED_FACE('',(#2860),#2878,.T.);
#2860 = FACE_BOUND('',#2861,.T.);
#2861 = EDGE_LOOP('',(#2862,#2870,#2876,#2877));
#2862 = ORIENTED_EDGE('',*,*,#2863,.T.);
#2863 = EDGE_CURVE('',#1323,#2864,#2866,.T.);
#2864 = VERTEX_POINT('',#2865);
#2865 = CARTESIAN_POINT('',(26.05,-25.55,3.));
#2866 = LINE('',#2867,#2868);
#2867 = CARTESIAN_POINT('',(26.05,-25.55,0.));
#2868 = VECTOR('',#2869,1.);
#2869 = DIRECTION('',(0.,0.,1.));
#2870 = ORIENTED_EDGE('',*,*,#2871,.T.);
#2871 = EDGE_CURVE('',#2864,#2814,#2872,.T.);
#2872 = LINE('',#2873,#2874);
#2873 = CARTESIAN_POINT('',(26.05,-25.55,3.));
#2874 = VECTOR('',#2875,1.);
#2875 = DIRECTION('',(0.,1.,0.));
#2876 = ORIENTED_EDGE('',*,*,#2813,.F.);
#2877 = ORIENTED_EDGE('',*,*,#1322,.F.);
#2878 = PLANE('',#2879);
#2879 = AXIS2_PLACEMENT_3D('',#2880,#2881,#2882);
#2880 = CARTESIAN_POINT('',(26.05,-25.55,0.));
#2881 = DIRECTION('',(-1.,0.,0.));
#2882 = DIRECTION('',(0.,1.,0.));
#2883 = ADVANCED_FACE('',(#2884),#2902,.T.);
#2884 = FACE_BOUND('',#2885,.T.);
#2885 = EDGE_LOOP('',(#2886,#2887,#2895,#2901));
#2886 = ORIENTED_EDGE('',*,*,#2848,.T.);
#2887 = ORIENTED_EDGE('',*,*,#2888,.T.);
#2888 = EDGE_CURVE('',#2840,#2889,#2891,.T.);
#2889 = VERTEX_POINT('',#2890);
#2890 = CARTESIAN_POINT('',(12.05,-25.55,3.));
#2891 = LINE('',#2892,#2893);
#2892 = CARTESIAN_POINT('',(12.05,-12.55,3.));
#2893 = VECTOR('',#2894,1.);
#2894 = DIRECTION('',(0.,-1.,0.));
#2895 = ORIENTED_EDGE('',*,*,#2896,.F.);
#2896 = EDGE_CURVE('',#1348,#2889,#2897,.T.);
#2897 = LINE('',#2898,#2899);
#2898 = CARTESIAN_POINT('',(12.05,-25.55,0.));
#2899 = VECTOR('',#2900,1.);
#2900 = DIRECTION('',(0.,0.,1.));
#2901 = ORIENTED_EDGE('',*,*,#1356,.F.);
#2902 = PLANE('',#2903);
#2903 = AXIS2_PLACEMENT_3D('',#2904,#2905,#2906);
#2904 = CARTESIAN_POINT('',(12.05,-12.55,0.));
#2905 = DIRECTION('',(1.,0.,0.));
#2906 = DIRECTION('',(0.,-1.,0.));
#2907 = ADVANCED_FACE('',(#2908),#2927,.F.);
#2908 = FACE_BOUND('',#2909,.T.);
#2909 = EDGE_LOOP('',(#2910,#2918,#2925,#2926));
#2910 = ORIENTED_EDGE('',*,*,#2911,.T.);
#2911 = EDGE_CURVE('',#1331,#2912,#2914,.T.);
#2912 = VERTEX_POINT('',#2913);
#2913 = CARTESIAN_POINT('',(25.55,-26.05,3.));
#2914 = LINE('',#2915,#2916);
#2915 = CARTESIAN_POINT('',(25.55,-26.05,0.));
#2916 = VECTOR('',#2917,1.);
#2917 = DIRECTION('',(0.,0.,1.));
#2918 = ORIENTED_EDGE('',*,*,#2919,.T.);
#2919 = EDGE_CURVE('',#2912,#2864,#2920,.T.);
#2920 = CIRCLE('',#2921,0.5);
#2921 = AXIS2_PLACEMENT_3D('',#2922,#2923,#2924);
#2922 = CARTESIAN_POINT('',(25.55,-25.55,3.));
#2923 = DIRECTION('',(0.,0.,1.));
#2924 = DIRECTION('',(1.,0.,0.));
#2925 = ORIENTED_EDGE('',*,*,#2863,.F.);
#2926 = ORIENTED_EDGE('',*,*,#1330,.F.);
#2927 = CYLINDRICAL_SURFACE('',#2928,0.5);
#2928 = AXIS2_PLACEMENT_3D('',#2929,#2930,#2931);
#2929 = CARTESIAN_POINT('',(25.55,-25.55,0.));
#2930 = DIRECTION('',(-0.,-0.,-1.));
#2931 = DIRECTION('',(1.,0.,0.));
#2932 = ADVANCED_FACE('',(#2933),#2952,.F.);
#2933 = FACE_BOUND('',#2934,.T.);
#2934 = EDGE_LOOP('',(#2935,#2936,#2945,#2951));
#2935 = ORIENTED_EDGE('',*,*,#2896,.T.);
#2936 = ORIENTED_EDGE('',*,*,#2937,.T.);
#2937 = EDGE_CURVE('',#2889,#2938,#2940,.T.);
#2938 = VERTEX_POINT('',#2939);
#2939 = CARTESIAN_POINT('',(12.55,-26.05,3.));
#2940 = CIRCLE('',#2941,0.5);
#2941 = AXIS2_PLACEMENT_3D('',#2942,#2943,#2944);
#2942 = CARTESIAN_POINT('',(12.55,-25.55,3.));
#2943 = DIRECTION('',(0.,0.,1.));
#2944 = DIRECTION('',(1.,0.,0.));
#2945 = ORIENTED_EDGE('',*,*,#2946,.F.);
#2946 = EDGE_CURVE('',#1340,#2938,#2947,.T.);
#2947 = LINE('',#2948,#2949);
#2948 = CARTESIAN_POINT('',(12.55,-26.05,0.));
#2949 = VECTOR('',#2950,1.);
#2950 = DIRECTION('',(0.,0.,1.));
#2951 = ORIENTED_EDGE('',*,*,#1347,.F.);
#2952 = CYLINDRICAL_SURFACE('',#2953,0.5);
#2953 = AXIS2_PLACEMENT_3D('',#2954,#2955,#2956);
#2954 = CARTESIAN_POINT('',(12.55,-25.55,0.));
#2955 = DIRECTION('',(-0.,-0.,-1.));
#2956 = DIRECTION('',(1.,0.,0.));
#2957 = ADVANCED_FACE('',(#2958),#2969,.T.);
#2958 = FACE_BOUND('',#2959,.T.);
#2959 = EDGE_LOOP('',(#2960,#2961,#2967,#2968));
#2960 = ORIENTED_EDGE('',*,*,#2946,.T.);
#2961 = ORIENTED_EDGE('',*,*,#2962,.T.);
#2962 = EDGE_CURVE('',#2938,#2912,#2963,.T.);
#2963 = LINE('',#2964,#2965);
#2964 = CARTESIAN_POINT('',(12.55,-26.05,3.));
#2965 = VECTOR('',#2966,1.);
#2966 = DIRECTION('',(1.,0.,0.));
#2967 = ORIENTED_EDGE('',*,*,#2911,.F.);
#2968 = ORIENTED_EDGE('',*,*,#1339,.F.);
#2969 = PLANE('',#2970);
#2970 = AXIS2_PLACEMENT_3D('',#2971,#2972,#2973);
#2971 = CARTESIAN_POINT('',(12.55,-26.05,0.));
#2972 = DIRECTION('',(0.,1.,0.));
#2973 = DIRECTION('',(1.,0.,0.));
#2974 = ADVANCED_FACE('',(#2975),#3000,.T.);
#2975 = FACE_BOUND('',#2976,.T.);
#2976 = EDGE_LOOP('',(#2977,#2985,#2993,#2999));
#2977 = ORIENTED_EDGE('',*,*,#2978,.T.);
#2978 = EDGE_CURVE('',#1374,#2979,#2981,.T.);
#2979 = VERTEX_POINT('',#2980);
#2980 = CARTESIAN_POINT('',(12.55,-7.,3.));
#2981 = LINE('',#2982,#2983);
#2982 = CARTESIAN_POINT('',(12.55,-7.,0.));
#2983 = VECTOR('',#2984,1.);
#2984 = DIRECTION('',(0.,0.,1.));
#2985 = ORIENTED_EDGE('',*,*,#2986,.T.);
#2986 = EDGE_CURVE('',#2979,#2987,#2989,.T.);
#2987 = VERTEX_POINT('',#2988);
#2988 = CARTESIAN_POINT('',(25.55,-7.,3.));
#2989 = LINE('',#2990,#2991);
#2990 = CARTESIAN_POINT('',(12.55,-7.,3.));
#2991 = VECTOR('',#2992,1.);
#2992 = DIRECTION('',(1.,0.,0.));
#2993 = ORIENTED_EDGE('',*,*,#2994,.F.);
#2994 = EDGE_CURVE('',#1376,#2987,#2995,.T.);
#2995 = LINE('',#2996,#2997);
#2996 = CARTESIAN_POINT('',(25.55,-7.,0.));
#2997 = VECTOR('',#2998,1.);
#2998 = DIRECTION('',(0.,0.,1.));
#2999 = ORIENTED_EDGE('',*,*,#1373,.F.);
#3000 = PLANE('',#3001);
#3001 = AXIS2_PLACEMENT_3D('',#3002,#3003,#3004);
#3002 = CARTESIAN_POINT('',(12.55,-7.,0.));
#3003 = DIRECTION('',(0.,1.,0.));
#3004 = DIRECTION('',(1.,0.,0.));
#3005 = ADVANCED_FACE('',(#3006),#3025,.F.);
#3006 = FACE_BOUND('',#3007,.T.);
#3007 = EDGE_LOOP('',(#3008,#3016,#3023,#3024));
#3008 = ORIENTED_EDGE('',*,*,#3009,.T.);
#3009 = EDGE_CURVE('',#1384,#3010,#3012,.T.);
#3010 = VERTEX_POINT('',#3011);
#3011 = CARTESIAN_POINT('',(12.05,-6.5,3.));
#3012 = LINE('',#3013,#3014);
#3013 = CARTESIAN_POINT('',(12.05,-6.5,0.));
#3014 = VECTOR('',#3015,1.);
#3015 = DIRECTION('',(0.,0.,1.));
#3016 = ORIENTED_EDGE('',*,*,#3017,.T.);
#3017 = EDGE_CURVE('',#3010,#2979,#3018,.T.);
#3018 = CIRCLE('',#3019,0.5);
#3019 = AXIS2_PLACEMENT_3D('',#3020,#3021,#3022);
#3020 = CARTESIAN_POINT('',(12.55,-6.5,3.));
#3021 = DIRECTION('',(0.,0.,1.));
#3022 = DIRECTION('',(1.,0.,0.));
#3023 = ORIENTED_EDGE('',*,*,#2978,.F.);
#3024 = ORIENTED_EDGE('',*,*,#1383,.F.);
#3025 = CYLINDRICAL_SURFACE('',#3026,0.5);
#3026 = AXIS2_PLACEMENT_3D('',#3027,#3028,#3029);
#3027 = CARTESIAN_POINT('',(12.55,-6.5,0.));
#3028 = DIRECTION('',(-0.,-0.,-1.));
#3029 = DIRECTION('',(1.,0.,0.));
#3030 = ADVANCED_FACE('',(#3031),#3050,.F.);
#3031 = FACE_BOUND('',#3032,.T.);
#3032 = EDGE_LOOP('',(#3033,#3034,#3043,#3049));
#3033 = ORIENTED_EDGE('',*,*,#2994,.T.);
#3034 = ORIENTED_EDGE('',*,*,#3035,.T.);
#3035 = EDGE_CURVE('',#2987,#3036,#3038,.T.);
#3036 = VERTEX_POINT('',#3037);
#3037 = CARTESIAN_POINT('',(26.05,-6.5,3.));
#3038 = CIRCLE('',#3039,0.5);
#3039 = AXIS2_PLACEMENT_3D('',#3040,#3041,#3042);
#3040 = CARTESIAN_POINT('',(25.55,-6.5,3.));
#3041 = DIRECTION('',(0.,0.,1.));
#3042 = DIRECTION('',(1.,0.,0.));
#3043 = ORIENTED_EDGE('',*,*,#3044,.F.);
#3044 = EDGE_CURVE('',#1427,#3036,#3045,.T.);
#3045 = LINE('',#3046,#3047);
#3046 = CARTESIAN_POINT('',(26.05,-6.5,0.));
#3047 = VECTOR('',#3048,1.);
#3048 = DIRECTION('',(0.,0.,1.));
#3049 = ORIENTED_EDGE('',*,*,#1434,.F.);
#3050 = CYLINDRICAL_SURFACE('',#3051,0.5);
#3051 = AXIS2_PLACEMENT_3D('',#3052,#3053,#3054);
#3052 = CARTESIAN_POINT('',(25.55,-6.5,0.));
#3053 = DIRECTION('',(-0.,-0.,-1.));
#3054 = DIRECTION('',(1.,0.,0.));
#3055 = ADVANCED_FACE('',(#3056),#3074,.T.);
#3056 = FACE_BOUND('',#3057,.T.);
#3057 = EDGE_LOOP('',(#3058,#3066,#3072,#3073));
#3058 = ORIENTED_EDGE('',*,*,#3059,.T.);
#3059 = EDGE_CURVE('',#1393,#3060,#3062,.T.);
#3060 = VERTEX_POINT('',#3061);
#3061 = CARTESIAN_POINT('',(12.05,6.5,3.));
#3062 = LINE('',#3063,#3064);
#3063 = CARTESIAN_POINT('',(12.05,6.5,0.));
#3064 = VECTOR('',#3065,1.);
#3065 = DIRECTION('',(0.,0.,1.));
#3066 = ORIENTED_EDGE('',*,*,#3067,.T.);
#3067 = EDGE_CURVE('',#3060,#3010,#3068,.T.);
#3068 = LINE('',#3069,#3070);
#3069 = CARTESIAN_POINT('',(12.05,6.5,3.));
#3070 = VECTOR('',#3071,1.);
#3071 = DIRECTION('',(0.,-1.,0.));
#3072 = ORIENTED_EDGE('',*,*,#3009,.F.);
#3073 = ORIENTED_EDGE('',*,*,#1392,.F.);
#3074 = PLANE('',#3075);
#3075 = AXIS2_PLACEMENT_3D('',#3076,#3077,#3078);
#3076 = CARTESIAN_POINT('',(12.05,6.5,0.));
#3077 = DIRECTION('',(1.,0.,0.));
#3078 = DIRECTION('',(0.,-1.,0.));
#3079 = ADVANCED_FACE('',(#3080),#3098,.T.);
#3080 = FACE_BOUND('',#3081,.T.);
#3081 = EDGE_LOOP('',(#3082,#3083,#3091,#3097));
#3082 = ORIENTED_EDGE('',*,*,#3044,.T.);
#3083 = ORIENTED_EDGE('',*,*,#3084,.T.);
#3084 = EDGE_CURVE('',#3036,#3085,#3087,.T.);
#3085 = VERTEX_POINT('',#3086);
#3086 = CARTESIAN_POINT('',(26.05,6.5,3.));
#3087 = LINE('',#3088,#3089);
#3088 = CARTESIAN_POINT('',(26.05,-6.5,3.));
#3089 = VECTOR('',#3090,1.);
#3090 = DIRECTION('',(0.,1.,0.));
#3091 = ORIENTED_EDGE('',*,*,#3092,.F.);
#3092 = EDGE_CURVE('',#1418,#3085,#3093,.T.);
#3093 = LINE('',#3094,#3095);
#3094 = CARTESIAN_POINT('',(26.05,6.5,0.));
#3095 = VECTOR('',#3096,1.);
#3096 = DIRECTION('',(0.,0.,1.));
#3097 = ORIENTED_EDGE('',*,*,#1426,.F.);
#3098 = PLANE('',#3099);
#3099 = AXIS2_PLACEMENT_3D('',#3100,#3101,#3102);
#3100 = CARTESIAN_POINT('',(26.05,-6.5,0.));
#3101 = DIRECTION('',(-1.,0.,0.));
#3102 = DIRECTION('',(0.,1.,0.));
#3103 = ADVANCED_FACE('',(#3104),#3123,.F.);
#3104 = FACE_BOUND('',#3105,.T.);
#3105 = EDGE_LOOP('',(#3106,#3114,#3121,#3122));
#3106 = ORIENTED_EDGE('',*,*,#3107,.T.);
#3107 = EDGE_CURVE('',#1401,#3108,#3110,.T.);
#3108 = VERTEX_POINT('',#3109);
#3109 = CARTESIAN_POINT('',(12.55,7.,3.));
#3110 = LINE('',#3111,#3112);
#3111 = CARTESIAN_POINT('',(12.55,7.,0.));
#3112 = VECTOR('',#3113,1.);
#3113 = DIRECTION('',(0.,0.,1.));
#3114 = ORIENTED_EDGE('',*,*,#3115,.T.);
#3115 = EDGE_CURVE('',#3108,#3060,#3116,.T.);
#3116 = CIRCLE('',#3117,0.5);
#3117 = AXIS2_PLACEMENT_3D('',#3118,#3119,#3120);
#3118 = CARTESIAN_POINT('',(12.55,6.5,3.));
#3119 = DIRECTION('',(0.,0.,1.));
#3120 = DIRECTION('',(1.,0.,0.));
#3121 = ORIENTED_EDGE('',*,*,#3059,.F.);
#3122 = ORIENTED_EDGE('',*,*,#1400,.F.);
#3123 = CYLINDRICAL_SURFACE('',#3124,0.5);
#3124 = AXIS2_PLACEMENT_3D('',#3125,#3126,#3127);
#3125 = CARTESIAN_POINT('',(12.55,6.5,0.));
#3126 = DIRECTION('',(-0.,-0.,-1.));
#3127 = DIRECTION('',(1.,0.,0.));
#3128 = ADVANCED_FACE('',(#3129),#3148,.F.);
#3129 = FACE_BOUND('',#3130,.T.);
#3130 = EDGE_LOOP('',(#3131,#3132,#3141,#3147));
#3131 = ORIENTED_EDGE('',*,*,#3092,.T.);
#3132 = ORIENTED_EDGE('',*,*,#3133,.T.);
#3133 = EDGE_CURVE('',#3085,#3134,#3136,.T.);
#3134 = VERTEX_POINT('',#3135);
#3135 = CARTESIAN_POINT('',(25.55,7.,3.));
#3136 = CIRCLE('',#3137,0.5);
#3137 = AXIS2_PLACEMENT_3D('',#3138,#3139,#3140);
#3138 = CARTESIAN_POINT('',(25.55,6.5,3.));
#3139 = DIRECTION('',(0.,0.,1.));
#3140 = DIRECTION('',(1.,0.,0.));
#3141 = ORIENTED_EDGE('',*,*,#3142,.F.);
#3142 = EDGE_CURVE('',#1410,#3134,#3143,.T.);
#3143 = LINE('',#3144,#3145);
#3144 = CARTESIAN_POINT('',(25.55,7.,0.));
#3145 = VECTOR('',#3146,1.);
#3146 = DIRECTION('',(0.,0.,1.));
#3147 = ORIENTED_EDGE('',*,*,#1417,.F.);
#3148 = CYLINDRICAL_SURFACE('',#3149,0.5);
#3149 = AXIS2_PLACEMENT_3D('',#3150,#3151,#3152);
#3150 = CARTESIAN_POINT('',(25.55,6.5,0.));
#3151 = DIRECTION('',(-0.,-0.,-1.));
#3152 = DIRECTION('',(1.,0.,0.));
#3153 = ADVANCED_FACE('',(#3154),#3165,.T.);
#3154 = FACE_BOUND('',#3155,.T.);
#3155 = EDGE_LOOP('',(#3156,#3157,#3163,#3164));
#3156 = ORIENTED_EDGE('',*,*,#3142,.T.);
#3157 = ORIENTED_EDGE('',*,*,#3158,.T.);
#3158 = EDGE_CURVE('',#3134,#3108,#3159,.T.);
#3159 = LINE('',#3160,#3161);
#3160 = CARTESIAN_POINT('',(25.55,7.,3.));
#3161 = VECTOR('',#3162,1.);
#3162 = DIRECTION('',(-1.,0.,0.));
#3163 = ORIENTED_EDGE('',*,*,#3107,.F.);
#3164 = ORIENTED_EDGE('',*,*,#1409,.F.);
#3165 = PLANE('',#3166);
#3166 = AXIS2_PLACEMENT_3D('',#3167,#3168,#3169);
#3167 = CARTESIAN_POINT('',(25.55,7.,0.));
#3168 = DIRECTION('',(0.,-1.,0.));
#3169 = DIRECTION('',(-1.,0.,0.));
#3170 = ADVANCED_FACE('',(#3171),#3196,.T.);
#3171 = FACE_BOUND('',#3172,.T.);
#3172 = EDGE_LOOP('',(#3173,#3181,#3189,#3195));
#3173 = ORIENTED_EDGE('',*,*,#3174,.T.);
#3174 = EDGE_CURVE('',#1444,#3175,#3177,.T.);
#3175 = VERTEX_POINT('',#3176);
#3176 = CARTESIAN_POINT('',(-25.55,12.05,3.));
#3177 = LINE('',#3178,#3179);
#3178 = CARTESIAN_POINT('',(-25.55,12.05,0.));
#3179 = VECTOR('',#3180,1.);
#3180 = DIRECTION('',(0.,0.,1.));
#3181 = ORIENTED_EDGE('',*,*,#3182,.T.);
#3182 = EDGE_CURVE('',#3175,#3183,#3185,.T.);
#3183 = VERTEX_POINT('',#3184);
#3184 = CARTESIAN_POINT('',(-12.55,12.05,3.));
#3185 = LINE('',#3186,#3187);
#3186 = CARTESIAN_POINT('',(-25.55,12.05,3.));
#3187 = VECTOR('',#3188,1.);
#3188 = DIRECTION('',(1.,0.,0.));
#3189 = ORIENTED_EDGE('',*,*,#3190,.F.);
#3190 = EDGE_CURVE('',#1446,#3183,#3191,.T.);
#3191 = LINE('',#3192,#3193);
#3192 = CARTESIAN_POINT('',(-12.55,12.05,0.));
#3193 = VECTOR('',#3194,1.);
#3194 = DIRECTION('',(0.,0.,1.));
#3195 = ORIENTED_EDGE('',*,*,#1443,.F.);
#3196 = PLANE('',#3197);
#3197 = AXIS2_PLACEMENT_3D('',#3198,#3199,#3200);
#3198 = CARTESIAN_POINT('',(-25.55,12.05,0.));
#3199 = DIRECTION('',(0.,1.,0.));
#3200 = DIRECTION('',(1.,0.,0.));
#3201 = ADVANCED_FACE('',(#3202),#3221,.F.);
#3202 = FACE_BOUND('',#3203,.T.);
#3203 = EDGE_LOOP('',(#3204,#3212,#3219,#3220));
#3204 = ORIENTED_EDGE('',*,*,#3205,.T.);
#3205 = EDGE_CURVE('',#1454,#3206,#3208,.T.);
#3206 = VERTEX_POINT('',#3207);
#3207 = CARTESIAN_POINT('',(-26.05,12.55,3.));
#3208 = LINE('',#3209,#3210);
#3209 = CARTESIAN_POINT('',(-26.05,12.55,0.));
#3210 = VECTOR('',#3211,1.);
#3211 = DIRECTION('',(0.,0.,1.));
#3212 = ORIENTED_EDGE('',*,*,#3213,.T.);
#3213 = EDGE_CURVE('',#3206,#3175,#3214,.T.);
#3214 = CIRCLE('',#3215,0.5);
#3215 = AXIS2_PLACEMENT_3D('',#3216,#3217,#3218);
#3216 = CARTESIAN_POINT('',(-25.55,12.55,3.));
#3217 = DIRECTION('',(0.,0.,1.));
#3218 = DIRECTION('',(1.,0.,0.));
#3219 = ORIENTED_EDGE('',*,*,#3174,.F.);
#3220 = ORIENTED_EDGE('',*,*,#1453,.F.);
#3221 = CYLINDRICAL_SURFACE('',#3222,0.5);
#3222 = AXIS2_PLACEMENT_3D('',#3223,#3224,#3225);
#3223 = CARTESIAN_POINT('',(-25.55,12.55,0.));
#3224 = DIRECTION('',(-0.,-0.,-1.));
#3225 = DIRECTION('',(1.,0.,0.));
#3226 = ADVANCED_FACE('',(#3227),#3246,.F.);
#3227 = FACE_BOUND('',#3228,.T.);
#3228 = EDGE_LOOP('',(#3229,#3230,#3239,#3245));
#3229 = ORIENTED_EDGE('',*,*,#3190,.T.);
#3230 = ORIENTED_EDGE('',*,*,#3231,.T.);
#3231 = EDGE_CURVE('',#3183,#3232,#3234,.T.);
#3232 = VERTEX_POINT('',#3233);
#3233 = CARTESIAN_POINT('',(-12.05,12.55,3.));
#3234 = CIRCLE('',#3235,0.5);
#3235 = AXIS2_PLACEMENT_3D('',#3236,#3237,#3238);
#3236 = CARTESIAN_POINT('',(-12.55,12.55,3.));
#3237 = DIRECTION('',(0.,0.,1.));
#3238 = DIRECTION('',(1.,0.,0.));
#3239 = ORIENTED_EDGE('',*,*,#3240,.F.);
#3240 = EDGE_CURVE('',#1497,#3232,#3241,.T.);
#3241 = LINE('',#3242,#3243);
#3242 = CARTESIAN_POINT('',(-12.05,12.55,0.));
#3243 = VECTOR('',#3244,1.);
#3244 = DIRECTION('',(0.,0.,1.));
#3245 = ORIENTED_EDGE('',*,*,#1504,.F.);
#3246 = CYLINDRICAL_SURFACE('',#3247,0.5);
#3247 = AXIS2_PLACEMENT_3D('',#3248,#3249,#3250);
#3248 = CARTESIAN_POINT('',(-12.55,12.55,0.));
#3249 = DIRECTION('',(-0.,-0.,-1.));
#3250 = DIRECTION('',(1.,0.,0.));
#3251 = ADVANCED_FACE('',(#3252),#3270,.T.);
#3252 = FACE_BOUND('',#3253,.T.);
#3253 = EDGE_LOOP('',(#3254,#3262,#3268,#3269));
#3254 = ORIENTED_EDGE('',*,*,#3255,.T.);
#3255 = EDGE_CURVE('',#1463,#3256,#3258,.T.);
#3256 = VERTEX_POINT('',#3257);
#3257 = CARTESIAN_POINT('',(-26.05,25.55,3.));
#3258 = LINE('',#3259,#3260);
#3259 = CARTESIAN_POINT('',(-26.05,25.55,0.));
#3260 = VECTOR('',#3261,1.);
#3261 = DIRECTION('',(0.,0.,1.));
#3262 = ORIENTED_EDGE('',*,*,#3263,.T.);
#3263 = EDGE_CURVE('',#3256,#3206,#3264,.T.);
#3264 = LINE('',#3265,#3266);
#3265 = CARTESIAN_POINT('',(-26.05,25.55,3.));
#3266 = VECTOR('',#3267,1.);
#3267 = DIRECTION('',(0.,-1.,0.));
#3268 = ORIENTED_EDGE('',*,*,#3205,.F.);
#3269 = ORIENTED_EDGE('',*,*,#1462,.F.);
#3270 = PLANE('',#3271);
#3271 = AXIS2_PLACEMENT_3D('',#3272,#3273,#3274);
#3272 = CARTESIAN_POINT('',(-26.05,25.55,0.));
#3273 = DIRECTION('',(1.,0.,0.));
#3274 = DIRECTION('',(0.,-1.,0.));
#3275 = ADVANCED_FACE('',(#3276),#3294,.T.);
#3276 = FACE_BOUND('',#3277,.T.);
#3277 = EDGE_LOOP('',(#3278,#3279,#3287,#3293));
#3278 = ORIENTED_EDGE('',*,*,#3240,.T.);
#3279 = ORIENTED_EDGE('',*,*,#3280,.T.);
#3280 = EDGE_CURVE('',#3232,#3281,#3283,.T.);
#3281 = VERTEX_POINT('',#3282);
#3282 = CARTESIAN_POINT('',(-12.05,25.55,3.));
#3283 = LINE('',#3284,#3285);
#3284 = CARTESIAN_POINT('',(-12.05,12.55,3.));
#3285 = VECTOR('',#3286,1.);
#3286 = DIRECTION('',(0.,1.,0.));
#3287 = ORIENTED_EDGE('',*,*,#3288,.F.);
#3288 = EDGE_CURVE('',#1488,#3281,#3289,.T.);
#3289 = LINE('',#3290,#3291);
#3290 = CARTESIAN_POINT('',(-12.05,25.55,0.));
#3291 = VECTOR('',#3292,1.);
#3292 = DIRECTION('',(0.,0.,1.));
#3293 = ORIENTED_EDGE('',*,*,#1496,.F.);
#3294 = PLANE('',#3295);
#3295 = AXIS2_PLACEMENT_3D('',#3296,#3297,#3298);
#3296 = CARTESIAN_POINT('',(-12.05,12.55,0.));
#3297 = DIRECTION('',(-1.,0.,0.));
#3298 = DIRECTION('',(0.,1.,0.));
#3299 = ADVANCED_FACE('',(#3300),#3319,.F.);
#3300 = FACE_BOUND('',#3301,.T.);
#3301 = EDGE_LOOP('',(#3302,#3310,#3317,#3318));
#3302 = ORIENTED_EDGE('',*,*,#3303,.T.);
#3303 = EDGE_CURVE('',#1471,#3304,#3306,.T.);
#3304 = VERTEX_POINT('',#3305);
#3305 = CARTESIAN_POINT('',(-25.55,26.05,3.));
#3306 = LINE('',#3307,#3308);
#3307 = CARTESIAN_POINT('',(-25.55,26.05,0.));
#3308 = VECTOR('',#3309,1.);
#3309 = DIRECTION('',(0.,0.,1.));
#3310 = ORIENTED_EDGE('',*,*,#3311,.T.);
#3311 = EDGE_CURVE('',#3304,#3256,#3312,.T.);
#3312 = CIRCLE('',#3313,0.5);
#3313 = AXIS2_PLACEMENT_3D('',#3314,#3315,#3316);
#3314 = CARTESIAN_POINT('',(-25.55,25.55,3.));
#3315 = DIRECTION('',(0.,0.,1.));
#3316 = DIRECTION('',(1.,0.,0.));
#3317 = ORIENTED_EDGE('',*,*,#3255,.F.);
#3318 = ORIENTED_EDGE('',*,*,#1470,.F.);
#3319 = CYLINDRICAL_SURFACE('',#3320,0.5);
#3320 = AXIS2_PLACEMENT_3D('',#3321,#3322,#3323);
#3321 = CARTESIAN_POINT('',(-25.55,25.55,0.));
#3322 = DIRECTION('',(-0.,-0.,-1.));
#3323 = DIRECTION('',(1.,0.,0.));
#3324 = ADVANCED_FACE('',(#3325),#3344,.F.);
#3325 = FACE_BOUND('',#3326,.T.);
#3326 = EDGE_LOOP('',(#3327,#3328,#3337,#3343));
#3327 = ORIENTED_EDGE('',*,*,#3288,.T.);
#3328 = ORIENTED_EDGE('',*,*,#3329,.T.);
#3329 = EDGE_CURVE('',#3281,#3330,#3332,.T.);
#3330 = VERTEX_POINT('',#3331);
#3331 = CARTESIAN_POINT('',(-12.55,26.05,3.));
#3332 = CIRCLE('',#3333,0.5);
#3333 = AXIS2_PLACEMENT_3D('',#3334,#3335,#3336);
#3334 = CARTESIAN_POINT('',(-12.55,25.55,3.));
#3335 = DIRECTION('',(0.,0.,1.));
#3336 = DIRECTION('',(1.,0.,0.));
#3337 = ORIENTED_EDGE('',*,*,#3338,.F.);
#3338 = EDGE_CURVE('',#1480,#3330,#3339,.T.);
#3339 = LINE('',#3340,#3341);
#3340 = CARTESIAN_POINT('',(-12.55,26.05,0.));
#3341 = VECTOR('',#3342,1.);
#3342 = DIRECTION('',(0.,0.,1.));
#3343 = ORIENTED_EDGE('',*,*,#1487,.F.);
#3344 = CYLINDRICAL_SURFACE('',#3345,0.5);
#3345 = AXIS2_PLACEMENT_3D('',#3346,#3347,#3348);
#3346 = CARTESIAN_POINT('',(-12.55,25.55,0.));
#3347 = DIRECTION('',(-0.,-0.,-1.));
#3348 = DIRECTION('',(1.,0.,0.));
#3349 = ADVANCED_FACE('',(#3350),#3361,.T.);
#3350 = FACE_BOUND('',#3351,.T.);
#3351 = EDGE_LOOP('',(#3352,#3353,#3359,#3360));
#3352 = ORIENTED_EDGE('',*,*,#3338,.T.);
#3353 = ORIENTED_EDGE('',*,*,#3354,.T.);
#3354 = EDGE_CURVE('',#3330,#3304,#3355,.T.);
#3355 = LINE('',#3356,#3357);
#3356 = CARTESIAN_POINT('',(-12.55,26.05,3.));
#3357 = VECTOR('',#3358,1.);
#3358 = DIRECTION('',(-1.,0.,0.));
#3359 = ORIENTED_EDGE('',*,*,#3303,.F.);
#3360 = ORIENTED_EDGE('',*,*,#1479,.F.);
#3361 = PLANE('',#3362);
#3362 = AXIS2_PLACEMENT_3D('',#3363,#3364,#3365);
#3363 = CARTESIAN_POINT('',(-12.55,26.05,0.));
#3364 = DIRECTION('',(0.,-1.,0.));
#3365 = DIRECTION('',(-1.,0.,0.));
#3366 = ADVANCED_FACE('',(#3367),#3392,.T.);
#3367 = FACE_BOUND('',#3368,.T.);
#3368 = EDGE_LOOP('',(#3369,#3377,#3385,#3391));
#3369 = ORIENTED_EDGE('',*,*,#3370,.T.);
#3370 = EDGE_CURVE('',#1514,#3371,#3373,.T.);
#3371 = VERTEX_POINT('',#3372);
#3372 = CARTESIAN_POINT('',(-6.5,12.05,3.));
#3373 = LINE('',#3374,#3375);
#3374 = CARTESIAN_POINT('',(-6.5,12.05,0.));
#3375 = VECTOR('',#3376,1.);
#3376 = DIRECTION('',(0.,0.,1.));
#3377 = ORIENTED_EDGE('',*,*,#3378,.T.);
#3378 = EDGE_CURVE('',#3371,#3379,#3381,.T.);
#3379 = VERTEX_POINT('',#3380);
#3380 = CARTESIAN_POINT('',(6.5,12.05,3.));
#3381 = LINE('',#3382,#3383);
#3382 = CARTESIAN_POINT('',(-6.5,12.05,3.));
#3383 = VECTOR('',#3384,1.);
#3384 = DIRECTION('',(1.,0.,0.));
#3385 = ORIENTED_EDGE('',*,*,#3386,.F.);
#3386 = EDGE_CURVE('',#1516,#3379,#3387,.T.);
#3387 = LINE('',#3388,#3389);
#3388 = CARTESIAN_POINT('',(6.5,12.05,0.));
#3389 = VECTOR('',#3390,1.);
#3390 = DIRECTION('',(0.,0.,1.));
#3391 = ORIENTED_EDGE('',*,*,#1513,.F.);
#3392 = PLANE('',#3393);
#3393 = AXIS2_PLACEMENT_3D('',#3394,#3395,#3396);
#3394 = CARTESIAN_POINT('',(-6.5,12.05,0.));
#3395 = DIRECTION('',(0.,1.,0.));
#3396 = DIRECTION('',(1.,0.,0.));
#3397 = ADVANCED_FACE('',(#3398),#3417,.F.);
#3398 = FACE_BOUND('',#3399,.T.);
#3399 = EDGE_LOOP('',(#3400,#3408,#3415,#3416));
#3400 = ORIENTED_EDGE('',*,*,#3401,.T.);
#3401 = EDGE_CURVE('',#1524,#3402,#3404,.T.);
#3402 = VERTEX_POINT('',#3403);
#3403 = CARTESIAN_POINT('',(-7.,12.55,3.));
#3404 = LINE('',#3405,#3406);
#3405 = CARTESIAN_POINT('',(-7.,12.55,0.));
#3406 = VECTOR('',#3407,1.);
#3407 = DIRECTION('',(0.,0.,1.));
#3408 = ORIENTED_EDGE('',*,*,#3409,.T.);
#3409 = EDGE_CURVE('',#3402,#3371,#3410,.T.);
#3410 = CIRCLE('',#3411,0.5);
#3411 = AXIS2_PLACEMENT_3D('',#3412,#3413,#3414);
#3412 = CARTESIAN_POINT('',(-6.5,12.55,3.));
#3413 = DIRECTION('',(0.,0.,1.));
#3414 = DIRECTION('',(1.,0.,0.));
#3415 = ORIENTED_EDGE('',*,*,#3370,.F.);
#3416 = ORIENTED_EDGE('',*,*,#1523,.F.);
#3417 = CYLINDRICAL_SURFACE('',#3418,0.5);
#3418 = AXIS2_PLACEMENT_3D('',#3419,#3420,#3421);
#3419 = CARTESIAN_POINT('',(-6.5,12.55,0.));
#3420 = DIRECTION('',(-0.,-0.,-1.));
#3421 = DIRECTION('',(1.,0.,0.));
#3422 = ADVANCED_FACE('',(#3423),#3442,.F.);
#3423 = FACE_BOUND('',#3424,.T.);
#3424 = EDGE_LOOP('',(#3425,#3426,#3435,#3441));
#3425 = ORIENTED_EDGE('',*,*,#3386,.T.);
#3426 = ORIENTED_EDGE('',*,*,#3427,.T.);
#3427 = EDGE_CURVE('',#3379,#3428,#3430,.T.);
#3428 = VERTEX_POINT('',#3429);
#3429 = CARTESIAN_POINT('',(7.,12.55,3.));
#3430 = CIRCLE('',#3431,0.5);
#3431 = AXIS2_PLACEMENT_3D('',#3432,#3433,#3434);
#3432 = CARTESIAN_POINT('',(6.5,12.55,3.));
#3433 = DIRECTION('',(0.,0.,1.));
#3434 = DIRECTION('',(1.,0.,0.));
#3435 = ORIENTED_EDGE('',*,*,#3436,.F.);
#3436 = EDGE_CURVE('',#1567,#3428,#3437,.T.);
#3437 = LINE('',#3438,#3439);
#3438 = CARTESIAN_POINT('',(7.,12.55,0.));
#3439 = VECTOR('',#3440,1.);
#3440 = DIRECTION('',(0.,0.,1.));
#3441 = ORIENTED_EDGE('',*,*,#1574,.F.);
#3442 = CYLINDRICAL_SURFACE('',#3443,0.5);
#3443 = AXIS2_PLACEMENT_3D('',#3444,#3445,#3446);
#3444 = CARTESIAN_POINT('',(6.5,12.55,0.));
#3445 = DIRECTION('',(-0.,-0.,-1.));
#3446 = DIRECTION('',(1.,0.,0.));
#3447 = ADVANCED_FACE('',(#3448),#3466,.T.);
#3448 = FACE_BOUND('',#3449,.T.);
#3449 = EDGE_LOOP('',(#3450,#3458,#3464,#3465));
#3450 = ORIENTED_EDGE('',*,*,#3451,.T.);
#3451 = EDGE_CURVE('',#1533,#3452,#3454,.T.);
#3452 = VERTEX_POINT('',#3453);
#3453 = CARTESIAN_POINT('',(-7.,25.55,3.));
#3454 = LINE('',#3455,#3456);
#3455 = CARTESIAN_POINT('',(-7.,25.55,0.));
#3456 = VECTOR('',#3457,1.);
#3457 = DIRECTION('',(0.,0.,1.));
#3458 = ORIENTED_EDGE('',*,*,#3459,.T.);
#3459 = EDGE_CURVE('',#3452,#3402,#3460,.T.);
#3460 = LINE('',#3461,#3462);
#3461 = CARTESIAN_POINT('',(-7.,25.55,3.));
#3462 = VECTOR('',#3463,1.);
#3463 = DIRECTION('',(0.,-1.,0.));
#3464 = ORIENTED_EDGE('',*,*,#3401,.F.);
#3465 = ORIENTED_EDGE('',*,*,#1532,.F.);
#3466 = PLANE('',#3467);
#3467 = AXIS2_PLACEMENT_3D('',#3468,#3469,#3470);
#3468 = CARTESIAN_POINT('',(-7.,25.55,0.));
#3469 = DIRECTION('',(1.,0.,0.));
#3470 = DIRECTION('',(0.,-1.,0.));
#3471 = ADVANCED_FACE('',(#3472),#3490,.T.);
#3472 = FACE_BOUND('',#3473,.T.);
#3473 = EDGE_LOOP('',(#3474,#3475,#3483,#3489));
#3474 = ORIENTED_EDGE('',*,*,#3436,.T.);
#3475 = ORIENTED_EDGE('',*,*,#3476,.T.);
#3476 = EDGE_CURVE('',#3428,#3477,#3479,.T.);
#3477 = VERTEX_POINT('',#3478);
#3478 = CARTESIAN_POINT('',(7.,25.55,3.));
#3479 = LINE('',#3480,#3481);
#3480 = CARTESIAN_POINT('',(7.,12.55,3.));
#3481 = VECTOR('',#3482,1.);
#3482 = DIRECTION('',(0.,1.,0.));
#3483 = ORIENTED_EDGE('',*,*,#3484,.F.);
#3484 = EDGE_CURVE('',#1558,#3477,#3485,.T.);
#3485 = LINE('',#3486,#3487);
#3486 = CARTESIAN_POINT('',(7.,25.55,0.));
#3487 = VECTOR('',#3488,1.);
#3488 = DIRECTION('',(0.,0.,1.));
#3489 = ORIENTED_EDGE('',*,*,#1566,.F.);
#3490 = PLANE('',#3491);
#3491 = AXIS2_PLACEMENT_3D('',#3492,#3493,#3494);
#3492 = CARTESIAN_POINT('',(7.,12.55,0.));
#3493 = DIRECTION('',(-1.,0.,0.));
#3494 = DIRECTION('',(0.,1.,0.));
#3495 = ADVANCED_FACE('',(#3496),#3515,.F.);
#3496 = FACE_BOUND('',#3497,.T.);
#3497 = EDGE_LOOP('',(#3498,#3506,#3513,#3514));
#3498 = ORIENTED_EDGE('',*,*,#3499,.T.);
#3499 = EDGE_CURVE('',#1541,#3500,#3502,.T.);
#3500 = VERTEX_POINT('',#3501);
#3501 = CARTESIAN_POINT('',(-6.5,26.05,3.));
#3502 = LINE('',#3503,#3504);
#3503 = CARTESIAN_POINT('',(-6.5,26.05,0.));
#3504 = VECTOR('',#3505,1.);
#3505 = DIRECTION('',(0.,0.,1.));
#3506 = ORIENTED_EDGE('',*,*,#3507,.T.);
#3507 = EDGE_CURVE('',#3500,#3452,#3508,.T.);
#3508 = CIRCLE('',#3509,0.5);
#3509 = AXIS2_PLACEMENT_3D('',#3510,#3511,#3512);
#3510 = CARTESIAN_POINT('',(-6.5,25.55,3.));
#3511 = DIRECTION('',(0.,0.,1.));
#3512 = DIRECTION('',(1.,0.,0.));
#3513 = ORIENTED_EDGE('',*,*,#3451,.F.);
#3514 = ORIENTED_EDGE('',*,*,#1540,.F.);
#3515 = CYLINDRICAL_SURFACE('',#3516,0.5);
#3516 = AXIS2_PLACEMENT_3D('',#3517,#3518,#3519);
#3517 = CARTESIAN_POINT('',(-6.5,25.55,0.));
#3518 = DIRECTION('',(-0.,-0.,-1.));
#3519 = DIRECTION('',(1.,0.,0.));
#3520 = ADVANCED_FACE('',(#3521),#3540,.F.);
#3521 = FACE_BOUND('',#3522,.T.);
#3522 = EDGE_LOOP('',(#3523,#3524,#3533,#3539));
#3523 = ORIENTED_EDGE('',*,*,#3484,.T.);
#3524 = ORIENTED_EDGE('',*,*,#3525,.T.);
#3525 = EDGE_CURVE('',#3477,#3526,#3528,.T.);
#3526 = VERTEX_POINT('',#3527);
#3527 = CARTESIAN_POINT('',(6.5,26.05,3.));
#3528 = CIRCLE('',#3529,0.5);
#3529 = AXIS2_PLACEMENT_3D('',#3530,#3531,#3532);
#3530 = CARTESIAN_POINT('',(6.5,25.55,3.));
#3531 = DIRECTION('',(0.,0.,1.));
#3532 = DIRECTION('',(1.,0.,0.));
#3533 = ORIENTED_EDGE('',*,*,#3534,.F.);
#3534 = EDGE_CURVE('',#1550,#3526,#3535,.T.);
#3535 = LINE('',#3536,#3537);
#3536 = CARTESIAN_POINT('',(6.5,26.05,0.));
#3537 = VECTOR('',#3538,1.);
#3538 = DIRECTION('',(0.,0.,1.));
#3539 = ORIENTED_EDGE('',*,*,#1557,.F.);
#3540 = CYLINDRICAL_SURFACE('',#3541,0.5);
#3541 = AXIS2_PLACEMENT_3D('',#3542,#3543,#3544);
#3542 = CARTESIAN_POINT('',(6.5,25.55,0.));
#3543 = DIRECTION('',(-0.,-0.,-1.));
#3544 = DIRECTION('',(1.,0.,0.));
#3545 = ADVANCED_FACE('',(#3546),#3557,.T.);
#3546 = FACE_BOUND('',#3547,.T.);
#3547 = EDGE_LOOP('',(#3548,#3549,#3555,#3556));
#3548 = ORIENTED_EDGE('',*,*,#3534,.T.);
#3549 = ORIENTED_EDGE('',*,*,#3550,.T.);
#3550 = EDGE_CURVE('',#3526,#3500,#3551,.T.);
#3551 = LINE('',#3552,#3553);
#3552 = CARTESIAN_POINT('',(6.5,26.05,3.));
#3553 = VECTOR('',#3554,1.);
#3554 = DIRECTION('',(-1.,0.,0.));
#3555 = ORIENTED_EDGE('',*,*,#3499,.F.);
#3556 = ORIENTED_EDGE('',*,*,#1549,.F.);
#3557 = PLANE('',#3558);
#3558 = AXIS2_PLACEMENT_3D('',#3559,#3560,#3561);
#3559 = CARTESIAN_POINT('',(6.5,26.05,0.));
#3560 = DIRECTION('',(0.,-1.,0.));
#3561 = DIRECTION('',(-1.,0.,0.));
#3562 = ADVANCED_FACE('',(#3563),#3581,.F.);
#3563 = FACE_BOUND('',#3564,.T.);
#3564 = EDGE_LOOP('',(#3565,#3574,#3579,#3580));
#3565 = ORIENTED_EDGE('',*,*,#3566,.T.);
#3566 = EDGE_CURVE('',#3567,#3567,#3569,.T.);
#3567 = VERTEX_POINT('',#3568);
#3568 = CARTESIAN_POINT('',(-43.25,45.,6.));
#3569 = CIRCLE('',#3570,1.75);
#3570 = AXIS2_PLACEMENT_3D('',#3571,#3572,#3573);
#3571 = CARTESIAN_POINT('',(-45.,45.,6.));
#3572 = DIRECTION('',(0.,0.,1.));
#3573 = DIRECTION('',(1.,0.,0.));
#3574 = ORIENTED_EDGE('',*,*,#3575,.T.);
#3575 = EDGE_CURVE('',#3567,#1584,#3576,.T.);
#3576 = B_SPLINE_CURVE_WITH_KNOTS('',1,(#3577,#3578),.UNSPECIFIED.,.F.,
  .F.,(2,2),(-6.,0.),.PIECEWISE_BEZIER_KNOTS.);
#3577 = CARTESIAN_POINT('',(-43.25,45.,6.));
#3578 = CARTESIAN_POINT('',(-43.25,45.,0.));
#3579 = ORIENTED_EDGE('',*,*,#1583,.F.);
#3580 = ORIENTED_EDGE('',*,*,#3575,.F.);
#3581 = CYLINDRICAL_SURFACE('',#3582,1.75);
#3582 = AXIS2_PLACEMENT_3D('',#3583,#3584,#3585);
#3583 = CARTESIAN_POINT('',(-45.,45.,0.));
#3584 = DIRECTION('',(-0.,-0.,-1.));
#3585 = DIRECTION('',(1.,0.,0.));
#3586 = ADVANCED_FACE('',(#3587),#3612,.F.);
#3587 = FACE_BOUND('',#3588,.F.);
#3588 = EDGE_LOOP('',(#3589,#3590,#3598,#3606));
#3589 = ORIENTED_EDGE('',*,*,#1594,.T.);
#3590 = ORIENTED_EDGE('',*,*,#3591,.T.);
#3591 = EDGE_CURVE('',#1597,#3592,#3594,.T.);
#3592 = VERTEX_POINT('',#3593);
#3593 = CARTESIAN_POINT('',(-6.1,36.32,3.));
#3594 = LINE('',#3595,#3596);
#3595 = CARTESIAN_POINT('',(-6.1,36.32,-4.));
#3596 = VECTOR('',#3597,1.);
#3597 = DIRECTION('',(0.,0.,1.));
#3598 = ORIENTED_EDGE('',*,*,#3599,.F.);
#3599 = EDGE_CURVE('',#3600,#3592,#3602,.T.);
#3600 = VERTEX_POINT('',#3601);
#3601 = CARTESIAN_POINT('',(-32.48,36.32,3.));
#3602 = LINE('',#3603,#3604);
#3603 = CARTESIAN_POINT('',(-3.05,36.32,3.));
#3604 = VECTOR('',#3605,1.);
#3605 = DIRECTION('',(1.,-1.2E-16,0.));
#3606 = ORIENTED_EDGE('',*,*,#3607,.F.);
#3607 = EDGE_CURVE('',#1595,#3600,#3608,.T.);
#3608 = LINE('',#3609,#3610);
#3609 = CARTESIAN_POINT('',(-32.48,36.32,-4.));
#3610 = VECTOR('',#3611,1.);
#3611 = DIRECTION('',(0.,0.,1.));
#3612 = PLANE('',#3613);
#3613 = AXIS2_PLACEMENT_3D('',#3614,#3615,#3616);
#3614 = CARTESIAN_POINT('',(-6.1,36.32,-4.));
#3615 = DIRECTION('',(0.,-1.,0.));
#3616 = DIRECTION('',(-1.,0.,0.));
#3617 = ADVANCED_FACE('',(#3618),#3652,.F.);
#3618 = FACE_BOUND('',#3619,.F.);
#3619 = EDGE_LOOP('',(#3620,#3621,#3629,#3637,#3645,#3651));
#3620 = ORIENTED_EDGE('',*,*,#1620,.T.);
#3621 = ORIENTED_EDGE('',*,*,#3622,.T.);
#3622 = EDGE_CURVE('',#1613,#3623,#3625,.T.);
#3623 = VERTEX_POINT('',#3624);
#3624 = CARTESIAN_POINT('',(-6.1,45.9,5.));
#3625 = LINE('',#3626,#3627);
#3626 = CARTESIAN_POINT('',(-6.1,45.9,-4.));
#3627 = VECTOR('',#3628,1.);
#3628 = DIRECTION('',(0.,0.,1.));
#3629 = ORIENTED_EDGE('',*,*,#3630,.F.);
#3630 = EDGE_CURVE('',#3631,#3623,#3633,.T.);
#3631 = VERTEX_POINT('',#3632);
#3632 = CARTESIAN_POINT('',(-6.1,40.,5.));
#3633 = LINE('',#3634,#3635);
#3634 = CARTESIAN_POINT('',(-6.1,22.95,5.));
#3635 = VECTOR('',#3636,1.);
#3636 = DIRECTION('',(1.2E-16,1.,-0.));
#3637 = ORIENTED_EDGE('',*,*,#3638,.F.);
#3638 = EDGE_CURVE('',#3639,#3631,#3641,.T.);
#3639 = VERTEX_POINT('',#3640);
#3640 = CARTESIAN_POINT('',(-6.1,40.,3.));
#3641 = LINE('',#3642,#3643);
#3642 = CARTESIAN_POINT('',(-6.1,40.,-0.5));
#3643 = VECTOR('',#3644,1.);
#3644 = DIRECTION('',(0.,0.,1.));
#3645 = ORIENTED_EDGE('',*,*,#3646,.F.);
#3646 = EDGE_CURVE('',#3592,#3639,#3647,.T.);
#3647 = LINE('',#3648,#3649);
#3648 = CARTESIAN_POINT('',(-6.1,22.95,3.));
#3649 = VECTOR('',#3650,1.);
#3650 = DIRECTION('',(1.2E-16,1.,-0.));
#3651 = ORIENTED_EDGE('',*,*,#3591,.F.);
#3652 = PLANE('',#3653);
#3653 = AXIS2_PLACEMENT_3D('',#3654,#3655,#3656);
#3654 = CARTESIAN_POINT('',(-6.1,45.9,-4.));
#3655 = DIRECTION('',(1.,0.,0.));
#3656 = DIRECTION('',(0.,-1.,0.));
#3657 = ADVANCED_FACE('',(#3658),#3676,.F.);
#3658 = FACE_BOUND('',#3659,.F.);
#3659 = EDGE_LOOP('',(#3660,#3661,#3669,#3675));
#3660 = ORIENTED_EDGE('',*,*,#1612,.T.);
#3661 = ORIENTED_EDGE('',*,*,#3662,.T.);
#3662 = EDGE_CURVE('',#1605,#3663,#3665,.T.);
#3663 = VERTEX_POINT('',#3664);
#3664 = CARTESIAN_POINT('',(-32.48,45.9,5.));
#3665 = LINE('',#3666,#3667);
#3666 = CARTESIAN_POINT('',(-32.48,45.9,-4.));
#3667 = VECTOR('',#3668,1.);
#3668 = DIRECTION('',(0.,0.,1.));
#3669 = ORIENTED_EDGE('',*,*,#3670,.F.);
#3670 = EDGE_CURVE('',#3623,#3663,#3671,.T.);
#3671 = LINE('',#3672,#3673);
#3672 = CARTESIAN_POINT('',(-16.24,45.9,5.));
#3673 = VECTOR('',#3674,1.);
#3674 = DIRECTION('',(-1.,1.2E-16,0.));
#3675 = ORIENTED_EDGE('',*,*,#3622,.F.);
#3676 = PLANE('',#3677);
#3677 = AXIS2_PLACEMENT_3D('',#3678,#3679,#3680);
#3678 = CARTESIAN_POINT('',(-32.48,45.9,-4.));
#3679 = DIRECTION('',(0.,1.,0.));
#3680 = DIRECTION('',(1.,0.,0.));
#3681 = ADVANCED_FACE('',(#3682),#3709,.F.);
#3682 = FACE_BOUND('',#3683,.F.);
#3683 = EDGE_LOOP('',(#3684,#3685,#3686,#3694,#3702,#3708));
#3684 = ORIENTED_EDGE('',*,*,#1604,.T.);
#3685 = ORIENTED_EDGE('',*,*,#3607,.T.);
#3686 = ORIENTED_EDGE('',*,*,#3687,.F.);
#3687 = EDGE_CURVE('',#3688,#3600,#3690,.T.);
#3688 = VERTEX_POINT('',#3689);
#3689 = CARTESIAN_POINT('',(-32.48,40.,3.));
#3690 = LINE('',#3691,#3692);
#3691 = CARTESIAN_POINT('',(-32.48,18.16,3.));
#3692 = VECTOR('',#3693,1.);
#3693 = DIRECTION('',(-1.2E-16,-1.,0.));
#3694 = ORIENTED_EDGE('',*,*,#3695,.F.);
#3695 = EDGE_CURVE('',#3696,#3688,#3698,.T.);
#3696 = VERTEX_POINT('',#3697);
#3697 = CARTESIAN_POINT('',(-32.48,40.,5.));
#3698 = LINE('',#3699,#3700);
#3699 = CARTESIAN_POINT('',(-32.48,40.,-0.5));
#3700 = VECTOR('',#3701,1.);
#3701 = DIRECTION('',(-0.,-0.,-1.));
#3702 = ORIENTED_EDGE('',*,*,#3703,.F.);
#3703 = EDGE_CURVE('',#3663,#3696,#3704,.T.);
#3704 = LINE('',#3705,#3706);
#3705 = CARTESIAN_POINT('',(-32.48,18.16,5.));
#3706 = VECTOR('',#3707,1.);
#3707 = DIRECTION('',(-1.2E-16,-1.,0.));
#3708 = ORIENTED_EDGE('',*,*,#3662,.F.);
#3709 = PLANE('',#3710);
#3710 = AXIS2_PLACEMENT_3D('',#3711,#3712,#3713);
#3711 = CARTESIAN_POINT('',(-32.48,36.32,-4.));
#3712 = DIRECTION('',(-1.,0.,0.));
#3713 = DIRECTION('',(0.,1.,0.));
#3714 = ADVANCED_FACE('',(#3715),#3740,.F.);
#3715 = FACE_BOUND('',#3716,.F.);
#3716 = EDGE_LOOP('',(#3717,#3725,#3733,#3739));
#3717 = ORIENTED_EDGE('',*,*,#3718,.T.);
#3718 = EDGE_CURVE('',#1629,#3719,#3721,.T.);
#3719 = VERTEX_POINT('',#3720);
#3720 = CARTESIAN_POINT('',(26.05,25.55,3.));
#3721 = LINE('',#3722,#3723);
#3722 = CARTESIAN_POINT('',(26.05,25.55,0.));
#3723 = VECTOR('',#3724,1.);
#3724 = DIRECTION('',(0.,0.,1.));
#3725 = ORIENTED_EDGE('',*,*,#3726,.T.);
#3726 = EDGE_CURVE('',#3719,#3727,#3729,.T.);
#3727 = VERTEX_POINT('',#3728);
#3728 = CARTESIAN_POINT('',(26.05,12.55,3.));
#3729 = LINE('',#3730,#3731);
#3730 = CARTESIAN_POINT('',(26.05,25.55,3.));
#3731 = VECTOR('',#3732,1.);
#3732 = DIRECTION('',(0.,-1.,0.));
#3733 = ORIENTED_EDGE('',*,*,#3734,.F.);
#3734 = EDGE_CURVE('',#1631,#3727,#3735,.T.);
#3735 = LINE('',#3736,#3737);
#3736 = CARTESIAN_POINT('',(26.05,12.55,0.));
#3737 = VECTOR('',#3738,1.);
#3738 = DIRECTION('',(0.,0.,1.));
#3739 = ORIENTED_EDGE('',*,*,#1628,.F.);
#3740 = PLANE('',#3741);
#3741 = AXIS2_PLACEMENT_3D('',#3742,#3743,#3744);
#3742 = CARTESIAN_POINT('',(26.05,25.55,0.));
#3743 = DIRECTION('',(1.,0.,0.));
#3744 = DIRECTION('',(0.,-1.,0.));
#3745 = ADVANCED_FACE('',(#3746),#3765,.F.);
#3746 = FACE_BOUND('',#3747,.T.);
#3747 = EDGE_LOOP('',(#3748,#3749,#3758,#3764));
#3748 = ORIENTED_EDGE('',*,*,#3718,.T.);
#3749 = ORIENTED_EDGE('',*,*,#3750,.T.);
#3750 = EDGE_CURVE('',#3719,#3751,#3753,.T.);
#3751 = VERTEX_POINT('',#3752);
#3752 = CARTESIAN_POINT('',(25.55,26.05,3.));
#3753 = CIRCLE('',#3754,0.5);
#3754 = AXIS2_PLACEMENT_3D('',#3755,#3756,#3757);
#3755 = CARTESIAN_POINT('',(25.55,25.55,3.));
#3756 = DIRECTION('',(0.,0.,1.));
#3757 = DIRECTION('',(1.,0.,0.));
#3758 = ORIENTED_EDGE('',*,*,#3759,.F.);
#3759 = EDGE_CURVE('',#1682,#3751,#3760,.T.);
#3760 = LINE('',#3761,#3762);
#3761 = CARTESIAN_POINT('',(25.55,26.05,0.));
#3762 = VECTOR('',#3763,1.);
#3763 = DIRECTION('',(0.,0.,1.));
#3764 = ORIENTED_EDGE('',*,*,#1689,.F.);
#3765 = CYLINDRICAL_SURFACE('',#3766,0.5);
#3766 = AXIS2_PLACEMENT_3D('',#3767,#3768,#3769);
#3767 = CARTESIAN_POINT('',(25.55,25.55,0.));
#3768 = DIRECTION('',(-0.,-0.,-1.));
#3769 = DIRECTION('',(1.,0.,0.));
#3770 = ADVANCED_FACE('',(#3771),#3790,.F.);
#3771 = FACE_BOUND('',#3772,.T.);
#3772 = EDGE_LOOP('',(#3773,#3781,#3788,#3789));
#3773 = ORIENTED_EDGE('',*,*,#3774,.T.);
#3774 = EDGE_CURVE('',#1639,#3775,#3777,.T.);
#3775 = VERTEX_POINT('',#3776);
#3776 = CARTESIAN_POINT('',(25.55,12.05,3.));
#3777 = LINE('',#3778,#3779);
#3778 = CARTESIAN_POINT('',(25.55,12.05,0.));
#3779 = VECTOR('',#3780,1.);
#3780 = DIRECTION('',(0.,0.,1.));
#3781 = ORIENTED_EDGE('',*,*,#3782,.T.);
#3782 = EDGE_CURVE('',#3775,#3727,#3783,.T.);
#3783 = CIRCLE('',#3784,0.5);
#3784 = AXIS2_PLACEMENT_3D('',#3785,#3786,#3787);
#3785 = CARTESIAN_POINT('',(25.55,12.55,3.));
#3786 = DIRECTION('',(0.,0.,1.));
#3787 = DIRECTION('',(1.,0.,0.));
#3788 = ORIENTED_EDGE('',*,*,#3734,.F.);
#3789 = ORIENTED_EDGE('',*,*,#1638,.F.);
#3790 = CYLINDRICAL_SURFACE('',#3791,0.5);
#3791 = AXIS2_PLACEMENT_3D('',#3792,#3793,#3794);
#3792 = CARTESIAN_POINT('',(25.55,12.55,0.));
#3793 = DIRECTION('',(-0.,-0.,-1.));
#3794 = DIRECTION('',(1.,0.,0.));
#3795 = ADVANCED_FACE('',(#3796),#3814,.F.);
#3796 = FACE_BOUND('',#3797,.F.);
#3797 = EDGE_LOOP('',(#3798,#3806,#3812,#3813));
#3798 = ORIENTED_EDGE('',*,*,#3799,.T.);
#3799 = EDGE_CURVE('',#1673,#3800,#3802,.T.);
#3800 = VERTEX_POINT('',#3801);
#3801 = CARTESIAN_POINT('',(12.55,26.05,3.));
#3802 = LINE('',#3803,#3804);
#3803 = CARTESIAN_POINT('',(12.55,26.05,0.));
#3804 = VECTOR('',#3805,1.);
#3805 = DIRECTION('',(0.,0.,1.));
#3806 = ORIENTED_EDGE('',*,*,#3807,.T.);
#3807 = EDGE_CURVE('',#3800,#3751,#3808,.T.);
#3808 = LINE('',#3809,#3810);
#3809 = CARTESIAN_POINT('',(12.55,26.05,3.));
#3810 = VECTOR('',#3811,1.);
#3811 = DIRECTION('',(1.,0.,0.));
#3812 = ORIENTED_EDGE('',*,*,#3759,.F.);
#3813 = ORIENTED_EDGE('',*,*,#1681,.F.);
#3814 = PLANE('',#3815);
#3815 = AXIS2_PLACEMENT_3D('',#3816,#3817,#3818);
#3816 = CARTESIAN_POINT('',(12.55,26.05,0.));
#3817 = DIRECTION('',(0.,1.,0.));
#3818 = DIRECTION('',(1.,0.,0.));
#3819 = ADVANCED_FACE('',(#3820),#3838,.F.);
#3820 = FACE_BOUND('',#3821,.F.);
#3821 = EDGE_LOOP('',(#3822,#3823,#3831,#3837));
#3822 = ORIENTED_EDGE('',*,*,#3774,.T.);
#3823 = ORIENTED_EDGE('',*,*,#3824,.T.);
#3824 = EDGE_CURVE('',#3775,#3825,#3827,.T.);
#3825 = VERTEX_POINT('',#3826);
#3826 = CARTESIAN_POINT('',(12.55,12.05,3.));
#3827 = LINE('',#3828,#3829);
#3828 = CARTESIAN_POINT('',(25.55,12.05,3.));
#3829 = VECTOR('',#3830,1.);
#3830 = DIRECTION('',(-1.,0.,0.));
#3831 = ORIENTED_EDGE('',*,*,#3832,.F.);
#3832 = EDGE_CURVE('',#1648,#3825,#3833,.T.);
#3833 = LINE('',#3834,#3835);
#3834 = CARTESIAN_POINT('',(12.55,12.05,0.));
#3835 = VECTOR('',#3836,1.);
#3836 = DIRECTION('',(0.,0.,1.));
#3837 = ORIENTED_EDGE('',*,*,#1647,.F.);
#3838 = PLANE('',#3839);
#3839 = AXIS2_PLACEMENT_3D('',#3840,#3841,#3842);
#3840 = CARTESIAN_POINT('',(25.55,12.05,0.));
#3841 = DIRECTION('',(0.,-1.,0.));
#3842 = DIRECTION('',(-1.,0.,0.));
#3843 = ADVANCED_FACE('',(#3844),#3863,.F.);
#3844 = FACE_BOUND('',#3845,.T.);
#3845 = EDGE_LOOP('',(#3846,#3847,#3856,#3862));
#3846 = ORIENTED_EDGE('',*,*,#3799,.T.);
#3847 = ORIENTED_EDGE('',*,*,#3848,.T.);
#3848 = EDGE_CURVE('',#3800,#3849,#3851,.T.);
#3849 = VERTEX_POINT('',#3850);
#3850 = CARTESIAN_POINT('',(12.05,25.55,3.));
#3851 = CIRCLE('',#3852,0.5);
#3852 = AXIS2_PLACEMENT_3D('',#3853,#3854,#3855);
#3853 = CARTESIAN_POINT('',(12.55,25.55,3.));
#3854 = DIRECTION('',(0.,0.,1.));
#3855 = DIRECTION('',(1.,0.,0.));
#3856 = ORIENTED_EDGE('',*,*,#3857,.F.);
#3857 = EDGE_CURVE('',#1665,#3849,#3858,.T.);
#3858 = LINE('',#3859,#3860);
#3859 = CARTESIAN_POINT('',(12.05,25.55,0.));
#3860 = VECTOR('',#3861,1.);
#3861 = DIRECTION('',(0.,0.,1.));
#3862 = ORIENTED_EDGE('',*,*,#1672,.F.);
#3863 = CYLINDRICAL_SURFACE('',#3864,0.5);
#3864 = AXIS2_PLACEMENT_3D('',#3865,#3866,#3867);
#3865 = CARTESIAN_POINT('',(12.55,25.55,0.));
#3866 = DIRECTION('',(-0.,-0.,-1.));
#3867 = DIRECTION('',(1.,0.,0.));
#3868 = ADVANCED_FACE('',(#3869),#3888,.F.);
#3869 = FACE_BOUND('',#3870,.T.);
#3870 = EDGE_LOOP('',(#3871,#3879,#3886,#3887));
#3871 = ORIENTED_EDGE('',*,*,#3872,.T.);
#3872 = EDGE_CURVE('',#1656,#3873,#3875,.T.);
#3873 = VERTEX_POINT('',#3874);
#3874 = CARTESIAN_POINT('',(12.05,12.55,3.));
#3875 = LINE('',#3876,#3877);
#3876 = CARTESIAN_POINT('',(12.05,12.55,0.));
#3877 = VECTOR('',#3878,1.);
#3878 = DIRECTION('',(0.,0.,1.));
#3879 = ORIENTED_EDGE('',*,*,#3880,.T.);
#3880 = EDGE_CURVE('',#3873,#3825,#3881,.T.);
#3881 = CIRCLE('',#3882,0.5);
#3882 = AXIS2_PLACEMENT_3D('',#3883,#3884,#3885);
#3883 = CARTESIAN_POINT('',(12.55,12.55,3.));
#3884 = DIRECTION('',(0.,0.,1.));
#3885 = DIRECTION('',(1.,0.,0.));
#3886 = ORIENTED_EDGE('',*,*,#3832,.F.);
#3887 = ORIENTED_EDGE('',*,*,#1655,.F.);
#3888 = CYLINDRICAL_SURFACE('',#3889,0.5);
#3889 = AXIS2_PLACEMENT_3D('',#3890,#3891,#3892);
#3890 = CARTESIAN_POINT('',(12.55,12.55,0.));
#3891 = DIRECTION('',(-0.,-0.,-1.));
#3892 = DIRECTION('',(1.,0.,0.));
#3893 = ADVANCED_FACE('',(#3894),#3905,.F.);
#3894 = FACE_BOUND('',#3895,.F.);
#3895 = EDGE_LOOP('',(#3896,#3897,#3903,#3904));
#3896 = ORIENTED_EDGE('',*,*,#3872,.T.);
#3897 = ORIENTED_EDGE('',*,*,#3898,.T.);
#3898 = EDGE_CURVE('',#3873,#3849,#3899,.T.);
#3899 = LINE('',#3900,#3901);
#3900 = CARTESIAN_POINT('',(12.05,12.55,3.));
#3901 = VECTOR('',#3902,1.);
#3902 = DIRECTION('',(0.,1.,0.));
#3903 = ORIENTED_EDGE('',*,*,#3857,.F.);
#3904 = ORIENTED_EDGE('',*,*,#1664,.F.);
#3905 = PLANE('',#3906);
#3906 = AXIS2_PLACEMENT_3D('',#3907,#3908,#3909);
#3907 = CARTESIAN_POINT('',(12.05,12.55,0.));
#3908 = DIRECTION('',(-1.,0.,0.));
#3909 = DIRECTION('',(0.,1.,0.));
#3910 = ADVANCED_FACE('',(#3911),#3964,.F.);
#3911 = FACE_BOUND('',#3912,.T.);
#3912 = EDGE_LOOP('',(#3913,#3914,#3922,#3931,#3939,#3948,#3956,#3963));
#3913 = ORIENTED_EDGE('',*,*,#1698,.T.);
#3914 = ORIENTED_EDGE('',*,*,#3915,.T.);
#3915 = EDGE_CURVE('',#1699,#3916,#3918,.T.);
#3916 = VERTEX_POINT('',#3917);
#3917 = CARTESIAN_POINT('',(27.,39.9,3.));
#3918 = LINE('',#3919,#3920);
#3919 = CARTESIAN_POINT('',(27.,39.9,-4.));
#3920 = VECTOR('',#3921,1.);
#3921 = DIRECTION('',(0.,0.,1.));
#3922 = ORIENTED_EDGE('',*,*,#3923,.F.);
#3923 = EDGE_CURVE('',#3924,#3916,#3926,.T.);
#3924 = VERTEX_POINT('',#3925);
#3925 = CARTESIAN_POINT('',(33.998571136907,40.,3.));
#3926 = CIRCLE('',#3927,3.5);
#3927 = AXIS2_PLACEMENT_3D('',#3928,#3929,#3930);
#3928 = CARTESIAN_POINT('',(30.5,39.9,3.));
#3929 = DIRECTION('',(0.,0.,-1.));
#3930 = DIRECTION('',(-1.,1.2E-16,0.));
#3931 = ORIENTED_EDGE('',*,*,#3932,.F.);
#3932 = EDGE_CURVE('',#3933,#3924,#3935,.T.);
#3933 = VERTEX_POINT('',#3934);
#3934 = CARTESIAN_POINT('',(33.998571136907,40.,5.));
#3935 = LINE('',#3936,#3937);
#3936 = CARTESIAN_POINT('',(33.998571136907,40.,-4.));
#3937 = VECTOR('',#3938,1.);
#3938 = DIRECTION('',(0.,0.,-1.));
#3939 = ORIENTED_EDGE('',*,*,#3940,.F.);
#3940 = EDGE_CURVE('',#3941,#3933,#3943,.T.);
#3941 = VERTEX_POINT('',#3942);
#3942 = CARTESIAN_POINT('',(27.001428863093,40.,5.));
#3943 = CIRCLE('',#3944,3.5);
#3944 = AXIS2_PLACEMENT_3D('',#3945,#3946,#3947);
#3945 = CARTESIAN_POINT('',(30.5,39.9,5.));
#3946 = DIRECTION('',(0.,0.,-1.));
#3947 = DIRECTION('',(-1.,1.2E-16,0.));
#3948 = ORIENTED_EDGE('',*,*,#3949,.T.);
#3949 = EDGE_CURVE('',#3941,#3950,#3952,.T.);
#3950 = VERTEX_POINT('',#3951);
#3951 = CARTESIAN_POINT('',(27.001428863093,40.,3.));
#3952 = LINE('',#3953,#3954);
#3953 = CARTESIAN_POINT('',(27.001428863093,40.,-4.));
#3954 = VECTOR('',#3955,1.);
#3955 = DIRECTION('',(0.,0.,-1.));
#3956 = ORIENTED_EDGE('',*,*,#3957,.F.);
#3957 = EDGE_CURVE('',#3916,#3950,#3958,.T.);
#3958 = CIRCLE('',#3959,3.5);
#3959 = AXIS2_PLACEMENT_3D('',#3960,#3961,#3962);
#3960 = CARTESIAN_POINT('',(30.5,39.9,3.));
#3961 = DIRECTION('',(0.,0.,-1.));
#3962 = DIRECTION('',(-1.,1.2E-16,0.));
#3963 = ORIENTED_EDGE('',*,*,#3915,.F.);
#3964 = CYLINDRICAL_SURFACE('',#3965,3.5);
#3965 = AXIS2_PLACEMENT_3D('',#3966,#3967,#3968);
#3966 = CARTESIAN_POINT('',(30.5,39.9,-4.));
#3967 = DIRECTION('',(0.,0.,-1.));
#3968 = DIRECTION('',(-1.,0.,0.));
#3969 = ADVANCED_FACE('',(#3970),#3988,.F.);
#3970 = FACE_BOUND('',#3971,.T.);
#3971 = EDGE_LOOP('',(#3972,#3981,#3986,#3987));
#3972 = ORIENTED_EDGE('',*,*,#3973,.T.);
#3973 = EDGE_CURVE('',#3974,#3974,#3976,.T.);
#3974 = VERTEX_POINT('',#3975);
#3975 = CARTESIAN_POINT('',(46.75,45.,6.));
#3976 = CIRCLE('',#3977,1.75);
#3977 = AXIS2_PLACEMENT_3D('',#3978,#3979,#3980);
#3978 = CARTESIAN_POINT('',(45.,45.,6.));
#3979 = DIRECTION('',(0.,0.,1.));
#3980 = DIRECTION('',(1.,0.,0.));
#3981 = ORIENTED_EDGE('',*,*,#3982,.T.);
#3982 = EDGE_CURVE('',#3974,#1710,#3983,.T.);
#3983 = B_SPLINE_CURVE_WITH_KNOTS('',1,(#3984,#3985),.UNSPECIFIED.,.F.,
  .F.,(2,2),(-6.,0.),.PIECEWISE_BEZIER_KNOTS.);
#3984 = CARTESIAN_POINT('',(46.75,45.,6.));
#3985 = CARTESIAN_POINT('',(46.75,45.,0.));
#3986 = ORIENTED_EDGE('',*,*,#1709,.F.);
#3987 = ORIENTED_EDGE('',*,*,#3982,.F.);
#3988 = CYLINDRICAL_SURFACE('',#3989,1.75);
#3989 = AXIS2_PLACEMENT_3D('',#3990,#3991,#3992);
#3990 = CARTESIAN_POINT('',(45.,45.,0.));
#3991 = DIRECTION('',(-0.,-0.,-1.));
#3992 = DIRECTION('',(1.,0.,0.));
#3993 = ADVANCED_FACE('',(#3994,#4012),#4015,.T.);
#3994 = FACE_BOUND('',#3995,.T.);
#3995 = EDGE_LOOP('',(#3996,#3997,#3998,#4006));
#3996 = ORIENTED_EDGE('',*,*,#1735,.T.);
#3997 = ORIENTED_EDGE('',*,*,#1887,.T.);
#3998 = ORIENTED_EDGE('',*,*,#3999,.T.);
#3999 = EDGE_CURVE('',#1880,#4000,#4002,.T.);
#4000 = VERTEX_POINT('',#4001);
#4001 = CARTESIAN_POINT('',(40.,-40.,6.));
#4002 = LINE('',#4003,#4004);
#4003 = CARTESIAN_POINT('',(50.,-40.,6.));
#4004 = VECTOR('',#4005,1.);
#4005 = DIRECTION('',(-1.,0.,0.));
#4006 = ORIENTED_EDGE('',*,*,#4007,.T.);
#4007 = EDGE_CURVE('',#4000,#1736,#4008,.T.);
#4008 = LINE('',#4009,#4010);
#4009 = CARTESIAN_POINT('',(40.,-40.,6.));
#4010 = VECTOR('',#4011,1.);
#4011 = DIRECTION('',(0.,-1.,0.));
#4012 = FACE_BOUND('',#4013,.F.);
#4013 = EDGE_LOOP('',(#4014));
#4014 = ORIENTED_EDGE('',*,*,#2758,.T.);
#4015 = PLANE('',#4016);
#4016 = AXIS2_PLACEMENT_3D('',#4017,#4018,#4019);
#4017 = CARTESIAN_POINT('',(45.,-45.,6.));
#4018 = DIRECTION('',(0.,0.,1.));
#4019 = DIRECTION('',(1.,0.,0.));
#4020 = ADVANCED_FACE('',(#4021),#4039,.F.);
#4021 = FACE_BOUND('',#4022,.F.);
#4022 = EDGE_LOOP('',(#4023,#4031,#4037,#4038));
#4023 = ORIENTED_EDGE('',*,*,#4024,.T.);
#4024 = EDGE_CURVE('',#1744,#4025,#4027,.T.);
#4025 = VERTEX_POINT('',#4026);
#4026 = CARTESIAN_POINT('',(40.,-40.,5.));
#4027 = LINE('',#4028,#4029);
#4028 = CARTESIAN_POINT('',(40.,-20.,5.));
#4029 = VECTOR('',#4030,1.);
#4030 = DIRECTION('',(0.,1.,0.));
#4031 = ORIENTED_EDGE('',*,*,#4032,.T.);
#4032 = EDGE_CURVE('',#4025,#4000,#4033,.T.);
#4033 = LINE('',#4034,#4035);
#4034 = CARTESIAN_POINT('',(40.,-40.,3.));
#4035 = VECTOR('',#4036,1.);
#4036 = DIRECTION('',(0.,0.,1.));
#4037 = ORIENTED_EDGE('',*,*,#4007,.T.);
#4038 = ORIENTED_EDGE('',*,*,#1743,.F.);
#4039 = PLANE('',#4040);
#4040 = AXIS2_PLACEMENT_3D('',#4041,#4042,#4043);
#4041 = CARTESIAN_POINT('',(40.,-40.,3.));
#4042 = DIRECTION('',(1.,0.,0.));
#4043 = DIRECTION('',(0.,-1.,0.));
#4044 = ADVANCED_FACE('',(#4045),#4063,.T.);
#4045 = FACE_BOUND('',#4046,.T.);
#4046 = EDGE_LOOP('',(#4047,#4055,#4056,#4057));
#4047 = ORIENTED_EDGE('',*,*,#4048,.T.);
#4048 = EDGE_CURVE('',#4049,#1752,#4051,.T.);
#4049 = VERTEX_POINT('',#4050);
#4050 = CARTESIAN_POINT('',(-40.,-40.,5.));
#4051 = LINE('',#4052,#4053);
#4052 = CARTESIAN_POINT('',(-40.,-25.,5.));
#4053 = VECTOR('',#4054,1.);
#4054 = DIRECTION('',(0.,-1.,0.));
#4055 = ORIENTED_EDGE('',*,*,#1751,.T.);
#4056 = ORIENTED_EDGE('',*,*,#4024,.T.);
#4057 = ORIENTED_EDGE('',*,*,#4058,.F.);
#4058 = EDGE_CURVE('',#4049,#4025,#4059,.T.);
#4059 = LINE('',#4060,#4061);
#4060 = CARTESIAN_POINT('',(-40.,-40.,5.));
#4061 = VECTOR('',#4062,1.);
#4062 = DIRECTION('',(1.,0.,0.));
#4063 = PLANE('',#4064);
#4064 = AXIS2_PLACEMENT_3D('',#4065,#4066,#4067);
#4065 = CARTESIAN_POINT('',(6.E-17,-6.E-17,5.));
#4066 = DIRECTION('',(0.,0.,1.));
#4067 = DIRECTION('',(1.,0.,0.));
#4068 = ADVANCED_FACE('',(#4069),#4087,.F.);
#4069 = FACE_BOUND('',#4070,.F.);
#4070 = EDGE_LOOP('',(#4071,#4072,#4073,#4081));
#4071 = ORIENTED_EDGE('',*,*,#4048,.T.);
#4072 = ORIENTED_EDGE('',*,*,#1759,.T.);
#4073 = ORIENTED_EDGE('',*,*,#4074,.T.);
#4074 = EDGE_CURVE('',#1760,#4075,#4077,.T.);
#4075 = VERTEX_POINT('',#4076);
#4076 = CARTESIAN_POINT('',(-40.,-40.,6.));
#4077 = LINE('',#4078,#4079);
#4078 = CARTESIAN_POINT('',(-40.,-50.,6.));
#4079 = VECTOR('',#4080,1.);
#4080 = DIRECTION('',(0.,1.,0.));
#4081 = ORIENTED_EDGE('',*,*,#4082,.F.);
#4082 = EDGE_CURVE('',#4049,#4075,#4083,.T.);
#4083 = LINE('',#4084,#4085);
#4084 = CARTESIAN_POINT('',(-40.,-40.,3.));
#4085 = VECTOR('',#4086,1.);
#4086 = DIRECTION('',(0.,0.,1.));
#4087 = PLANE('',#4088);
#4088 = AXIS2_PLACEMENT_3D('',#4089,#4090,#4091);
#4089 = CARTESIAN_POINT('',(-40.,-50.,3.));
#4090 = DIRECTION('',(-1.,0.,0.));
#4091 = DIRECTION('',(0.,1.,0.));
#4092 = ADVANCED_FACE('',(#4093,#4104),#4107,.T.);
#4093 = FACE_BOUND('',#4094,.T.);
#4094 = EDGE_LOOP('',(#4095,#4096,#4097,#4103));
#4095 = ORIENTED_EDGE('',*,*,#1767,.T.);
#4096 = ORIENTED_EDGE('',*,*,#4074,.T.);
#4097 = ORIENTED_EDGE('',*,*,#4098,.T.);
#4098 = EDGE_CURVE('',#4075,#1792,#4099,.T.);
#4099 = LINE('',#4100,#4101);
#4100 = CARTESIAN_POINT('',(-40.,-40.,6.));
#4101 = VECTOR('',#4102,1.);
#4102 = DIRECTION('',(-1.,0.,0.));
#4103 = ORIENTED_EDGE('',*,*,#1791,.T.);
#4104 = FACE_BOUND('',#4105,.F.);
#4105 = EDGE_LOOP('',(#4106));
#4106 = ORIENTED_EDGE('',*,*,#1950,.T.);
#4107 = PLANE('',#4108);
#4108 = AXIS2_PLACEMENT_3D('',#4109,#4110,#4111);
#4109 = CARTESIAN_POINT('',(-45.,-45.,6.));
#4110 = DIRECTION('',(0.,0.,1.));
#4111 = DIRECTION('',(1.,0.,0.));
#4112 = ADVANCED_FACE('',(#4113),#4124,.F.);
#4113 = FACE_BOUND('',#4114,.F.);
#4114 = EDGE_LOOP('',(#4115,#4121,#4122,#4123));
#4115 = ORIENTED_EDGE('',*,*,#4116,.T.);
#4116 = EDGE_CURVE('',#1800,#4049,#4117,.T.);
#4117 = LINE('',#4118,#4119);
#4118 = CARTESIAN_POINT('',(-20.,-40.,5.));
#4119 = VECTOR('',#4120,1.);
#4120 = DIRECTION('',(1.,0.,0.));
#4121 = ORIENTED_EDGE('',*,*,#4082,.T.);
#4122 = ORIENTED_EDGE('',*,*,#4098,.T.);
#4123 = ORIENTED_EDGE('',*,*,#1799,.F.);
#4124 = PLANE('',#4125);
#4125 = AXIS2_PLACEMENT_3D('',#4126,#4127,#4128);
#4126 = CARTESIAN_POINT('',(-40.,-40.,3.));
#4127 = DIRECTION('',(0.,-1.,0.));
#4128 = DIRECTION('',(-1.,0.,0.));
#4129 = ADVANCED_FACE('',(#4130),#4148,.T.);
#4130 = FACE_BOUND('',#4131,.T.);
#4131 = EDGE_LOOP('',(#4132,#4133,#4134,#4142));
#4132 = ORIENTED_EDGE('',*,*,#1807,.T.);
#4133 = ORIENTED_EDGE('',*,*,#4116,.T.);
#4134 = ORIENTED_EDGE('',*,*,#4135,.F.);
#4135 = EDGE_CURVE('',#4136,#4049,#4138,.T.);
#4136 = VERTEX_POINT('',#4137);
#4137 = CARTESIAN_POINT('',(-40.,40.,5.));
#4138 = LINE('',#4139,#4140);
#4139 = CARTESIAN_POINT('',(-40.,40.,5.));
#4140 = VECTOR('',#4141,1.);
#4141 = DIRECTION('',(0.,-1.,0.));
#4142 = ORIENTED_EDGE('',*,*,#4143,.T.);
#4143 = EDGE_CURVE('',#4136,#1808,#4144,.T.);
#4144 = LINE('',#4145,#4146);
#4145 = CARTESIAN_POINT('',(-25.,40.,5.));
#4146 = VECTOR('',#4147,1.);
#4147 = DIRECTION('',(-1.,0.,0.));
#4148 = PLANE('',#4149);
#4149 = AXIS2_PLACEMENT_3D('',#4150,#4151,#4152);
#4150 = CARTESIAN_POINT('',(6.E-17,-6.E-17,5.));
#4151 = DIRECTION('',(0.,0.,1.));
#4152 = DIRECTION('',(1.,0.,0.));
#4153 = ADVANCED_FACE('',(#4154),#4172,.F.);
#4154 = FACE_BOUND('',#4155,.F.);
#4155 = EDGE_LOOP('',(#4156,#4157,#4158,#4166));
#4156 = ORIENTED_EDGE('',*,*,#4143,.T.);
#4157 = ORIENTED_EDGE('',*,*,#1815,.T.);
#4158 = ORIENTED_EDGE('',*,*,#4159,.T.);
#4159 = EDGE_CURVE('',#1816,#4160,#4162,.T.);
#4160 = VERTEX_POINT('',#4161);
#4161 = CARTESIAN_POINT('',(-40.,40.,6.));
#4162 = LINE('',#4163,#4164);
#4163 = CARTESIAN_POINT('',(-50.,40.,6.));
#4164 = VECTOR('',#4165,1.);
#4165 = DIRECTION('',(1.,0.,0.));
#4166 = ORIENTED_EDGE('',*,*,#4167,.F.);
#4167 = EDGE_CURVE('',#4136,#4160,#4168,.T.);
#4168 = LINE('',#4169,#4170);
#4169 = CARTESIAN_POINT('',(-40.,40.,3.));
#4170 = VECTOR('',#4171,1.);
#4171 = DIRECTION('',(0.,0.,1.));
#4172 = PLANE('',#4173);
#4173 = AXIS2_PLACEMENT_3D('',#4174,#4175,#4176);
#4174 = CARTESIAN_POINT('',(-50.,40.,3.));
#4175 = DIRECTION('',(0.,1.,0.));
#4176 = DIRECTION('',(1.,0.,0.));
#4177 = ADVANCED_FACE('',(#4178,#4189),#4192,.T.);
#4178 = FACE_BOUND('',#4179,.T.);
#4179 = EDGE_LOOP('',(#4180,#4181,#4187,#4188));
#4180 = ORIENTED_EDGE('',*,*,#4159,.T.);
#4181 = ORIENTED_EDGE('',*,*,#4182,.T.);
#4182 = EDGE_CURVE('',#4160,#1905,#4183,.T.);
#4183 = LINE('',#4184,#4185);
#4184 = CARTESIAN_POINT('',(-40.,40.,6.));
#4185 = VECTOR('',#4186,1.);
#4186 = DIRECTION('',(0.,1.,0.));
#4187 = ORIENTED_EDGE('',*,*,#1904,.T.);
#4188 = ORIENTED_EDGE('',*,*,#1823,.T.);
#4189 = FACE_BOUND('',#4190,.F.);
#4190 = EDGE_LOOP('',(#4191));
#4191 = ORIENTED_EDGE('',*,*,#3566,.T.);
#4192 = PLANE('',#4193);
#4193 = AXIS2_PLACEMENT_3D('',#4194,#4195,#4196);
#4194 = CARTESIAN_POINT('',(-45.,45.,6.));
#4195 = DIRECTION('',(0.,0.,1.));
#4196 = DIRECTION('',(1.,0.,0.));
#4197 = ADVANCED_FACE('',(#4198,#4216),#4219,.T.);
#4198 = FACE_BOUND('',#4199,.T.);
#4199 = EDGE_LOOP('',(#4200,#4208,#4209,#4210));
#4200 = ORIENTED_EDGE('',*,*,#4201,.T.);
#4201 = EDGE_CURVE('',#4202,#1856,#4204,.T.);
#4202 = VERTEX_POINT('',#4203);
#4203 = CARTESIAN_POINT('',(40.,40.,6.));
#4204 = LINE('',#4205,#4206);
#4205 = CARTESIAN_POINT('',(40.,40.,6.));
#4206 = VECTOR('',#4207,1.);
#4207 = DIRECTION('',(1.,0.,0.));
#4208 = ORIENTED_EDGE('',*,*,#1855,.T.);
#4209 = ORIENTED_EDGE('',*,*,#1936,.T.);
#4210 = ORIENTED_EDGE('',*,*,#4211,.T.);
#4211 = EDGE_CURVE('',#1929,#4202,#4212,.T.);
#4212 = LINE('',#4213,#4214);
#4213 = CARTESIAN_POINT('',(40.,50.,6.));
#4214 = VECTOR('',#4215,1.);
#4215 = DIRECTION('',(0.,-1.,0.));
#4216 = FACE_BOUND('',#4217,.F.);
#4217 = EDGE_LOOP('',(#4218));
#4218 = ORIENTED_EDGE('',*,*,#3973,.T.);
#4219 = PLANE('',#4220);
#4220 = AXIS2_PLACEMENT_3D('',#4221,#4222,#4223);
#4221 = CARTESIAN_POINT('',(45.,45.,6.));
#4222 = DIRECTION('',(0.,0.,1.));
#4223 = DIRECTION('',(1.,0.,0.));
#4224 = ADVANCED_FACE('',(#4225),#4243,.F.);
#4225 = FACE_BOUND('',#4226,.F.);
#4226 = EDGE_LOOP('',(#4227,#4235,#4241,#4242));
#4227 = ORIENTED_EDGE('',*,*,#4228,.T.);
#4228 = EDGE_CURVE('',#1864,#4229,#4231,.T.);
#4229 = VERTEX_POINT('',#4230);
#4230 = CARTESIAN_POINT('',(40.,40.,5.));
#4231 = LINE('',#4232,#4233);
#4232 = CARTESIAN_POINT('',(20.,40.,5.));
#4233 = VECTOR('',#4234,1.);
#4234 = DIRECTION('',(-1.,0.,0.));
#4235 = ORIENTED_EDGE('',*,*,#4236,.T.);
#4236 = EDGE_CURVE('',#4229,#4202,#4237,.T.);
#4237 = LINE('',#4238,#4239);
#4238 = CARTESIAN_POINT('',(40.,40.,3.));
#4239 = VECTOR('',#4240,1.);
#4240 = DIRECTION('',(0.,0.,1.));
#4241 = ORIENTED_EDGE('',*,*,#4201,.T.);
#4242 = ORIENTED_EDGE('',*,*,#1863,.F.);
#4243 = PLANE('',#4244);
#4244 = AXIS2_PLACEMENT_3D('',#4245,#4246,#4247);
#4245 = CARTESIAN_POINT('',(40.,40.,3.));
#4246 = DIRECTION('',(0.,1.,0.));
#4247 = DIRECTION('',(1.,0.,0.));
#4248 = ADVANCED_FACE('',(#4249),#4265,.T.);
#4249 = FACE_BOUND('',#4250,.T.);
#4250 = EDGE_LOOP('',(#4251,#4257,#4263,#4264));
#4251 = ORIENTED_EDGE('',*,*,#4252,.F.);
#4252 = EDGE_CURVE('',#4025,#4229,#4253,.T.);
#4253 = LINE('',#4254,#4255);
#4254 = CARTESIAN_POINT('',(40.,-40.,5.));
#4255 = VECTOR('',#4256,1.);
#4256 = DIRECTION('',(0.,1.,0.));
#4257 = ORIENTED_EDGE('',*,*,#4258,.T.);
#4258 = EDGE_CURVE('',#4025,#1872,#4259,.T.);
#4259 = LINE('',#4260,#4261);
#4260 = CARTESIAN_POINT('',(25.,-40.,5.));
#4261 = VECTOR('',#4262,1.);
#4262 = DIRECTION('',(1.,0.,0.));
#4263 = ORIENTED_EDGE('',*,*,#1871,.T.);
#4264 = ORIENTED_EDGE('',*,*,#4228,.T.);
#4265 = PLANE('',#4266);
#4266 = AXIS2_PLACEMENT_3D('',#4267,#4268,#4269);
#4267 = CARTESIAN_POINT('',(6.E-17,-6.E-17,5.));
#4268 = DIRECTION('',(0.,0.,1.));
#4269 = DIRECTION('',(1.,0.,0.));
#4270 = ADVANCED_FACE('',(#4271),#4277,.F.);
#4271 = FACE_BOUND('',#4272,.F.);
#4272 = EDGE_LOOP('',(#4273,#4274,#4275,#4276));
#4273 = ORIENTED_EDGE('',*,*,#4258,.T.);
#4274 = ORIENTED_EDGE('',*,*,#1879,.T.);
#4275 = ORIENTED_EDGE('',*,*,#3999,.T.);
#4276 = ORIENTED_EDGE('',*,*,#4032,.F.);
#4277 = PLANE('',#4278);
#4278 = AXIS2_PLACEMENT_3D('',#4279,#4280,#4281);
#4279 = CARTESIAN_POINT('',(50.,-40.,3.));
#4280 = DIRECTION('',(0.,-1.,0.));
#4281 = DIRECTION('',(-1.,0.,0.));
#4282 = ADVANCED_FACE('',(#4283),#4294,.F.);
#4283 = FACE_BOUND('',#4284,.F.);
#4284 = EDGE_LOOP('',(#4285,#4291,#4292,#4293));
#4285 = ORIENTED_EDGE('',*,*,#4286,.T.);
#4286 = EDGE_CURVE('',#1913,#4136,#4287,.T.);
#4287 = LINE('',#4288,#4289);
#4288 = CARTESIAN_POINT('',(-40.,20.,5.));
#4289 = VECTOR('',#4290,1.);
#4290 = DIRECTION('',(0.,-1.,0.));
#4291 = ORIENTED_EDGE('',*,*,#4167,.T.);
#4292 = ORIENTED_EDGE('',*,*,#4182,.T.);
#4293 = ORIENTED_EDGE('',*,*,#1912,.F.);
#4294 = PLANE('',#4295);
#4295 = AXIS2_PLACEMENT_3D('',#4296,#4297,#4298);
#4296 = CARTESIAN_POINT('',(-40.,40.,3.));
#4297 = DIRECTION('',(-1.,0.,0.));
#4298 = DIRECTION('',(0.,1.,0.));
#4299 = ADVANCED_FACE('',(#4300),#4332,.T.);
#4300 = FACE_BOUND('',#4301,.T.);
#4301 = EDGE_LOOP('',(#4302,#4303,#4304,#4310,#4311,#4312,#4313,#4319,
    #4320,#4326));
#4302 = ORIENTED_EDGE('',*,*,#1920,.T.);
#4303 = ORIENTED_EDGE('',*,*,#4286,.T.);
#4304 = ORIENTED_EDGE('',*,*,#4305,.F.);
#4305 = EDGE_CURVE('',#3696,#4136,#4306,.T.);
#4306 = LINE('',#4307,#4308);
#4307 = CARTESIAN_POINT('',(40.,40.,5.));
#4308 = VECTOR('',#4309,1.);
#4309 = DIRECTION('',(-1.,0.,0.));
#4310 = ORIENTED_EDGE('',*,*,#3703,.F.);
#4311 = ORIENTED_EDGE('',*,*,#3670,.F.);
#4312 = ORIENTED_EDGE('',*,*,#3630,.F.);
#4313 = ORIENTED_EDGE('',*,*,#4314,.F.);
#4314 = EDGE_CURVE('',#3941,#3631,#4315,.T.);
#4315 = LINE('',#4316,#4317);
#4316 = CARTESIAN_POINT('',(40.,40.,5.));
#4317 = VECTOR('',#4318,1.);
#4318 = DIRECTION('',(-1.,0.,0.));
#4319 = ORIENTED_EDGE('',*,*,#3940,.T.);
#4320 = ORIENTED_EDGE('',*,*,#4321,.F.);
#4321 = EDGE_CURVE('',#4229,#3933,#4322,.T.);
#4322 = LINE('',#4323,#4324);
#4323 = CARTESIAN_POINT('',(40.,40.,5.));
#4324 = VECTOR('',#4325,1.);
#4325 = DIRECTION('',(-1.,0.,0.));
#4326 = ORIENTED_EDGE('',*,*,#4327,.T.);
#4327 = EDGE_CURVE('',#4229,#1921,#4328,.T.);
#4328 = LINE('',#4329,#4330);
#4329 = CARTESIAN_POINT('',(40.,25.,5.));
#4330 = VECTOR('',#4331,1.);
#4331 = DIRECTION('',(0.,1.,0.));
#4332 = PLANE('',#4333);
#4333 = AXIS2_PLACEMENT_3D('',#4334,#4335,#4336);
#4334 = CARTESIAN_POINT('',(6.E-17,-6.E-17,5.));
#4335 = DIRECTION('',(0.,0.,1.));
#4336 = DIRECTION('',(1.,0.,0.));
#4337 = ADVANCED_FACE('',(#4338),#4344,.F.);
#4338 = FACE_BOUND('',#4339,.F.);
#4339 = EDGE_LOOP('',(#4340,#4341,#4342,#4343));
#4340 = ORIENTED_EDGE('',*,*,#4327,.T.);
#4341 = ORIENTED_EDGE('',*,*,#1928,.T.);
#4342 = ORIENTED_EDGE('',*,*,#4211,.T.);
#4343 = ORIENTED_EDGE('',*,*,#4236,.F.);
#4344 = PLANE('',#4345);
#4345 = AXIS2_PLACEMENT_3D('',#4346,#4347,#4348);
#4346 = CARTESIAN_POINT('',(40.,50.,3.));
#4347 = DIRECTION('',(1.,0.,0.));
#4348 = DIRECTION('',(0.,-1.,0.));
#4349 = ADVANCED_FACE('',(#4350,#4401,#4411,#4421,#4431,#4441,#4451,
    #4461,#4471,#4481),#4491,.T.);
#4350 = FACE_BOUND('',#4351,.T.);
#4351 = EDGE_LOOP('',(#4352,#4362,#4368,#4369,#4370,#4376,#4377,#4378,
    #4379,#4387,#4395));
#4352 = ORIENTED_EDGE('',*,*,#4353,.T.);
#4353 = EDGE_CURVE('',#4354,#4356,#4358,.T.);
#4354 = VERTEX_POINT('',#4355);
#4355 = CARTESIAN_POINT('',(40.,-40.,3.));
#4356 = VERTEX_POINT('',#4357);
#4357 = CARTESIAN_POINT('',(40.,40.,3.));
#4358 = LINE('',#4359,#4360);
#4359 = CARTESIAN_POINT('',(40.,-40.,3.));
#4360 = VECTOR('',#4361,1.);
#4361 = DIRECTION('',(0.,1.,0.));
#4362 = ORIENTED_EDGE('',*,*,#4363,.T.);
#4363 = EDGE_CURVE('',#4356,#3924,#4364,.T.);
#4364 = LINE('',#4365,#4366);
#4365 = CARTESIAN_POINT('',(40.,40.,3.));
#4366 = VECTOR('',#4367,1.);
#4367 = DIRECTION('',(-1.,0.,0.));
#4368 = ORIENTED_EDGE('',*,*,#3923,.T.);
#4369 = ORIENTED_EDGE('',*,*,#3957,.T.);
#4370 = ORIENTED_EDGE('',*,*,#4371,.T.);
#4371 = EDGE_CURVE('',#3950,#3639,#4372,.T.);
#4372 = LINE('',#4373,#4374);
#4373 = CARTESIAN_POINT('',(40.,40.,3.));
#4374 = VECTOR('',#4375,1.);
#4375 = DIRECTION('',(-1.,0.,0.));
#4376 = ORIENTED_EDGE('',*,*,#3646,.F.);
#4377 = ORIENTED_EDGE('',*,*,#3599,.F.);
#4378 = ORIENTED_EDGE('',*,*,#3687,.F.);
#4379 = ORIENTED_EDGE('',*,*,#4380,.T.);
#4380 = EDGE_CURVE('',#3688,#4381,#4383,.T.);
#4381 = VERTEX_POINT('',#4382);
#4382 = CARTESIAN_POINT('',(-40.,40.,3.));
#4383 = LINE('',#4384,#4385);
#4384 = CARTESIAN_POINT('',(40.,40.,3.));
#4385 = VECTOR('',#4386,1.);
#4386 = DIRECTION('',(-1.,0.,0.));
#4387 = ORIENTED_EDGE('',*,*,#4388,.T.);
#4388 = EDGE_CURVE('',#4381,#4389,#4391,.T.);
#4389 = VERTEX_POINT('',#4390);
#4390 = CARTESIAN_POINT('',(-40.,-40.,3.));
#4391 = LINE('',#4392,#4393);
#4392 = CARTESIAN_POINT('',(-40.,40.,3.));
#4393 = VECTOR('',#4394,1.);
#4394 = DIRECTION('',(0.,-1.,0.));
#4395 = ORIENTED_EDGE('',*,*,#4396,.T.);
#4396 = EDGE_CURVE('',#4389,#4354,#4397,.T.);
#4397 = LINE('',#4398,#4399);
#4398 = CARTESIAN_POINT('',(-40.,-40.,3.));
#4399 = VECTOR('',#4400,1.);
#4400 = DIRECTION('',(1.,0.,0.));
#4401 = FACE_BOUND('',#4402,.T.);
#4402 = EDGE_LOOP('',(#4403,#4404,#4405,#4406,#4407,#4408,#4409,#4410));
#4403 = ORIENTED_EDGE('',*,*,#1982,.T.);
#4404 = ORIENTED_EDGE('',*,*,#2038,.F.);
#4405 = ORIENTED_EDGE('',*,*,#2080,.T.);
#4406 = ORIENTED_EDGE('',*,*,#2136,.F.);
#4407 = ORIENTED_EDGE('',*,*,#2154,.T.);
#4408 = ORIENTED_EDGE('',*,*,#2104,.F.);
#4409 = ORIENTED_EDGE('',*,*,#2063,.T.);
#4410 = ORIENTED_EDGE('',*,*,#2006,.F.);
#4411 = FACE_BOUND('',#4412,.T.);
#4412 = EDGE_LOOP('',(#4413,#4414,#4415,#4416,#4417,#4418,#4419,#4420));
#4413 = ORIENTED_EDGE('',*,*,#2374,.T.);
#4414 = ORIENTED_EDGE('',*,*,#2430,.F.);
#4415 = ORIENTED_EDGE('',*,*,#2472,.T.);
#4416 = ORIENTED_EDGE('',*,*,#2528,.F.);
#4417 = ORIENTED_EDGE('',*,*,#2546,.T.);
#4418 = ORIENTED_EDGE('',*,*,#2496,.F.);
#4419 = ORIENTED_EDGE('',*,*,#2455,.T.);
#4420 = ORIENTED_EDGE('',*,*,#2398,.F.);
#4421 = FACE_BOUND('',#4422,.T.);
#4422 = EDGE_LOOP('',(#4423,#4424,#4425,#4426,#4427,#4428,#4429,#4430));
#4423 = ORIENTED_EDGE('',*,*,#2178,.T.);
#4424 = ORIENTED_EDGE('',*,*,#2234,.F.);
#4425 = ORIENTED_EDGE('',*,*,#2276,.T.);
#4426 = ORIENTED_EDGE('',*,*,#2332,.F.);
#4427 = ORIENTED_EDGE('',*,*,#2350,.T.);
#4428 = ORIENTED_EDGE('',*,*,#2300,.F.);
#4429 = ORIENTED_EDGE('',*,*,#2259,.T.);
#4430 = ORIENTED_EDGE('',*,*,#2202,.F.);
#4431 = FACE_BOUND('',#4432,.T.);
#4432 = EDGE_LOOP('',(#4433,#4434,#4435,#4436,#4437,#4438,#4439,#4440));
#4433 = ORIENTED_EDGE('',*,*,#2790,.F.);
#4434 = ORIENTED_EDGE('',*,*,#2821,.F.);
#4435 = ORIENTED_EDGE('',*,*,#2871,.F.);
#4436 = ORIENTED_EDGE('',*,*,#2919,.F.);
#4437 = ORIENTED_EDGE('',*,*,#2962,.F.);
#4438 = ORIENTED_EDGE('',*,*,#2937,.F.);
#4439 = ORIENTED_EDGE('',*,*,#2888,.F.);
#4440 = ORIENTED_EDGE('',*,*,#2839,.F.);
#4441 = FACE_BOUND('',#4442,.T.);
#4442 = EDGE_LOOP('',(#4443,#4444,#4445,#4446,#4447,#4448,#4449,#4450));
#4443 = ORIENTED_EDGE('',*,*,#2570,.F.);
#4444 = ORIENTED_EDGE('',*,*,#2601,.F.);
#4445 = ORIENTED_EDGE('',*,*,#2651,.F.);
#4446 = ORIENTED_EDGE('',*,*,#2699,.F.);
#4447 = ORIENTED_EDGE('',*,*,#2742,.F.);
#4448 = ORIENTED_EDGE('',*,*,#2717,.F.);
#4449 = ORIENTED_EDGE('',*,*,#2668,.F.);
#4450 = ORIENTED_EDGE('',*,*,#2619,.F.);
#4451 = FACE_BOUND('',#4452,.T.);
#4452 = EDGE_LOOP('',(#4453,#4454,#4455,#4456,#4457,#4458,#4459,#4460));
#4453 = ORIENTED_EDGE('',*,*,#2986,.F.);
#4454 = ORIENTED_EDGE('',*,*,#3017,.F.);
#4455 = ORIENTED_EDGE('',*,*,#3067,.F.);
#4456 = ORIENTED_EDGE('',*,*,#3115,.F.);
#4457 = ORIENTED_EDGE('',*,*,#3158,.F.);
#4458 = ORIENTED_EDGE('',*,*,#3133,.F.);
#4459 = ORIENTED_EDGE('',*,*,#3084,.F.);
#4460 = ORIENTED_EDGE('',*,*,#3035,.F.);
#4461 = FACE_BOUND('',#4462,.T.);
#4462 = EDGE_LOOP('',(#4463,#4464,#4465,#4466,#4467,#4468,#4469,#4470));
#4463 = ORIENTED_EDGE('',*,*,#3182,.F.);
#4464 = ORIENTED_EDGE('',*,*,#3213,.F.);
#4465 = ORIENTED_EDGE('',*,*,#3263,.F.);
#4466 = ORIENTED_EDGE('',*,*,#3311,.F.);
#4467 = ORIENTED_EDGE('',*,*,#3354,.F.);
#4468 = ORIENTED_EDGE('',*,*,#3329,.F.);
#4469 = ORIENTED_EDGE('',*,*,#3280,.F.);
#4470 = ORIENTED_EDGE('',*,*,#3231,.F.);
#4471 = FACE_BOUND('',#4472,.T.);
#4472 = EDGE_LOOP('',(#4473,#4474,#4475,#4476,#4477,#4478,#4479,#4480));
#4473 = ORIENTED_EDGE('',*,*,#3378,.F.);
#4474 = ORIENTED_EDGE('',*,*,#3409,.F.);
#4475 = ORIENTED_EDGE('',*,*,#3459,.F.);
#4476 = ORIENTED_EDGE('',*,*,#3507,.F.);
#4477 = ORIENTED_EDGE('',*,*,#3550,.F.);
#4478 = ORIENTED_EDGE('',*,*,#3525,.F.);
#4479 = ORIENTED_EDGE('',*,*,#3476,.F.);
#4480 = ORIENTED_EDGE('',*,*,#3427,.F.);
#4481 = FACE_BOUND('',#4482,.T.);
#4482 = EDGE_LOOP('',(#4483,#4484,#4485,#4486,#4487,#4488,#4489,#4490));
#4483 = ORIENTED_EDGE('',*,*,#3726,.T.);
#4484 = ORIENTED_EDGE('',*,*,#3782,.F.);
#4485 = ORIENTED_EDGE('',*,*,#3824,.T.);
#4486 = ORIENTED_EDGE('',*,*,#3880,.F.);
#4487 = ORIENTED_EDGE('',*,*,#3898,.T.);
#4488 = ORIENTED_EDGE('',*,*,#3848,.F.);
#4489 = ORIENTED_EDGE('',*,*,#3807,.T.);
#4490 = ORIENTED_EDGE('',*,*,#3750,.F.);
#4491 = PLANE('',#4492);
#4492 = AXIS2_PLACEMENT_3D('',#4493,#4494,#4495);
#4493 = CARTESIAN_POINT('',(-1.91E-15,1.91E-15,3.));
#4494 = DIRECTION('',(0.,0.,1.));
#4495 = DIRECTION('',(1.,0.,0.));
#4496 = ADVANCED_FACE('',(#4497),#4503,.T.);
#4497 = FACE_BOUND('',#4498,.T.);
#4498 = EDGE_LOOP('',(#4499,#4500,#4501,#4502));
#4499 = ORIENTED_EDGE('',*,*,#4371,.F.);
#4500 = ORIENTED_EDGE('',*,*,#3949,.F.);
#4501 = ORIENTED_EDGE('',*,*,#4314,.T.);
#4502 = ORIENTED_EDGE('',*,*,#3638,.F.);
#4503 = PLANE('',#4504);
#4504 = AXIS2_PLACEMENT_3D('',#4505,#4506,#4507);
#4505 = CARTESIAN_POINT('',(40.,40.,3.));
#4506 = DIRECTION('',(0.,-1.,0.));
#4507 = DIRECTION('',(-1.,0.,0.));
#4508 = ADVANCED_FACE('',(#4509),#4520,.T.);
#4509 = FACE_BOUND('',#4510,.T.);
#4510 = EDGE_LOOP('',(#4511,#4512,#4513,#4514));
#4511 = ORIENTED_EDGE('',*,*,#4380,.F.);
#4512 = ORIENTED_EDGE('',*,*,#3695,.F.);
#4513 = ORIENTED_EDGE('',*,*,#4305,.T.);
#4514 = ORIENTED_EDGE('',*,*,#4515,.F.);
#4515 = EDGE_CURVE('',#4381,#4136,#4516,.T.);
#4516 = LINE('',#4517,#4518);
#4517 = CARTESIAN_POINT('',(-40.,40.,3.));
#4518 = VECTOR('',#4519,1.);
#4519 = DIRECTION('',(0.,0.,1.));
#4520 = PLANE('',#4521);
#4521 = AXIS2_PLACEMENT_3D('',#4522,#4523,#4524);
#4522 = CARTESIAN_POINT('',(40.,40.,3.));
#4523 = DIRECTION('',(0.,-1.,0.));
#4524 = DIRECTION('',(-1.,0.,0.));
#4525 = ADVANCED_FACE('',(#4526),#4537,.T.);
#4526 = FACE_BOUND('',#4527,.T.);
#4527 = EDGE_LOOP('',(#4528,#4529,#4535,#4536));
#4528 = ORIENTED_EDGE('',*,*,#4363,.F.);
#4529 = ORIENTED_EDGE('',*,*,#4530,.T.);
#4530 = EDGE_CURVE('',#4356,#4229,#4531,.T.);
#4531 = LINE('',#4532,#4533);
#4532 = CARTESIAN_POINT('',(40.,40.,3.));
#4533 = VECTOR('',#4534,1.);
#4534 = DIRECTION('',(0.,0.,1.));
#4535 = ORIENTED_EDGE('',*,*,#4321,.T.);
#4536 = ORIENTED_EDGE('',*,*,#3932,.T.);
#4537 = PLANE('',#4538);
#4538 = AXIS2_PLACEMENT_3D('',#4539,#4540,#4541);
#4539 = CARTESIAN_POINT('',(40.,40.,3.));
#4540 = DIRECTION('',(0.,-1.,0.));
#4541 = DIRECTION('',(-1.,0.,0.));
#4542 = ADVANCED_FACE('',(#4543),#4559,.T.);
#4543 = FACE_BOUND('',#4544,.T.);
#4544 = EDGE_LOOP('',(#4545,#4551,#4552,#4558));
#4545 = ORIENTED_EDGE('',*,*,#4546,.T.);
#4546 = EDGE_CURVE('',#4389,#4049,#4547,.T.);
#4547 = LINE('',#4548,#4549);
#4548 = CARTESIAN_POINT('',(-40.,-40.,3.));
#4549 = VECTOR('',#4550,1.);
#4550 = DIRECTION('',(0.,0.,1.));
#4551 = ORIENTED_EDGE('',*,*,#4058,.T.);
#4552 = ORIENTED_EDGE('',*,*,#4553,.F.);
#4553 = EDGE_CURVE('',#4354,#4025,#4554,.T.);
#4554 = LINE('',#4555,#4556);
#4555 = CARTESIAN_POINT('',(40.,-40.,3.));
#4556 = VECTOR('',#4557,1.);
#4557 = DIRECTION('',(0.,0.,1.));
#4558 = ORIENTED_EDGE('',*,*,#4396,.F.);
#4559 = PLANE('',#4560);
#4560 = AXIS2_PLACEMENT_3D('',#4561,#4562,#4563);
#4561 = CARTESIAN_POINT('',(-40.,-40.,3.));
#4562 = DIRECTION('',(0.,1.,0.));
#4563 = DIRECTION('',(1.,0.,0.));
#4564 = ADVANCED_FACE('',(#4565),#4571,.T.);
#4565 = FACE_BOUND('',#4566,.T.);
#4566 = EDGE_LOOP('',(#4567,#4568,#4569,#4570));
#4567 = ORIENTED_EDGE('',*,*,#4515,.T.);
#4568 = ORIENTED_EDGE('',*,*,#4135,.T.);
#4569 = ORIENTED_EDGE('',*,*,#4546,.F.);
#4570 = ORIENTED_EDGE('',*,*,#4388,.F.);
#4571 = PLANE('',#4572);
#4572 = AXIS2_PLACEMENT_3D('',#4573,#4574,#4575);
#4573 = CARTESIAN_POINT('',(-40.,40.,3.));
#4574 = DIRECTION('',(1.,0.,0.));
#4575 = DIRECTION('',(0.,-1.,0.));
#4576 = ADVANCED_FACE('',(#4577),#4583,.T.);
#4577 = FACE_BOUND('',#4578,.T.);
#4578 = EDGE_LOOP('',(#4579,#4580,#4581,#4582));
#4579 = ORIENTED_EDGE('',*,*,#4553,.T.);
#4580 = ORIENTED_EDGE('',*,*,#4252,.T.);
#4581 = ORIENTED_EDGE('',*,*,#4530,.F.);
#4582 = ORIENTED_EDGE('',*,*,#4353,.F.);
#4583 = PLANE('',#4584);
#4584 = AXIS2_PLACEMENT_3D('',#4585,#4586,#4587);
#4585 = CARTESIAN_POINT('',(40.,-40.,3.));
#4586 = DIRECTION('',(-1.,0.,0.));
#4587 = DIRECTION('',(0.,1.,0.));
#4588 = ( GEOMETRIC_REPRESENTATION_CONTEXT(3) 
GLOBAL_UNCERTAINTY_ASSIGNED_CONTEXT((#4592)) 
GLOBAL_UNIT_ASSIGNED_CONTEXT((#4589,#4590,#4591)) REPRESENTATION_CONTEXT
('Context #1','3D Context with UNIT and UNCERTAINTY') );
#4589 = ( LENGTH_UNIT() NAMED_UNIT(*) SI_UNIT(.MILLI.,.METRE.) );
#4590 = ( NAMED_UNIT(*) PLANE_ANGLE_UNIT() SI_UNIT($,.RADIAN.) );
#4591 = ( NAMED_UNIT(*) SI_UNIT($,.STERADIAN.) SOLID_ANGLE_UNIT() );
#4592 = UNCERTAINTY_MEASURE_WITH_UNIT(LENGTH_MEASURE(1.E-05),#4589,
  'distance_accuracy_value','confusion accuracy');
#4593 = CONTEXT_DEPENDENT_SHAPE_REPRESENTATION(#4594,#4596);
#4594 = ( REPRESENTATION_RELATIONSHIP('','',#960,#10) 
REPRESENTATION_RELATIONSHIP_WITH_TRANSFORMATION(#4595) 
SHAPE_REPRESENTATION_RELATIONSHIP() );
#4595 = ITEM_DEFINED_TRANSFORMATION('','',#11,#19);
#4596 = PRODUCT_DEFINITION_SHAPE('Placement','Placement of an item',
  #4597);
#4597 = NEXT_ASSEMBLY_USAGE_OCCURRENCE('2','Cut Risen Plate001','',#5,
  #955,$);
#4598 = PRODUCT_RELATED_PRODUCT_CATEGORY('part',$,(#957));
#4599 = SHAPE_DEFINITION_REPRESENTATION(#4600,#4606);
#4600 = PRODUCT_DEFINITION_SHAPE('','',#4601);
#4601 = PRODUCT_DEFINITION('design','',#4602,#4605);
#4602 = PRODUCT_DEFINITION_FORMATION('','',#4603);
#4603 = PRODUCT('Cut Risen Macropad Body','Cut Risen Macropad Body','',(
    #4604));
#4604 = PRODUCT_CONTEXT('',#2,'mechanical');
#4605 = PRODUCT_DEFINITION_CONTEXT('part definition',#2,'design');
#4606 = ADVANCED_BREP_SHAPE_REPRESENTATION('',(#11,#4607),#6069);
#4607 = MANIFOLD_SOLID_BREP('',#4608);
#4608 = CLOSED_SHELL('',(#4609,#4649,#4680,#4743,#4765,#4847,#4878,#4902
    ,#4926,#4968,#4993,#5017,#5042,#5066,#5091,#5115,#5133,#5193,#5233,
    #5264,#5295,#5323,#5340,#5365,#5385,#5402,#5427,#5467,#5498,#5529,
    #5551,#5574,#5599,#5611,#5636,#5676,#5707,#5738,#5760,#5783,#5808,
    #5820,#5845,#5885,#5916,#5947,#5969,#5992,#6017,#6029));
#4609 = ADVANCED_FACE('',(#4610),#4644,.T.);
#4610 = FACE_BOUND('',#4611,.T.);
#4611 = EDGE_LOOP('',(#4612,#4622,#4630,#4638));
#4612 = ORIENTED_EDGE('',*,*,#4613,.T.);
#4613 = EDGE_CURVE('',#4614,#4616,#4618,.T.);
#4614 = VERTEX_POINT('',#4615);
#4615 = CARTESIAN_POINT('',(52.5,52.5,0.));
#4616 = VERTEX_POINT('',#4617);
#4617 = CARTESIAN_POINT('',(52.5,52.5,12.));
#4618 = LINE('',#4619,#4620);
#4619 = CARTESIAN_POINT('',(52.5,52.5,0.));
#4620 = VECTOR('',#4621,1.);
#4621 = DIRECTION('',(0.,0.,1.));
#4622 = ORIENTED_EDGE('',*,*,#4623,.T.);
#4623 = EDGE_CURVE('',#4616,#4624,#4626,.T.);
#4624 = VERTEX_POINT('',#4625);
#4625 = CARTESIAN_POINT('',(-52.5,52.5,12.));
#4626 = LINE('',#4627,#4628);
#4627 = CARTESIAN_POINT('',(52.5,52.5,12.));
#4628 = VECTOR('',#4629,1.);
#4629 = DIRECTION('',(-1.,0.,0.));
#4630 = ORIENTED_EDGE('',*,*,#4631,.F.);
#4631 = EDGE_CURVE('',#4632,#4624,#4634,.T.);
#4632 = VERTEX_POINT('',#4633);
#4633 = CARTESIAN_POINT('',(-52.5,52.5,0.));
#4634 = LINE('',#4635,#4636);
#4635 = CARTESIAN_POINT('',(-52.5,52.5,0.));
#4636 = VECTOR('',#4637,1.);
#4637 = DIRECTION('',(0.,0.,1.));
#4638 = ORIENTED_EDGE('',*,*,#4639,.F.);
#4639 = EDGE_CURVE('',#4614,#4632,#4640,.T.);
#4640 = LINE('',#4641,#4642);
#4641 = CARTESIAN_POINT('',(52.5,52.5,0.));
#4642 = VECTOR('',#4643,1.);
#4643 = DIRECTION('',(-1.,0.,0.));
#4644 = PLANE('',#4645);
#4645 = AXIS2_PLACEMENT_3D('',#4646,#4647,#4648);
#4646 = CARTESIAN_POINT('',(52.5,52.5,0.));
#4647 = DIRECTION('',(0.,-1.,0.));
#4648 = DIRECTION('',(-1.,0.,0.));
#4649 = ADVANCED_FACE('',(#4650),#4675,.T.);
#4650 = FACE_BOUND('',#4651,.T.);
#4651 = EDGE_LOOP('',(#4652,#4662,#4668,#4669));
#4652 = ORIENTED_EDGE('',*,*,#4653,.T.);
#4653 = EDGE_CURVE('',#4654,#4656,#4658,.T.);
#4654 = VERTEX_POINT('',#4655);
#4655 = CARTESIAN_POINT('',(52.5,-52.5,0.));
#4656 = VERTEX_POINT('',#4657);
#4657 = CARTESIAN_POINT('',(52.5,-52.5,12.));
#4658 = LINE('',#4659,#4660);
#4659 = CARTESIAN_POINT('',(52.5,-52.5,0.));
#4660 = VECTOR('',#4661,1.);
#4661 = DIRECTION('',(0.,0.,1.));
#4662 = ORIENTED_EDGE('',*,*,#4663,.T.);
#4663 = EDGE_CURVE('',#4656,#4616,#4664,.T.);
#4664 = LINE('',#4665,#4666);
#4665 = CARTESIAN_POINT('',(52.5,-52.5,12.));
#4666 = VECTOR('',#4667,1.);
#4667 = DIRECTION('',(0.,1.,0.));
#4668 = ORIENTED_EDGE('',*,*,#4613,.F.);
#4669 = ORIENTED_EDGE('',*,*,#4670,.F.);
#4670 = EDGE_CURVE('',#4654,#4614,#4671,.T.);
#4671 = LINE('',#4672,#4673);
#4672 = CARTESIAN_POINT('',(52.5,-52.5,0.));
#4673 = VECTOR('',#4674,1.);
#4674 = DIRECTION('',(0.,1.,0.));
#4675 = PLANE('',#4676);
#4676 = AXIS2_PLACEMENT_3D('',#4677,#4678,#4679);
#4677 = CARTESIAN_POINT('',(52.5,-52.5,0.));
#4678 = DIRECTION('',(-1.,0.,0.));
#4679 = DIRECTION('',(0.,1.,0.));
#4680 = ADVANCED_FACE('',(#4681),#4738,.T.);
#4681 = FACE_BOUND('',#4682,.T.);
#4682 = EDGE_LOOP('',(#4683,#4693,#4701,#4707,#4708,#4716,#4724,#4732));
#4683 = ORIENTED_EDGE('',*,*,#4684,.F.);
#4684 = EDGE_CURVE('',#4685,#4687,#4689,.T.);
#4685 = VERTEX_POINT('',#4686);
#4686 = CARTESIAN_POINT('',(-52.5,-52.5,0.));
#4687 = VERTEX_POINT('',#4688);
#4688 = CARTESIAN_POINT('',(0.,-52.5,0.));
#4689 = LINE('',#4690,#4691);
#4690 = CARTESIAN_POINT('',(-52.5,-52.5,0.));
#4691 = VECTOR('',#4692,1.);
#4692 = DIRECTION('',(1.,0.,0.));
#4693 = ORIENTED_EDGE('',*,*,#4694,.T.);
#4694 = EDGE_CURVE('',#4685,#4695,#4697,.T.);
#4695 = VERTEX_POINT('',#4696);
#4696 = CARTESIAN_POINT('',(-52.5,-52.5,12.));
#4697 = LINE('',#4698,#4699);
#4698 = CARTESIAN_POINT('',(-52.5,-52.5,0.));
#4699 = VECTOR('',#4700,1.);
#4700 = DIRECTION('',(0.,0.,1.));
#4701 = ORIENTED_EDGE('',*,*,#4702,.T.);
#4702 = EDGE_CURVE('',#4695,#4656,#4703,.T.);
#4703 = LINE('',#4704,#4705);
#4704 = CARTESIAN_POINT('',(-52.5,-52.5,12.));
#4705 = VECTOR('',#4706,1.);
#4706 = DIRECTION('',(1.,0.,0.));
#4707 = ORIENTED_EDGE('',*,*,#4653,.F.);
#4708 = ORIENTED_EDGE('',*,*,#4709,.F.);
#4709 = EDGE_CURVE('',#4710,#4654,#4712,.T.);
#4710 = VERTEX_POINT('',#4711);
#4711 = CARTESIAN_POINT('',(21.,-52.5,0.));
#4712 = LINE('',#4713,#4714);
#4713 = CARTESIAN_POINT('',(-52.5,-52.5,0.));
#4714 = VECTOR('',#4715,1.);
#4715 = DIRECTION('',(1.,0.,0.));
#4716 = ORIENTED_EDGE('',*,*,#4717,.F.);
#4717 = EDGE_CURVE('',#4718,#4710,#4720,.T.);
#4718 = VERTEX_POINT('',#4719);
#4719 = CARTESIAN_POINT('',(21.,-52.5,5.));
#4720 = LINE('',#4721,#4722);
#4721 = CARTESIAN_POINT('',(21.,-52.5,2.5));
#4722 = VECTOR('',#4723,1.);
#4723 = DIRECTION('',(0.,0.,-1.));
#4724 = ORIENTED_EDGE('',*,*,#4725,.F.);
#4725 = EDGE_CURVE('',#4726,#4718,#4728,.T.);
#4726 = VERTEX_POINT('',#4727);
#4727 = CARTESIAN_POINT('',(0.,-52.5,5.));
#4728 = LINE('',#4729,#4730);
#4729 = CARTESIAN_POINT('',(-26.25,-52.5,5.));
#4730 = VECTOR('',#4731,1.);
#4731 = DIRECTION('',(1.,0.,0.));
#4732 = ORIENTED_EDGE('',*,*,#4733,.F.);
#4733 = EDGE_CURVE('',#4687,#4726,#4734,.T.);
#4734 = LINE('',#4735,#4736);
#4735 = CARTESIAN_POINT('',(0.,-52.5,0.));
#4736 = VECTOR('',#4737,1.);
#4737 = DIRECTION('',(0.,-0.,1.));
#4738 = PLANE('',#4739);
#4739 = AXIS2_PLACEMENT_3D('',#4740,#4741,#4742);
#4740 = CARTESIAN_POINT('',(-52.5,-52.5,0.));
#4741 = DIRECTION('',(0.,1.,0.));
#4742 = DIRECTION('',(1.,0.,0.));
#4743 = ADVANCED_FACE('',(#4744),#4760,.T.);
#4744 = FACE_BOUND('',#4745,.T.);
#4745 = EDGE_LOOP('',(#4746,#4747,#4753,#4754));
#4746 = ORIENTED_EDGE('',*,*,#4631,.T.);
#4747 = ORIENTED_EDGE('',*,*,#4748,.T.);
#4748 = EDGE_CURVE('',#4624,#4695,#4749,.T.);
#4749 = LINE('',#4750,#4751);
#4750 = CARTESIAN_POINT('',(-52.5,52.5,12.));
#4751 = VECTOR('',#4752,1.);
#4752 = DIRECTION('',(0.,-1.,0.));
#4753 = ORIENTED_EDGE('',*,*,#4694,.F.);
#4754 = ORIENTED_EDGE('',*,*,#4755,.F.);
#4755 = EDGE_CURVE('',#4632,#4685,#4756,.T.);
#4756 = LINE('',#4757,#4758);
#4757 = CARTESIAN_POINT('',(-52.5,52.5,0.));
#4758 = VECTOR('',#4759,1.);
#4759 = DIRECTION('',(0.,-1.,0.));
#4760 = PLANE('',#4761);
#4761 = AXIS2_PLACEMENT_3D('',#4762,#4763,#4764);
#4762 = CARTESIAN_POINT('',(-52.5,52.5,0.));
#4763 = DIRECTION('',(1.,0.,0.));
#4764 = DIRECTION('',(0.,-1.,0.));
#4765 = ADVANCED_FACE('',(#4766,#4836),#4842,.T.);
#4766 = FACE_BOUND('',#4767,.T.);
#4767 = EDGE_LOOP('',(#4768,#4778,#4787,#4795,#4804,#4812,#4821,#4829));
#4768 = ORIENTED_EDGE('',*,*,#4769,.T.);
#4769 = EDGE_CURVE('',#4770,#4772,#4774,.T.);
#4770 = VERTEX_POINT('',#4771);
#4771 = CARTESIAN_POINT('',(-50.,-55.,12.));
#4772 = VERTEX_POINT('',#4773);
#4773 = CARTESIAN_POINT('',(50.,-55.,12.));
#4774 = LINE('',#4775,#4776);
#4775 = CARTESIAN_POINT('',(-50.,-55.,12.));
#4776 = VECTOR('',#4777,1.);
#4777 = DIRECTION('',(1.,0.,0.));
#4778 = ORIENTED_EDGE('',*,*,#4779,.T.);
#4779 = EDGE_CURVE('',#4772,#4780,#4782,.T.);
#4780 = VERTEX_POINT('',#4781);
#4781 = CARTESIAN_POINT('',(55.,-50.,12.));
#4782 = CIRCLE('',#4783,5.);
#4783 = AXIS2_PLACEMENT_3D('',#4784,#4785,#4786);
#4784 = CARTESIAN_POINT('',(50.,-50.,12.));
#4785 = DIRECTION('',(0.,0.,1.));
#4786 = DIRECTION('',(1.,0.,0.));
#4787 = ORIENTED_EDGE('',*,*,#4788,.T.);
#4788 = EDGE_CURVE('',#4780,#4789,#4791,.T.);
#4789 = VERTEX_POINT('',#4790);
#4790 = CARTESIAN_POINT('',(55.,50.,12.));
#4791 = LINE('',#4792,#4793);
#4792 = CARTESIAN_POINT('',(55.,-50.,12.));
#4793 = VECTOR('',#4794,1.);
#4794 = DIRECTION('',(0.,1.,0.));
#4795 = ORIENTED_EDGE('',*,*,#4796,.T.);
#4796 = EDGE_CURVE('',#4789,#4797,#4799,.T.);
#4797 = VERTEX_POINT('',#4798);
#4798 = CARTESIAN_POINT('',(50.,55.,12.));
#4799 = CIRCLE('',#4800,5.);
#4800 = AXIS2_PLACEMENT_3D('',#4801,#4802,#4803);
#4801 = CARTESIAN_POINT('',(50.,50.,12.));
#4802 = DIRECTION('',(0.,0.,1.));
#4803 = DIRECTION('',(1.,0.,0.));
#4804 = ORIENTED_EDGE('',*,*,#4805,.T.);
#4805 = EDGE_CURVE('',#4797,#4806,#4808,.T.);
#4806 = VERTEX_POINT('',#4807);
#4807 = CARTESIAN_POINT('',(-50.,55.,12.));
#4808 = LINE('',#4809,#4810);
#4809 = CARTESIAN_POINT('',(50.,55.,12.));
#4810 = VECTOR('',#4811,1.);
#4811 = DIRECTION('',(-1.,0.,0.));
#4812 = ORIENTED_EDGE('',*,*,#4813,.T.);
#4813 = EDGE_CURVE('',#4806,#4814,#4816,.T.);
#4814 = VERTEX_POINT('',#4815);
#4815 = CARTESIAN_POINT('',(-55.,50.,12.));
#4816 = CIRCLE('',#4817,5.);
#4817 = AXIS2_PLACEMENT_3D('',#4818,#4819,#4820);
#4818 = CARTESIAN_POINT('',(-50.,50.,12.));
#4819 = DIRECTION('',(0.,0.,1.));
#4820 = DIRECTION('',(1.,0.,0.));
#4821 = ORIENTED_EDGE('',*,*,#4822,.T.);
#4822 = EDGE_CURVE('',#4814,#4823,#4825,.T.);
#4823 = VERTEX_POINT('',#4824);
#4824 = CARTESIAN_POINT('',(-55.,-50.,12.));
#4825 = LINE('',#4826,#4827);
#4826 = CARTESIAN_POINT('',(-55.,50.,12.));
#4827 = VECTOR('',#4828,1.);
#4828 = DIRECTION('',(0.,-1.,0.));
#4829 = ORIENTED_EDGE('',*,*,#4830,.T.);
#4830 = EDGE_CURVE('',#4823,#4770,#4831,.T.);
#4831 = CIRCLE('',#4832,5.);
#4832 = AXIS2_PLACEMENT_3D('',#4833,#4834,#4835);
#4833 = CARTESIAN_POINT('',(-50.,-50.,12.));
#4834 = DIRECTION('',(0.,0.,1.));
#4835 = DIRECTION('',(1.,0.,0.));
#4836 = FACE_BOUND('',#4837,.F.);
#4837 = EDGE_LOOP('',(#4838,#4839,#4840,#4841));
#4838 = ORIENTED_EDGE('',*,*,#4702,.T.);
#4839 = ORIENTED_EDGE('',*,*,#4663,.T.);
#4840 = ORIENTED_EDGE('',*,*,#4623,.T.);
#4841 = ORIENTED_EDGE('',*,*,#4748,.T.);
#4842 = PLANE('',#4843);
#4843 = AXIS2_PLACEMENT_3D('',#4844,#4845,#4846);
#4844 = CARTESIAN_POINT('',(1.1969E-13,0.,12.));
#4845 = DIRECTION('',(0.,0.,1.));
#4846 = DIRECTION('',(1.,0.,0.));
#4847 = ADVANCED_FACE('',(#4848),#4873,.F.);
#4848 = FACE_BOUND('',#4849,.F.);
#4849 = EDGE_LOOP('',(#4850,#4851,#4859,#4867));
#4850 = ORIENTED_EDGE('',*,*,#4733,.F.);
#4851 = ORIENTED_EDGE('',*,*,#4852,.T.);
#4852 = EDGE_CURVE('',#4687,#4853,#4855,.T.);
#4853 = VERTEX_POINT('',#4854);
#4854 = CARTESIAN_POINT('',(0.,-55.,1.E-15));
#4855 = LINE('',#4856,#4857);
#4856 = CARTESIAN_POINT('',(0.,-49.,0.));
#4857 = VECTOR('',#4858,1.);
#4858 = DIRECTION('',(0.,-1.,2.2E-16));
#4859 = ORIENTED_EDGE('',*,*,#4860,.F.);
#4860 = EDGE_CURVE('',#4861,#4853,#4863,.T.);
#4861 = VERTEX_POINT('',#4862);
#4862 = CARTESIAN_POINT('',(0.,-55.,5.));
#4863 = LINE('',#4864,#4865);
#4864 = CARTESIAN_POINT('',(0.,-55.,2.25));
#4865 = VECTOR('',#4866,1.);
#4866 = DIRECTION('',(0.,0.,-1.));
#4867 = ORIENTED_EDGE('',*,*,#4868,.F.);
#4868 = EDGE_CURVE('',#4726,#4861,#4869,.T.);
#4869 = LINE('',#4870,#4871);
#4870 = CARTESIAN_POINT('',(0.,-49.,5.));
#4871 = VECTOR('',#4872,1.);
#4872 = DIRECTION('',(0.,-1.,2.2E-16));
#4873 = PLANE('',#4874);
#4874 = AXIS2_PLACEMENT_3D('',#4875,#4876,#4877);
#4875 = CARTESIAN_POINT('',(0.,-49.,0.));
#4876 = DIRECTION('',(-1.,0.,0.));
#4877 = DIRECTION('',(0.,2.2E-16,1.));
#4878 = ADVANCED_FACE('',(#4879),#4897,.F.);
#4879 = FACE_BOUND('',#4880,.F.);
#4880 = EDGE_LOOP('',(#4881,#4882,#4883,#4891));
#4881 = ORIENTED_EDGE('',*,*,#4725,.F.);
#4882 = ORIENTED_EDGE('',*,*,#4868,.T.);
#4883 = ORIENTED_EDGE('',*,*,#4884,.F.);
#4884 = EDGE_CURVE('',#4885,#4861,#4887,.T.);
#4885 = VERTEX_POINT('',#4886);
#4886 = CARTESIAN_POINT('',(21.,-55.,5.));
#4887 = LINE('',#4888,#4889);
#4888 = CARTESIAN_POINT('',(6.549E-14,-55.,5.));
#4889 = VECTOR('',#4890,1.);
#4890 = DIRECTION('',(-1.,0.,0.));
#4891 = ORIENTED_EDGE('',*,*,#4892,.F.);
#4892 = EDGE_CURVE('',#4718,#4885,#4893,.T.);
#4893 = LINE('',#4894,#4895);
#4894 = CARTESIAN_POINT('',(21.,-49.,5.));
#4895 = VECTOR('',#4896,1.);
#4896 = DIRECTION('',(0.,-1.,2.2E-16));
#4897 = PLANE('',#4898);
#4898 = AXIS2_PLACEMENT_3D('',#4899,#4900,#4901);
#4899 = CARTESIAN_POINT('',(0.,-49.,5.));
#4900 = DIRECTION('',(0.,2.2E-16,1.));
#4901 = DIRECTION('',(1.,0.,0.));
#4902 = ADVANCED_FACE('',(#4903),#4921,.F.);
#4903 = FACE_BOUND('',#4904,.F.);
#4904 = EDGE_LOOP('',(#4905,#4906,#4907,#4915));
#4905 = ORIENTED_EDGE('',*,*,#4717,.F.);
#4906 = ORIENTED_EDGE('',*,*,#4892,.T.);
#4907 = ORIENTED_EDGE('',*,*,#4908,.F.);
#4908 = EDGE_CURVE('',#4909,#4885,#4911,.T.);
#4909 = VERTEX_POINT('',#4910);
#4910 = CARTESIAN_POINT('',(21.,-55.,1.E-15));
#4911 = LINE('',#4912,#4913);
#4912 = CARTESIAN_POINT('',(21.,-55.,4.75));
#4913 = VECTOR('',#4914,1.);
#4914 = DIRECTION('',(0.,0.,1.));
#4915 = ORIENTED_EDGE('',*,*,#4916,.F.);
#4916 = EDGE_CURVE('',#4710,#4909,#4917,.T.);
#4917 = LINE('',#4918,#4919);
#4918 = CARTESIAN_POINT('',(21.,-49.,0.));
#4919 = VECTOR('',#4920,1.);
#4920 = DIRECTION('',(0.,-1.,2.2E-16));
#4921 = PLANE('',#4922);
#4922 = AXIS2_PLACEMENT_3D('',#4923,#4924,#4925);
#4923 = CARTESIAN_POINT('',(21.,-49.,5.));
#4924 = DIRECTION('',(1.,0.,0.));
#4925 = DIRECTION('',(0.,-2.2E-16,-1.));
#4926 = ADVANCED_FACE('',(#4927,#4952),#4963,.T.);
#4927 = FACE_BOUND('',#4928,.T.);
#4928 = EDGE_LOOP('',(#4929,#4939,#4945,#4946));
#4929 = ORIENTED_EDGE('',*,*,#4930,.T.);
#4930 = EDGE_CURVE('',#4931,#4933,#4935,.T.);
#4931 = VERTEX_POINT('',#4932);
#4932 = CARTESIAN_POINT('',(-50.,-55.,-3.));
#4933 = VERTEX_POINT('',#4934);
#4934 = CARTESIAN_POINT('',(50.,-55.,-3.));
#4935 = LINE('',#4936,#4937);
#4936 = CARTESIAN_POINT('',(-50.,-55.,-3.));
#4937 = VECTOR('',#4938,1.);
#4938 = DIRECTION('',(1.,0.,0.));
#4939 = ORIENTED_EDGE('',*,*,#4940,.T.);
#4940 = EDGE_CURVE('',#4933,#4772,#4941,.T.);
#4941 = LINE('',#4942,#4943);
#4942 = CARTESIAN_POINT('',(50.,-55.,-3.));
#4943 = VECTOR('',#4944,1.);
#4944 = DIRECTION('',(0.,0.,1.));
#4945 = ORIENTED_EDGE('',*,*,#4769,.F.);
#4946 = ORIENTED_EDGE('',*,*,#4947,.F.);
#4947 = EDGE_CURVE('',#4931,#4770,#4948,.T.);
#4948 = LINE('',#4949,#4950);
#4949 = CARTESIAN_POINT('',(-50.,-55.,0.));
#4950 = VECTOR('',#4951,1.);
#4951 = DIRECTION('',(0.,0.,1.));
#4952 = FACE_BOUND('',#4953,.T.);
#4953 = EDGE_LOOP('',(#4954,#4955,#4961,#4962));
#4954 = ORIENTED_EDGE('',*,*,#4908,.F.);
#4955 = ORIENTED_EDGE('',*,*,#4956,.T.);
#4956 = EDGE_CURVE('',#4909,#4853,#4957,.T.);
#4957 = LINE('',#4958,#4959);
#4958 = CARTESIAN_POINT('',(6.549E-14,-55.,1.55E-15));
#4959 = VECTOR('',#4960,1.);
#4960 = DIRECTION('',(-1.,0.,0.));
#4961 = ORIENTED_EDGE('',*,*,#4860,.F.);
#4962 = ORIENTED_EDGE('',*,*,#4884,.F.);
#4963 = PLANE('',#4964);
#4964 = AXIS2_PLACEMENT_3D('',#4965,#4966,#4967);
#4965 = CARTESIAN_POINT('',(1.3099E-13,-55.,4.5));
#4966 = DIRECTION('',(-0.,-1.,-0.));
#4967 = DIRECTION('',(0.,0.,-1.));
#4968 = ADVANCED_FACE('',(#4969),#4988,.T.);
#4969 = FACE_BOUND('',#4970,.F.);
#4970 = EDGE_LOOP('',(#4971,#4979,#4986,#4987));
#4971 = ORIENTED_EDGE('',*,*,#4972,.F.);
#4972 = EDGE_CURVE('',#4973,#4780,#4975,.T.);
#4973 = VERTEX_POINT('',#4974);
#4974 = CARTESIAN_POINT('',(55.,-50.,-3.));
#4975 = LINE('',#4976,#4977);
#4976 = CARTESIAN_POINT('',(55.,-50.,0.));
#4977 = VECTOR('',#4978,1.);
#4978 = DIRECTION('',(0.,0.,1.));
#4979 = ORIENTED_EDGE('',*,*,#4980,.F.);
#4980 = EDGE_CURVE('',#4933,#4973,#4981,.T.);
#4981 = CIRCLE('',#4982,5.);
#4982 = AXIS2_PLACEMENT_3D('',#4983,#4984,#4985);
#4983 = CARTESIAN_POINT('',(50.,-50.,-3.));
#4984 = DIRECTION('',(0.,0.,1.));
#4985 = DIRECTION('',(1.,0.,0.));
#4986 = ORIENTED_EDGE('',*,*,#4940,.T.);
#4987 = ORIENTED_EDGE('',*,*,#4779,.T.);
#4988 = CYLINDRICAL_SURFACE('',#4989,5.);
#4989 = AXIS2_PLACEMENT_3D('',#4990,#4991,#4992);
#4990 = CARTESIAN_POINT('',(50.,-50.,-3.));
#4991 = DIRECTION('',(-0.,-0.,-1.));
#4992 = DIRECTION('',(1.,0.,0.));
#4993 = ADVANCED_FACE('',(#4994),#5012,.T.);
#4994 = FACE_BOUND('',#4995,.T.);
#4995 = EDGE_LOOP('',(#4996,#5004,#5010,#5011));
#4996 = ORIENTED_EDGE('',*,*,#4997,.T.);
#4997 = EDGE_CURVE('',#4973,#4998,#5000,.T.);
#4998 = VERTEX_POINT('',#4999);
#4999 = CARTESIAN_POINT('',(55.,50.,-3.));
#5000 = LINE('',#5001,#5002);
#5001 = CARTESIAN_POINT('',(55.,-50.,-3.));
#5002 = VECTOR('',#5003,1.);
#5003 = DIRECTION('',(0.,1.,0.));
#5004 = ORIENTED_EDGE('',*,*,#5005,.T.);
#5005 = EDGE_CURVE('',#4998,#4789,#5006,.T.);
#5006 = LINE('',#5007,#5008);
#5007 = CARTESIAN_POINT('',(55.,50.,-3.));
#5008 = VECTOR('',#5009,1.);
#5009 = DIRECTION('',(0.,0.,1.));
#5010 = ORIENTED_EDGE('',*,*,#4788,.F.);
#5011 = ORIENTED_EDGE('',*,*,#4972,.F.);
#5012 = PLANE('',#5013);
#5013 = AXIS2_PLACEMENT_3D('',#5014,#5015,#5016);
#5014 = CARTESIAN_POINT('',(55.,0.,4.5));
#5015 = DIRECTION('',(1.,0.,-1.487E-14));
#5016 = DIRECTION('',(1.487E-14,0.,1.));
#5017 = ADVANCED_FACE('',(#5018),#5037,.T.);
#5018 = FACE_BOUND('',#5019,.F.);
#5019 = EDGE_LOOP('',(#5020,#5028,#5035,#5036));
#5020 = ORIENTED_EDGE('',*,*,#5021,.F.);
#5021 = EDGE_CURVE('',#5022,#4797,#5024,.T.);
#5022 = VERTEX_POINT('',#5023);
#5023 = CARTESIAN_POINT('',(50.,55.,-3.));
#5024 = LINE('',#5025,#5026);
#5025 = CARTESIAN_POINT('',(50.,55.,0.));
#5026 = VECTOR('',#5027,1.);
#5027 = DIRECTION('',(0.,0.,1.));
#5028 = ORIENTED_EDGE('',*,*,#5029,.F.);
#5029 = EDGE_CURVE('',#4998,#5022,#5030,.T.);
#5030 = CIRCLE('',#5031,5.);
#5031 = AXIS2_PLACEMENT_3D('',#5032,#5033,#5034);
#5032 = CARTESIAN_POINT('',(50.,50.,-3.));
#5033 = DIRECTION('',(0.,0.,1.));
#5034 = DIRECTION('',(1.,0.,0.));
#5035 = ORIENTED_EDGE('',*,*,#5005,.T.);
#5036 = ORIENTED_EDGE('',*,*,#4796,.T.);
#5037 = CYLINDRICAL_SURFACE('',#5038,5.);
#5038 = AXIS2_PLACEMENT_3D('',#5039,#5040,#5041);
#5039 = CARTESIAN_POINT('',(50.,50.,-3.));
#5040 = DIRECTION('',(-0.,-0.,-1.));
#5041 = DIRECTION('',(1.,0.,0.));
#5042 = ADVANCED_FACE('',(#5043),#5061,.T.);
#5043 = FACE_BOUND('',#5044,.T.);
#5044 = EDGE_LOOP('',(#5045,#5053,#5059,#5060));
#5045 = ORIENTED_EDGE('',*,*,#5046,.T.);
#5046 = EDGE_CURVE('',#5022,#5047,#5049,.T.);
#5047 = VERTEX_POINT('',#5048);
#5048 = CARTESIAN_POINT('',(-50.,55.,-3.));
#5049 = LINE('',#5050,#5051);
#5050 = CARTESIAN_POINT('',(50.,55.,-3.));
#5051 = VECTOR('',#5052,1.);
#5052 = DIRECTION('',(-1.,0.,0.));
#5053 = ORIENTED_EDGE('',*,*,#5054,.T.);
#5054 = EDGE_CURVE('',#5047,#4806,#5055,.T.);
#5055 = LINE('',#5056,#5057);
#5056 = CARTESIAN_POINT('',(-50.,55.,-3.));
#5057 = VECTOR('',#5058,1.);
#5058 = DIRECTION('',(0.,0.,1.));
#5059 = ORIENTED_EDGE('',*,*,#4805,.F.);
#5060 = ORIENTED_EDGE('',*,*,#5021,.F.);
#5061 = PLANE('',#5062);
#5062 = AXIS2_PLACEMENT_3D('',#5063,#5064,#5065);
#5063 = CARTESIAN_POINT('',(1.2703E-13,55.,4.5));
#5064 = DIRECTION('',(0.,1.,0.));
#5065 = DIRECTION('',(0.,0.,1.));
#5066 = ADVANCED_FACE('',(#5067),#5086,.T.);
#5067 = FACE_BOUND('',#5068,.F.);
#5068 = EDGE_LOOP('',(#5069,#5077,#5084,#5085));
#5069 = ORIENTED_EDGE('',*,*,#5070,.F.);
#5070 = EDGE_CURVE('',#5071,#4814,#5073,.T.);
#5071 = VERTEX_POINT('',#5072);
#5072 = CARTESIAN_POINT('',(-55.,50.,-3.));
#5073 = LINE('',#5074,#5075);
#5074 = CARTESIAN_POINT('',(-55.,50.,0.));
#5075 = VECTOR('',#5076,1.);
#5076 = DIRECTION('',(0.,0.,1.));
#5077 = ORIENTED_EDGE('',*,*,#5078,.F.);
#5078 = EDGE_CURVE('',#5047,#5071,#5079,.T.);
#5079 = CIRCLE('',#5080,5.);
#5080 = AXIS2_PLACEMENT_3D('',#5081,#5082,#5083);
#5081 = CARTESIAN_POINT('',(-50.,50.,-3.));
#5082 = DIRECTION('',(0.,0.,1.));
#5083 = DIRECTION('',(1.,0.,0.));
#5084 = ORIENTED_EDGE('',*,*,#5054,.T.);
#5085 = ORIENTED_EDGE('',*,*,#4813,.T.);
#5086 = CYLINDRICAL_SURFACE('',#5087,5.);
#5087 = AXIS2_PLACEMENT_3D('',#5088,#5089,#5090);
#5088 = CARTESIAN_POINT('',(-50.,50.,-3.));
#5089 = DIRECTION('',(-0.,-0.,-1.));
#5090 = DIRECTION('',(1.,0.,0.));
#5091 = ADVANCED_FACE('',(#5092),#5110,.T.);
#5092 = FACE_BOUND('',#5093,.T.);
#5093 = EDGE_LOOP('',(#5094,#5102,#5108,#5109));
#5094 = ORIENTED_EDGE('',*,*,#5095,.T.);
#5095 = EDGE_CURVE('',#5071,#5096,#5098,.T.);
#5096 = VERTEX_POINT('',#5097);
#5097 = CARTESIAN_POINT('',(-55.,-50.,-3.));
#5098 = LINE('',#5099,#5100);
#5099 = CARTESIAN_POINT('',(-55.,50.,-3.));
#5100 = VECTOR('',#5101,1.);
#5101 = DIRECTION('',(0.,-1.,0.));
#5102 = ORIENTED_EDGE('',*,*,#5103,.T.);
#5103 = EDGE_CURVE('',#5096,#4823,#5104,.T.);
#5104 = LINE('',#5105,#5106);
#5105 = CARTESIAN_POINT('',(-55.,-50.,-3.));
#5106 = VECTOR('',#5107,1.);
#5107 = DIRECTION('',(0.,0.,1.));
#5108 = ORIENTED_EDGE('',*,*,#4822,.F.);
#5109 = ORIENTED_EDGE('',*,*,#5070,.F.);
#5110 = PLANE('',#5111);
#5111 = AXIS2_PLACEMENT_3D('',#5112,#5113,#5114);
#5112 = CARTESIAN_POINT('',(-55.,8.4E-15,4.5));
#5113 = DIRECTION('',(-1.,0.,1.442E-14));
#5114 = DIRECTION('',(-1.442E-14,0.,-1.));
#5115 = ADVANCED_FACE('',(#5116),#5128,.T.);
#5116 = FACE_BOUND('',#5117,.F.);
#5117 = EDGE_LOOP('',(#5118,#5119,#5126,#5127));
#5118 = ORIENTED_EDGE('',*,*,#4947,.F.);
#5119 = ORIENTED_EDGE('',*,*,#5120,.F.);
#5120 = EDGE_CURVE('',#5096,#4931,#5121,.T.);
#5121 = CIRCLE('',#5122,5.);
#5122 = AXIS2_PLACEMENT_3D('',#5123,#5124,#5125);
#5123 = CARTESIAN_POINT('',(-50.,-50.,-3.));
#5124 = DIRECTION('',(0.,0.,1.));
#5125 = DIRECTION('',(1.,0.,0.));
#5126 = ORIENTED_EDGE('',*,*,#5103,.T.);
#5127 = ORIENTED_EDGE('',*,*,#4830,.T.);
#5128 = CYLINDRICAL_SURFACE('',#5129,5.);
#5129 = AXIS2_PLACEMENT_3D('',#5130,#5131,#5132);
#5130 = CARTESIAN_POINT('',(-50.,-50.,-3.));
#5131 = DIRECTION('',(-0.,-0.,-1.));
#5132 = DIRECTION('',(1.,0.,0.));
#5133 = ADVANCED_FACE('',(#5134,#5144,#5155,#5166,#5177),#5188,.F.);
#5134 = FACE_BOUND('',#5135,.F.);
#5135 = EDGE_LOOP('',(#5136,#5137,#5138,#5139,#5140,#5141,#5142,#5143));
#5136 = ORIENTED_EDGE('',*,*,#4930,.T.);
#5137 = ORIENTED_EDGE('',*,*,#4980,.T.);
#5138 = ORIENTED_EDGE('',*,*,#4997,.T.);
#5139 = ORIENTED_EDGE('',*,*,#5029,.T.);
#5140 = ORIENTED_EDGE('',*,*,#5046,.T.);
#5141 = ORIENTED_EDGE('',*,*,#5078,.T.);
#5142 = ORIENTED_EDGE('',*,*,#5095,.T.);
#5143 = ORIENTED_EDGE('',*,*,#5120,.T.);
#5144 = FACE_BOUND('',#5145,.F.);
#5145 = EDGE_LOOP('',(#5146));
#5146 = ORIENTED_EDGE('',*,*,#5147,.T.);
#5147 = EDGE_CURVE('',#5148,#5148,#5150,.T.);
#5148 = VERTEX_POINT('',#5149);
#5149 = CARTESIAN_POINT('',(-43.4,-45.,-3.));
#5150 = CIRCLE('',#5151,1.6);
#5151 = AXIS2_PLACEMENT_3D('',#5152,#5153,#5154);
#5152 = CARTESIAN_POINT('',(-45.,-45.,-3.));
#5153 = DIRECTION('',(0.,0.,-1.));
#5154 = DIRECTION('',(1.,0.,0.));
#5155 = FACE_BOUND('',#5156,.F.);
#5156 = EDGE_LOOP('',(#5157));
#5157 = ORIENTED_EDGE('',*,*,#5158,.T.);
#5158 = EDGE_CURVE('',#5159,#5159,#5161,.T.);
#5159 = VERTEX_POINT('',#5160);
#5160 = CARTESIAN_POINT('',(46.6,-45.,-3.));
#5161 = CIRCLE('',#5162,1.6);
#5162 = AXIS2_PLACEMENT_3D('',#5163,#5164,#5165);
#5163 = CARTESIAN_POINT('',(45.,-45.,-3.));
#5164 = DIRECTION('',(0.,0.,-1.));
#5165 = DIRECTION('',(1.,0.,0.));
#5166 = FACE_BOUND('',#5167,.F.);
#5167 = EDGE_LOOP('',(#5168));
#5168 = ORIENTED_EDGE('',*,*,#5169,.T.);
#5169 = EDGE_CURVE('',#5170,#5170,#5172,.T.);
#5170 = VERTEX_POINT('',#5171);
#5171 = CARTESIAN_POINT('',(-43.4,45.,-3.));
#5172 = CIRCLE('',#5173,1.6);
#5173 = AXIS2_PLACEMENT_3D('',#5174,#5175,#5176);
#5174 = CARTESIAN_POINT('',(-45.,45.,-3.));
#5175 = DIRECTION('',(0.,0.,-1.));
#5176 = DIRECTION('',(1.,0.,0.));
#5177 = FACE_BOUND('',#5178,.F.);
#5178 = EDGE_LOOP('',(#5179));
#5179 = ORIENTED_EDGE('',*,*,#5180,.T.);
#5180 = EDGE_CURVE('',#5181,#5181,#5183,.T.);
#5181 = VERTEX_POINT('',#5182);
#5182 = CARTESIAN_POINT('',(46.6,45.,-3.));
#5183 = CIRCLE('',#5184,1.6);
#5184 = AXIS2_PLACEMENT_3D('',#5185,#5186,#5187);
#5185 = CARTESIAN_POINT('',(45.,45.,-3.));
#5186 = DIRECTION('',(0.,0.,-1.));
#5187 = DIRECTION('',(1.,0.,0.));
#5188 = PLANE('',#5189);
#5189 = AXIS2_PLACEMENT_3D('',#5190,#5191,#5192);
#5190 = CARTESIAN_POINT('',(5.87E-15,1.62E-15,-3.));
#5191 = DIRECTION('',(0.,0.,1.));
#5192 = DIRECTION('',(1.,0.,0.));
#5193 = ADVANCED_FACE('',(#5194),#5228,.F.);
#5194 = FACE_BOUND('',#5195,.F.);
#5195 = EDGE_LOOP('',(#5196,#5206,#5214,#5222));
#5196 = ORIENTED_EDGE('',*,*,#5197,.T.);
#5197 = EDGE_CURVE('',#5198,#5200,#5202,.T.);
#5198 = VERTEX_POINT('',#5199);
#5199 = CARTESIAN_POINT('',(-50.,40.,0.));
#5200 = VERTEX_POINT('',#5201);
#5201 = CARTESIAN_POINT('',(-50.,40.,4.));
#5202 = LINE('',#5203,#5204);
#5203 = CARTESIAN_POINT('',(-50.,40.,0.));
#5204 = VECTOR('',#5205,1.);
#5205 = DIRECTION('',(0.,0.,1.));
#5206 = ORIENTED_EDGE('',*,*,#5207,.T.);
#5207 = EDGE_CURVE('',#5200,#5208,#5210,.T.);
#5208 = VERTEX_POINT('',#5209);
#5209 = CARTESIAN_POINT('',(-40.,40.,4.));
#5210 = LINE('',#5211,#5212);
#5211 = CARTESIAN_POINT('',(-50.,40.,4.));
#5212 = VECTOR('',#5213,1.);
#5213 = DIRECTION('',(1.,0.,0.));
#5214 = ORIENTED_EDGE('',*,*,#5215,.F.);
#5215 = EDGE_CURVE('',#5216,#5208,#5218,.T.);
#5216 = VERTEX_POINT('',#5217);
#5217 = CARTESIAN_POINT('',(-40.,40.,0.));
#5218 = LINE('',#5219,#5220);
#5219 = CARTESIAN_POINT('',(-40.,40.,0.));
#5220 = VECTOR('',#5221,1.);
#5221 = DIRECTION('',(0.,0.,1.));
#5222 = ORIENTED_EDGE('',*,*,#5223,.F.);
#5223 = EDGE_CURVE('',#5198,#5216,#5224,.T.);
#5224 = LINE('',#5225,#5226);
#5225 = CARTESIAN_POINT('',(-50.,40.,0.));
#5226 = VECTOR('',#5227,1.);
#5227 = DIRECTION('',(1.,0.,0.));
#5228 = PLANE('',#5229);
#5229 = AXIS2_PLACEMENT_3D('',#5230,#5231,#5232);
#5230 = CARTESIAN_POINT('',(-50.,40.,0.));
#5231 = DIRECTION('',(0.,1.,0.));
#5232 = DIRECTION('',(1.,0.,0.));
#5233 = ADVANCED_FACE('',(#5234),#5259,.F.);
#5234 = FACE_BOUND('',#5235,.F.);
#5235 = EDGE_LOOP('',(#5236,#5246,#5252,#5253));
#5236 = ORIENTED_EDGE('',*,*,#5237,.T.);
#5237 = EDGE_CURVE('',#5238,#5240,#5242,.T.);
#5238 = VERTEX_POINT('',#5239);
#5239 = CARTESIAN_POINT('',(-50.,50.,0.));
#5240 = VERTEX_POINT('',#5241);
#5241 = CARTESIAN_POINT('',(-50.,50.,4.));
#5242 = LINE('',#5243,#5244);
#5243 = CARTESIAN_POINT('',(-50.,50.,0.));
#5244 = VECTOR('',#5245,1.);
#5245 = DIRECTION('',(0.,0.,1.));
#5246 = ORIENTED_EDGE('',*,*,#5247,.T.);
#5247 = EDGE_CURVE('',#5240,#5200,#5248,.T.);
#5248 = LINE('',#5249,#5250);
#5249 = CARTESIAN_POINT('',(-50.,50.,4.));
#5250 = VECTOR('',#5251,1.);
#5251 = DIRECTION('',(0.,-1.,0.));
#5252 = ORIENTED_EDGE('',*,*,#5197,.F.);
#5253 = ORIENTED_EDGE('',*,*,#5254,.F.);
#5254 = EDGE_CURVE('',#5238,#5198,#5255,.T.);
#5255 = LINE('',#5256,#5257);
#5256 = CARTESIAN_POINT('',(-50.,50.,0.));
#5257 = VECTOR('',#5258,1.);
#5258 = DIRECTION('',(0.,-1.,0.));
#5259 = PLANE('',#5260);
#5260 = AXIS2_PLACEMENT_3D('',#5261,#5262,#5263);
#5261 = CARTESIAN_POINT('',(-50.,50.,0.));
#5262 = DIRECTION('',(1.,0.,0.));
#5263 = DIRECTION('',(0.,-1.,0.));
#5264 = ADVANCED_FACE('',(#5265),#5290,.F.);
#5265 = FACE_BOUND('',#5266,.F.);
#5266 = EDGE_LOOP('',(#5267,#5268,#5276,#5284));
#5267 = ORIENTED_EDGE('',*,*,#5215,.T.);
#5268 = ORIENTED_EDGE('',*,*,#5269,.T.);
#5269 = EDGE_CURVE('',#5208,#5270,#5272,.T.);
#5270 = VERTEX_POINT('',#5271);
#5271 = CARTESIAN_POINT('',(-40.,50.,4.));
#5272 = LINE('',#5273,#5274);
#5273 = CARTESIAN_POINT('',(-40.,40.,4.));
#5274 = VECTOR('',#5275,1.);
#5275 = DIRECTION('',(0.,1.,0.));
#5276 = ORIENTED_EDGE('',*,*,#5277,.F.);
#5277 = EDGE_CURVE('',#5278,#5270,#5280,.T.);
#5278 = VERTEX_POINT('',#5279);
#5279 = CARTESIAN_POINT('',(-40.,50.,0.));
#5280 = LINE('',#5281,#5282);
#5281 = CARTESIAN_POINT('',(-40.,50.,0.));
#5282 = VECTOR('',#5283,1.);
#5283 = DIRECTION('',(0.,0.,1.));
#5284 = ORIENTED_EDGE('',*,*,#5285,.F.);
#5285 = EDGE_CURVE('',#5216,#5278,#5286,.T.);
#5286 = LINE('',#5287,#5288);
#5287 = CARTESIAN_POINT('',(-40.,40.,0.));
#5288 = VECTOR('',#5289,1.);
#5289 = DIRECTION('',(0.,1.,0.));
#5290 = PLANE('',#5291);
#5291 = AXIS2_PLACEMENT_3D('',#5292,#5293,#5294);
#5292 = CARTESIAN_POINT('',(-40.,40.,0.));
#5293 = DIRECTION('',(-1.,0.,0.));
#5294 = DIRECTION('',(0.,1.,0.));
#5295 = ADVANCED_FACE('',(#5296,#5307),#5318,.T.);
#5296 = FACE_BOUND('',#5297,.T.);
#5297 = EDGE_LOOP('',(#5298,#5299,#5300,#5306));
#5298 = ORIENTED_EDGE('',*,*,#5207,.T.);
#5299 = ORIENTED_EDGE('',*,*,#5269,.T.);
#5300 = ORIENTED_EDGE('',*,*,#5301,.T.);
#5301 = EDGE_CURVE('',#5270,#5240,#5302,.T.);
#5302 = LINE('',#5303,#5304);
#5303 = CARTESIAN_POINT('',(-40.,50.,4.));
#5304 = VECTOR('',#5305,1.);
#5305 = DIRECTION('',(-1.,0.,0.));
#5306 = ORIENTED_EDGE('',*,*,#5247,.T.);
#5307 = FACE_BOUND('',#5308,.F.);
#5308 = EDGE_LOOP('',(#5309));
#5309 = ORIENTED_EDGE('',*,*,#5310,.T.);
#5310 = EDGE_CURVE('',#5311,#5311,#5313,.T.);
#5311 = VERTEX_POINT('',#5312);
#5312 = CARTESIAN_POINT('',(-43.25,45.,4.));
#5313 = CIRCLE('',#5314,1.75);
#5314 = AXIS2_PLACEMENT_3D('',#5315,#5316,#5317);
#5315 = CARTESIAN_POINT('',(-45.,45.,4.));
#5316 = DIRECTION('',(0.,0.,1.));
#5317 = DIRECTION('',(1.,0.,0.));
#5318 = PLANE('',#5319);
#5319 = AXIS2_PLACEMENT_3D('',#5320,#5321,#5322);
#5320 = CARTESIAN_POINT('',(1.16E-15,-1.16E-15,4.));
#5321 = DIRECTION('',(0.,0.,1.));
#5322 = DIRECTION('',(1.,0.,0.));
#5323 = ADVANCED_FACE('',(#5324),#5335,.F.);
#5324 = FACE_BOUND('',#5325,.F.);
#5325 = EDGE_LOOP('',(#5326,#5327,#5328,#5329));
#5326 = ORIENTED_EDGE('',*,*,#5277,.T.);
#5327 = ORIENTED_EDGE('',*,*,#5301,.T.);
#5328 = ORIENTED_EDGE('',*,*,#5237,.F.);
#5329 = ORIENTED_EDGE('',*,*,#5330,.F.);
#5330 = EDGE_CURVE('',#5278,#5238,#5331,.T.);
#5331 = LINE('',#5332,#5333);
#5332 = CARTESIAN_POINT('',(-40.,50.,0.));
#5333 = VECTOR('',#5334,1.);
#5334 = DIRECTION('',(-1.,0.,0.));
#5335 = PLANE('',#5336);
#5336 = AXIS2_PLACEMENT_3D('',#5337,#5338,#5339);
#5337 = CARTESIAN_POINT('',(-40.,50.,0.));
#5338 = DIRECTION('',(0.,-1.,0.));
#5339 = DIRECTION('',(-1.,0.,0.));
#5340 = ADVANCED_FACE('',(#5341),#5360,.F.);
#5341 = FACE_BOUND('',#5342,.T.);
#5342 = EDGE_LOOP('',(#5343,#5351,#5352,#5353));
#5343 = ORIENTED_EDGE('',*,*,#5344,.T.);
#5344 = EDGE_CURVE('',#5345,#5311,#5347,.T.);
#5345 = VERTEX_POINT('',#5346);
#5346 = CARTESIAN_POINT('',(-43.25,45.,0.));
#5347 = LINE('',#5348,#5349);
#5348 = CARTESIAN_POINT('',(-43.25,45.,0.));
#5349 = VECTOR('',#5350,1.);
#5350 = DIRECTION('',(0.,0.,1.));
#5351 = ORIENTED_EDGE('',*,*,#5310,.T.);
#5352 = ORIENTED_EDGE('',*,*,#5344,.F.);
#5353 = ORIENTED_EDGE('',*,*,#5354,.F.);
#5354 = EDGE_CURVE('',#5345,#5345,#5355,.T.);
#5355 = CIRCLE('',#5356,1.75);
#5356 = AXIS2_PLACEMENT_3D('',#5357,#5358,#5359);
#5357 = CARTESIAN_POINT('',(-45.,45.,0.));
#5358 = DIRECTION('',(0.,0.,1.));
#5359 = DIRECTION('',(1.,0.,0.));
#5360 = CYLINDRICAL_SURFACE('',#5361,1.75);
#5361 = AXIS2_PLACEMENT_3D('',#5362,#5363,#5364);
#5362 = CARTESIAN_POINT('',(-45.,45.,0.));
#5363 = DIRECTION('',(-0.,-0.,-1.));
#5364 = DIRECTION('',(1.,0.,0.));
#5365 = ADVANCED_FACE('',(#5366,#5369),#5380,.T.);
#5366 = FACE_BOUND('',#5367,.T.);
#5367 = EDGE_LOOP('',(#5368));
#5368 = ORIENTED_EDGE('',*,*,#5354,.T.);
#5369 = FACE_BOUND('',#5370,.T.);
#5370 = EDGE_LOOP('',(#5371));
#5371 = ORIENTED_EDGE('',*,*,#5372,.T.);
#5372 = EDGE_CURVE('',#5373,#5373,#5375,.T.);
#5373 = VERTEX_POINT('',#5374);
#5374 = CARTESIAN_POINT('',(-43.4,45.,0.));
#5375 = CIRCLE('',#5376,1.6);
#5376 = AXIS2_PLACEMENT_3D('',#5377,#5378,#5379);
#5377 = CARTESIAN_POINT('',(-45.,45.,0.));
#5378 = DIRECTION('',(0.,0.,-1.));
#5379 = DIRECTION('',(1.,0.,0.));
#5380 = PLANE('',#5381);
#5381 = AXIS2_PLACEMENT_3D('',#5382,#5383,#5384);
#5382 = CARTESIAN_POINT('',(5.87E-15,1.62E-15,0.));
#5383 = DIRECTION('',(0.,0.,1.));
#5384 = DIRECTION('',(1.,0.,0.));
#5385 = ADVANCED_FACE('',(#5386),#5397,.F.);
#5386 = FACE_BOUND('',#5387,.T.);
#5387 = EDGE_LOOP('',(#5388,#5389,#5395,#5396));
#5388 = ORIENTED_EDGE('',*,*,#5169,.T.);
#5389 = ORIENTED_EDGE('',*,*,#5390,.T.);
#5390 = EDGE_CURVE('',#5170,#5373,#5391,.T.);
#5391 = LINE('',#5392,#5393);
#5392 = CARTESIAN_POINT('',(-43.4,45.,-6.));
#5393 = VECTOR('',#5394,1.);
#5394 = DIRECTION('',(0.,0.,1.));
#5395 = ORIENTED_EDGE('',*,*,#5372,.F.);
#5396 = ORIENTED_EDGE('',*,*,#5390,.F.);
#5397 = CYLINDRICAL_SURFACE('',#5398,1.6);
#5398 = AXIS2_PLACEMENT_3D('',#5399,#5400,#5401);
#5399 = CARTESIAN_POINT('',(-45.,45.,-6.));
#5400 = DIRECTION('',(-0.,-0.,-1.));
#5401 = DIRECTION('',(1.,0.,0.));
#5402 = ADVANCED_FACE('',(#5403),#5422,.F.);
#5403 = FACE_BOUND('',#5404,.T.);
#5404 = EDGE_LOOP('',(#5405,#5406,#5414,#5421));
#5405 = ORIENTED_EDGE('',*,*,#5147,.T.);
#5406 = ORIENTED_EDGE('',*,*,#5407,.T.);
#5407 = EDGE_CURVE('',#5148,#5408,#5410,.T.);
#5408 = VERTEX_POINT('',#5409);
#5409 = CARTESIAN_POINT('',(-43.4,-45.,0.));
#5410 = LINE('',#5411,#5412);
#5411 = CARTESIAN_POINT('',(-43.4,-45.,-6.));
#5412 = VECTOR('',#5413,1.);
#5413 = DIRECTION('',(0.,0.,1.));
#5414 = ORIENTED_EDGE('',*,*,#5415,.F.);
#5415 = EDGE_CURVE('',#5408,#5408,#5416,.T.);
#5416 = CIRCLE('',#5417,1.6);
#5417 = AXIS2_PLACEMENT_3D('',#5418,#5419,#5420);
#5418 = CARTESIAN_POINT('',(-45.,-45.,0.));
#5419 = DIRECTION('',(0.,0.,-1.));
#5420 = DIRECTION('',(1.,0.,0.));
#5421 = ORIENTED_EDGE('',*,*,#5407,.F.);
#5422 = CYLINDRICAL_SURFACE('',#5423,1.6);
#5423 = AXIS2_PLACEMENT_3D('',#5424,#5425,#5426);
#5424 = CARTESIAN_POINT('',(-45.,-45.,-6.));
#5425 = DIRECTION('',(-0.,-0.,-1.));
#5426 = DIRECTION('',(1.,0.,0.));
#5427 = ADVANCED_FACE('',(#5428),#5462,.T.);
#5428 = FACE_BOUND('',#5429,.T.);
#5429 = EDGE_LOOP('',(#5430,#5440,#5448,#5456));
#5430 = ORIENTED_EDGE('',*,*,#5431,.T.);
#5431 = EDGE_CURVE('',#5432,#5434,#5436,.T.);
#5432 = VERTEX_POINT('',#5433);
#5433 = CARTESIAN_POINT('',(-50.,-50.,0.));
#5434 = VERTEX_POINT('',#5435);
#5435 = CARTESIAN_POINT('',(-50.,-50.,4.));
#5436 = LINE('',#5437,#5438);
#5437 = CARTESIAN_POINT('',(-50.,-50.,0.));
#5438 = VECTOR('',#5439,1.);
#5439 = DIRECTION('',(0.,0.,1.));
#5440 = ORIENTED_EDGE('',*,*,#5441,.T.);
#5441 = EDGE_CURVE('',#5434,#5442,#5444,.T.);
#5442 = VERTEX_POINT('',#5443);
#5443 = CARTESIAN_POINT('',(-50.,-40.,4.));
#5444 = LINE('',#5445,#5446);
#5445 = CARTESIAN_POINT('',(-50.,-50.,4.));
#5446 = VECTOR('',#5447,1.);
#5447 = DIRECTION('',(0.,1.,0.));
#5448 = ORIENTED_EDGE('',*,*,#5449,.F.);
#5449 = EDGE_CURVE('',#5450,#5442,#5452,.T.);
#5450 = VERTEX_POINT('',#5451);
#5451 = CARTESIAN_POINT('',(-50.,-40.,0.));
#5452 = LINE('',#5453,#5454);
#5453 = CARTESIAN_POINT('',(-50.,-40.,0.));
#5454 = VECTOR('',#5455,1.);
#5455 = DIRECTION('',(0.,0.,1.));
#5456 = ORIENTED_EDGE('',*,*,#5457,.F.);
#5457 = EDGE_CURVE('',#5432,#5450,#5458,.T.);
#5458 = LINE('',#5459,#5460);
#5459 = CARTESIAN_POINT('',(-50.,-50.,0.));
#5460 = VECTOR('',#5461,1.);
#5461 = DIRECTION('',(0.,1.,0.));
#5462 = PLANE('',#5463);
#5463 = AXIS2_PLACEMENT_3D('',#5464,#5465,#5466);
#5464 = CARTESIAN_POINT('',(-50.,-50.,0.));
#5465 = DIRECTION('',(-1.,0.,0.));
#5466 = DIRECTION('',(0.,1.,0.));
#5467 = ADVANCED_FACE('',(#5468),#5493,.T.);
#5468 = FACE_BOUND('',#5469,.T.);
#5469 = EDGE_LOOP('',(#5470,#5480,#5486,#5487));
#5470 = ORIENTED_EDGE('',*,*,#5471,.T.);
#5471 = EDGE_CURVE('',#5472,#5474,#5476,.T.);
#5472 = VERTEX_POINT('',#5473);
#5473 = CARTESIAN_POINT('',(-40.,-50.,0.));
#5474 = VERTEX_POINT('',#5475);
#5475 = CARTESIAN_POINT('',(-40.,-50.,4.));
#5476 = LINE('',#5477,#5478);
#5477 = CARTESIAN_POINT('',(-40.,-50.,0.));
#5478 = VECTOR('',#5479,1.);
#5479 = DIRECTION('',(0.,0.,1.));
#5480 = ORIENTED_EDGE('',*,*,#5481,.T.);
#5481 = EDGE_CURVE('',#5474,#5434,#5482,.T.);
#5482 = LINE('',#5483,#5484);
#5483 = CARTESIAN_POINT('',(-40.,-50.,4.));
#5484 = VECTOR('',#5485,1.);
#5485 = DIRECTION('',(-1.,0.,0.));
#5486 = ORIENTED_EDGE('',*,*,#5431,.F.);
#5487 = ORIENTED_EDGE('',*,*,#5488,.F.);
#5488 = EDGE_CURVE('',#5472,#5432,#5489,.T.);
#5489 = LINE('',#5490,#5491);
#5490 = CARTESIAN_POINT('',(-40.,-50.,0.));
#5491 = VECTOR('',#5492,1.);
#5492 = DIRECTION('',(-1.,0.,0.));
#5493 = PLANE('',#5494);
#5494 = AXIS2_PLACEMENT_3D('',#5495,#5496,#5497);
#5495 = CARTESIAN_POINT('',(-40.,-50.,0.));
#5496 = DIRECTION('',(0.,-1.,0.));
#5497 = DIRECTION('',(-1.,0.,0.));
#5498 = ADVANCED_FACE('',(#5499),#5524,.T.);
#5499 = FACE_BOUND('',#5500,.T.);
#5500 = EDGE_LOOP('',(#5501,#5502,#5510,#5518));
#5501 = ORIENTED_EDGE('',*,*,#5449,.T.);
#5502 = ORIENTED_EDGE('',*,*,#5503,.T.);
#5503 = EDGE_CURVE('',#5442,#5504,#5506,.T.);
#5504 = VERTEX_POINT('',#5505);
#5505 = CARTESIAN_POINT('',(-40.,-40.,4.));
#5506 = LINE('',#5507,#5508);
#5507 = CARTESIAN_POINT('',(-50.,-40.,4.));
#5508 = VECTOR('',#5509,1.);
#5509 = DIRECTION('',(1.,0.,0.));
#5510 = ORIENTED_EDGE('',*,*,#5511,.F.);
#5511 = EDGE_CURVE('',#5512,#5504,#5514,.T.);
#5512 = VERTEX_POINT('',#5513);
#5513 = CARTESIAN_POINT('',(-40.,-40.,0.));
#5514 = LINE('',#5515,#5516);
#5515 = CARTESIAN_POINT('',(-40.,-40.,0.));
#5516 = VECTOR('',#5517,1.);
#5517 = DIRECTION('',(0.,0.,1.));
#5518 = ORIENTED_EDGE('',*,*,#5519,.F.);
#5519 = EDGE_CURVE('',#5450,#5512,#5520,.T.);
#5520 = LINE('',#5521,#5522);
#5521 = CARTESIAN_POINT('',(-50.,-40.,0.));
#5522 = VECTOR('',#5523,1.);
#5523 = DIRECTION('',(1.,0.,0.));
#5524 = PLANE('',#5525);
#5525 = AXIS2_PLACEMENT_3D('',#5526,#5527,#5528);
#5526 = CARTESIAN_POINT('',(-50.,-40.,0.));
#5527 = DIRECTION('',(0.,1.,0.));
#5528 = DIRECTION('',(1.,0.,0.));
#5529 = ADVANCED_FACE('',(#5530),#5546,.T.);
#5530 = FACE_BOUND('',#5531,.T.);
#5531 = EDGE_LOOP('',(#5532,#5533,#5539,#5540));
#5532 = ORIENTED_EDGE('',*,*,#5511,.T.);
#5533 = ORIENTED_EDGE('',*,*,#5534,.T.);
#5534 = EDGE_CURVE('',#5504,#5474,#5535,.T.);
#5535 = LINE('',#5536,#5537);
#5536 = CARTESIAN_POINT('',(-40.,-40.,4.));
#5537 = VECTOR('',#5538,1.);
#5538 = DIRECTION('',(0.,-1.,0.));
#5539 = ORIENTED_EDGE('',*,*,#5471,.F.);
#5540 = ORIENTED_EDGE('',*,*,#5541,.F.);
#5541 = EDGE_CURVE('',#5512,#5472,#5542,.T.);
#5542 = LINE('',#5543,#5544);
#5543 = CARTESIAN_POINT('',(-40.,-40.,0.));
#5544 = VECTOR('',#5545,1.);
#5545 = DIRECTION('',(0.,-1.,0.));
#5546 = PLANE('',#5547);
#5547 = AXIS2_PLACEMENT_3D('',#5548,#5549,#5550);
#5548 = CARTESIAN_POINT('',(-40.,-40.,0.));
#5549 = DIRECTION('',(1.,0.,0.));
#5550 = DIRECTION('',(0.,-1.,0.));
#5551 = ADVANCED_FACE('',(#5552,#5558),#5569,.T.);
#5552 = FACE_BOUND('',#5553,.F.);
#5553 = EDGE_LOOP('',(#5554,#5555,#5556,#5557));
#5554 = ORIENTED_EDGE('',*,*,#5503,.T.);
#5555 = ORIENTED_EDGE('',*,*,#5534,.T.);
#5556 = ORIENTED_EDGE('',*,*,#5481,.T.);
#5557 = ORIENTED_EDGE('',*,*,#5441,.T.);
#5558 = FACE_BOUND('',#5559,.F.);
#5559 = EDGE_LOOP('',(#5560));
#5560 = ORIENTED_EDGE('',*,*,#5561,.T.);
#5561 = EDGE_CURVE('',#5562,#5562,#5564,.T.);
#5562 = VERTEX_POINT('',#5563);
#5563 = CARTESIAN_POINT('',(-43.25,-45.,4.));
#5564 = CIRCLE('',#5565,1.75);
#5565 = AXIS2_PLACEMENT_3D('',#5566,#5567,#5568);
#5566 = CARTESIAN_POINT('',(-45.,-45.,4.));
#5567 = DIRECTION('',(0.,0.,1.));
#5568 = DIRECTION('',(1.,0.,0.));
#5569 = PLANE('',#5570);
#5570 = AXIS2_PLACEMENT_3D('',#5571,#5572,#5573);
#5571 = CARTESIAN_POINT('',(1.16E-15,-1.16E-15,4.));
#5572 = DIRECTION('',(0.,0.,1.));
#5573 = DIRECTION('',(1.,0.,0.));
#5574 = ADVANCED_FACE('',(#5575),#5594,.F.);
#5575 = FACE_BOUND('',#5576,.T.);
#5576 = EDGE_LOOP('',(#5577,#5585,#5586,#5587));
#5577 = ORIENTED_EDGE('',*,*,#5578,.T.);
#5578 = EDGE_CURVE('',#5579,#5562,#5581,.T.);
#5579 = VERTEX_POINT('',#5580);
#5580 = CARTESIAN_POINT('',(-43.25,-45.,0.));
#5581 = LINE('',#5582,#5583);
#5582 = CARTESIAN_POINT('',(-43.25,-45.,0.));
#5583 = VECTOR('',#5584,1.);
#5584 = DIRECTION('',(0.,0.,1.));
#5585 = ORIENTED_EDGE('',*,*,#5561,.T.);
#5586 = ORIENTED_EDGE('',*,*,#5578,.F.);
#5587 = ORIENTED_EDGE('',*,*,#5588,.F.);
#5588 = EDGE_CURVE('',#5579,#5579,#5589,.T.);
#5589 = CIRCLE('',#5590,1.75);
#5590 = AXIS2_PLACEMENT_3D('',#5591,#5592,#5593);
#5591 = CARTESIAN_POINT('',(-45.,-45.,0.));
#5592 = DIRECTION('',(0.,0.,1.));
#5593 = DIRECTION('',(1.,0.,0.));
#5594 = CYLINDRICAL_SURFACE('',#5595,1.75);
#5595 = AXIS2_PLACEMENT_3D('',#5596,#5597,#5598);
#5596 = CARTESIAN_POINT('',(-45.,-45.,0.));
#5597 = DIRECTION('',(-0.,-0.,-1.));
#5598 = DIRECTION('',(1.,0.,0.));
#5599 = ADVANCED_FACE('',(#5600,#5603),#5606,.T.);
#5600 = FACE_BOUND('',#5601,.T.);
#5601 = EDGE_LOOP('',(#5602));
#5602 = ORIENTED_EDGE('',*,*,#5588,.T.);
#5603 = FACE_BOUND('',#5604,.T.);
#5604 = EDGE_LOOP('',(#5605));
#5605 = ORIENTED_EDGE('',*,*,#5415,.T.);
#5606 = PLANE('',#5607);
#5607 = AXIS2_PLACEMENT_3D('',#5608,#5609,#5610);
#5608 = CARTESIAN_POINT('',(5.87E-15,1.62E-15,0.));
#5609 = DIRECTION('',(0.,0.,1.));
#5610 = DIRECTION('',(1.,0.,0.));
#5611 = ADVANCED_FACE('',(#5612),#5631,.F.);
#5612 = FACE_BOUND('',#5613,.T.);
#5613 = EDGE_LOOP('',(#5614,#5615,#5623,#5630));
#5614 = ORIENTED_EDGE('',*,*,#5158,.T.);
#5615 = ORIENTED_EDGE('',*,*,#5616,.T.);
#5616 = EDGE_CURVE('',#5159,#5617,#5619,.T.);
#5617 = VERTEX_POINT('',#5618);
#5618 = CARTESIAN_POINT('',(46.6,-45.,0.));
#5619 = LINE('',#5620,#5621);
#5620 = CARTESIAN_POINT('',(46.6,-45.,-6.));
#5621 = VECTOR('',#5622,1.);
#5622 = DIRECTION('',(0.,0.,1.));
#5623 = ORIENTED_EDGE('',*,*,#5624,.F.);
#5624 = EDGE_CURVE('',#5617,#5617,#5625,.T.);
#5625 = CIRCLE('',#5626,1.6);
#5626 = AXIS2_PLACEMENT_3D('',#5627,#5628,#5629);
#5627 = CARTESIAN_POINT('',(45.,-45.,0.));
#5628 = DIRECTION('',(0.,0.,-1.));
#5629 = DIRECTION('',(1.,0.,0.));
#5630 = ORIENTED_EDGE('',*,*,#5616,.F.);
#5631 = CYLINDRICAL_SURFACE('',#5632,1.6);
#5632 = AXIS2_PLACEMENT_3D('',#5633,#5634,#5635);
#5633 = CARTESIAN_POINT('',(45.,-45.,-6.));
#5634 = DIRECTION('',(-0.,-0.,-1.));
#5635 = DIRECTION('',(1.,0.,0.));
#5636 = ADVANCED_FACE('',(#5637),#5671,.F.);
#5637 = FACE_BOUND('',#5638,.F.);
#5638 = EDGE_LOOP('',(#5639,#5649,#5657,#5665));
#5639 = ORIENTED_EDGE('',*,*,#5640,.T.);
#5640 = EDGE_CURVE('',#5641,#5643,#5645,.T.);
#5641 = VERTEX_POINT('',#5642);
#5642 = CARTESIAN_POINT('',(50.,-40.,0.));
#5643 = VERTEX_POINT('',#5644);
#5644 = CARTESIAN_POINT('',(50.,-40.,4.));
#5645 = LINE('',#5646,#5647);
#5646 = CARTESIAN_POINT('',(50.,-40.,0.));
#5647 = VECTOR('',#5648,1.);
#5648 = DIRECTION('',(0.,0.,1.));
#5649 = ORIENTED_EDGE('',*,*,#5650,.T.);
#5650 = EDGE_CURVE('',#5643,#5651,#5653,.T.);
#5651 = VERTEX_POINT('',#5652);
#5652 = CARTESIAN_POINT('',(40.,-40.,4.));
#5653 = LINE('',#5654,#5655);
#5654 = CARTESIAN_POINT('',(50.,-40.,4.));
#5655 = VECTOR('',#5656,1.);
#5656 = DIRECTION('',(-1.,0.,0.));
#5657 = ORIENTED_EDGE('',*,*,#5658,.F.);
#5658 = EDGE_CURVE('',#5659,#5651,#5661,.T.);
#5659 = VERTEX_POINT('',#5660);
#5660 = CARTESIAN_POINT('',(40.,-40.,0.));
#5661 = LINE('',#5662,#5663);
#5662 = CARTESIAN_POINT('',(40.,-40.,0.));
#5663 = VECTOR('',#5664,1.);
#5664 = DIRECTION('',(0.,0.,1.));
#5665 = ORIENTED_EDGE('',*,*,#5666,.F.);
#5666 = EDGE_CURVE('',#5641,#5659,#5667,.T.);
#5667 = LINE('',#5668,#5669);
#5668 = CARTESIAN_POINT('',(50.,-40.,0.));
#5669 = VECTOR('',#5670,1.);
#5670 = DIRECTION('',(-1.,0.,0.));
#5671 = PLANE('',#5672);
#5672 = AXIS2_PLACEMENT_3D('',#5673,#5674,#5675);
#5673 = CARTESIAN_POINT('',(50.,-40.,0.));
#5674 = DIRECTION('',(0.,-1.,0.));
#5675 = DIRECTION('',(-1.,0.,0.));
#5676 = ADVANCED_FACE('',(#5677),#5702,.F.);
#5677 = FACE_BOUND('',#5678,.F.);
#5678 = EDGE_LOOP('',(#5679,#5689,#5695,#5696));
#5679 = ORIENTED_EDGE('',*,*,#5680,.T.);
#5680 = EDGE_CURVE('',#5681,#5683,#5685,.T.);
#5681 = VERTEX_POINT('',#5682);
#5682 = CARTESIAN_POINT('',(50.,-50.,0.));
#5683 = VERTEX_POINT('',#5684);
#5684 = CARTESIAN_POINT('',(50.,-50.,4.));
#5685 = LINE('',#5686,#5687);
#5686 = CARTESIAN_POINT('',(50.,-50.,0.));
#5687 = VECTOR('',#5688,1.);
#5688 = DIRECTION('',(0.,0.,1.));
#5689 = ORIENTED_EDGE('',*,*,#5690,.T.);
#5690 = EDGE_CURVE('',#5683,#5643,#5691,.T.);
#5691 = LINE('',#5692,#5693);
#5692 = CARTESIAN_POINT('',(50.,-50.,4.));
#5693 = VECTOR('',#5694,1.);
#5694 = DIRECTION('',(0.,1.,0.));
#5695 = ORIENTED_EDGE('',*,*,#5640,.F.);
#5696 = ORIENTED_EDGE('',*,*,#5697,.F.);
#5697 = EDGE_CURVE('',#5681,#5641,#5698,.T.);
#5698 = LINE('',#5699,#5700);
#5699 = CARTESIAN_POINT('',(50.,-50.,0.));
#5700 = VECTOR('',#5701,1.);
#5701 = DIRECTION('',(0.,1.,0.));
#5702 = PLANE('',#5703);
#5703 = AXIS2_PLACEMENT_3D('',#5704,#5705,#5706);
#5704 = CARTESIAN_POINT('',(50.,-50.,0.));
#5705 = DIRECTION('',(-1.,0.,0.));
#5706 = DIRECTION('',(0.,1.,0.));
#5707 = ADVANCED_FACE('',(#5708),#5733,.F.);
#5708 = FACE_BOUND('',#5709,.F.);
#5709 = EDGE_LOOP('',(#5710,#5711,#5719,#5727));
#5710 = ORIENTED_EDGE('',*,*,#5658,.T.);
#5711 = ORIENTED_EDGE('',*,*,#5712,.T.);
#5712 = EDGE_CURVE('',#5651,#5713,#5715,.T.);
#5713 = VERTEX_POINT('',#5714);
#5714 = CARTESIAN_POINT('',(40.,-50.,4.));
#5715 = LINE('',#5716,#5717);
#5716 = CARTESIAN_POINT('',(40.,-40.,4.));
#5717 = VECTOR('',#5718,1.);
#5718 = DIRECTION('',(0.,-1.,0.));
#5719 = ORIENTED_EDGE('',*,*,#5720,.F.);
#5720 = EDGE_CURVE('',#5721,#5713,#5723,.T.);
#5721 = VERTEX_POINT('',#5722);
#5722 = CARTESIAN_POINT('',(40.,-50.,0.));
#5723 = LINE('',#5724,#5725);
#5724 = CARTESIAN_POINT('',(40.,-50.,0.));
#5725 = VECTOR('',#5726,1.);
#5726 = DIRECTION('',(0.,0.,1.));
#5727 = ORIENTED_EDGE('',*,*,#5728,.F.);
#5728 = EDGE_CURVE('',#5659,#5721,#5729,.T.);
#5729 = LINE('',#5730,#5731);
#5730 = CARTESIAN_POINT('',(40.,-40.,0.));
#5731 = VECTOR('',#5732,1.);
#5732 = DIRECTION('',(0.,-1.,0.));
#5733 = PLANE('',#5734);
#5734 = AXIS2_PLACEMENT_3D('',#5735,#5736,#5737);
#5735 = CARTESIAN_POINT('',(40.,-40.,0.));
#5736 = DIRECTION('',(1.,0.,0.));
#5737 = DIRECTION('',(0.,-1.,0.));
#5738 = ADVANCED_FACE('',(#5739),#5755,.F.);
#5739 = FACE_BOUND('',#5740,.F.);
#5740 = EDGE_LOOP('',(#5741,#5742,#5748,#5749));
#5741 = ORIENTED_EDGE('',*,*,#5720,.T.);
#5742 = ORIENTED_EDGE('',*,*,#5743,.T.);
#5743 = EDGE_CURVE('',#5713,#5683,#5744,.T.);
#5744 = LINE('',#5745,#5746);
#5745 = CARTESIAN_POINT('',(40.,-50.,4.));
#5746 = VECTOR('',#5747,1.);
#5747 = DIRECTION('',(1.,0.,0.));
#5748 = ORIENTED_EDGE('',*,*,#5680,.F.);
#5749 = ORIENTED_EDGE('',*,*,#5750,.F.);
#5750 = EDGE_CURVE('',#5721,#5681,#5751,.T.);
#5751 = LINE('',#5752,#5753);
#5752 = CARTESIAN_POINT('',(40.,-50.,0.));
#5753 = VECTOR('',#5754,1.);
#5754 = DIRECTION('',(1.,0.,0.));
#5755 = PLANE('',#5756);
#5756 = AXIS2_PLACEMENT_3D('',#5757,#5758,#5759);
#5757 = CARTESIAN_POINT('',(40.,-50.,0.));
#5758 = DIRECTION('',(0.,1.,0.));
#5759 = DIRECTION('',(1.,0.,0.));
#5760 = ADVANCED_FACE('',(#5761,#5767),#5778,.T.);
#5761 = FACE_BOUND('',#5762,.T.);
#5762 = EDGE_LOOP('',(#5763,#5764,#5765,#5766));
#5763 = ORIENTED_EDGE('',*,*,#5650,.T.);
#5764 = ORIENTED_EDGE('',*,*,#5712,.T.);
#5765 = ORIENTED_EDGE('',*,*,#5743,.T.);
#5766 = ORIENTED_EDGE('',*,*,#5690,.T.);
#5767 = FACE_BOUND('',#5768,.F.);
#5768 = EDGE_LOOP('',(#5769));
#5769 = ORIENTED_EDGE('',*,*,#5770,.T.);
#5770 = EDGE_CURVE('',#5771,#5771,#5773,.T.);
#5771 = VERTEX_POINT('',#5772);
#5772 = CARTESIAN_POINT('',(46.75,-45.,4.));
#5773 = CIRCLE('',#5774,1.75);
#5774 = AXIS2_PLACEMENT_3D('',#5775,#5776,#5777);
#5775 = CARTESIAN_POINT('',(45.,-45.,4.));
#5776 = DIRECTION('',(0.,0.,1.));
#5777 = DIRECTION('',(1.,0.,0.));
#5778 = PLANE('',#5779);
#5779 = AXIS2_PLACEMENT_3D('',#5780,#5781,#5782);
#5780 = CARTESIAN_POINT('',(1.16E-15,-1.16E-15,4.));
#5781 = DIRECTION('',(0.,0.,1.));
#5782 = DIRECTION('',(1.,0.,0.));
#5783 = ADVANCED_FACE('',(#5784),#5803,.F.);
#5784 = FACE_BOUND('',#5785,.T.);
#5785 = EDGE_LOOP('',(#5786,#5794,#5795,#5796));
#5786 = ORIENTED_EDGE('',*,*,#5787,.T.);
#5787 = EDGE_CURVE('',#5788,#5771,#5790,.T.);
#5788 = VERTEX_POINT('',#5789);
#5789 = CARTESIAN_POINT('',(46.75,-45.,0.));
#5790 = LINE('',#5791,#5792);
#5791 = CARTESIAN_POINT('',(46.75,-45.,0.));
#5792 = VECTOR('',#5793,1.);
#5793 = DIRECTION('',(0.,0.,1.));
#5794 = ORIENTED_EDGE('',*,*,#5770,.T.);
#5795 = ORIENTED_EDGE('',*,*,#5787,.F.);
#5796 = ORIENTED_EDGE('',*,*,#5797,.F.);
#5797 = EDGE_CURVE('',#5788,#5788,#5798,.T.);
#5798 = CIRCLE('',#5799,1.75);
#5799 = AXIS2_PLACEMENT_3D('',#5800,#5801,#5802);
#5800 = CARTESIAN_POINT('',(45.,-45.,0.));
#5801 = DIRECTION('',(0.,0.,1.));
#5802 = DIRECTION('',(1.,0.,0.));
#5803 = CYLINDRICAL_SURFACE('',#5804,1.75);
#5804 = AXIS2_PLACEMENT_3D('',#5805,#5806,#5807);
#5805 = CARTESIAN_POINT('',(45.,-45.,0.));
#5806 = DIRECTION('',(-0.,-0.,-1.));
#5807 = DIRECTION('',(1.,0.,0.));
#5808 = ADVANCED_FACE('',(#5809,#5812),#5815,.T.);
#5809 = FACE_BOUND('',#5810,.T.);
#5810 = EDGE_LOOP('',(#5811));
#5811 = ORIENTED_EDGE('',*,*,#5797,.T.);
#5812 = FACE_BOUND('',#5813,.T.);
#5813 = EDGE_LOOP('',(#5814));
#5814 = ORIENTED_EDGE('',*,*,#5624,.T.);
#5815 = PLANE('',#5816);
#5816 = AXIS2_PLACEMENT_3D('',#5817,#5818,#5819);
#5817 = CARTESIAN_POINT('',(5.87E-15,1.62E-15,0.));
#5818 = DIRECTION('',(0.,0.,1.));
#5819 = DIRECTION('',(1.,0.,0.));
#5820 = ADVANCED_FACE('',(#5821),#5840,.F.);
#5821 = FACE_BOUND('',#5822,.T.);
#5822 = EDGE_LOOP('',(#5823,#5824,#5832,#5839));
#5823 = ORIENTED_EDGE('',*,*,#5180,.T.);
#5824 = ORIENTED_EDGE('',*,*,#5825,.T.);
#5825 = EDGE_CURVE('',#5181,#5826,#5828,.T.);
#5826 = VERTEX_POINT('',#5827);
#5827 = CARTESIAN_POINT('',(46.6,45.,0.));
#5828 = LINE('',#5829,#5830);
#5829 = CARTESIAN_POINT('',(46.6,45.,-6.));
#5830 = VECTOR('',#5831,1.);
#5831 = DIRECTION('',(0.,0.,1.));
#5832 = ORIENTED_EDGE('',*,*,#5833,.F.);
#5833 = EDGE_CURVE('',#5826,#5826,#5834,.T.);
#5834 = CIRCLE('',#5835,1.6);
#5835 = AXIS2_PLACEMENT_3D('',#5836,#5837,#5838);
#5836 = CARTESIAN_POINT('',(45.,45.,0.));
#5837 = DIRECTION('',(0.,0.,-1.));
#5838 = DIRECTION('',(1.,0.,0.));
#5839 = ORIENTED_EDGE('',*,*,#5825,.F.);
#5840 = CYLINDRICAL_SURFACE('',#5841,1.6);
#5841 = AXIS2_PLACEMENT_3D('',#5842,#5843,#5844);
#5842 = CARTESIAN_POINT('',(45.,45.,-6.));
#5843 = DIRECTION('',(-0.,-0.,-1.));
#5844 = DIRECTION('',(1.,0.,0.));
#5845 = ADVANCED_FACE('',(#5846),#5880,.T.);
#5846 = FACE_BOUND('',#5847,.T.);
#5847 = EDGE_LOOP('',(#5848,#5858,#5866,#5874));
#5848 = ORIENTED_EDGE('',*,*,#5849,.T.);
#5849 = EDGE_CURVE('',#5850,#5852,#5854,.T.);
#5850 = VERTEX_POINT('',#5851);
#5851 = CARTESIAN_POINT('',(50.,50.,0.));
#5852 = VERTEX_POINT('',#5853);
#5853 = CARTESIAN_POINT('',(50.,50.,4.));
#5854 = LINE('',#5855,#5856);
#5855 = CARTESIAN_POINT('',(50.,50.,0.));
#5856 = VECTOR('',#5857,1.);
#5857 = DIRECTION('',(0.,0.,1.));
#5858 = ORIENTED_EDGE('',*,*,#5859,.T.);
#5859 = EDGE_CURVE('',#5852,#5860,#5862,.T.);
#5860 = VERTEX_POINT('',#5861);
#5861 = CARTESIAN_POINT('',(50.,40.,4.));
#5862 = LINE('',#5863,#5864);
#5863 = CARTESIAN_POINT('',(50.,50.,4.));
#5864 = VECTOR('',#5865,1.);
#5865 = DIRECTION('',(0.,-1.,0.));
#5866 = ORIENTED_EDGE('',*,*,#5867,.F.);
#5867 = EDGE_CURVE('',#5868,#5860,#5870,.T.);
#5868 = VERTEX_POINT('',#5869);
#5869 = CARTESIAN_POINT('',(50.,40.,0.));
#5870 = LINE('',#5871,#5872);
#5871 = CARTESIAN_POINT('',(50.,40.,0.));
#5872 = VECTOR('',#5873,1.);
#5873 = DIRECTION('',(0.,0.,1.));
#5874 = ORIENTED_EDGE('',*,*,#5875,.F.);
#5875 = EDGE_CURVE('',#5850,#5868,#5876,.T.);
#5876 = LINE('',#5877,#5878);
#5877 = CARTESIAN_POINT('',(50.,50.,0.));
#5878 = VECTOR('',#5879,1.);
#5879 = DIRECTION('',(0.,-1.,0.));
#5880 = PLANE('',#5881);
#5881 = AXIS2_PLACEMENT_3D('',#5882,#5883,#5884);
#5882 = CARTESIAN_POINT('',(50.,50.,0.));
#5883 = DIRECTION('',(1.,0.,0.));
#5884 = DIRECTION('',(0.,-1.,0.));
#5885 = ADVANCED_FACE('',(#5886),#5911,.T.);
#5886 = FACE_BOUND('',#5887,.T.);
#5887 = EDGE_LOOP('',(#5888,#5898,#5904,#5905));
#5888 = ORIENTED_EDGE('',*,*,#5889,.T.);
#5889 = EDGE_CURVE('',#5890,#5892,#5894,.T.);
#5890 = VERTEX_POINT('',#5891);
#5891 = CARTESIAN_POINT('',(40.,50.,0.));
#5892 = VERTEX_POINT('',#5893);
#5893 = CARTESIAN_POINT('',(40.,50.,4.));
#5894 = LINE('',#5895,#5896);
#5895 = CARTESIAN_POINT('',(40.,50.,0.));
#5896 = VECTOR('',#5897,1.);
#5897 = DIRECTION('',(0.,0.,1.));
#5898 = ORIENTED_EDGE('',*,*,#5899,.T.);
#5899 = EDGE_CURVE('',#5892,#5852,#5900,.T.);
#5900 = LINE('',#5901,#5902);
#5901 = CARTESIAN_POINT('',(40.,50.,4.));
#5902 = VECTOR('',#5903,1.);
#5903 = DIRECTION('',(1.,0.,0.));
#5904 = ORIENTED_EDGE('',*,*,#5849,.F.);
#5905 = ORIENTED_EDGE('',*,*,#5906,.F.);
#5906 = EDGE_CURVE('',#5890,#5850,#5907,.T.);
#5907 = LINE('',#5908,#5909);
#5908 = CARTESIAN_POINT('',(40.,50.,0.));
#5909 = VECTOR('',#5910,1.);
#5910 = DIRECTION('',(1.,0.,0.));
#5911 = PLANE('',#5912);
#5912 = AXIS2_PLACEMENT_3D('',#5913,#5914,#5915);
#5913 = CARTESIAN_POINT('',(40.,50.,0.));
#5914 = DIRECTION('',(0.,1.,0.));
#5915 = DIRECTION('',(1.,0.,0.));
#5916 = ADVANCED_FACE('',(#5917),#5942,.T.);
#5917 = FACE_BOUND('',#5918,.T.);
#5918 = EDGE_LOOP('',(#5919,#5920,#5928,#5936));
#5919 = ORIENTED_EDGE('',*,*,#5867,.T.);
#5920 = ORIENTED_EDGE('',*,*,#5921,.T.);
#5921 = EDGE_CURVE('',#5860,#5922,#5924,.T.);
#5922 = VERTEX_POINT('',#5923);
#5923 = CARTESIAN_POINT('',(40.,40.,4.));
#5924 = LINE('',#5925,#5926);
#5925 = CARTESIAN_POINT('',(50.,40.,4.));
#5926 = VECTOR('',#5927,1.);
#5927 = DIRECTION('',(-1.,0.,0.));
#5928 = ORIENTED_EDGE('',*,*,#5929,.F.);
#5929 = EDGE_CURVE('',#5930,#5922,#5932,.T.);
#5930 = VERTEX_POINT('',#5931);
#5931 = CARTESIAN_POINT('',(40.,40.,0.));
#5932 = LINE('',#5933,#5934);
#5933 = CARTESIAN_POINT('',(40.,40.,0.));
#5934 = VECTOR('',#5935,1.);
#5935 = DIRECTION('',(0.,0.,1.));
#5936 = ORIENTED_EDGE('',*,*,#5937,.F.);
#5937 = EDGE_CURVE('',#5868,#5930,#5938,.T.);
#5938 = LINE('',#5939,#5940);
#5939 = CARTESIAN_POINT('',(50.,40.,0.));
#5940 = VECTOR('',#5941,1.);
#5941 = DIRECTION('',(-1.,0.,0.));
#5942 = PLANE('',#5943);
#5943 = AXIS2_PLACEMENT_3D('',#5944,#5945,#5946);
#5944 = CARTESIAN_POINT('',(50.,40.,0.));
#5945 = DIRECTION('',(0.,-1.,0.));
#5946 = DIRECTION('',(-1.,0.,0.));
#5947 = ADVANCED_FACE('',(#5948),#5964,.T.);
#5948 = FACE_BOUND('',#5949,.T.);
#5949 = EDGE_LOOP('',(#5950,#5951,#5957,#5958));
#5950 = ORIENTED_EDGE('',*,*,#5929,.T.);
#5951 = ORIENTED_EDGE('',*,*,#5952,.T.);
#5952 = EDGE_CURVE('',#5922,#5892,#5953,.T.);
#5953 = LINE('',#5954,#5955);
#5954 = CARTESIAN_POINT('',(40.,40.,4.));
#5955 = VECTOR('',#5956,1.);
#5956 = DIRECTION('',(0.,1.,0.));
#5957 = ORIENTED_EDGE('',*,*,#5889,.F.);
#5958 = ORIENTED_EDGE('',*,*,#5959,.F.);
#5959 = EDGE_CURVE('',#5930,#5890,#5960,.T.);
#5960 = LINE('',#5961,#5962);
#5961 = CARTESIAN_POINT('',(40.,40.,0.));
#5962 = VECTOR('',#5963,1.);
#5963 = DIRECTION('',(0.,1.,0.));
#5964 = PLANE('',#5965);
#5965 = AXIS2_PLACEMENT_3D('',#5966,#5967,#5968);
#5966 = CARTESIAN_POINT('',(40.,40.,0.));
#5967 = DIRECTION('',(-1.,0.,0.));
#5968 = DIRECTION('',(0.,1.,0.));
#5969 = ADVANCED_FACE('',(#5970,#5976),#5987,.T.);
#5970 = FACE_BOUND('',#5971,.F.);
#5971 = EDGE_LOOP('',(#5972,#5973,#5974,#5975));
#5972 = ORIENTED_EDGE('',*,*,#5921,.T.);
#5973 = ORIENTED_EDGE('',*,*,#5952,.T.);
#5974 = ORIENTED_EDGE('',*,*,#5899,.T.);
#5975 = ORIENTED_EDGE('',*,*,#5859,.T.);
#5976 = FACE_BOUND('',#5977,.F.);
#5977 = EDGE_LOOP('',(#5978));
#5978 = ORIENTED_EDGE('',*,*,#5979,.T.);
#5979 = EDGE_CURVE('',#5980,#5980,#5982,.T.);
#5980 = VERTEX_POINT('',#5981);
#5981 = CARTESIAN_POINT('',(46.75,45.,4.));
#5982 = CIRCLE('',#5983,1.75);
#5983 = AXIS2_PLACEMENT_3D('',#5984,#5985,#5986);
#5984 = CARTESIAN_POINT('',(45.,45.,4.));
#5985 = DIRECTION('',(0.,0.,1.));
#5986 = DIRECTION('',(1.,0.,0.));
#5987 = PLANE('',#5988);
#5988 = AXIS2_PLACEMENT_3D('',#5989,#5990,#5991);
#5989 = CARTESIAN_POINT('',(1.16E-15,-1.16E-15,4.));
#5990 = DIRECTION('',(0.,0.,1.));
#5991 = DIRECTION('',(1.,0.,0.));
#5992 = ADVANCED_FACE('',(#5993),#6012,.F.);
#5993 = FACE_BOUND('',#5994,.T.);
#5994 = EDGE_LOOP('',(#5995,#6003,#6004,#6005));
#5995 = ORIENTED_EDGE('',*,*,#5996,.T.);
#5996 = EDGE_CURVE('',#5997,#5980,#5999,.T.);
#5997 = VERTEX_POINT('',#5998);
#5998 = CARTESIAN_POINT('',(46.75,45.,0.));
#5999 = LINE('',#6000,#6001);
#6000 = CARTESIAN_POINT('',(46.75,45.,0.));
#6001 = VECTOR('',#6002,1.);
#6002 = DIRECTION('',(0.,0.,1.));
#6003 = ORIENTED_EDGE('',*,*,#5979,.T.);
#6004 = ORIENTED_EDGE('',*,*,#5996,.F.);
#6005 = ORIENTED_EDGE('',*,*,#6006,.F.);
#6006 = EDGE_CURVE('',#5997,#5997,#6007,.T.);
#6007 = CIRCLE('',#6008,1.75);
#6008 = AXIS2_PLACEMENT_3D('',#6009,#6010,#6011);
#6009 = CARTESIAN_POINT('',(45.,45.,0.));
#6010 = DIRECTION('',(0.,0.,1.));
#6011 = DIRECTION('',(1.,0.,0.));
#6012 = CYLINDRICAL_SURFACE('',#6013,1.75);
#6013 = AXIS2_PLACEMENT_3D('',#6014,#6015,#6016);
#6014 = CARTESIAN_POINT('',(45.,45.,0.));
#6015 = DIRECTION('',(-0.,-0.,-1.));
#6016 = DIRECTION('',(1.,0.,0.));
#6017 = ADVANCED_FACE('',(#6018,#6021),#6024,.T.);
#6018 = FACE_BOUND('',#6019,.T.);
#6019 = EDGE_LOOP('',(#6020));
#6020 = ORIENTED_EDGE('',*,*,#6006,.T.);
#6021 = FACE_BOUND('',#6022,.T.);
#6022 = EDGE_LOOP('',(#6023));
#6023 = ORIENTED_EDGE('',*,*,#5833,.T.);
#6024 = PLANE('',#6025);
#6025 = AXIS2_PLACEMENT_3D('',#6026,#6027,#6028);
#6026 = CARTESIAN_POINT('',(5.87E-15,1.62E-15,0.));
#6027 = DIRECTION('',(0.,0.,1.));
#6028 = DIRECTION('',(1.,0.,0.));
#6029 = ADVANCED_FACE('',(#6030,#6040,#6046,#6052,#6058),#6064,.T.);
#6030 = FACE_BOUND('',#6031,.T.);
#6031 = EDGE_LOOP('',(#6032,#6033,#6034,#6035,#6036,#6037,#6038,#6039));
#6032 = ORIENTED_EDGE('',*,*,#4639,.T.);
#6033 = ORIENTED_EDGE('',*,*,#4755,.T.);
#6034 = ORIENTED_EDGE('',*,*,#4684,.T.);
#6035 = ORIENTED_EDGE('',*,*,#4852,.T.);
#6036 = ORIENTED_EDGE('',*,*,#4956,.F.);
#6037 = ORIENTED_EDGE('',*,*,#4916,.F.);
#6038 = ORIENTED_EDGE('',*,*,#4709,.T.);
#6039 = ORIENTED_EDGE('',*,*,#4670,.T.);
#6040 = FACE_BOUND('',#6041,.T.);
#6041 = EDGE_LOOP('',(#6042,#6043,#6044,#6045));
#6042 = ORIENTED_EDGE('',*,*,#5457,.T.);
#6043 = ORIENTED_EDGE('',*,*,#5519,.T.);
#6044 = ORIENTED_EDGE('',*,*,#5541,.T.);
#6045 = ORIENTED_EDGE('',*,*,#5488,.T.);
#6046 = FACE_BOUND('',#6047,.T.);
#6047 = EDGE_LOOP('',(#6048,#6049,#6050,#6051));
#6048 = ORIENTED_EDGE('',*,*,#5666,.F.);
#6049 = ORIENTED_EDGE('',*,*,#5697,.F.);
#6050 = ORIENTED_EDGE('',*,*,#5750,.F.);
#6051 = ORIENTED_EDGE('',*,*,#5728,.F.);
#6052 = FACE_BOUND('',#6053,.T.);
#6053 = EDGE_LOOP('',(#6054,#6055,#6056,#6057));
#6054 = ORIENTED_EDGE('',*,*,#5223,.F.);
#6055 = ORIENTED_EDGE('',*,*,#5254,.F.);
#6056 = ORIENTED_EDGE('',*,*,#5330,.F.);
#6057 = ORIENTED_EDGE('',*,*,#5285,.F.);
#6058 = FACE_BOUND('',#6059,.T.);
#6059 = EDGE_LOOP('',(#6060,#6061,#6062,#6063));
#6060 = ORIENTED_EDGE('',*,*,#5875,.T.);
#6061 = ORIENTED_EDGE('',*,*,#5937,.T.);
#6062 = ORIENTED_EDGE('',*,*,#5959,.T.);
#6063 = ORIENTED_EDGE('',*,*,#5906,.T.);
#6064 = PLANE('',#6065);
#6065 = AXIS2_PLACEMENT_3D('',#6066,#6067,#6068);
#6066 = CARTESIAN_POINT('',(0.123529411765,-0.755882352941,9.E-17));
#6067 = DIRECTION('',(0.,0.,1.));
#6068 = DIRECTION('',(1.,0.,-0.));
#6069 = ( GEOMETRIC_REPRESENTATION_CONTEXT(3) 
GLOBAL_UNCERTAINTY_ASSIGNED_CONTEXT((#6073)) 
GLOBAL_UNIT_ASSIGNED_CONTEXT((#6070,#6071,#6072)) REPRESENTATION_CONTEXT
('Context #1','3D Context with UNIT and UNCERTAINTY') );
#6070 = ( LENGTH_UNIT() NAMED_UNIT(*) SI_UNIT(.MILLI.,.METRE.) );
#6071 = ( NAMED_UNIT(*) PLANE_ANGLE_UNIT() SI_UNIT($,.RADIAN.) );
#6072 = ( NAMED_UNIT(*) SI_UNIT($,.STERADIAN.) SOLID_ANGLE_UNIT() );
#6073 = UNCERTAINTY_MEASURE_WITH_UNIT(LENGTH_MEASURE(1.E-05),#6070,
  'distance_accuracy_value','confusion accuracy');
#6074 = CONTEXT_DEPENDENT_SHAPE_REPRESENTATION(#6075,#6077);
#6075 = ( REPRESENTATION_RELATIONSHIP('','',#4606,#10) 
REPRESENTATION_RELATIONSHIP_WITH_TRANSFORMATION(#6076) 
SHAPE_REPRESENTATION_RELATIONSHIP() );
#6076 = ITEM_DEFINED_TRANSFORMATION('','',#11,#23);
#6077 = PRODUCT_DEFINITION_SHAPE('Placement','Placement of an item',
  #6078);
#6078 = NEXT_ASSEMBLY_USAGE_OCCURRENCE('3','Cut Risen Macropad Body001',
  '',#5,#4601,$);
#6079 = PRODUCT_RELATED_PRODUCT_CATEGORY('part',$,(#4603));
#6080 = SHAPE_DEFINITION_REPRESENTATION(#6081,#6087);
#6081 = PRODUCT_DEFINITION_SHAPE('','',#6082);
#6082 = PRODUCT_DEFINITION('design','',#6083,#6086);
#6083 = PRODUCT_DEFINITION_FORMATION('','',#6084);
#6084 = PRODUCT('PCB','PCB','',(#6085));
#6085 = PRODUCT_CONTEXT('',#2,'mechanical');
#6086 = PRODUCT_DEFINITION_CONTEXT('part definition',#2,'design');
#6087 = ADVANCED_BREP_SHAPE_REPRESENTATION('',(#11,#6088),#6394);
#6088 = MANIFOLD_SOLID_BREP('',#6089);
#6089 = CLOSED_SHELL('',(#6090,#6130,#6161,#6192,#6214,#6247,#6280,#6313
    ,#6346,#6370));
#6090 = ADVANCED_FACE('',(#6091),#6125,.F.);
#6091 = FACE_BOUND('',#6092,.F.);
#6092 = EDGE_LOOP('',(#6093,#6103,#6111,#6119));
#6093 = ORIENTED_EDGE('',*,*,#6094,.T.);
#6094 = EDGE_CURVE('',#6095,#6097,#6099,.T.);
#6095 = VERTEX_POINT('',#6096);
#6096 = CARTESIAN_POINT('',(-50.,-50.,0.));
#6097 = VERTEX_POINT('',#6098);
#6098 = CARTESIAN_POINT('',(-50.,-50.,2.));
#6099 = LINE('',#6100,#6101);
#6100 = CARTESIAN_POINT('',(-50.,-50.,0.));
#6101 = VECTOR('',#6102,1.);
#6102 = DIRECTION('',(0.,0.,1.));
#6103 = ORIENTED_EDGE('',*,*,#6104,.T.);
#6104 = EDGE_CURVE('',#6097,#6105,#6107,.T.);
#6105 = VERTEX_POINT('',#6106);
#6106 = CARTESIAN_POINT('',(50.,-50.,2.));
#6107 = LINE('',#6108,#6109);
#6108 = CARTESIAN_POINT('',(-50.,-50.,2.));
#6109 = VECTOR('',#6110,1.);
#6110 = DIRECTION('',(1.,0.,0.));
#6111 = ORIENTED_EDGE('',*,*,#6112,.F.);
#6112 = EDGE_CURVE('',#6113,#6105,#6115,.T.);
#6113 = VERTEX_POINT('',#6114);
#6114 = CARTESIAN_POINT('',(50.,-50.,0.));
#6115 = LINE('',#6116,#6117);
#6116 = CARTESIAN_POINT('',(50.,-50.,0.));
#6117 = VECTOR('',#6118,1.);
#6118 = DIRECTION('',(0.,0.,1.));
#6119 = ORIENTED_EDGE('',*,*,#6120,.F.);
#6120 = EDGE_CURVE('',#6095,#6113,#6121,.T.);
#6121 = LINE('',#6122,#6123);
#6122 = CARTESIAN_POINT('',(-50.,-50.,0.));
#6123 = VECTOR('',#6124,1.);
#6124 = DIRECTION('',(1.,0.,0.));
#6125 = PLANE('',#6126);
#6126 = AXIS2_PLACEMENT_3D('',#6127,#6128,#6129);
#6127 = CARTESIAN_POINT('',(-50.,-50.,0.));
#6128 = DIRECTION('',(0.,1.,0.));
#6129 = DIRECTION('',(1.,0.,0.));
#6130 = ADVANCED_FACE('',(#6131),#6156,.F.);
#6131 = FACE_BOUND('',#6132,.F.);
#6132 = EDGE_LOOP('',(#6133,#6134,#6142,#6150));
#6133 = ORIENTED_EDGE('',*,*,#6112,.T.);
#6134 = ORIENTED_EDGE('',*,*,#6135,.T.);
#6135 = EDGE_CURVE('',#6105,#6136,#6138,.T.);
#6136 = VERTEX_POINT('',#6137);
#6137 = CARTESIAN_POINT('',(50.,50.,2.));
#6138 = LINE('',#6139,#6140);
#6139 = CARTESIAN_POINT('',(50.,-50.,2.));
#6140 = VECTOR('',#6141,1.);
#6141 = DIRECTION('',(0.,1.,0.));
#6142 = ORIENTED_EDGE('',*,*,#6143,.F.);
#6143 = EDGE_CURVE('',#6144,#6136,#6146,.T.);
#6144 = VERTEX_POINT('',#6145);
#6145 = CARTESIAN_POINT('',(50.,50.,0.));
#6146 = LINE('',#6147,#6148);
#6147 = CARTESIAN_POINT('',(50.,50.,0.));
#6148 = VECTOR('',#6149,1.);
#6149 = DIRECTION('',(0.,0.,1.));
#6150 = ORIENTED_EDGE('',*,*,#6151,.F.);
#6151 = EDGE_CURVE('',#6113,#6144,#6152,.T.);
#6152 = LINE('',#6153,#6154);
#6153 = CARTESIAN_POINT('',(50.,-50.,0.));
#6154 = VECTOR('',#6155,1.);
#6155 = DIRECTION('',(0.,1.,0.));
#6156 = PLANE('',#6157);
#6157 = AXIS2_PLACEMENT_3D('',#6158,#6159,#6160);
#6158 = CARTESIAN_POINT('',(50.,-50.,0.));
#6159 = DIRECTION('',(-1.,0.,0.));
#6160 = DIRECTION('',(0.,1.,0.));
#6161 = ADVANCED_FACE('',(#6162),#6187,.F.);
#6162 = FACE_BOUND('',#6163,.F.);
#6163 = EDGE_LOOP('',(#6164,#6165,#6173,#6181));
#6164 = ORIENTED_EDGE('',*,*,#6143,.T.);
#6165 = ORIENTED_EDGE('',*,*,#6166,.T.);
#6166 = EDGE_CURVE('',#6136,#6167,#6169,.T.);
#6167 = VERTEX_POINT('',#6168);
#6168 = CARTESIAN_POINT('',(-50.,50.,2.));
#6169 = LINE('',#6170,#6171);
#6170 = CARTESIAN_POINT('',(50.,50.,2.));
#6171 = VECTOR('',#6172,1.);
#6172 = DIRECTION('',(-1.,0.,0.));
#6173 = ORIENTED_EDGE('',*,*,#6174,.F.);
#6174 = EDGE_CURVE('',#6175,#6167,#6177,.T.);
#6175 = VERTEX_POINT('',#6176);
#6176 = CARTESIAN_POINT('',(-50.,50.,0.));
#6177 = LINE('',#6178,#6179);
#6178 = CARTESIAN_POINT('',(-50.,50.,0.));
#6179 = VECTOR('',#6180,1.);
#6180 = DIRECTION('',(0.,0.,1.));
#6181 = ORIENTED_EDGE('',*,*,#6182,.F.);
#6182 = EDGE_CURVE('',#6144,#6175,#6183,.T.);
#6183 = LINE('',#6184,#6185);
#6184 = CARTESIAN_POINT('',(50.,50.,0.));
#6185 = VECTOR('',#6186,1.);
#6186 = DIRECTION('',(-1.,0.,0.));
#6187 = PLANE('',#6188);
#6188 = AXIS2_PLACEMENT_3D('',#6189,#6190,#6191);
#6189 = CARTESIAN_POINT('',(50.,50.,0.));
#6190 = DIRECTION('',(0.,-1.,0.));
#6191 = DIRECTION('',(-1.,0.,0.));
#6192 = ADVANCED_FACE('',(#6193),#6209,.F.);
#6193 = FACE_BOUND('',#6194,.F.);
#6194 = EDGE_LOOP('',(#6195,#6196,#6202,#6203));
#6195 = ORIENTED_EDGE('',*,*,#6174,.T.);
#6196 = ORIENTED_EDGE('',*,*,#6197,.T.);
#6197 = EDGE_CURVE('',#6167,#6097,#6198,.T.);
#6198 = LINE('',#6199,#6200);
#6199 = CARTESIAN_POINT('',(-50.,50.,2.));
#6200 = VECTOR('',#6201,1.);
#6201 = DIRECTION('',(0.,-1.,0.));
#6202 = ORIENTED_EDGE('',*,*,#6094,.F.);
#6203 = ORIENTED_EDGE('',*,*,#6204,.F.);
#6204 = EDGE_CURVE('',#6175,#6095,#6205,.T.);
#6205 = LINE('',#6206,#6207);
#6206 = CARTESIAN_POINT('',(-50.,50.,0.));
#6207 = VECTOR('',#6208,1.);
#6208 = DIRECTION('',(0.,-1.,0.));
#6209 = PLANE('',#6210);
#6210 = AXIS2_PLACEMENT_3D('',#6211,#6212,#6213);
#6211 = CARTESIAN_POINT('',(-50.,50.,0.));
#6212 = DIRECTION('',(1.,0.,-0.));
#6213 = DIRECTION('',(0.,-1.,0.));
#6214 = ADVANCED_FACE('',(#6215),#6242,.F.);
#6215 = FACE_BOUND('',#6216,.T.);
#6216 = EDGE_LOOP('',(#6217,#6227,#6234,#6235));
#6217 = ORIENTED_EDGE('',*,*,#6218,.T.);
#6218 = EDGE_CURVE('',#6219,#6221,#6223,.T.);
#6219 = VERTEX_POINT('',#6220);
#6220 = CARTESIAN_POINT('',(-43.25,45.,0.));
#6221 = VERTEX_POINT('',#6222);
#6222 = CARTESIAN_POINT('',(-43.25,45.,2.));
#6223 = LINE('',#6224,#6225);
#6224 = CARTESIAN_POINT('',(-43.25,45.,0.));
#6225 = VECTOR('',#6226,1.);
#6226 = DIRECTION('',(0.,0.,1.));
#6227 = ORIENTED_EDGE('',*,*,#6228,.T.);
#6228 = EDGE_CURVE('',#6221,#6221,#6229,.T.);
#6229 = CIRCLE('',#6230,1.75);
#6230 = AXIS2_PLACEMENT_3D('',#6231,#6232,#6233);
#6231 = CARTESIAN_POINT('',(-45.,45.,2.));
#6232 = DIRECTION('',(0.,0.,1.));
#6233 = DIRECTION('',(1.,0.,0.));
#6234 = ORIENTED_EDGE('',*,*,#6218,.F.);
#6235 = ORIENTED_EDGE('',*,*,#6236,.F.);
#6236 = EDGE_CURVE('',#6219,#6219,#6237,.T.);
#6237 = CIRCLE('',#6238,1.75);
#6238 = AXIS2_PLACEMENT_3D('',#6239,#6240,#6241);
#6239 = CARTESIAN_POINT('',(-45.,45.,0.));
#6240 = DIRECTION('',(0.,0.,1.));
#6241 = DIRECTION('',(1.,0.,0.));
#6242 = CYLINDRICAL_SURFACE('',#6243,1.75);
#6243 = AXIS2_PLACEMENT_3D('',#6244,#6245,#6246);
#6244 = CARTESIAN_POINT('',(-45.,45.,0.));
#6245 = DIRECTION('',(-0.,-0.,-1.));
#6246 = DIRECTION('',(1.,0.,0.));
#6247 = ADVANCED_FACE('',(#6248),#6275,.F.);
#6248 = FACE_BOUND('',#6249,.T.);
#6249 = EDGE_LOOP('',(#6250,#6260,#6267,#6268));
#6250 = ORIENTED_EDGE('',*,*,#6251,.T.);
#6251 = EDGE_CURVE('',#6252,#6254,#6256,.T.);
#6252 = VERTEX_POINT('',#6253);
#6253 = CARTESIAN_POINT('',(46.75,45.,0.));
#6254 = VERTEX_POINT('',#6255);
#6255 = CARTESIAN_POINT('',(46.75,45.,2.));
#6256 = LINE('',#6257,#6258);
#6257 = CARTESIAN_POINT('',(46.75,45.,0.));
#6258 = VECTOR('',#6259,1.);
#6259 = DIRECTION('',(0.,0.,1.));
#6260 = ORIENTED_EDGE('',*,*,#6261,.T.);
#6261 = EDGE_CURVE('',#6254,#6254,#6262,.T.);
#6262 = CIRCLE('',#6263,1.75);
#6263 = AXIS2_PLACEMENT_3D('',#6264,#6265,#6266);
#6264 = CARTESIAN_POINT('',(45.,45.,2.));
#6265 = DIRECTION('',(0.,0.,1.));
#6266 = DIRECTION('',(1.,0.,0.));
#6267 = ORIENTED_EDGE('',*,*,#6251,.F.);
#6268 = ORIENTED_EDGE('',*,*,#6269,.F.);
#6269 = EDGE_CURVE('',#6252,#6252,#6270,.T.);
#6270 = CIRCLE('',#6271,1.75);
#6271 = AXIS2_PLACEMENT_3D('',#6272,#6273,#6274);
#6272 = CARTESIAN_POINT('',(45.,45.,0.));
#6273 = DIRECTION('',(0.,0.,1.));
#6274 = DIRECTION('',(1.,0.,0.));
#6275 = CYLINDRICAL_SURFACE('',#6276,1.75);
#6276 = AXIS2_PLACEMENT_3D('',#6277,#6278,#6279);
#6277 = CARTESIAN_POINT('',(45.,45.,0.));
#6278 = DIRECTION('',(-0.,-0.,-1.));
#6279 = DIRECTION('',(1.,0.,0.));
#6280 = ADVANCED_FACE('',(#6281),#6308,.F.);
#6281 = FACE_BOUND('',#6282,.T.);
#6282 = EDGE_LOOP('',(#6283,#6293,#6300,#6301));
#6283 = ORIENTED_EDGE('',*,*,#6284,.T.);
#6284 = EDGE_CURVE('',#6285,#6287,#6289,.T.);
#6285 = VERTEX_POINT('',#6286);
#6286 = CARTESIAN_POINT('',(-43.25,-45.,0.));
#6287 = VERTEX_POINT('',#6288);
#6288 = CARTESIAN_POINT('',(-43.25,-45.,2.));
#6289 = LINE('',#6290,#6291);
#6290 = CARTESIAN_POINT('',(-43.25,-45.,0.));
#6291 = VECTOR('',#6292,1.);
#6292 = DIRECTION('',(0.,0.,1.));
#6293 = ORIENTED_EDGE('',*,*,#6294,.T.);
#6294 = EDGE_CURVE('',#6287,#6287,#6295,.T.);
#6295 = CIRCLE('',#6296,1.75);
#6296 = AXIS2_PLACEMENT_3D('',#6297,#6298,#6299);
#6297 = CARTESIAN_POINT('',(-45.,-45.,2.));
#6298 = DIRECTION('',(0.,0.,1.));
#6299 = DIRECTION('',(1.,0.,0.));
#6300 = ORIENTED_EDGE('',*,*,#6284,.F.);
#6301 = ORIENTED_EDGE('',*,*,#6302,.F.);
#6302 = EDGE_CURVE('',#6285,#6285,#6303,.T.);
#6303 = CIRCLE('',#6304,1.75);
#6304 = AXIS2_PLACEMENT_3D('',#6305,#6306,#6307);
#6305 = CARTESIAN_POINT('',(-45.,-45.,0.));
#6306 = DIRECTION('',(0.,0.,1.));
#6307 = DIRECTION('',(1.,0.,0.));
#6308 = CYLINDRICAL_SURFACE('',#6309,1.75);
#6309 = AXIS2_PLACEMENT_3D('',#6310,#6311,#6312);
#6310 = CARTESIAN_POINT('',(-45.,-45.,0.));
#6311 = DIRECTION('',(-0.,-0.,-1.));
#6312 = DIRECTION('',(1.,0.,0.));
#6313 = ADVANCED_FACE('',(#6314),#6341,.F.);
#6314 = FACE_BOUND('',#6315,.T.);
#6315 = EDGE_LOOP('',(#6316,#6326,#6333,#6334));
#6316 = ORIENTED_EDGE('',*,*,#6317,.T.);
#6317 = EDGE_CURVE('',#6318,#6320,#6322,.T.);
#6318 = VERTEX_POINT('',#6319);
#6319 = CARTESIAN_POINT('',(46.75,-45.,0.));
#6320 = VERTEX_POINT('',#6321);
#6321 = CARTESIAN_POINT('',(46.75,-45.,2.));
#6322 = LINE('',#6323,#6324);
#6323 = CARTESIAN_POINT('',(46.75,-45.,0.));
#6324 = VECTOR('',#6325,1.);
#6325 = DIRECTION('',(0.,0.,1.));
#6326 = ORIENTED_EDGE('',*,*,#6327,.T.);
#6327 = EDGE_CURVE('',#6320,#6320,#6328,.T.);
#6328 = CIRCLE('',#6329,1.75);
#6329 = AXIS2_PLACEMENT_3D('',#6330,#6331,#6332);
#6330 = CARTESIAN_POINT('',(45.,-45.,2.));
#6331 = DIRECTION('',(0.,0.,1.));
#6332 = DIRECTION('',(1.,0.,0.));
#6333 = ORIENTED_EDGE('',*,*,#6317,.F.);
#6334 = ORIENTED_EDGE('',*,*,#6335,.F.);
#6335 = EDGE_CURVE('',#6318,#6318,#6336,.T.);
#6336 = CIRCLE('',#6337,1.75);
#6337 = AXIS2_PLACEMENT_3D('',#6338,#6339,#6340);
#6338 = CARTESIAN_POINT('',(45.,-45.,0.));
#6339 = DIRECTION('',(0.,0.,1.));
#6340 = DIRECTION('',(1.,0.,0.));
#6341 = CYLINDRICAL_SURFACE('',#6342,1.75);
#6342 = AXIS2_PLACEMENT_3D('',#6343,#6344,#6345);
#6343 = CARTESIAN_POINT('',(45.,-45.,0.));
#6344 = DIRECTION('',(-0.,-0.,-1.));
#6345 = DIRECTION('',(1.,0.,0.));
#6346 = ADVANCED_FACE('',(#6347,#6353,#6356,#6359,#6362),#6365,.F.);
#6347 = FACE_BOUND('',#6348,.F.);
#6348 = EDGE_LOOP('',(#6349,#6350,#6351,#6352));
#6349 = ORIENTED_EDGE('',*,*,#6120,.T.);
#6350 = ORIENTED_EDGE('',*,*,#6151,.T.);
#6351 = ORIENTED_EDGE('',*,*,#6182,.T.);
#6352 = ORIENTED_EDGE('',*,*,#6204,.T.);
#6353 = FACE_BOUND('',#6354,.T.);
#6354 = EDGE_LOOP('',(#6355));
#6355 = ORIENTED_EDGE('',*,*,#6236,.T.);
#6356 = FACE_BOUND('',#6357,.T.);
#6357 = EDGE_LOOP('',(#6358));
#6358 = ORIENTED_EDGE('',*,*,#6269,.T.);
#6359 = FACE_BOUND('',#6360,.T.);
#6360 = EDGE_LOOP('',(#6361));
#6361 = ORIENTED_EDGE('',*,*,#6302,.T.);
#6362 = FACE_BOUND('',#6363,.T.);
#6363 = EDGE_LOOP('',(#6364));
#6364 = ORIENTED_EDGE('',*,*,#6335,.T.);
#6365 = PLANE('',#6366);
#6366 = AXIS2_PLACEMENT_3D('',#6367,#6368,#6369);
#6367 = CARTESIAN_POINT('',(1.E-16,-1.E-16,0.));
#6368 = DIRECTION('',(0.,0.,1.));
#6369 = DIRECTION('',(1.,0.,-0.));
#6370 = ADVANCED_FACE('',(#6371,#6377,#6380,#6383,#6386),#6389,.T.);
#6371 = FACE_BOUND('',#6372,.T.);
#6372 = EDGE_LOOP('',(#6373,#6374,#6375,#6376));
#6373 = ORIENTED_EDGE('',*,*,#6104,.T.);
#6374 = ORIENTED_EDGE('',*,*,#6135,.T.);
#6375 = ORIENTED_EDGE('',*,*,#6166,.T.);
#6376 = ORIENTED_EDGE('',*,*,#6197,.T.);
#6377 = FACE_BOUND('',#6378,.F.);
#6378 = EDGE_LOOP('',(#6379));
#6379 = ORIENTED_EDGE('',*,*,#6228,.T.);
#6380 = FACE_BOUND('',#6381,.F.);
#6381 = EDGE_LOOP('',(#6382));
#6382 = ORIENTED_EDGE('',*,*,#6261,.T.);
#6383 = FACE_BOUND('',#6384,.F.);
#6384 = EDGE_LOOP('',(#6385));
#6385 = ORIENTED_EDGE('',*,*,#6294,.T.);
#6386 = FACE_BOUND('',#6387,.F.);
#6387 = EDGE_LOOP('',(#6388));
#6388 = ORIENTED_EDGE('',*,*,#6327,.T.);
#6389 = PLANE('',#6390);
#6390 = AXIS2_PLACEMENT_3D('',#6391,#6392,#6393);
#6391 = CARTESIAN_POINT('',(1.E-16,-1.E-16,2.));
#6392 = DIRECTION('',(0.,0.,1.));
#6393 = DIRECTION('',(1.,0.,0.));
#6394 = ( GEOMETRIC_REPRESENTATION_CONTEXT(3) 
GLOBAL_UNCERTAINTY_ASSIGNED_CONTEXT((#6398)) 
GLOBAL_UNIT_ASSIGNED_CONTEXT((#6395,#6396,#6397)) REPRESENTATION_CONTEXT
('Context #1','3D Context with UNIT and UNCERTAINTY') );
#6395 = ( LENGTH_UNIT() NAMED_UNIT(*) SI_UNIT(.MILLI.,.METRE.) );
#6396 = ( NAMED_UNIT(*) PLANE_ANGLE_UNIT() SI_UNIT($,.RADIAN.) );
#6397 = ( NAMED_UNIT(*) SI_UNIT($,.STERADIAN.) SOLID_ANGLE_UNIT() );
#6398 = UNCERTAINTY_MEASURE_WITH_UNIT(LENGTH_MEASURE(1.E-07),#6395,
  'distance_accuracy_value','confusion accuracy');
#6399 = CONTEXT_DEPENDENT_SHAPE_REPRESENTATION(#6400,#6402);
#6400 = ( REPRESENTATION_RELATIONSHIP('','',#6087,#10) 
REPRESENTATION_RELATIONSHIP_WITH_TRANSFORMATION(#6401) 
SHAPE_REPRESENTATION_RELATIONSHIP() );
#6401 = ITEM_DEFINED_TRANSFORMATION('','',#11,#27);
#6402 = PRODUCT_DEFINITION_SHAPE('Placement','Placement of an item',
  #6403);
#6403 = NEXT_ASSEMBLY_USAGE_OCCURRENCE('4','PCB001','',#5,#6082,$);
#6404 = PRODUCT_RELATED_PRODUCT_CATEGORY('part',$,(#6084));
#6405 = SHAPE_DEFINITION_REPRESENTATION(#950,#6406);
#6406 = SHAPE_REPRESENTATION('',(#15),#942);
#6407 = SHAPE_DEFINITION_REPRESENTATION(#6402,#6408);
#6408 = SHAPE_REPRESENTATION('',(#27),#6394);
#6409 = SHAPE_DEFINITION_REPRESENTATION(#950,#6410);
#6410 = SHAPE_REPRESENTATION('',(#15),#942);
#6411 = SHAPE_DEFINITION_REPRESENTATION(#6402,#6412);
#6412 = SHAPE_REPRESENTATION('',(#27),#6394);
#6413 = MECHANICAL_DESIGN_GEOMETRIC_PRESENTATION_REPRESENTATION('',(
    #6414),#6069);
#6414 = STYLED_ITEM('color',(#6415),#4607);
#6415 = PRESENTATION_STYLE_ASSIGNMENT((#6416,#6422));
#6416 = SURFACE_STYLE_USAGE(.BOTH.,#6417);
#6417 = SURFACE_SIDE_STYLE('',(#6418));
#6418 = SURFACE_STYLE_FILL_AREA(#6419);
#6419 = FILL_AREA_STYLE('',(#6420));
#6420 = FILL_AREA_STYLE_COLOUR('',#6421);
#6421 = COLOUR_RGB('',0.254901970902,0.607843164819,0.235294113866);
#6422 = CURVE_STYLE('',#6423,POSITIVE_LENGTH_MEASURE(0.1),#6424);
#6423 = DRAUGHTING_PRE_DEFINED_CURVE_FONT('continuous');
#6424 = COLOUR_RGB('',9.803921802644E-02,9.803921802644E-02,
  9.803921802644E-02);
#6425 = MECHANICAL_DESIGN_GEOMETRIC_PRESENTATION_REPRESENTATION('',(
    #6426,#6436),#942);
#6426 = STYLED_ITEM('color',(#6427),#45);
#6427 = PRESENTATION_STYLE_ASSIGNMENT((#6428,#6434));
#6428 = SURFACE_STYLE_USAGE(.BOTH.,#6429);
#6429 = SURFACE_SIDE_STYLE('',(#6430));
#6430 = SURFACE_STYLE_FILL_AREA(#6431);
#6431 = FILL_AREA_STYLE('',(#6432));
#6432 = FILL_AREA_STYLE_COLOUR('',#6433);
#6433 = COLOUR_RGB('',0.447058818107,0.474509808674,0.501960817233);
#6434 = CURVE_STYLE('',#6435,POSITIVE_LENGTH_MEASURE(0.1),#6424);
#6435 = DRAUGHTING_PRE_DEFINED_CURVE_FONT('continuous');
#6436 = OVER_RIDING_STYLED_ITEM('overriding color',(#6437),#45,#6426);
#6437 = PRESENTATION_STYLE_BY_CONTEXT((#6438,#6444),#6410);
#6438 = SURFACE_STYLE_USAGE(.BOTH.,#6439);
#6439 = SURFACE_SIDE_STYLE('',(#6440));
#6440 = SURFACE_STYLE_FILL_AREA(#6441);
#6441 = FILL_AREA_STYLE('',(#6442));
#6442 = FILL_AREA_STYLE_COLOUR('',#6443);
#6443 = COLOUR_RGB('',0.952941189437,0.337254907675,0.211764712168);
#6444 = CURVE_STYLE('',#6445,POSITIVE_LENGTH_MEASURE(0.1),#6443);
#6445 = DRAUGHTING_PRE_DEFINED_CURVE_FONT('continuous');
#6446 = MECHANICAL_DESIGN_GEOMETRIC_PRESENTATION_REPRESENTATION('',(
    #6447,#6457),#6394);
#6447 = STYLED_ITEM('color',(#6448),#6088);
#6448 = PRESENTATION_STYLE_ASSIGNMENT((#6449,#6455));
#6449 = SURFACE_STYLE_USAGE(.BOTH.,#6450);
#6450 = SURFACE_SIDE_STYLE('',(#6451));
#6451 = SURFACE_STYLE_FILL_AREA(#6452);
#6452 = FILL_AREA_STYLE('',(#6453));
#6453 = FILL_AREA_STYLE_COLOUR('',#6454);
#6454 = COLOUR_RGB('',9.411764799993E-02,0.396078428884,0.705882360366);
#6455 = CURVE_STYLE('',#6456,POSITIVE_LENGTH_MEASURE(0.1),#6424);
#6456 = DRAUGHTING_PRE_DEFINED_CURVE_FONT('continuous');
#6457 = OVER_RIDING_STYLED_ITEM('overriding color',(#6458),#6088,#6447);
#6458 = PRESENTATION_STYLE_BY_CONTEXT((#6459,#6465),#6412);
#6459 = SURFACE_STYLE_USAGE(.BOTH.,#6460);
#6460 = SURFACE_SIDE_STYLE('',(#6461));
#6461 = SURFACE_STYLE_FILL_AREA(#6462);
#6462 = FILL_AREA_STYLE('',(#6463));
#6463 = FILL_AREA_STYLE_COLOUR('',#6464);
#6464 = COLOUR_RGB('',0.14117647753,0.474509808674,0.556862780639);
#6465 = CURVE_STYLE('',#6466,POSITIVE_LENGTH_MEASURE(0.1),#6464);
#6466 = DRAUGHTING_PRE_DEFINED_CURVE_FONT('continuous');
#6467 = MECHANICAL_DESIGN_GEOMETRIC_PRESENTATION_REPRESENTATION('',(
    #6468),#4588);
#6468 = STYLED_ITEM('color',(#6469),#961);
#6469 = PRESENTATION_STYLE_ASSIGNMENT((#6470,#6476));
#6470 = SURFACE_STYLE_USAGE(.BOTH.,#6471);
#6471 = SURFACE_SIDE_STYLE('',(#6472));
#6472 = SURFACE_STYLE_FILL_AREA(#6473);
#6473 = FILL_AREA_STYLE('',(#6474));
#6474 = FILL_AREA_STYLE_COLOUR('',#6475);
#6475 = COLOUR_RGB('',1.,0.525490220889,0.839215683236);
#6476 = CURVE_STYLE('',#6477,POSITIVE_LENGTH_MEASURE(0.1),#6424);
#6477 = DRAUGHTING_PRE_DEFINED_CURVE_FONT('continuous');
ENDSEC;
END-ISO-10303-21;
